Time_s,Level_PV_m,Level_SP_m,Level_OP_pct,Temp_PV_C,Temp_SP_C,Temp_OP_pct,CA_PV_mol/m3,CC_PV_mol/m3
0.0,1.7822666666660802,2.0,0.0,37.001268177016016,37.0,41.89584720845245,506.9469562483023,473.1168196149372
0.1,1.7823999999994133,2.0,0.0,37.00126802816254,37.0,41.89569621821567,506.92961925697927,473.132314463722
0.2,1.7825333333327464,2.0,0.0,37.00126787933857,37.0,41.895545245604836,506.91228390114026,473.1478077081448
0.30000000000000004,1.7826666666660793,2.0,0.0,37.00126773054416,37.0,41.89539429061698,506.89495018053196,473.16329934846044
0.4,1.7827999999994124,2.0,0.0,37.001267581779246,37.0,41.895243353247864,506.87761809490127,473.1787893849238
0.5,1.7829333333327455,2.0,0.0,37.00126743304389,37.0,41.89509243349464,506.8602876439952,473.1942778177896
0.6000000000000001,1.7830666666660784,2.0,0.0,37.00126728433804,37.0,41.894941531353076,506.84295882756055,473.20976464731285
0.7000000000000001,1.7831999999994115,2.0,0.0,37.00126713566169,37.0,41.89479064682032,506.8256316453444,473.2252498737481
0.8,1.7833333333327446,2.0,0.0,37.00126698701479,37.0,41.89463977989271,506.8083060970938,473.2407334973502
0.9,1.7834666666660774,2.0,0.0,37.001266838397385,37.0,41.89448893056728,506.7909821825559,473.25621551837366
1.0,1.7835999999994105,2.0,0.0,37.00126668980954,37.0,41.89433809883981,506.7736599014779,473.27169593707316
1.1,1.7837333333327436,2.0,0.0,37.00126654125114,37.0,41.894187284706305,506.75633925360694,473.2871747537031
1.2000000000000002,1.7838666666660765,2.0,0.0,37.00126639272224,37.0,41.894036488164474,506.7390202386903,473.302651968518
1.3,1.7839999999994096,2.0,0.0,37.001266244222734,37.0,41.89388570920998,506.7217028564753,473.3181275817723
1.4000000000000001,1.7841333333327427,2.0,0.0,37.001266095752726,37.0,41.89373494784056,506.70438710670936,473.33360159372023
1.5,1.7842666666660756,2.0,0.0,37.001265947312106,37.0,41.89358420405129,506.68707298913995,473.34907400461634
1.6,1.7843999999994087,2.0,0.0,37.00126579890093,37.0,41.89343347784001,506.66976050351445,473.36454481471463
1.7000000000000002,1.7845333333327418,2.0,0.0,37.001265650519144,37.0,41.89328276920241,506.65244964958055,473.3800140242695
1.8,1.7846666666660747,2.0,0.0,37.0012655021668,37.0,41.89313207813563,506.6351404270858,473.3954816335349
1.9000000000000001,1.7847999999994077,2.0,0.0,37.00126535384379,37.0,41.892981404635464,506.6178328357778,473.41094764276505
2.0,1.7849333333327408,2.0,0.0,37.001265205550226,37.0,41.89283074869963,506.6005268754042,473.42641205221395
2.1,1.7850666666660737,2.0,0.0,37.00126505728605,37.0,41.89268011032324,506.58322254571283,473.44187486213553
2.2,1.7851999999994068,2.0,0.0,37.00126490905126,37.0,41.892529489503566,506.56591984645144,473.4573360727838
2.3000000000000003,1.78533333333274,2.0,0.0,37.00126476084586,37.0,41.89237888623696,506.54861877736795,473.4727956844126
2.4000000000000004,1.7854666666660728,2.0,0.0,37.00126461266984,37.0,41.89222830051989,506.5313193382103,473.4882536972757
2.5,1.7855999999994059,2.0,0.0,37.0012644645231,37.0,41.89207773234884,506.51402152872646,473.5037101116269
2.6,1.785733333332739,2.0,0.0,37.00126431640581,37.0,41.89192718172143,506.49672534866426,473.5191649277199
2.7,1.7858666666660719,2.0,0.0,37.00126416831779,37.0,41.891776648632195,506.47943079777195,473.5346181458084
2.8000000000000003,1.785999999999405,2.0,0.0,37.00126402025916,37.0,41.891626133079676,506.4621378757976,473.5500697661459
2.9000000000000004,1.786133333332738,2.0,0.0,37.0012638722298,37.0,41.89147563505886,506.4448465824894,473.565519788986
3.0,1.786266666666071,2.0,0.0,37.00126372422977,37.0,41.8913251545676,506.42755691759555,473.5809682145823
3.1,1.786399999999404,2.0,0.0,37.001263576259134,37.0,41.891174691601584,506.41026888086435,473.59641504318813
3.2,1.7865333333327371,2.0,0.0,37.00126342831777,37.0,41.89102424615681,506.39298247204414,473.61186027505687
3.3000000000000003,1.78666666666607,2.0,0.0,37.00126328040574,37.0,41.89087381823104,506.37569769088327,473.6273039104419
3.4000000000000004,1.786799999999403,2.0,0.0,37.00126313252292,37.0,41.890723407819955,506.35841453713016,473.64274594959653
3.5,1.7869333333327362,2.0,0.0,37.00126298466938,37.0,41.890573014921294,506.3411330105334,473.65818639277387
3.6,1.787066666666069,2.0,0.0,37.00126283684517,37.0,41.89042263953075,506.32385311084147,473.6736252402272
3.7,1.7871999999994022,2.0,0.0,37.00126268905018,37.0,41.89027228164434,506.306574837803,473.6890624922096
3.8000000000000003,1.7873333333327353,2.0,0.0,37.001262541284405,37.0,41.89012194125982,506.2892981911666,473.7044981489741
3.9000000000000004,1.7874666666660681,2.0,0.0,37.00126239354796,37.0,41.88997161837346,506.27202317068105,473.71993221077366
4.0,1.7875999999994012,2.0,0.0,37.00126224584062,37.0,41.88982131298058,506.25474977609497,473.7353646778614
4.1000000000000005,1.7877333333327343,2.0,0.0,37.00126209816261,37.0,41.88967102508021,506.2374780071573,473.7507955504901
4.2,1.7878666666660672,2.0,0.0,37.00126195051382,37.0,41.88952075466611,506.22020786361685,473.7662248289127
4.3,1.7879999999994003,2.0,0.0,37.001261802894305,37.0,41.889370501736344,506.20293934522255,473.78165251338197
4.4,1.7881333333327334,2.0,0.0,37.00126165530395,37.0,41.88922026628662,506.1856724517233,473.79707860415056
4.5,1.7882666666660663,2.0,0.0,37.001261507742754,37.0,41.88907004831467,506.1684071828681,473.81250310147124
4.6000000000000005,1.7883999999993994,2.0,0.0,37.00126136021072,37.0,41.88891984781677,506.15114353840625,473.8279260055966
4.7,1.7885333333327325,2.0,0.0,37.00126121270796,37.0,41.88876966478944,506.13388151808664,473.8433473167793
4.800000000000001,1.7886666666660653,2.0,0.0,37.00126106523436,37.0,41.88861949922802,506.11662112165857,473.8587670352717
4.9,1.7887999999993984,2.0,0.0,37.00126091778992,37.0,41.88846935113037,506.09936234887124,473.87418516132647
5.0,1.7889333333327315,2.0,0.0,37.001260770374756,37.0,41.88831922049277,506.082105199474,473.889601695196
5.1000000000000005,1.7890666666660644,2.0,0.0,37.00126062298864,37.0,41.88816910731056,506.0648496732159,473.9050166371326
5.2,1.7891999999993975,2.0,0.0,37.001260475631625,37.0,41.88801901158277,506.04759576984657,473.9204299873885
5.300000000000001,1.7893333333327306,2.0,0.0,37.001260328303715,37.0,41.88786893330488,506.0303434891154,473.93584174621606
5.4,1.7894666666660635,2.0,0.0,37.00126018100502,37.0,41.8877188724735,506.013092830772,473.95125191386745
5.5,1.7895999999993966,2.0,0.0,37.001260033735434,37.0,41.887568829084,505.99584379456576,473.9666604905949
5.6000000000000005,1.7897333333327297,2.0,0.0,37.001259886495006,37.0,41.887418803134246,505.9785963802463,473.98206747665046
5.7,1.7898666666660625,2.0,0.0,37.00125973928357,37.0,41.88726879461995,505.9613505875633,473.99747287228615
5.800000000000001,1.7899999999993956,2.0,0.0,37.00125959210135,37.0,41.887118803539444,505.9441064162664,474.0128766777539
5.9,1.7901333333327287,2.0,0.0,37.00125944494823,37.0,41.886968829886605,505.9268638661054,474.02827889330587
6.0,1.7902666666660616,2.0,0.0,37.00125929782416,37.0,41.886818873659536,505.90962293683015,474.0436795191937
6.1000000000000005,1.7903999999993947,2.0,0.0,37.0012591507292,37.0,41.8866689348551,505.89238362819043,474.05907855566943
6.2,1.7905333333327278,2.0,0.0,37.00125900366328,37.0,41.88651901346911,505.8751459399362,474.0744760029847
6.300000000000001,1.7906666666660607,2.0,0.0,37.00125885662635,37.0,41.88636910949877,505.85790987181747,474.08987186139115
6.4,1.7907999999993938,2.0,0.0,37.001258709618526,37.0,41.88621922294106,505.8406754235841,474.10526613114064
6.5,1.7909333333327269,2.0,0.0,37.001258562639634,37.0,41.88606935379123,505.8234425949864,474.1206588124847
6.6000000000000005,1.7910666666660597,2.0,0.0,37.001258415689904,37.0,41.885919502047734,505.80621138577425,474.13604990567495
6.7,1.7911999999993928,2.0,0.0,37.00125826876916,37.0,41.88576966770447,505.78898179569796,474.15143941096284
6.800000000000001,1.791333333332726,2.0,0.0,37.00125812187753,37.0,41.885619850760115,505.7717538245077,474.1668273285998
6.9,1.7914666666660588,2.0,0.0,37.00125797501488,37.0,41.885470051209694,505.75452747195374,474.1822136588374
7.0,1.791599999999392,2.0,0.0,37.00125782818117,37.0,41.8853202690511,505.73730273778654,474.1975984019268
7.1000000000000005,1.791733333332725,2.0,0.0,37.0012576813765,37.0,41.8851705042812,505.72007962175627,474.2129815581194
7.2,1.7918666666660579,2.0,0.0,37.001257534600825,37.0,41.88502075689525,505.70285812361345,474.2283631276664
7.300000000000001,1.791999999999391,2.0,0.0,37.00125738785414,37.0,41.884871026890586,505.6856382431086,474.2437431108189
7.4,1.792133333332724,2.0,0.0,37.001257241136386,37.0,41.884721314263594,505.6684199799922,474.2591215078283
7.5,1.792266666666057,2.0,0.0,37.001257094447624,37.0,41.88457161901138,505.6512033340149,474.27449831894546
7.6000000000000005,1.79239999999939,2.0,0.0,37.00125694778785,37.0,41.884421941129794,505.63398830492736,474.2898735444215
7.7,1.7925333333327231,2.0,0.0,37.00125680115701,37.0,41.88427228061544,505.61677489248024,474.3052471845073
7.800000000000001,1.792666666666056,2.0,0.0,37.00125665455511,37.0,41.884122637465445,505.5995630964243,474.32061923945395
7.9,1.792799999999389,2.0,0.0,37.001256507982134,37.0,41.88397301167621,505.5823529165102,474.3359897095122
8.0,1.7929333333327222,2.0,0.0,37.001256361438095,37.0,41.88382340324427,505.56514435248897,474.3513585949329
8.1,1.793066666666055,2.0,0.0,37.001256214923046,37.0,41.88367381216615,505.54793740411145,474.3667258959668
8.200000000000001,1.7931999999993882,2.0,0.0,37.001256068436874,37.0,41.8835242384378,505.5307320711287,474.38209161286466
8.3,1.7933333333327213,2.0,0.0,37.00125592197952,37.0,41.883374682057,505.5135283532915,474.3974557458771
8.4,1.7934666666660541,2.0,0.0,37.0012557755511,37.0,41.88322514302064,505.49632625035116,474.41281829525474
8.5,1.7935999999993872,2.0,0.0,37.001255629151615,37.0,41.883075621324,505.47912576205863,474.42817926124815
8.6,1.7937333333327203,2.0,0.0,37.00125548278095,37.0,41.88292611696383,505.4619268881651,474.4435386441078
8.700000000000001,1.7938666666660532,2.0,0.0,37.00125533643916,37.0,41.882776629937815,505.44472962842184,474.45889644408413
8.8,1.7939999999993863,2.0,0.0,37.00125519012619,37.0,41.88262716024168,505.42753398258003,474.47425266142756
8.9,1.7941333333327194,2.0,0.0,37.00125504384215,37.0,41.88247770787267,505.41033995039106,474.4896072963884
9.0,1.7942666666660523,2.0,0.0,37.00125489758699,37.0,41.88232827282604,505.39314753160636,474.5049603492169
9.1,1.7943999999993854,2.0,0.0,37.00125475136065,37.0,41.882178855099134,505.37595672597723,474.52031182016344
9.200000000000001,1.7945333333327185,2.0,0.0,37.001254605163126,37.0,41.88202945468894,505.3587675332552,474.5356617094781
9.3,1.7946666666660513,2.0,0.0,37.00125445899454,37.0,41.8818800715919,505.3415799531919,474.5510100174111
9.4,1.7947999999993844,2.0,0.0,37.00125431285471,37.0,41.88173070580339,505.32439398553873,474.5663567442124
9.5,1.7949333333327175,2.0,0.0,37.001254166743706,37.0,41.881581357321906,505.30720963004734,474.581701890132
9.600000000000001,1.7950666666660504,2.0,0.0,37.001254020661406,37.0,41.88143202614307,505.2900268864695,474.59704545542
9.700000000000001,1.7951999999993835,2.0,0.0,37.00125387460787,37.0,41.88128271226469,505.2728457545569,474.61238744032636
9.8,1.7953333333327166,2.0,0.0,37.00125372858321,37.0,41.88113341568252,505.2556662340614,474.6277278451007
9.9,1.7954666666660495,2.0,0.0,37.00125358258731,37.0,41.88098413639207,505.2384883247347,474.64306666999295
10.0,1.7955999999993826,2.0,0.0,37.00125343662023,37.0,41.880834874391255,505.2213120263288,474.65840391525285
10.100000000000001,1.7957333333327157,2.0,0.0,37.001253290681916,37.0,41.88068562967582,505.2041373385956,474.6737395811302
10.200000000000001,1.7958666666660486,2.0,0.0,37.00125314477225,37.0,41.88053640224299,505.18696426128713,474.6890736678746
10.3,1.7959999999993816,2.0,0.0,37.0012529988914,37.0,41.88038719209036,505.1697927941554,474.70440617573564
10.4,1.7961333333327147,2.0,0.0,37.001252853039375,37.0,41.880237999212525,505.1526229369525,474.71973710496286
10.5,1.7962666666660476,2.0,0.0,37.001252707216,37.0,41.88008882360638,505.1354546894307,474.7350664558058
10.600000000000001,1.7963999999993807,2.0,0.0,37.00125256142138,37.0,41.87993966527019,505.118288051342,474.7503942285139
10.700000000000001,1.7965333333327138,2.0,0.0,37.001252415655415,37.0,41.87979052419902,505.1011230224388,474.76572042333646
10.8,1.7966666666660467,2.0,0.0,37.00125226991821,37.0,41.8796414003908,505.0839596024733,474.7810450405229
10.9,1.7967999999993798,2.0,0.0,37.001252124209714,37.0,41.87949229384072,505.06679779119804,474.7963680803225
11.0,1.7969333333327129,2.0,0.0,37.00125197852992,37.0,41.87934320454613,505.0496375883653,474.8116895429844
11.100000000000001,1.7970666666660458,2.0,0.0,37.00125183287878,37.0,41.87919413250346,505.0324789937275,474.8270094287579
11.200000000000001,1.7971999999993788,2.0,0.0,37.00125168725634,37.0,41.87904507770985,505.0153220070373,474.842327737892
11.3,1.797333333332712,2.0,0.0,37.00125154166261,37.0,41.87889604016117,504.998166628047,474.8576444706359
11.4,1.7974666666660448,2.0,0.0,37.00125139609753,37.0,41.878747019854096,504.9810128565095,474.87295962723846
11.5,1.797599999999378,2.0,0.0,37.0012512505611,37.0,41.87859801678575,504.9638606921773,474.8882732079488
11.600000000000001,1.797733333332711,2.0,0.0,37.00125110505326,37.0,41.87844903095258,504.94671013480325,474.90358521301584
11.700000000000001,1.7978666666660439,2.0,0.0,37.00125095957412,37.0,41.878300062351734,504.92956118413997,474.9188956426883
11.8,1.797999999999377,2.0,0.0,37.00125081412364,37.0,41.8781511109785,504.9124138399405,474.9342044972151
11.9,1.79813333333271,2.0,0.0,37.0012506687018,37.0,41.87800217683025,504.8952681019575,474.94951177684493
12.0,1.798266666666043,2.0,0.0,37.0012505233085,37.0,41.877853259903425,504.87812396994394,474.96481748182657
12.100000000000001,1.798399999999376,2.0,0.0,37.00125037794385,37.0,41.877704360195736,504.8609814436528,474.9801216124086
12.200000000000001,1.7985333333327091,2.0,0.0,37.001250232607845,37.0,41.877555477702394,504.8438405228371,474.99542416883963
12.3,1.798666666666042,2.0,0.0,37.00125008730038,37.0,41.877406612420174,504.82670120725,475.01072515136826
12.4,1.7987999999993751,2.0,0.0,37.00124994202156,37.0,41.8772577643468,504.8095634966446,475.02602456024294
12.5,1.7989333333327082,2.0,0.0,37.001249796771276,37.0,41.877108933477466,504.79242739077404,475.0413223957121
12.600000000000001,1.799066666666041,2.0,0.0,37.001249651549585,37.0,41.87696011981011,504.77529288939155,475.05661865802415
12.700000000000001,1.7991999999993742,2.0,0.0,37.00124950635643,37.0,41.8768113233405,504.7581599922505,475.0719133474274
12.8,1.7993333333327073,2.0,0.0,37.00124936119187,37.0,41.876662544065894,504.7410286991041,475.0872064641702
12.9,1.7994666666660402,2.0,0.0,37.00124921605584,37.0,41.87651378198219,504.7238990097058,475.10249800850073
13.0,1.7995999999993733,2.0,0.0,37.00124907094829,37.0,41.87636503708664,504.70677092380913,475.11778798066706
13.100000000000001,1.7997333333327064,2.0,0.0,37.001248925869334,37.0,41.87621630937628,504.68964444116745,475.13307638091754
13.200000000000001,1.7998666666660392,2.0,0.0,37.001248780818855,37.0,41.87606759884643,504.67251956153433,475.14836320950013
13.3,1.7999999999993723,2.0,0.0,37.00124863579697,37.0,41.87591890549504,504.6553962846635,475.1636484666628
13.4,1.8001333333327054,2.0,0.0,37.00124849080356,37.0,41.875770229317304,504.63827461030843,475.17893215265354
13.5,1.8002666666660383,2.0,0.0,37.00124834583863,37.0,41.87562157031118,504.62115453822287,475.1942142677204
13.600000000000001,1.8003999999993714,2.0,0.0,37.001248200902296,37.0,41.875472928473016,504.60403606816055,475.209494812111
13.700000000000001,1.8005333333327045,2.0,0.0,37.00124805599438,37.0,41.87532430379825,504.58691919987535,475.2247737860734
13.8,1.8006666666660374,2.0,0.0,37.001247911114945,37.0,41.8751756962854,504.5698039331211,475.24005118985525
13.9,1.8007999999993705,2.0,0.0,37.00124776626399,37.0,41.87502710593014,504.5526902676517,475.2553270237042
14.0,1.8009333333327036,2.0,0.0,37.00124762144151,37.0,41.87487853272916,504.53557820322106,475.270601287868
14.100000000000001,1.8010666666660364,2.0,0.0,37.00124747664739,37.0,41.874729976679056,504.51846773958323,475.28587398259424
14.200000000000001,1.8011999999993695,2.0,0.0,37.00124733188187,37.0,41.87458143777756,504.5013588764922,475.30114510813036
14.3,1.8013333333327026,2.0,0.0,37.00124718714477,37.0,41.874432916018726,504.4842516137022,475.316414664724
14.4,1.8014666666660355,2.0,0.0,37.00124704243609,37.0,41.87428441140131,504.4671459509673,475.3316826526225
14.5,1.8015999999993686,2.0,0.0,37.001246897755834,37.0,41.87413592392157,504.45004188804177,475.3469490720733
14.600000000000001,1.8017333333327017,2.0,0.0,37.001246753104056,37.0,41.873987453576085,504.43293942467983,475.36221392332374
14.700000000000001,1.8018666666660346,2.0,0.0,37.001246608480585,37.0,41.873839000360874,504.4158385606358,475.3774772066211
14.8,1.8019999999993677,2.0,0.0,37.00124646388559,37.0,41.87369056427435,504.3987392956639,475.3927389222126
14.9,1.8021333333327008,2.0,0.0,37.00124631931902,37.0,41.87354214531106,504.38164162951875,475.4079990703454
15.0,1.8022666666660336,2.0,0.0,37.00124617478082,37.0,41.8733937434685,504.36454556195474,475.42325765126674
15.100000000000001,1.8023999999993667,2.0,0.0,37.00124603027092,37.0,41.873245358743716,504.3474510927264,475.4385146652236
15.200000000000001,1.8025333333326998,2.0,0.0,37.0012458857895,37.0,41.87309699113377,504.3303582215883,475.45377011246296
15.3,1.8026666666660327,2.0,0.0,37.00124574133645,37.0,41.872948640633425,504.3132669482951,475.469023993232
15.4,1.8027999999993658,2.0,0.0,37.0012455969117,37.0,41.87280030724076,504.2961772726014,475.4842763077774
15.5,1.802933333332699,2.0,0.0,37.00124545251532,37.0,41.8726519909527,504.279089194262,475.4995270563462
15.600000000000001,1.8030666666660318,2.0,0.0,37.00124530814725,37.0,41.87250369176518,504.26200271303156,475.51477623918515
15.700000000000001,1.8031999999993649,2.0,0.0,37.00124516380754,37.0,41.872355409675485,504.244917828665,475.53002385654105
15.8,1.803333333332698,2.0,0.0,37.001245019496196,37.0,41.872207144679514,504.2278345409172,475.5452699086606
15.9,1.8034666666660308,2.0,0.0,37.001244875213104,37.0,41.872058896773986,504.21075284954304,475.5605143957904
16.0,1.803599999999364,2.0,0.0,37.00124473095832,37.0,41.87191066595665,504.1936727542975,475.5757573181772
16.1,1.803733333332697,2.0,0.0,37.00124458673179,37.0,41.87176245222331,504.17659425493554,475.5909986760674
16.2,1.80386666666603,2.0,0.0,37.001244442533675,37.0,41.87161425557126,504.15951735121246,475.60623846970753
16.3,1.803999999999363,2.0,0.0,37.00124429836387,37.0,41.871466075995265,504.14244204288326,475.6214766993442
16.400000000000002,1.804133333332696,2.0,0.0,37.00124415422232,37.0,41.87131791349341,504.12536832970306,475.63671336522367
16.5,1.804266666666029,2.0,0.0,37.00124401010902,37.0,41.871169768062636,504.10829621142716,475.6519484675923
16.6,1.804399999999362,2.0,0.0,37.001243866024026,37.0,41.871021639699464,504.09122568781083,475.66718200669646
16.7,1.8045333333326952,2.0,0.0,37.00124372196734,37.0,41.870873528399905,504.07415675860943,475.68241398278235
16.8,1.804666666666028,2.0,0.0,37.00124357793885,37.0,41.87072543416068,504.05708942357836,475.69764439609617
16.900000000000002,1.8047999999993611,2.0,0.0,37.001243433938555,37.0,41.87057735697956,504.04002368247296,475.712873246884
17.0,1.8049333333326942,2.0,0.0,37.00124328996657,37.0,41.87042929685291,504.0229595350488,475.728100535392
17.1,1.805066666666027,2.0,0.0,37.00124314602277,37.0,41.87028125377621,504.0058969810614,475.7433262618662
17.2,1.8051999999993602,2.0,0.0,37.001243002107174,37.0,41.870133227747445,503.9888360202664,475.7585504265525
17.3,1.8053333333326933,2.0,0.0,37.00124285821988,37.0,41.86998521876299,503.9717766524194,475.773773029697
17.400000000000002,1.8054666666660262,2.0,0.0,37.00124271436073,37.0,41.86983722681832,503.95471887727604,475.78899407154546
17.5,1.8055999999993593,2.0,0.0,37.001242570529826,37.0,41.86968925191199,503.9376626945921,475.80421355234375
17.6,1.8057333333326924,2.0,0.0,37.00124242672712,37.0,41.86954129403913,503.9206081041234,475.8194314723377
17.7,1.8058666666660252,2.0,0.0,37.0012422829526,37.0,41.86939335319716,503.9035551056258,475.83464783177294
17.8,1.8059999999993583,2.0,0.0,37.00124213920628,37.0,41.869245429382566,503.8865036988551,475.8498626308952
17.900000000000002,1.8061333333326914,2.0,0.0,37.0012419954881,37.0,41.86909752259198,503.8694538835673,475.86507586995
18.0,1.8062666666660243,2.0,0.0,37.001241851798056,37.0,41.8689496328226,503.8524056595184,475.8802875491831
18.1,1.8063999999993574,2.0,0.0,37.00124170813626,37.0,41.86880176007091,503.83535902646446,475.89549766883994
18.2,1.8065333333326905,2.0,0.0,37.00124156450255,37.0,41.868653904332405,503.8183139841616,475.91070622916595
18.3,1.8066666666660234,2.0,0.0,37.001241420896974,37.0,41.86850606560564,503.8012705323659,475.92591323040654
18.400000000000002,1.8067999999993565,2.0,0.0,37.00124127731959,37.0,41.868358243886334,503.7842286708336,475.941118672807
18.5,1.8069333333326896,2.0,0.0,37.00124113377029,37.0,41.868210439170646,503.7671883993209,475.9563225566128
18.6,1.8070666666660224,2.0,0.0,37.00124099024907,37.0,41.868062651456455,503.7501497175842,475.97152488206916
18.7,1.8071999999993555,2.0,0.0,37.00124084675605,37.0,41.86791488074016,503.73311262537976,475.9867256494213
18.8,1.8073333333326886,2.0,0.0,37.0012407032911,37.0,41.86776712701725,503.71607712246407,476.0019248589143
18.900000000000002,1.8074666666660215,2.0,0.0,37.00124055985418,37.0,41.86761939028572,503.69904320859354,476.01712251079334
19.0,1.8075999999993546,2.0,0.0,37.0012404164454,37.0,41.867471670542535,503.68201088352464,476.0323186053035
19.1,1.8077333333326877,2.0,0.0,37.001240273064695,37.0,41.867323967783086,503.6649801470139,476.0475131426897
19.200000000000003,1.8078666666660206,2.0,0.0,37.001240129712016,37.0,41.867176282004785,503.64795099881803,476.0627061231969
19.3,1.8079999999993537,2.0,0.0,37.001239986387475,37.0,41.86702861320473,503.6309234386936,476.07789754707005
19.400000000000002,1.8081333333326868,2.0,0.0,37.0012398430909,37.0,41.866880961378286,503.6138974663975,476.093087414554
19.5,1.8082666666660197,2.0,0.0,37.001239699822406,37.0,41.86673332652404,503.5968730816862,476.10827572589346
19.6,1.8083999999993527,2.0,0.0,37.00123955658199,37.0,41.86658570863714,503.57985028431665,476.1234624813332
19.700000000000003,1.8085333333326858,2.0,0.0,37.00123941336966,37.0,41.86643810771445,503.56282907404574,476.138647681118
19.8,1.8086666666660187,2.0,0.0,37.00123927018535,37.0,41.86629052375259,503.54580945063026,476.15383132549243
19.900000000000002,1.8087999999993518,2.0,0.0,37.001239127029066,37.0,41.866142956748774,503.5287914138273,476.16901341470117
20.0,1.808933333332685,2.0,0.0,37.001238983900805,37.0,41.86599540669952,503.51177496339386,476.1841939489886
20.1,1.8090666666660178,2.0,0.0,37.00123884080057,37.0,41.86584787360147,503.49476009908693,476.19937292859925
20.200000000000003,1.8091999999993509,2.0,0.0,37.00123869772824,37.0,41.86570035745125,503.4777468206637,476.2145503537776
20.3,1.809333333332684,2.0,0.0,37.00123855468394,37.0,41.865552858246666,503.4607351278812,476.229726224768
20.400000000000002,1.8094666666660169,2.0,0.0,37.0012384116676,37.0,41.865405375982974,503.4437250204968,476.2449005418149
20.5,1.80959999999935,2.0,0.0,37.00123826867929,37.0,41.86525791065762,503.42671649826764,476.2600733051624
20.6,1.809733333332683,2.0,0.0,37.001238125718885,37.0,41.865110462266564,503.4097095609511,476.2752445150548
20.700000000000003,1.809866666666016,2.0,0.0,37.00123798278645,37.0,41.8649630308077,503.3927042083045,476.29041417173636
20.8,1.809999999999349,2.0,0.0,37.00123783988198,37.0,41.86481561627688,503.3757004400853,476.3055822754512
20.900000000000002,1.8101333333326821,2.0,0.0,37.00123769700548,37.0,41.86466821867085,503.35869825605096,476.3207488264432
21.0,1.810266666666015,2.0,0.0,37.00123755415689,37.0,41.86452083798627,503.34169765595897,476.3359138249566
21.1,1.810399999999348,2.0,0.0,37.00123741133626,37.0,41.864373474220365,503.32469863956686,476.35107727123534
21.200000000000003,1.8105333333326812,2.0,0.0,37.00123726854355,37.0,41.86422612736907,503.3077012066323,476.36623916552327
21.3,1.810666666666014,2.0,0.0,37.001237125778744,37.0,41.86407879742974,503.290705356913,476.38139950806436
21.400000000000002,1.8107999999993472,2.0,0.0,37.00123698304179,37.0,41.86393148439891,503.2737110901666,476.39655829910225
21.5,1.8109333333326803,2.0,0.0,37.001236840332865,37.0,41.8637841882738,503.25671840615087,476.41171553888086
21.6,1.8110666666660131,2.0,0.0,37.00123669765179,37.0,41.86363690904923,503.2397273046237,476.42687122764386
21.700000000000003,1.8111999999993462,2.0,0.0,37.00123655499863,37.0,41.8634896467239,503.2227377853428,476.44202536563483
21.8,1.8113333333326793,2.0,0.0,37.00123641237337,37.0,41.86334240129355,503.20574984806626,476.4571779530976
21.900000000000002,1.8114666666660122,2.0,0.0,37.001236269775916,37.0,41.863195172754956,503.1887634925519,476.4723289902755
22.0,1.8115999999993453,2.0,0.0,37.00123612720637,37.0,41.86304796110591,503.17177871855785,476.4874784774122
22.1,1.8117333333326784,2.0,0.0,37.001235984664675,37.0,41.86290076634171,503.1547955258422,476.50262641475103
22.200000000000003,1.8118666666660113,2.0,0.0,37.001235842150834,37.0,41.862753588459796,503.1378139141629,476.5177728025355
22.3,1.8119999999993444,2.0,0.0,37.001235699664846,37.0,41.86260642745672,503.1208338832782,476.5329176410088
22.400000000000002,1.8121333333326775,2.0,0.0,37.001235557206655,37.0,41.86245928332913,503.1038554329464,476.54806093041447
22.5,1.8122666666660103,2.0,0.0,37.00123541477632,37.0,41.862312156074275,503.08687856292573,476.5632026709957
22.6,1.8123999999993434,2.0,0.0,37.001235272373776,37.0,41.86216504568811,503.0699032729745,476.5783428629956
22.700000000000003,1.8125333333326765,2.0,0.0,37.00123512999909,37.0,41.86201795216799,503.0529295628511,476.5934815066574
22.8,1.8126666666660094,2.0,0.0,37.00123498765208,37.0,41.8618708755099,503.0359574323138,476.60861860222417
22.900000000000002,1.8127999999993425,2.0,0.0,37.00123484533299,37.0,41.86172381571233,503.0189868811213,476.623754149939
23.0,1.8129333333326756,2.0,0.0,37.00123470304169,37.0,41.86157677276932,503.00201790903196,476.6388881500448
23.1,1.8130666666660085,2.0,0.0,37.00123456077813,37.0,41.861429746679114,502.9850505158044,476.6540206027846
23.200000000000003,1.8131999999993416,2.0,0.0,37.001234418542424,37.0,41.86128273743873,502.96808470119726,476.6691515084012
23.3,1.8133333333326747,2.0,0.0,37.0012342763344,37.0,41.861135745043576,502.9511204649691,476.68428086713755
23.400000000000002,1.8134666666660075,2.0,0.0,37.001234134154174,37.0,41.860988769492266,502.93415780687883,476.69940867923646
23.5,1.8135999999993406,2.0,0.0,37.001233992001744,37.0,41.86084181077999,502.91719672668506,476.71453494494057
23.6,1.8137333333326737,2.0,0.0,37.00123384987705,37.0,41.86069486890363,502.9002372241468,476.7296596644926
23.700000000000003,1.8138666666660066,2.0,0.0,37.001233707780045,37.0,41.86054794386043,502.88327929902266,476.74478283813517
23.8,1.8139999999993397,2.0,0.0,37.00123356571078,37.0,41.86040103564752,502.8663229510717,476.7599044661109
23.900000000000002,1.8141333333326728,2.0,0.0,37.001233423669305,37.0,41.86025414426089,502.849368180053,476.77502454866243
24.0,1.8142666666660057,2.0,0.0,37.00123328165557,37.0,41.860107269696755,502.83241498572534,476.7901430860321
24.1,1.8143999999993388,2.0,0.0,37.001233139669466,37.0,41.859960411952464,502.815463367848,476.8052600784625
24.200000000000003,1.8145333333326719,2.0,0.0,37.00123299771104,37.0,41.85981357102573,502.79851332618,476.82037552619585
24.3,1.8146666666660047,2.0,0.0,37.0012328557803,37.0,41.85966674691243,502.78156486048056,476.8354894294746
24.400000000000002,1.8147999999993378,2.0,0.0,37.00123271387736,37.0,41.859519939609356,502.7646179705088,476.850601788541
24.5,1.814933333332671,2.0,0.0,37.001232572002095,37.0,41.85937314911204,502.7476726560241,476.86571260363723
24.6,1.8150666666660038,2.0,0.0,37.00123243015446,37.0,41.859226375418515,502.7307289167858,476.88082187500555
24.700000000000003,1.815199999999337,2.0,0.0,37.001232288334506,37.0,41.85907961852582,502.7137867525531,476.8959296028881
24.8,1.81533333333267,2.0,0.0,37.00123214654218,37.0,41.85893287842993,502.6968461630856,476.9110357875268
24.900000000000002,1.8154666666660029,2.0,0.0,37.00123200477759,37.0,41.85878615512824,502.6799071481426,476.92614042916387
25.0,1.815599999999336,2.0,0.0,37.00123186304057,37.0,41.85863944861615,502.6629697074838,476.9412435280412
25.1,1.815733333332669,2.0,0.0,37.00123172133124,37.0,41.85849275889229,502.64603384086865,476.95634508440077
25.200000000000003,1.815866666666002,2.0,0.0,37.00123157964953,37.0,41.858346085951865,502.62909954805684,476.97144509848437
25.3,1.815999999999335,2.0,0.0,37.00123143799544,37.0,41.85819942979236,502.6121668288081,476.98654357053385
25.400000000000002,1.8161333333326681,2.0,0.0,37.00123129636893,37.0,41.858052790410326,502.59523568288205,477.0016405007911
25.5,1.816266666666001,2.0,0.0,37.00123115476998,37.0,41.85790616780304,502.5783061100384,477.01673588949774
25.6,1.816399999999334,2.0,0.0,37.00123101319866,37.0,41.85775956196707,502.56137811003697,477.0318297368954
25.700000000000003,1.8165333333326672,2.0,0.0,37.00123087165491,37.0,41.85761297289854,502.5444516826377,477.0469220432258
25.8,1.816666666666,2.0,0.0,37.00123073013884,37.0,41.857466400594824,502.52752682760064,477.06201280873046
25.900000000000002,1.8167999999993332,2.0,0.0,37.001230588650344,37.0,41.85731984505134,502.5106035446856,477.0771020336509
26.0,1.8169333333326663,2.0,0.0,37.001230447189414,37.0,41.857173306266155,502.4936818336526,477.09218971822855
26.1,1.8170666666659991,2.0,0.0,37.001230305755996,37.0,41.857026784235735,502.47676169426177,477.10727586270497
26.200000000000003,1.8171999999993322,2.0,0.0,37.00123016435015,37.0,41.85688027895733,502.45984312627314,477.1223604673215
26.3,1.8173333333326653,2.0,0.0,37.00123002297181,37.0,41.856733790426965,502.4429261294469,477.1374435323194
26.400000000000002,1.8174666666659982,2.0,0.0,37.0012298816211,37.0,41.85658731864202,502.4260107035433,477.15252505794
26.5,1.8175999999993313,2.0,0.0,37.0012297402979,37.0,41.85644086359792,502.4090968483226,477.16760504442436
26.6,1.8177333333326644,2.0,0.0,37.001229599002215,37.0,41.85629442529273,502.3921845635452,477.1826834920137
26.700000000000003,1.8178666666659973,2.0,0.0,37.00122945773404,37.0,41.85614800372293,502.3752738489713,477.1977604009493
26.8,1.8179999999993304,2.0,0.0,37.00122931649338,37.0,41.85600159888521,502.3583647043614,477.21283577147204
26.900000000000002,1.8181333333326635,2.0,0.0,37.00122917528029,37.0,41.85585521077628,502.341457129476,477.22790960382304
27.0,1.8182666666659963,2.0,0.0,37.00122903409459,37.0,41.85570883939224,502.3245511240755,477.24298189824316
27.1,1.8183999999993294,2.0,0.0,37.00122889293641,37.0,41.85556248473164,502.3076466879206,477.2580526549734
27.200000000000003,1.8185333333326625,2.0,0.0,37.0012287518058,37.0,41.85541614678971,502.2907438207719,477.2731218742547
27.3,1.8186666666659954,2.0,0.0,37.001228610702526,37.0,41.85526982556278,502.27384252239005,477.28818955632767
27.400000000000002,1.8187999999993285,2.0,0.0,37.001228469626824,37.0,41.85512352104996,502.2569427925357,477.3032557014333
27.5,1.8189333333326616,2.0,0.0,37.00122832857858,37.0,41.85497723324522,502.2400446309697,477.31832030981207
27.6,1.8190666666659945,2.0,0.0,37.00122818755773,37.0,41.854830962146856,502.22314803745275,477.33338338170483
27.700000000000003,1.8191999999993276,2.0,0.0,37.001228046564336,37.0,41.85468470775192,502.2062530117458,477.348444917352
27.8,1.8193333333326607,2.0,0.0,37.0012279055984,37.0,41.85453847005643,502.1893595536097,477.3635049169944
27.900000000000002,1.8194666666659935,2.0,0.0,37.00122776465986,37.0,41.85439224905721,502.1724676628055,477.37856338087227
28.0,1.8195999999993266,2.0,0.0,37.001227623748775,37.0,41.85424604475155,502.1555773390941,477.3936203092262
28.1,1.8197333333326597,2.0,0.0,37.00122748286515,37.0,41.85409985713545,502.1386885822367,477.40867570229665
28.200000000000003,1.8198666666659926,2.0,0.0,37.00122734200892,37.0,41.85395368620575,502.1218013919943,477.42372956032386
28.3,1.8199999999993257,2.0,0.0,37.001227201180086,37.0,41.85380753195972,502.1049157681282,477.43878188354824
28.400000000000002,1.8201333333326588,2.0,0.0,37.00122706037865,37.0,41.85366139439396,502.08803171039943,477.45383267221
28.5,1.8202666666659917,2.0,0.0,37.00122691960462,37.0,41.85351527350519,502.0711492185693,477.46888192654933
28.6,1.8203999999993248,2.0,0.0,37.00122677885793,37.0,41.85336916929011,502.05426829239906,477.4839296468064
28.700000000000003,1.8205333333326579,2.0,0.0,37.001226638138576,37.0,41.853223081746016,502.0373889316502,477.4989758332213
28.8,1.8206666666659908,2.0,0.0,37.00122649744668,37.0,41.85307701086952,502.0205111360841,477.5140204860342
28.900000000000002,1.8207999999993238,2.0,0.0,37.00122635678213,37.0,41.85293095665617,502.00363490546215,477.5290636054849
29.0,1.820933333332657,2.0,0.0,37.001226216144914,37.0,41.85278491910406,501.9867602395459,477.5441051918135
29.1,1.8210666666659898,2.0,0.0,37.001226075535044,37.0,41.85263889820968,501.96988713809685,477.5591452452599
29.200000000000003,1.821199999999323,2.0,0.0,37.00122593495246,37.0,41.85249289396975,501.95301560087677,477.57418376606387
29.3,1.821333333332656,2.0,0.0,37.00122579439727,37.0,41.85234690638157,501.93614562764714,477.5892207544653
29.400000000000002,1.8214666666659889,2.0,0.0,37.001225653869426,37.0,41.8522009354406,501.91927721816967,477.6042562107039
29.5,1.821599999999322,2.0,0.0,37.00122551336892,37.0,41.85205498114434,501.9024103722062,477.6192901350194
29.6,1.821733333332655,2.0,0.0,37.0012253728957,37.0,41.85190904348942,501.8855450895185,477.6343225276515
29.700000000000003,1.821866666665988,2.0,0.0,37.001225232449826,37.0,41.851763122473116,501.8686813698684,477.6493533888397
29.8,1.821999999999321,2.0,0.0,37.001225092031234,37.0,41.85161721809147,501.85181921301785,477.66438271882356
29.900000000000002,1.8221333333326541,2.0,0.0,37.00122495163993,37.0,41.85147133034189,501.8349586187287,477.6794105178426
30.0,1.822266666665987,2.0,0.0,37.001224811275904,37.0,41.85132545922099,501.81809958676297,477.6944367861363
30.1,1.8223999999993201,2.0,0.0,37.001224670939166,37.0,41.851179604725495,501.8012421168828,477.709461523944
30.200000000000003,1.8225333333326532,2.0,0.0,37.001224530629656,37.0,41.851033766852126,501.78438620885026,477.72448473150513
30.3,1.822666666665986,2.0,0.0,37.00122439034743,37.0,41.85088794559819,501.76753186242746,477.739506409059
30.400000000000002,1.8227999999993192,2.0,0.0,37.001224250092434,37.0,41.85074214095973,501.75067907737656,477.7545265568448
30.5,1.8229332814812438,2.0,0.0048005910823980535,37.00122410981476,37.0,41.850596352934154,501.7338278538746,477.7695451747041
30.6,1.8230666148145767,2.0,0.0,37.00122396948967,37.0,41.850450582023164,501.7169781918912,477.78456226267724
30.700000000000003,1.8231999481479098,2.0,0.0,37.00122382919244,37.0,41.8503048283799,501.70013009056674,477.79957782159966
30.8,1.8233332814812429,2.0,0.0,37.001223688923005,37.0,41.850159091198954,501.68328354966377,477.8145918517103
30.900000000000002,1.8234666148145757,2.0,0.0,37.00122354868137,37.0,41.85001337062808,501.6664385689446,477.8296043532483
31.0,1.8235999481479088,2.0,0.0,37.00122340846741,37.0,41.84986766666383,501.6495951481718,477.84461532645264
31.1,1.823733281481242,2.0,0.0,37.00122326828125,37.0,41.84972197930402,501.63275328710785,477.8596247715621
31.200000000000003,1.8238666148145748,2.0,0.0,37.00122312812283,37.0,41.84957630854395,501.61591298551537,477.87463268881555
31.3,1.823999948147908,2.0,0.0,37.001222987992094,37.0,41.8494306543811,501.59907424315696,477.88963907845186
31.400000000000002,1.824133281481241,2.0,0.0,37.00122284788915,37.0,41.84928501681258,501.5822370597953,477.9046439407098
31.5,1.8242666148145739,2.0,0.0,37.001222707813895,37.0,41.84913939583381,501.5654014351932,477.91964727582797
31.6,1.824399948147907,2.0,0.0,37.001222567766376,37.0,41.848993791442844,501.54856736911336,477.93464908404513
31.700000000000003,1.82453328148124,2.0,0.0,37.0012224277466,37.0,41.84884820363555,501.5317348613186,477.94964936559984
31.8,1.824666614814573,2.0,0.0,37.00122228775456,37.0,41.84870263240871,501.51490391157193,477.9646481207306
31.900000000000002,1.824799948147906,2.0,0.0,37.00122214779026,37.0,41.848557077759004,501.49807451963613,477.97964534967593
32.0,1.8249332814812391,2.0,0.0,37.0012220078537,37.0,41.84841153968309,501.4812466852742,477.99464105267435
32.1,1.825066614814572,2.0,0.0,37.00122186794488,37.0,41.84826601817765,501.4644204082492,478.00963522996426
32.2,1.8251999389529674,2.0,0.0008507718492216654,37.00122172805493,37.0,41.84812051323935,501.44759568839766,478.02462788171357
32.300000000000004,1.8253332722863005,2.0,0.0,37.00122158817942,37.0,41.84797502495461,501.4307725255194,478.0396190081254
32.4,1.8254666056196336,2.0,0.0,37.00122144833176,37.0,41.847829553348284,501.4139509192674,478.05460860954355
32.5,1.8255999389529665,2.0,0.0,37.00122130851196,37.0,41.847684098274016,501.3971308694049,478.06959668620624
32.6,1.8257332722862996,2.0,0.0,37.00122116872001,37.0,41.84753865975531,501.38031237569527,478.08458323835157
32.7,1.8258666056196327,2.0,0.0,37.001221028955854,37.0,41.8473932377888,501.3634954379018,478.0995682662178
32.800000000000004,1.8259999389529655,2.0,0.0,37.00122088921938,37.0,41.847247832371735,501.34668005578783,478.1145517700429
32.9,1.8261332722862986,2.0,0.0,37.001220749510765,37.0,41.84710244350181,501.3298662291168,478.12953375006487
33.0,1.8262666056196317,2.0,0.0,37.00122060982994,37.0,41.846957071173755,501.31305395765224,478.14451420652165
33.1,1.8263999389529646,2.0,0.0,37.001220470176975,37.0,41.84681171538514,501.2962432411576,478.15949313965103
33.2,1.8265332722862977,2.0,0.0,37.0012203305518,37.0,41.84666637613194,501.2794340793964,478.1744705496911
33.300000000000004,1.8266666056196308,2.0,0.0,37.00122019095443,37.0,41.846521053411514,501.2626264721323,478.18944643687956
33.4,1.8267999389529637,2.0,0.0,37.00122005138485,37.0,41.84637574722039,501.24582041912896,478.20442080145415
33.5,1.8269332722862968,2.0,0.0,37.001219911843066,37.0,41.846230457555244,501.2290159201501,478.2193936436525
33.6,1.8270666056196299,2.0,0.0,37.00121977232908,37.0,41.84608518441274,501.2122129749594,478.2343649637124
33.7,1.8271999389529627,2.0,0.0,37.00121963284289,37.0,41.84593992778955,501.1954115833208,478.24933476187147
33.800000000000004,1.8273332722862958,2.0,0.0,37.00121949338438,37.0,41.845794687682336,501.17861174499814,478.2643030383672
33.9,1.827466605619629,2.0,0.0,37.00121935395373,37.0,41.8456494640889,501.1618134597552,478.27926979343704
34.0,1.8275998651576904,2.0,0.006823504648342915,37.0012192144801,37.0,41.84550425700398,501.14501672794387,478.29423502675496
34.1,1.8277331984910234,2.0,0.0,37.0012190749286,37.0,41.84535906714133,501.12822154962225,478.30919873827634
34.2,1.8278665318243563,2.0,0.0,37.001218935405745,37.0,41.845213894717666,501.1114279236727,478.3241609290839
34.300000000000004,1.8279998651576894,2.0,0.0,37.001218795911484,37.0,41.84506873859451,501.09463584985934,478.339121599415
34.4,1.8281331984910225,2.0,0.0,37.001218656445644,37.0,41.84492359898204,501.07784532794625,478.3540807495069
34.5,1.8282665318243554,2.0,0.0,37.00121851700834,37.0,41.844778475878435,501.0610563576976,478.3690383795967
34.6,1.8283998651576885,2.0,0.0,37.00121837759957,37.0,41.8446333692788,501.04426893887785,478.3839944899217
34.7,1.8285331984910216,2.0,0.0,37.001218238219394,37.0,41.844488279179934,501.02748307125114,478.398949080719
34.800000000000004,1.8286665318243545,2.0,0.0,37.00121809886775,37.0,41.844343205577836,501.01069875458177,478.4139021522255
34.9,1.8287998651576876,2.0,0.0,37.001217959544704,37.0,41.844198148469765,500.99391598863417,478.4288537046784
35.0,1.8289331984910207,2.0,0.0,37.00121782025013,37.0,41.84405310785161,500.9771347731728,478.44380373831456
35.1,1.8290665318243535,2.0,0.0,37.0012176809841,37.0,41.843908083721196,500.96035510796213,478.458752253371
35.2,1.8291998651576866,2.0,0.0,37.0012175417466,37.0,41.84376307607432,500.9435769927667,478.4736992500845
35.300000000000004,1.8293331984910197,2.0,0.0,37.00121740253775,37.0,41.843618084907654,500.92680042735105,478.4886447286919
35.4,1.8294665318243526,2.0,0.0,37.00121726335743,37.0,41.843473110216635,500.91002541147986,478.50358868943005
35.5,1.8295998651576857,2.0,0.0,37.001217124205596,37.0,41.843328151999195,500.8932519449178,478.5185311325356
35.6,1.8297331984910188,2.0,0.0,37.00121698508241,37.0,41.84318321025226,500.8764800274296,478.53347205824514
35.7,1.8298664603410153,2.0,0.006605635724550307,37.00121684591949,37.0,41.84303828497058,500.85970965934825,478.54841146625046
35.800000000000004,1.8299997936743482,2.0,0.0,37.00121670668301,37.0,41.84289337684308,500.84294084072314,478.5633493565156
35.9,1.8301331270076813,2.0,0.0,37.00121656747592,37.0,41.84274848608005,500.8261735704666,478.5782857300942
36.0,1.8302664603410144,2.0,0.0,37.001216428298164,37.0,41.84260361158086,500.8094078483436,478.5932205872229
36.1,1.8303997936743472,2.0,0.0,37.00121628914974,37.0,41.84245875354848,500.79264367411906,478.6081539281381
36.2,1.8305331270076803,2.0,0.0,37.00121615003059,37.0,41.842313911979254,500.775881047558,478.62308575307617
36.300000000000004,1.8306664603410134,2.0,0.0,37.00121601094082,37.0,41.84216908687025,500.75911996842547,478.6380160622733
36.4,1.8307997936743463,2.0,0.0,37.00121587188039,37.0,41.842024278216684,500.7423604364866,478.652944855966
36.5,1.8309331270076794,2.0,0.0,37.00121573284923,37.0,41.841879486015834,500.7256024515065,478.6678721343903
36.6,1.8310664603410125,2.0,0.0,37.001215593847405,37.0,41.841734710264646,500.7088460132504,478.6827978977824
36.7,1.8311997936743454,2.0,0.0,37.00121545487502,37.0,41.84158995095891,500.69209112148366,478.69772214637857
36.800000000000004,1.8313331270076785,2.0,0.0,37.00121531593203,37.0,41.84144520809408,500.67533777597146,478.71264488041476
36.9,1.8314664603410116,2.0,0.0,37.00121517701848,37.0,41.84130048166741,500.65858597647923,478.72756610012715
37.0,1.8315997936743444,2.0,0.0,37.00121503813426,37.0,41.84115577167469,500.6418357227723,478.74248580575147
37.1,1.8317331270076775,2.0,0.0,37.00121489927949,37.0,41.84101107811367,500.6250870146162,478.7574039975238
37.2,1.8318664603410106,2.0,0.0,37.00121476045416,37.0,41.84086640097942,500.60833985177646,478.7723206756801
37.300000000000004,1.8319997926509473,2.0,9.451499687029852e-05,37.001214621657255,37.0,41.840721740268656,500.5915942340266,478.7872358404483
37.4,1.8321331259842804,2.0,0.0,37.00121448288826,37.0,41.8405770959882,500.5748501611364,478.8021494920604
37.5,1.8322664593176132,2.0,0.0,37.00121434414871,37.0,41.84043246813776,500.55810763285933,478.8170616307637
37.6,1.8323997926509463,2.0,0.0,37.00121420543866,37.0,41.84028785669744,500.54136664896095,478.83197225679396
37.7,1.8325331259842794,2.0,0.0,37.00121406675805,37.0,41.84014326166619,500.5246272092071,478.84688137038677
37.800000000000004,1.8326664593176123,2.0,0.0,37.001213928107006,37.0,41.83999868304118,500.5078893133635,478.8617889717777
37.9,1.8327997926509454,2.0,0.0,37.001213789485405,37.0,41.8398541208176,500.49115296119595,478.8766950612024
38.0,1.8329331259842785,2.0,0.0,37.00121365089325,37.0,41.839709574993265,500.4744181524706,478.89159963889625
38.1,1.8330664593176114,2.0,0.0,37.001213512330594,37.0,41.839565045564434,500.45768488695313,478.9065027050947
38.2,1.8331997926509445,2.0,0.0,37.00121337379744,37.0,41.839420532526994,500.4409531644096,478.92140426003317
38.300000000000004,1.8333331259842776,2.0,0.0,37.00121323529379,37.0,41.83927603587752,500.42422298460605,478.93630430394705
38.400000000000006,1.8334664593176104,2.0,0.0,37.00121309681964,37.0,41.839131555612475,500.4074943473085,478.95120283707155
38.5,1.8335997926509435,2.0,0.0,37.00121295837499,37.0,41.838987091728306,500.3907672522831,478.96609985964193
38.6,1.8337331259842766,2.0,0.0,37.00121281995979,37.0,41.83884264422148,500.37404169929613,478.9809953718934
38.7,1.8338664593176095,2.0,0.0,37.0012126815742,37.0,41.83869821308904,500.3573176881136,478.99588937406116
38.800000000000004,1.8339997926509426,2.0,0.0,37.00121254321812,37.0,41.8385537983256,500.34059521850196,479.0107818663803
38.900000000000006,1.8341331259842757,2.0,0.0,37.00121240489153,37.0,41.83840939992911,500.3238742902274,479.02567284908577
39.0,1.834266422469727,2.0,0.0034009543801931663,37.00121226655938,37.0,41.8382650178958,500.3071549033483,479.0405623221328
39.1,1.8343997558030598,2.0,0.0,37.00121212820443,37.0,41.838120652577054,500.29043705777696,479.0554502856163
39.2,1.834533089136393,2.0,0.0,37.00121198987938,37.0,41.8379763040777,500.2737207528423,479.07033674019095
39.300000000000004,1.834666422469726,2.0,0.0,37.00121185158423,37.0,41.83783197183276,500.25700598831054,479.08522168609164
39.400000000000006,1.8347997558030589,2.0,0.0,37.00121171331904,37.0,41.83768765594406,500.2402927639484,479.1001051235531
39.5,1.834933089136392,2.0,0.0,37.001211575083744,37.0,41.8375433564074,500.2235810795224,479.1149870528101
39.6,1.835066422469725,2.0,0.0,37.00121143687835,37.0,41.8373990732199,500.20687093479927,479.1298674740973
39.7,1.835199755803058,2.0,0.0,37.00121129870297,37.0,41.83725480637785,500.1901623295457,479.14474638764943
39.800000000000004,1.835333089136391,2.0,0.0,37.00121116055749,37.0,41.837110555876514,500.1734552635284,479.1596237937011
39.900000000000006,1.8354664224697241,2.0,0.0,37.00121102244191,37.0,41.83696632171366,500.15674973651414,479.1744996924869
40.0,1.835599755803057,2.0,0.0,37.0012108843564,37.0,41.836822103885474,500.14004574826987,479.1893740842413
40.1,1.83573308913639,2.0,0.0,37.001210746300785,37.0,41.836677902386654,500.1233432985624,479.2042469691987
40.2,1.8358664224697232,2.0,0.0,37.00121060827519,37.0,41.83653371721565,500.1066423871587,479.2191183475936
40.300000000000004,1.835999755803056,2.0,0.0,37.001210470279545,37.0,41.836389548367386,500.0899430138257,479.2339882196603
40.400000000000006,1.8361330891363892,2.0,0.0,37.00121033231392,37.0,41.836245395839065,500.07324517833047,479.2488565856333
40.5,1.8362664224697223,2.0,0.0,37.00121019437819,37.0,41.83610125962639,500.0565488804401,479.2637234457467
40.6,1.8363997513379018,2.0,0.000411881482765164,37.00121005646827,37.0,41.835957139727036,500.039854119957,479.2785888002008
40.7,1.8365330846712349,2.0,0.0,37.001209918581935,37.0,41.83581303617861,500.0231608966661,479.29345264921295
40.800000000000004,1.836666418004568,2.0,0.0,37.001209780725674,37.0,41.83566894899224,500.00646921028164,479.308314993068
40.900000000000006,1.8367997513379009,2.0,0.0,37.00120964289948,37.0,41.835524878095114,499.98977906057087,479.32317583200006
41.0,1.836933084671234,2.0,0.0,37.001209505103304,37.0,41.83538082349657,499.9730904473011,479.3380351662432
41.1,1.837066418004567,2.0,0.0,37.0012093673372,37.0,41.83523678519357,499.9564033702397,479.35289299603124
41.2,1.8371997513379,2.0,0.0,37.0012092296011,37.0,41.83509276318183,499.9397178291541,479.36774932159824
41.300000000000004,1.837333084671233,2.0,0.0,37.00120909189502,37.0,41.83494875745843,499.92303382381175,479.38260414317796
41.400000000000006,1.8374664180045661,2.0,0.0,37.00120895421907,37.0,41.834804768019644,499.90635135398026,479.3974574610043
41.5,1.837599751337899,2.0,0.0,37.00120881657318,37.0,41.83466079486073,499.88967041942703,479.4123092753111
41.6,1.837733084671232,2.0,0.0,37.00120867895731,37.0,41.83451683797889,499.87299101991977,479.427159586332
41.7,1.8378664180045652,2.0,0.0,37.00120854137151,37.0,41.83437289737095,499.8563131552261,479.44200839430073
41.800000000000004,1.837999751337898,2.0,0.0,37.00120840381578,37.0,41.83422897303263,499.83963682511376,479.4568556994509
41.900000000000006,1.8381330846712312,2.0,0.0,37.001208266290064,37.0,41.83408506496044,499.8229620293505,479.4717015020161
42.0,1.8382664180045643,2.0,0.0,37.00120812879436,37.0,41.83394117315134,499.80628876770413,479.48654580222995
42.1,1.8383997513378971,2.0,0.0,37.00120799132878,37.0,41.83379729760162,499.78961703994247,479.50138860032575
42.2,1.8385330846712302,2.0,0.0,37.00120785389328,37.0,41.83365343830652,499.7729468458334,479.51622989653714
42.300000000000004,1.838666339489052,2.0,0.007238081310228406,37.00120771641343,37.0,41.833509595263244,499.7562781857646,479.53106969050333
42.400000000000006,1.838799672822385,2.0,0.0,37.00120757885236,37.0,41.83336576922106,499.73961105981397,479.5459079821606
42.5,1.8389330061557179,2.0,0.0,37.00120744132232,37.0,41.83322196040983,499.72294546682025,479.56074477263326
42.6,1.839066339489051,2.0,0.0,37.001207303823094,37.0,41.833078167629374,499.70628140655145,479.5755800621544
42.7,1.839199672822384,2.0,0.0,37.001207166354675,37.0,41.83293439110281,499.6896188787758,479.59041385095736
42.800000000000004,1.839333006155717,2.0,0.0,37.00120702891712,37.0,41.83279063082599,499.67295788326135,479.6052461392751
42.900000000000006,1.83946633948905,2.0,0.0,37.00120689151049,37.0,41.83264688679462,499.65629841977636,479.62007692734096
43.0,1.8395996728223831,2.0,0.0,37.00120675413473,37.0,41.83250315900456,499.6396404880891,479.63490621538784
43.1,1.839733006155716,2.0,0.0,37.00120661678983,37.0,41.83235944745278,499.62298408796795,479.6497340036488
43.2,1.839866339489049,2.0,0.0,37.00120647947574,37.0,41.83221575213545,499.6063292191812,479.6645602923568
43.300000000000004,1.8399996728223822,2.0,0.0,37.00120634219263,37.0,41.83207207304945,499.5896758814974,479.6793850817447
43.400000000000006,1.840133006155715,2.0,0.0,37.00120620494039,37.0,41.83192841018925,499.5730240746848,479.69420837204547
43.5,1.8402663394890482,2.0,0.0,37.00120606771907,37.0,41.83178476355262,499.556373798512,479.70903016349183
43.6,1.8403996728223813,2.0,0.0,37.00120593052861,37.0,41.83164113313505,499.5397250527477,479.72385045631654
43.7,1.8405330061557141,2.0,0.0,37.00120579336908,37.0,41.83149751893352,499.52307783716043,479.73866925075237
43.800000000000004,1.8406663394890472,2.0,0.0,37.00120565624047,37.0,41.831353920943634,499.5064321515187,479.75348654703197
43.900000000000006,1.8407995885265855,2.0,0.007766441970486593,37.001205519063035,37.0,41.83121033916181,499.4897879962555,479.76830234475125
44.0,1.8409329218599184,2.0,0.0,37.00120538179732,37.0,41.831066774391395,499.47314537147173,479.7831166438245
44.1,1.8410662551932515,2.0,0.0,37.00120524456338,37.0,41.830923226878,499.4565042759401,479.797929445439
44.2,1.8411995885265846,2.0,0.0,37.001205107361216,37.0,41.830779695338364,499.4398647094295,479.81274074982724
44.300000000000004,1.8413329218599175,2.0,0.0,37.001204970190884,37.0,41.83063618000878,499.42322667170885,479.8275505572215
44.400000000000006,1.8414662551932506,2.0,0.0,37.00120483305233,37.0,41.830492680884866,499.40659016254705,479.84235886785444
44.5,1.8415995885265837,2.0,0.0,37.001204695945546,37.0,41.830349197963486,499.3899551817131,479.8571656819581
44.6,1.8417329218599165,2.0,0.0,37.0012045588706,37.0,41.83020573124072,499.373321728976,479.871970999765
44.7,1.8418662551932496,2.0,0.0,37.00120442182737,37.0,41.83006228071218,499.3566898041048,479.88677482150723
44.800000000000004,1.8419995885265827,2.0,0.0,37.001204284816026,37.0,41.8299188463753,499.34005940686865,479.9015771474171
44.900000000000006,1.8421329218599156,2.0,0.0,37.00120414783646,37.0,41.82977542822432,499.32343053703676,479.91637797772665
45.0,1.8422662551932487,2.0,0.0,37.001204010888785,37.0,41.829632026256924,499.30680319437823,479.931177312668
45.1,1.8423995885265818,2.0,0.0,37.00120387397294,37.0,41.8294886404679,499.2901773786625,479.9459751524731
45.2,1.8425329218599147,2.0,0.0,37.00120373708887,37.0,41.82934527085423,499.2735530896588,479.9607714973741
45.300000000000004,1.8426662551932478,2.0,0.0,37.00120360023675,37.0,41.82920191741257,499.2569303271365,479.9755663476028
45.400000000000006,1.8427995679540072,2.0,0.0018943883771185277,37.001203463397076,37.0,41.82905858013725,499.2403090910268,479.9903597032361
45.5,1.8429329012873403,2.0,0.0,37.00120332656013,37.0,41.82891525922209,499.22368938118007,480.0051515644283
45.6,1.8430662346206732,2.0,0.0,37.00120318975536,37.0,41.828771954724985,499.2070711971231,480.0199419316437
45.7,1.8431995679540063,2.0,0.0,37.0012030529827,37.0,41.82862866632818,499.19045453862554,480.03473080511424
45.800000000000004,1.8433329012873394,2.0,0.0,37.00120291624211,37.0,41.82848539408727,499.173839405457,480.04951818507146
45.900000000000006,1.8434662346206723,2.0,0.0,37.00120277953363,37.0,41.82834213799885,499.157225797387,480.064304071747
46.0,1.8435995679540054,2.0,0.0,37.001202642857265,37.0,41.82819889805842,499.14061371418535,480.07908846537265
46.1,1.8437329012873385,2.0,0.0,37.00120250621302,37.0,41.82805567426222,499.12400315562166,480.0938713661798
46.2,1.8438662346206713,2.0,0.0,37.00120236960089,37.0,41.82791246660639,499.1073941214658,480.1086527744
46.300000000000004,1.8439995679540044,2.0,0.0,37.00120223302088,37.0,41.82776927508709,499.0907866114876,480.1234326902648
46.400000000000006,1.8441329012873375,2.0,0.0,37.00120209647304,37.0,41.82762609970045,499.07418062545696,480.1382111140055
46.5,1.8442662346206704,2.0,0.0,37.00120195995726,37.0,41.82748294044206,499.0575761631437,480.1529880458536
46.6,1.8443995679540035,2.0,0.0,37.00120182347359,37.0,41.82733979730931,499.04097322431795,480.1677634860403
46.7,1.8445329012873366,2.0,0.0,37.001201687022046,37.0,41.827196670297546,499.02437180874955,480.1825374347969
46.800000000000004,1.8446662346206695,2.0,0.0,37.00120155060267,37.0,41.82705355940305,499.0077719162087,480.19730989235467
46.900000000000006,1.8447995679540026,2.0,0.0,37.001201414215416,37.0,41.82691046462137,498.9911735464655,480.21208085894483
47.0,1.8449328389944744,2.0,0.005732808385608745,37.00120127780167,37.0,41.826767385949346,498.97457669977916,480.2268503343296
47.1,1.8450661723278075,2.0,0.0,37.001201141332274,37.0,41.8266243239761,498.9579813761646,480.2416183185057
47.2,1.8451995056611403,2.0,0.0,37.001201004895734,37.0,41.82648127888269,498.9413875746584,480.25638481240725
47.300000000000004,1.8453328389944734,2.0,0.0,37.00120086849199,37.0,41.826338249721815,498.92479529503106,480.2711498162651
47.400000000000006,1.8454661723278065,2.0,0.0,37.00120073212105,37.0,41.82619523666711,498.9082045370528,480.28591333031034
47.5,1.8455995056611394,2.0,0.0,37.001200595782905,37.0,41.826052239714535,498.89161530049404,480.3006753547738
47.6,1.8457328389944725,2.0,0.0,37.001200459477445,37.0,41.825909258860136,498.8750275851253,480.3154358898863
47.7,1.8458661723278056,2.0,0.0,37.0012003232049,37.0,41.82576629410115,498.85844139071696,480.3301949358787
47.800000000000004,1.8459995056611385,2.0,0.0,37.00120018696509,37.0,41.82562334543111,498.84185671703955,480.3449524929817
47.900000000000006,1.8461328389944716,2.0,0.0,37.00120005075809,37.0,41.825480412848265,498.82527356386373,480.3597085614259
48.0,1.8462661723278047,2.0,0.0,37.00119991458388,37.0,41.82533749634775,498.80869193096004,480.37446314144216
48.1,1.8463995056611375,2.0,0.0,37.001199778442526,37.0,41.825194595925744,498.7921118180993,480.3892162332609
48.2,1.8465328389944706,2.0,0.0,37.001199642333916,37.0,41.82505171157776,498.775533225052,480.4039678371129
48.300000000000004,1.8466661723278037,2.0,0.0,37.00119950625816,37.0,41.82490884330109,498.75895615158913,480.41871795322845
48.400000000000006,1.8467995056611366,2.0,0.0,37.00119937021509,37.0,41.82476599109044,498.74238059748143,480.43346658183805
48.5,1.8469328045448947,2.0,0.003168675342556604,37.00119923417253,37.0,41.824623154943815,498.72580656276983,480.44821372291335
48.6,1.8470661378782276,2.0,0.0,37.00119909811434,37.0,41.824480335182564,498.70923404736027,480.4629593765554
48.7,1.8471994712115607,2.0,0.0,37.00119896208935,37.0,41.824337531905634,498.6926630506187,480.4777035433825
48.800000000000004,1.8473328045448938,2.0,0.0,37.00119882609761,37.0,41.82419474458847,498.6760935723162,480.492446223625
48.900000000000006,1.8474661378782267,2.0,0.0,37.00119869013895,37.0,41.824051973324174,498.6595256122238,480.5071874175131
49.0,1.8475994712115598,2.0,0.0,37.00119855421349,37.0,41.82390921811059,498.6429591701124,480.521927125277
49.1,1.8477328045448929,2.0,0.0,37.00119841832122,37.0,41.823766478942275,498.6263942457534,480.5366653471468
49.2,1.8478661378782257,2.0,0.0,37.0011982824621,37.0,41.823623755815454,498.60983083891784,480.55140208335257
49.300000000000004,1.8479994712115588,2.0,0.0,37.00119814663611,37.0,41.82348104872671,498.5932689493771,480.56613733412433
49.400000000000006,1.848132804544892,2.0,0.0,37.00119801084338,37.0,41.82333835767198,498.57670857690226,480.5808710996921
49.5,1.8482661378782248,2.0,0.0,37.00119787508385,37.0,41.82319568264612,498.56014972126485,480.59560338028575
49.6,1.848399471211558,2.0,0.0,37.00119773935734,37.0,41.823053023645954,498.54359238223617,480.61033417613527
49.7,1.848532804544891,2.0,0.0,37.00119760366408,37.0,41.82291038066909,498.52703655958766,480.62506348747047
49.800000000000004,1.8486661378782239,2.0,0.0,37.00119746800402,37.0,41.82276775370894,498.51048225309086,480.63979131452106
49.900000000000006,1.848799471211557,2.0,0.0,37.00119733237716,37.0,41.82262514276254,498.4939294625172,480.6545176575169
50.0,1.8489327805464428,2.0,0.0022061853370280993,37.00119719676093,37.0,41.822482547825786,498.477378187826,480.66924251650767
50.1,1.849066113879776,2.0,0.0,37.001197061144126,37.0,41.82233996912308,498.46082842888285,480.683965891633
50.2,1.849199447213109,2.0,0.0,37.00119692556086,37.0,41.82219740672133,498.4442801851777,480.6986877833925
50.300000000000004,1.849332780546442,2.0,0.0,37.001196790010965,37.0,41.82205486025307,498.4277334564823,480.71340819201555
50.400000000000006,1.849466113879775,2.0,0.0,37.00119665449449,37.0,41.82191232978419,498.4111882425684,480.7281271177318
50.5,1.849599447213108,2.0,0.0,37.00119651901139,37.0,41.821769815309786,498.3946445432079,480.7428445607706
50.6,1.849732780546441,2.0,0.0,37.001196383561705,37.0,41.821627316826536,498.37810235817255,480.75756052136154
50.7,1.849866113879774,2.0,0.0,37.00119624814539,37.0,41.82148483432974,498.36156168723426,480.77227499973384
50.800000000000004,1.8499994472131072,2.0,0.0,37.00119611276256,37.0,41.82134236781608,498.3450225301649,480.78698799611686
50.900000000000006,1.85013278054644,2.0,0.0,37.00119597741303,37.0,41.82119991728028,498.3284848867366,480.80169951073987
51.0,1.8502661138797731,2.0,0.0,37.001195842096934,37.0,41.821057482720285,498.3119487567213,480.8164095438321
51.1,1.8503994472131062,2.0,0.0,37.0011957068142,37.0,41.8209150641306,498.295414139891,480.8311180956228
51.2,1.850532780546439,2.0,0.0,37.00119557156489,37.0,41.82077266150802,498.278881036018,480.845825166341
51.300000000000004,1.8506661138797722,2.0,0.0,37.001195436348894,37.0,41.820630274847865,498.26234944487436,480.8605307562158
51.400000000000006,1.8507994472131053,2.0,0.0,37.00119530116632,37.0,41.82048790414736,498.24581936623224,480.87523486547616
51.5,1.8509327495899415,2.0,0.0028443032004132895,37.001195165988065,37.0,41.82034554940115,498.22929080010584,480.88993749411947
51.6,1.8510660829232746,2.0,0.0,37.001195030799806,37.0,41.820203210899976,498.2127637463885,480.90463864225865
51.7,1.8511994162566077,2.0,0.0,37.0011948956452,37.0,41.820060888730076,498.1962382044897,480.9193383104701
51.800000000000004,1.8513327495899405,2.0,0.0,37.0011947605243,37.0,41.81991858242221,498.179714174182,480.93403649898283
51.900000000000006,1.8514660829232736,2.0,0.0,37.00119462543705,37.0,41.819776292059075,498.16319165523777,480.94873320802554
52.0,1.8515994162566067,2.0,0.0,37.0011944903834,37.0,41.819634017637306,498.14667064742946,480.963428437827
52.1,1.8517327495899396,2.0,0.0,37.001194355363396,37.0,41.819491759153344,498.13015115052974,480.97812218861606
52.2,1.8518660829232727,2.0,0.0,37.00119422037699,37.0,41.81934951660245,498.11363316431107,480.99281446062105
52.300000000000004,1.8519994162566058,2.0,0.0,37.00119408542412,37.0,41.819207289981286,498.0971166885462,481.00750525407085
52.400000000000006,1.8521327495899387,2.0,0.0,37.001193950504955,37.0,41.819065079286275,498.0806017230077,481.02219456919397
52.5,1.8522660829232718,2.0,0.0,37.00119381561939,37.0,41.81892288451156,498.06408826746843,481.03688240621887
52.6,1.8523994162566049,2.0,0.0,37.001193680767415,37.0,41.81878070565459,498.04757632170106,481.051568765374
52.7,1.8525327495899377,2.0,0.0,37.00119354594898,37.0,41.8186385427111,498.0310658854784,481.06625364688784
52.800000000000004,1.8526660829232708,2.0,0.0,37.00119341116414,37.0,41.81849639567763,498.0145569585735,481.0809370509888
52.900000000000006,1.852799416256604,2.0,0.0,37.00119327641289,37.0,41.81835426454946,497.99804954075904,481.095618977905
53.0,1.8529326942494107,2.0,0.005081978815613564,37.00119314164334,37.0,41.818212149322704,497.9815436322397,481.11029942745137
53.1,1.8530660275827437,2.0,0.0,37.00119300683008,37.0,41.81807005051851,497.9650392330044,481.124978399649
53.2,1.8531993609160766,2.0,0.0,37.00119287205098,37.0,41.81792796829242,497.94853634217884,481.1396558953466
53.300000000000004,1.8533326942494097,2.0,0.0,37.00119273730593,37.0,41.81778590181079,497.9320349595361,481.15433191477223
53.400000000000006,1.8534660275827428,2.0,0.0,37.00119260259493,37.0,41.817643851226386,497.91553508484935,481.16900645815406
53.5,1.8535993609160757,2.0,0.0,37.001192467917974,37.0,41.8175018165349,497.89903671789176,481.18367952572004
53.6,1.8537326942494088,2.0,0.0,37.00119233327513,37.0,41.817359797732266,497.88253985843664,481.1983511176982
53.7,1.8538660275827419,2.0,0.0,37.001192198666274,37.0,41.81721779481381,497.8660445062572,481.2130212343165
53.800000000000004,1.8539993609160748,2.0,0.0,37.00119206409147,37.0,41.8170758077767,497.8495506611268,481.2276898758028
53.900000000000006,1.8541326942494079,2.0,0.0,37.00119192955066,37.0,41.816933836616066,497.8330583228188,481.242357042385
54.0,1.854266027582741,2.0,0.0,37.001191795043894,37.0,41.8167918813285,497.8165674911066,481.25702273429096
54.1,1.8543993609160738,2.0,0.0,37.00119166057107,37.0,41.81664994190924,497.8000781657637,481.2716869517482
54.2,1.854532694249407,2.0,0.0,37.00119152613223,37.0,41.816508018355464,497.7835903465637,481.2863496949847
54.300000000000004,1.85466602758274,2.0,0.0,37.00119139172739,37.0,41.816366110662294,497.7671040332801,481.30101096422806
54.400000000000006,1.854799352074956,2.0,0.0008114804499697037,37.001191257348296,37.0,41.81622421882577,497.75061922575526,481.3156707596399
54.5,1.854932685408289,2.0,0.0,37.001191122990804,37.0,41.81608234292521,497.73413592379734,481.3303290814146
54.6,1.855066018741622,2.0,0.0,37.00119098866725,37.0,41.81594048298305,497.7176541270768,481.344985929879
54.7,1.855199352074955,2.0,0.0,37.001190854377796,37.0,41.81579863886356,497.70117383536734,481.3596413052603
54.800000000000004,1.855332685408288,2.0,0.0,37.00119072012234,37.0,41.81565681058562,497.68469504844285,481.374295207786
54.900000000000006,1.855466018741621,2.0,0.0,37.001190585900815,37.0,41.815514998146625,497.668217766077,481.3889476376835
55.0,1.855599352074954,2.0,0.0,37.00119045171334,37.0,41.81537320154284,497.65174198804385,481.40359859518014
55.1,1.8557326854082872,2.0,0.0,37.00119031755975,37.0,41.81523142076893,497.6352677141173,481.4182480805032
55.2,1.85586601874162,2.0,0.0,37.0011901834402,37.0,41.81508965582277,497.61879494407117,481.4328960938799
55.300000000000004,1.8559993520749531,2.0,0.0,37.00119004935459,37.0,41.81494790669821,497.60232367767964,481.4475426355375
55.400000000000006,1.8561326854082862,2.0,0.0,37.001189915302916,37.0,41.81480617339267,497.5858539147167,481.46218770570306
55.5,1.8562660187416191,2.0,0.0,37.00118978128512,37.0,41.81466445590184,497.5693856549566,481.4768313046037
55.6,1.8563993520749522,2.0,0.0,37.0011896473012,37.0,41.81452275422224,497.5529188981734,481.49147343246653
55.7,1.8565326854082853,2.0,0.0,37.00118951335111,37.0,41.814381068349675,497.5364536441413,481.5061140895184
55.800000000000004,1.8566660187416182,2.0,0.0,37.00118937943489,37.0,41.81423939828066,497.51998989263456,481.52075327598646
55.900000000000006,1.8567992851022668,2.0,0.006143764975951704,37.001189245490195,37.0,41.81409774401045,497.50352764394813,481.53539099159855
56.0,1.8569326184355999,2.0,0.0,37.00118911148604,37.0,41.813956106166145,497.48706689811684,481.5500272363321
56.1,1.857065951768933,2.0,0.0,37.00118897751639,37.0,41.81381448493997,497.4706076541341,481.56466201116217
56.2,1.8571992851022658,2.0,0.0,37.00118884358125,37.0,41.813672879326184,497.4541499117745,481.57929531631555
56.300000000000004,1.857332618435599,2.0,0.0,37.00118870968049,37.0,41.813531289508596,497.43769367081245,481.5939271520189
56.400000000000006,1.857465951768932,2.0,0.0,37.001188575814126,37.0,41.8133897154842,497.4212389310225,481.60855751849897
56.5,1.857599285102265,2.0,0.0,37.00118844198215,37.0,41.813248157248644,497.4047856921792,481.62318641598233
56.6,1.857732618435598,2.0,0.0,37.00118830818457,37.0,41.8131066147978,497.38833395405715,481.63781384469564
56.7,1.857865951768931,2.0,0.0,37.00118817442137,37.0,41.81296508812755,497.37188371643117,481.65243980486537
56.800000000000004,1.857999285102264,2.0,0.0,37.00118804069251,37.0,41.812823577233765,497.35543497907577,481.667064296718
56.900000000000006,1.858132618435597,2.0,0.0,37.00118790699793,37.0,41.81268208211288,497.3389877417657,481.68168732048
57.0,1.8582659517689302,2.0,0.0,37.001187773337676,37.0,41.812540602761246,497.322542004276,481.6963088763779
57.1,1.858399285102263,2.0,0.0,37.00118763971176,37.0,41.81239913917407,497.30609776638136,481.7109289646379
57.2,1.8585326184355961,2.0,0.0,37.00118750612006,37.0,41.812257691347334,497.28965502785667,481.72554758548637
57.300000000000004,1.8586658976094907,2.0,0.004965841363107071,37.00118737251239,37.0,41.81211625927807,497.27321378889724,481.7401647387467
57.400000000000006,1.8587992309428238,2.0,0.0,37.00118723886362,37.0,41.81197484346989,497.2567740494884,481.7547804244437
57.5,1.8589325642761567,2.0,0.0,37.0011871052497,37.0,41.8118334440786,497.24033580877466,481.76939464340757
57.6,1.8590658976094898,2.0,0.0,37.00118697167045,37.0,41.81169206029033,497.22389906653115,481.78400739586436
57.7,1.859199230942823,2.0,0.0,37.00118683812599,37.0,41.81155069225452,497.207463822533,481.79861868204034
57.800000000000004,1.8593325642761558,2.0,0.0,37.001186704616146,37.0,41.81140933996551,497.1910300765553,481.81322850216145
57.900000000000006,1.8594658976094889,2.0,0.0,37.00118657114098,37.0,41.81126800342108,497.17459782837335,481.82783685645364
58.0,1.859599230942822,2.0,0.0,37.00118643770054,37.0,41.811126682616155,497.15816707776236,481.8424437451429
58.1,1.8597325642761549,2.0,0.0,37.00118630429478,37.0,41.81098537754613,497.1417378244976,481.8570491684551
58.2,1.859865897609488,2.0,0.0,37.00118617092363,37.0,41.81084408820752,497.12531006835457,481.871653126616
58.300000000000004,1.859999230942821,2.0,0.0,37.001186037587104,37.0,41.81070281459661,497.1088838091086,481.88625561985157
58.400000000000006,1.860132564276154,2.0,0.0,37.001185904285194,37.0,41.810561556709146,497.09245904653505,481.90085664838745
58.5,1.860265897609487,2.0,0.0,37.00118577101796,37.0,41.81042031454096,497.0760357804095,481.91545621244927
58.6,1.8603992309428201,2.0,0.0,37.00118563778523,37.0,41.81027908808735,497.0596140105075,481.9300543122628
58.7,1.8605325066398983,2.0,0.005281976550802536,37.00118550453357,37.0,41.810137877345966,497.0431937370512,481.9446509476256
58.800000000000004,1.8606658399732312,2.0,0.0,37.00118537123649,37.0,41.809996682853075,497.02677496003975,481.959246118549
58.900000000000006,1.8607991733065643,2.0,0.0,37.00118523797448,37.0,41.80985550477216,497.0103576785789,481.97383982590065
59.0,1.8609325066398974,2.0,0.0,37.001185104747606,37.0,41.80971434224113,496.99394189244424,481.98843206990597
59.1,1.8610658399732303,2.0,0.0,37.00118497155569,37.0,41.809573195416164,496.9775276014118,482.00302285079033
59.2,1.8611991733065634,2.0,0.0,37.001184838398785,37.0,41.80943206429491,496.9611148052572,482.0176121687791
59.300000000000004,1.8613325066398965,2.0,0.0,37.0011847052769,37.0,41.809290948872246,496.94470350375633,482.0322000240977
59.400000000000006,1.8614658399732293,2.0,0.0,37.00118457218991,37.0,41.809149849144084,496.9282936966851,482.0467864169713
59.5,1.8615991733065624,2.0,0.0,37.001184439138,37.0,41.80900876510737,496.9118853838194,482.0613713476252
59.6,1.8617325066398955,2.0,0.0,37.00118430612093,37.0,41.80886769675597,496.89547856493533,482.07595481628454
59.7,1.8618658399732284,2.0,0.0,37.00118417313888,37.0,41.80872664408831,496.87907323980886,482.09053682317443
59.800000000000004,1.8619991733065615,2.0,0.0,37.00118404019173,37.0,41.80858560709803,496.8626694082161,482.10511736852004
59.900000000000006,1.8621325066398946,2.0,0.0,37.001183907279426,37.0,41.80844458578242,496.84626706993316,482.1196964525464
60.0,1.8622658399732275,2.0,0.0,37.00118377440208,37.0,41.80830358013764,496.8298662247363,482.13427407547846
60.1,1.8623990958895884,2.0,0.007091190353823329,37.00118364148784,37.0,41.80816259015825,496.8134668730006,482.14885023696723
60.2,1.8625324292229213,2.0,0.0,37.001183508501185,37.0,41.808021616567395,496.79706901480216,482.16342493695055
60.300000000000004,1.8626657625562544,2.0,0.0,37.00118337555017,37.0,41.807880659585344,496.7806726490188,482.17799817651405
60.400000000000006,1.8627990958895875,2.0,0.0,37.00118324263457,37.0,41.80773971805616,496.7642777754268,482.1925699558826
60.5,1.8629324292229203,2.0,0.0,37.00118310975455,37.0,41.80759879219401,496.7478843938027,482.20714027528106
60.6,1.8630657625562534,2.0,0.0,37.00118297691,37.0,41.80745788199244,496.7314925039227,482.22170913493414
60.7,1.8631990958895865,2.0,0.0,37.001182844100924,37.0,41.80731698744868,496.7151021055636,482.23627653506645
60.800000000000004,1.8633324292229194,2.0,0.0,37.001182711327374,37.0,41.80717610855825,496.6987131985017,482.25084247590263
60.900000000000006,1.8634657625562525,2.0,0.0,37.00118257858918,37.0,41.80703524531632,496.68232578251383,482.26540695766727
61.0,1.8635990958895856,2.0,0.0,37.00118244588651,37.0,41.806894397720455,496.6659398573764,482.27996998058495
61.1,1.8637324292229185,2.0,0.0,37.00118231321926,37.0,41.80675356576436,496.64955542286606,482.2945315448801
61.2,1.8638657625562516,2.0,0.0,37.00118218058742,37.0,41.80661274944524,496.6331724787597,482.30909165077713
61.300000000000004,1.8639990958895847,2.0,0.0,37.00118204799094,37.0,41.80647194875864,496.616791024834,482.32365029850064
61.400000000000006,1.8641324042561995,2.0,0.002285822046924846,37.00118191540662,37.0,41.80633116370088,496.6004110610587,482.33820748808995
61.5,1.8642657375895326,2.0,0.0,37.00118178282315,37.0,41.8061903945023,496.58403258730715,482.352763219677
61.6,1.8643990709228655,2.0,0.0,37.00118165027527,37.0,41.80604964122955,496.5676556030669,482.36731749376327
61.7,1.8645324042561986,2.0,0.0,37.00118151776286,37.0,41.8059089035084,496.5512801081149,482.38187031057294
61.800000000000004,1.8646657375895317,2.0,0.0,37.00118138528603,37.0,41.80576818140521,496.53490610222815,482.3964216703302
61.900000000000006,1.8647990709228646,2.0,0.0,37.00118125284456,37.0,41.80562747491434,496.51853358518366,482.41097157325913
62.0,1.8649324042561977,2.0,0.0,37.001181120438616,37.0,41.805486784034045,496.5021625567586,482.4255200195838
62.1,1.8650657375895308,2.0,0.0,37.001180988068086,37.0,41.8053461087579,496.48579301673,482.4400670095284
62.2,1.8651990709228636,2.0,0.0,37.001180855733026,37.0,41.805205449083154,496.4694249648751,482.4546125433167
62.300000000000004,1.8653324042561967,2.0,0.0,37.00118072343332,37.0,41.805064805004726,496.4530584009711,482.4691566211728
62.400000000000006,1.8654657375895298,2.0,0.0,37.00118059116903,37.0,41.80492417651964,496.4366933247952,482.48369924332053
62.5,1.8655990709228627,2.0,0.0,37.0011804589401,37.0,41.804783563622856,496.42032973612476,482.49824040998374
62.6,1.8657324042561958,2.0,0.0,37.00118032674641,37.0,41.804642966310794,496.40396763473717,482.51278012138613
62.7,1.865865737589529,2.0,0.0,37.00118019458807,37.0,41.80450238458027,496.3876070204098,482.52731837775156
62.800000000000004,1.8659989946798998,2.0,0.006976914115202515,37.00118006239461,37.0,41.804361818425654,496.3712478935083,482.54185517874015
62.900000000000006,1.866132328013233,2.0,0.0,37.00117993013117,37.0,41.80422126855626,496.3548902541044,482.5563905242937
63.0,1.866265661346566,2.0,0.0,37.00117979790372,37.0,41.804080735187966,496.33853410109344,482.57092441548104
63.1,1.866398994679899,2.0,0.0,37.00117966571224,37.0,41.8039402171872,496.32217943425303,482.58545685252585
63.2,1.866532328013232,2.0,0.0,37.00117953355664,37.0,41.80379971476156,496.30582625336075,482.59998783565146
63.300000000000004,1.866665661346565,2.0,0.0,37.00117940143696,37.0,41.80365922790787,496.28947455819434,482.6145173650815
63.400000000000006,1.866798994679898,2.0,0.0,37.0011792693532,37.0,41.80351875662103,496.2731243485315,482.62904544103935
63.5,1.866932328013231,2.0,0.0,37.00117913730526,37.0,41.803378300896846,496.2567756241499,482.6435720637485
63.6,1.8670656613465642,2.0,0.0,37.001179005293125,37.0,41.80323786073214,496.24042838482734,482.6580972334321
63.7,1.867198994679897,2.0,0.0,37.0011788733168,37.0,41.80309743612241,496.22408263034174,482.6726209503135
63.800000000000004,1.8673323280132301,2.0,0.0,37.00117874137618,37.0,41.802957027063336,496.20773836047107,482.687143214616
63.900000000000006,1.8674656613465632,2.0,0.0,37.00117860947137,37.0,41.80281663355179,496.19139557499307,482.7016640265628
64.0,1.867598994679896,2.0,0.0,37.001178477602195,37.0,41.80267625558211,496.175054273686,482.716183386377
64.10000000000001,1.8677322727849657,2.0,0.0050515352811491,37.00117834571785,37.0,41.80253589315193,496.15871445675316,482.73070129387406
64.2,1.8678656061182985,2.0,0.0,37.00117821379308,37.0,41.80239554677094,496.14237612418543,482.7452177490732
64.3,1.8679989394516316,2.0,0.0,37.00117808190453,37.0,41.802255216594716,496.1260392751229,482.75973275280893
64.4,1.8681322727849647,2.0,0.0,37.001177950052124,37.0,41.8021149018022,496.10970390934375,482.7742463053041
64.5,1.8682656061182976,2.0,0.0,37.00117781823582,37.0,41.80197460254286,496.0933700266262,482.78875840678154
64.60000000000001,1.8683989394516307,2.0,0.0,37.00117768645555,37.0,41.80183431881283,496.07703762674834,482.8032690574642
64.7,1.8685322727849638,2.0,0.0,37.00117755471143,37.0,41.80169405060824,496.06070670948867,482.81777825757507
64.8,1.8686656061182967,2.0,0.0,37.00117742300341,37.0,41.80155379792349,496.0443772746255,482.83228600733685
64.9,1.8687989394516298,2.0,0.0,37.00117729133132,37.0,41.80141356075505,496.02804932193715,482.84679230697225
65.0,1.8689322727849629,2.0,0.0,37.00117715969532,37.0,41.80127333910021,496.01172285120214,482.86129715670387
65.10000000000001,1.8690656061182958,2.0,0.0,37.00117702809524,37.0,41.80113313295258,495.99539786219884,482.87580055675454
65.2,1.8691989394516288,2.0,0.0,37.00117689653109,37.0,41.8009929423099,495.97907435470586,482.89030250734686
65.3,1.869332272784962,2.0,0.0,37.00117676500287,37.0,41.80085276716752,495.9627523285017,482.9048030087033
65.4,1.8694655567435559,2.0,0.004514039813071857,37.00117663346509,37.0,41.80071260752112,495.9464317837449,482.91930206068247
65.5,1.869598890076889,2.0,0.0,37.00117650189526,37.0,41.800572463826605,495.93011272040405,482.9337996633249
65.60000000000001,1.8697322234102218,2.0,0.0,37.001176370361804,37.0,41.80043233622197,495.9137951376882,482.9482958173988
65.7,1.869865556743555,2.0,0.0,37.00117623886467,37.0,41.80029222397342,495.8974790353762,482.96279052312644
65.8,1.869998890076888,2.0,0.0,37.00117610740375,37.0,41.80015212721407,495.8811644132467,482.97728378073015
65.9,1.870132223410221,2.0,0.0,37.001175975979095,37.0,41.800012045940576,495.8648512710786,482.9917755904322
66.0,1.870265556743554,2.0,0.0,37.00117584459059,37.0,41.799871980147806,495.8485396086508,483.00626595245495
66.10000000000001,1.870398890076887,2.0,0.0,37.0011757132383,37.0,41.79973192983265,495.8322294257422,483.0207548670206
66.2,1.87053222341022,2.0,0.0,37.001175581922155,37.0,41.79959189499,495.81592072213175,483.0352423343513
66.3,1.870665556743553,2.0,0.0,37.00117545064211,37.0,41.79945187561617,495.79961349759856,483.04972835466907
66.4,1.8707988900768862,2.0,0.0,37.00117531939816,37.0,41.799311871707296,495.7833077519216,483.06421292819596
66.5,1.870932223410219,2.0,0.0,37.0011751881903,37.0,41.799171883258936,495.7670034848801,483.07869605515407
66.60000000000001,1.8710655567435521,2.0,0.0,37.001175057018486,37.0,41.79903191026675,495.75070069625315,483.09317773576527
66.7,1.8711988313832781,2.0,0.005363522723324632,37.00117492582871,37.0,41.79889195272698,495.73439938627075,483.10765796981957
66.8,1.8713321647166112,2.0,0.0,37.001174794594306,37.0,41.79875201118169,495.7180995549378,483.1221367573228
66.9,1.871465498049944,2.0,0.0,37.00117466339651,37.0,41.79861208579482,495.7018012013573,483.1366140991446
67.0,1.8715988313832772,2.0,0.0,37.001174532235154,37.0,41.798472175696375,495.68550432530856,483.15108999550677
67.10000000000001,1.8717321647166103,2.0,0.0,37.00117440111018,37.0,41.79833228104614,495.66920892657106,483.1655644466311
67.2,1.8718654980499432,2.0,0.0,37.00117427002169,37.0,41.79819240183998,495.6529150049241,483.18003745273927
67.3,1.8719988313832763,2.0,0.0,37.001174138969645,37.0,41.79805253807226,495.63662256014726,483.1945090140529
67.4,1.8721321647166094,2.0,0.0,37.001174007953864,37.0,41.79791268973941,495.62033159202,483.20897913079364
67.5,1.8722654980499422,2.0,0.0,37.00117387697446,37.0,41.79777285683866,495.6040421003219,483.2234478031829
67.60000000000001,1.8723988313832753,2.0,0.0,37.00117374603133,37.0,41.797633039364186,495.5877540848325,483.2379150314423
67.7,1.8725321647166084,2.0,0.0,37.00117361512446,37.0,41.79749323731297,495.57146754533153,483.25238081579334
67.8,1.8726654980499413,2.0,0.0,37.0011734842538,37.0,41.79735345068046,495.5551824815986,483.26684515645735
67.9,1.8727988313832744,2.0,0.0,37.00117335341935,37.0,41.79721367946287,495.53889889341343,483.2813080536557
68.0,1.872932081520701,2.0,0.007599066213281436,37.001173222544764,37.0,41.79707392365574,495.5226167811941,483.2957695069985
68.10000000000001,1.8730654148540338,2.0,0.0,37.00117309159225,37.0,41.79693418402729,495.50633614503954,483.310229516401
68.2,1.8731987481873669,2.0,0.0,37.00117296067668,37.0,41.79679446081221,495.4900569837726,483.3246880830016
68.3,1.8733320815207,2.0,0.0,37.001172829798065,37.0,41.796654752781635,495.47377929717317,483.3391452070214
68.4,1.8734654148540328,2.0,0.0,37.00117269895617,37.0,41.796515060160914,495.4575030850211,483.3536008886815
68.5,1.873598748187366,2.0,0.0,37.00117256815122,37.0,41.79637538294791,495.44122834709646,483.368055128203
68.60000000000001,1.873732081520699,2.0,0.0,37.001172437382934,37.0,41.79623572113546,495.4249550831793,483.3825079258071
68.7,1.873865414854032,2.0,0.0,37.00117230665148,37.0,41.796096074722456,495.40868329304976,483.3969592817147
68.8,1.873998748187365,2.0,0.0,37.001172175956754,37.0,41.79595644370222,495.3924129764879,483.41140919614685
68.9,1.874132081520698,2.0,0.0,37.00117204529869,37.0,41.79581682807181,495.3761441332739,483.4258576693244
69.0,1.874265414854031,2.0,0.0,37.001171914677286,37.0,41.795677227827156,495.35987676318797,483.44030470146816
69.10000000000001,1.874398748187364,2.0,0.0,37.00117178409255,37.0,41.795537642963765,495.34361086601047,483.45475029279913
69.2,1.8745320474236742,2.0,0.0031130730085524583,37.00117165351321,37.0,41.79539807347724,495.3273464417828,483.46919444328773
69.3,1.8746653807570073,2.0,0.0,37.00117152292364,37.0,41.79525851967955,495.31108349041614,483.4836371530296
69.4,1.8747987140903402,2.0,0.0,37.00117139237102,37.0,41.79511898166574,495.29482201129906,483.4980784226207
69.5,1.8749320474236733,2.0,0.0,37.00117126185529,37.0,41.79497945892828,495.278562004212,483.5125182522817
69.60000000000001,1.8750653807570064,2.0,0.0,37.00117113137628,37.0,41.794839951557705,495.2623034689355,483.5269566422332
69.7,1.8751987140903392,2.0,0.0,37.00117100093405,37.0,41.79470045955118,495.24604640524996,483.5413935926957
69.8,1.8753320474236723,2.0,0.0,37.0011708705286,37.0,41.79456098290339,495.2297908129361,483.5558291038898
69.9,1.8754653807570054,2.0,0.0,37.00117074015981,37.0,41.79442152161003,495.21353669177444,483.57026317603584
70.0,1.8755987140903383,2.0,0.0,37.00117060982768,37.0,41.794282075667844,495.1972840415457,483.58469580935434
70.10000000000001,1.8757320474236714,2.0,0.0,37.00117047953222,37.0,41.7941426450722,495.18103286203063,483.59912700406574
70.2,1.8758653807570045,2.0,0.0,37.001170349273366,37.0,41.79400322981869,495.16478315301,483.6135567603903
70.3,1.8759987140903374,2.0,0.0,37.00117021905112,37.0,41.793863829903515,495.1485349142644,483.62798507854825
70.4,1.8761320474236705,2.0,0.0,37.001170088865365,37.0,41.79372444532214,495.132288145575,483.6424119587599
70.5,1.876265292911083,2.0,0.008016665125871736,37.00116995863584,37.0,41.793585076071345,495.11604284739445,483.65683740060166
70.60000000000001,1.8763986262444161,2.0,0.0,37.001169828322645,37.0,41.793445722958765,495.09979901983996,483.67126140397176
70.7,1.8765319595777492,2.0,0.0,37.001169698046795,37.0,41.79330638623296,495.08355666168467,483.6856839700557
70.8,1.876665292911082,2.0,0.0,37.00116956780818,37.0,41.793167064599466,495.0673157727095,483.70010509907365
70.9,1.8767986262444152,2.0,0.0,37.001169437606734,37.0,41.793027758296965,495.0510763526956,483.7145247912456
71.0,1.8769319595777483,2.0,0.0,37.00116930744241,37.0,41.79288846732135,495.03483840142405,483.72894304679147
71.10000000000001,1.8770652929110812,2.0,0.0,37.001169177315205,37.0,41.79274919166861,495.01860191867604,483.7433598659312
71.2,1.8771986262444142,2.0,0.0,37.00116904722512,37.0,41.79260993133419,495.0023669042327,483.75777524888474
71.3,1.8773319595777473,2.0,0.0,37.001168917172095,37.0,41.79247068631363,494.9861333578754,483.7721891958719
71.4,1.8774652929110802,2.0,0.0,37.001168787156075,37.0,41.792331456603044,494.9699012793853,483.78660170711237
71.5,1.8775986262444133,2.0,0.0,37.001168657177004,37.0,41.79219224219846,494.95367066854374,483.8010127828259
71.60000000000001,1.8777319595777464,2.0,0.0,37.00116852723488,37.0,41.79205304309589,494.9374415251322,483.81542242323235
71.7,1.8778652249763603,2.0,0.006196962032626541,37.00116839726769,37.0,41.791913859290794,494.9212138494511,483.8298306280541
71.8,1.8779985583096932,2.0,0.0,37.00116826724462,37.0,41.79177469140633,494.90498764154137,483.844237397262
71.9,1.8781318916430263,2.0,0.0,37.001168137259185,37.0,41.79163553963327,494.8887629004063,483.85864273182153
72.0,1.8782652249763594,2.0,0.0,37.00116800731115,37.0,41.79149640297041,494.8725396258273,483.873046631952
72.10000000000001,1.8783985583096923,2.0,0.0,37.00116787740063,37.0,41.791357281602544,494.856317817586,483.88744909787295
72.2,1.8785318916430254,2.0,0.0,37.00116774752746,37.0,41.791218175523575,494.8400974754642,483.9018501298038
72.3,1.8786652249763585,2.0,0.0,37.00116761769169,37.0,41.79107908473096,494.8238785992434,483.91624972796393
72.4,1.8787985583096913,2.0,0.0,37.001167487893156,37.0,41.790940009219305,494.8076611887054,483.93064789257267
72.5,1.8789318916430244,2.0,0.0,37.001167358131966,37.0,41.79080094898595,494.79144524363204,483.9450446238493
72.60000000000001,1.8790652249763575,2.0,0.0,37.001167228408065,37.0,41.790661904024944,494.7752307638051,483.9594399220132
72.7,1.8791985583096904,2.0,0.0,37.001167098721396,37.0,41.7905228743326,494.7590177490064,483.9738337872834
72.8,1.8793318916430235,2.0,0.0,37.00116696907196,37.0,41.79038385990492,494.74280619901776,483.9882262198792
72.9,1.879465162919257,2.0,0.005658399263670955,37.00116683940297,37.0,41.79024486073731,494.72659611409483,484.00261721956616
73.0,1.87959849625259,2.0,0.0,37.00116670968663,37.0,41.79010587739998,494.7103874942563,484.0170067863363
73.10000000000001,1.8797318295859229,2.0,0.0,37.001166580007975,37.0,41.78996691006301,494.69418033857403,484.0313949210891
73.2,1.879865162919256,2.0,0.0,37.00116645036695,37.0,41.7898279578159,494.67797464683025,484.04578162404346
73.3,1.879998496252589,2.0,0.0,37.0011663207635,37.0,41.78968902082479,494.66177041880707,484.0601668954184
73.4,1.880131829585922,2.0,0.0,37.001166191197626,37.0,41.78955009908562,494.64556765428665,484.07455073543264
73.5,1.880265162919255,2.0,0.0,37.00116606166927,37.0,41.78941119259377,494.6293663530512,484.0889331443052
73.60000000000001,1.8803984962525881,2.0,0.0,37.001165932178424,37.0,41.7892723013453,494.61316651488295,484.10331412225474
73.7,1.880531829585921,2.0,0.0,37.00116580272504,37.0,41.7891334253356,494.5969681395642,484.1176936695001
73.8,1.8806651629192541,2.0,0.0,37.00116567330906,37.0,41.788994564560745,494.58077122687735,484.13207178626
73.9,1.8807984962525872,2.0,0.0,37.00116554393048,37.0,41.78885571901669,494.5645757766048,484.1464484727531
74.0,1.88093182958592,2.0,0.0,37.00116541458925,37.0,41.78871688869885,494.54838178852896,484.160823729198
74.10000000000001,1.881065092697429,2.0,0.006400139506200553,37.001165285221475,37.0,41.7885780736033,494.53218926296734,484.1751975553007
74.2,1.881198426030762,2.0,0.0,37.00116515579538,37.0,41.788439274372024,494.51599819997017,484.18956995102343
74.3,1.881331759364095,2.0,0.0,37.00116502640719,37.0,41.788300491202016,494.4998085985175,484.20394091735346
74.4,1.8814650926974281,2.0,0.0,37.001164897056924,37.0,41.788161723062785,494.48362045839195,484.21831045450915
74.5,1.881598426030761,2.0,0.0,37.001164767744456,37.0,41.788022970142286,494.46743377937617,484.2326785627089
74.60000000000001,1.881731759364094,2.0,0.0,37.00116463846979,37.0,41.787884232437094,494.45124856125284,484.247045242171
74.7,1.8818650926974272,2.0,0.0,37.00116450923281,37.0,41.78774550994246,494.4350648038047,484.26141049311383
74.8,1.88199842603076,2.0,0.0,37.00116438003363,37.0,41.78760680265499,494.41888250681467,484.27577431575565
74.9,1.8821317593640932,2.0,0.0,37.00116425087202,37.0,41.78746811056879,494.4027016700654,484.2901367103147
75.0,1.8822650926974263,2.0,0.0,37.001164121748104,37.0,41.787329433681855,494.3865222933399,484.3044976770092
75.10000000000001,1.8823984260307591,2.0,0.0,37.00116399266176,37.0,41.78719077198805,494.370344376421,484.3188572160572
75.2,1.8825317559102452,2.0,0.000314667021150683,37.001163863609804,37.0,41.78705212548426,494.35416791911797,484.33321532765166
75.3,1.8826650892435781,2.0,0.0,37.00116373459076,37.0,41.78691349419794,494.337992921227,484.3475720119979
75.4,1.8827984225769112,2.0,0.0,37.00116360560918,37.0,41.78677487813356,494.32181938249164,484.36192726935184
75.5,1.8829317559102443,2.0,0.0,37.00116347666511,37.0,41.7866362772382,494.30564730269515,484.3762810999313
75.60000000000001,1.8830650892435772,2.0,0.0,37.00116334775851,37.0,41.78649769151588,494.28947668162056,484.3906335039542
75.7,1.8831984225769103,2.0,0.0,37.0011632188893,37.0,41.78635912096279,494.27330751905106,484.40498448163845
75.8,1.8833317559102434,2.0,0.0,37.00116309005739,37.0,41.786220565574894,494.2571398147698,484.41933403320195
75.9,1.8834650892435763,2.0,0.0,37.00116296126288,37.0,41.78608202534874,494.24097356856015,484.4336821588623
76.0,1.8835984225769093,2.0,0.0,37.001162832505656,37.0,41.78594350027848,494.22480878020536,484.4480288588374
76.10000000000001,1.8837317559102424,2.0,0.0,37.00116270378561,37.0,41.785804990360994,494.20864544948887,484.4623741333448
76.2,1.8838650892435753,2.0,0.0,37.00116257510274,37.0,41.78566649559274,494.19248357619404,484.4767179826021
76.3,1.8839984225769084,2.0,0.0,37.001162446457045,37.0,41.78552801596903,494.1763231601043,484.49106040682705
76.4,1.884131717332304,2.0,0.003513197851636729,37.00116231781345,37.0,41.785389551485395,494.1601642012963,484.50540140595626
76.5,1.8842650506656369,2.0,0.0,37.00116218915457,37.0,41.7852511024923,494.14400669970036,484.5197409800668
76.60000000000001,1.88439838399897,2.0,0.0,37.00116206053298,37.0,41.7851126690954,494.1278506546603,484.53407912979725
76.7,1.884531717332303,2.0,0.0,37.001161931948786,37.0,41.784974250729604,494.11169606595973,484.5484158553652
76.80000000000001,1.884665050665636,2.0,0.0,37.00116180340183,37.0,41.78483584749447,494.09554293338226,484.5627511569879
76.9,1.884798383998969,2.0,0.0,37.001161674892046,37.0,41.784697459387445,494.07939125671163,484.57708503488266
77.0,1.8849317173323021,2.0,0.0,37.001161546419496,37.0,41.78455908640431,494.06324103573166,484.5914174892668
77.10000000000001,1.885065050665635,2.0,0.0,37.00116141798401,37.0,41.78442072853991,494.0470922702261,484.60574852035745
77.2,1.885198383998968,2.0,0.0,37.001161289585696,37.0,41.784282385791606,494.03094495997874,484.620078128372
77.30000000000001,1.8853317173323012,2.0,0.0,37.00116116122439,37.0,41.78414405815347,494.0147991047735,484.63440631352745
77.4,1.885465050665634,2.0,0.0,37.00116103290003,37.0,41.78400574562299,493.9986547043943,484.64873307604097
77.5,1.8855983839989672,2.0,0.0,37.001160904612675,37.0,41.78386744819596,493.98251175862515,484.6630584161296
77.60000000000001,1.8857316295624746,2.0,0.007989590374335886,37.00116077628263,37.0,41.783729165867264,493.9663702679162,484.6773823333723
77.7,1.8858649628958077,2.0,0.0,37.00116064787045,37.0,41.78359089943907,493.9502302323848,484.6917048276668
77.80000000000001,1.8859982962291406,2.0,0.0,37.00116051949607,37.0,41.78345264915635,493.9340916508159,484.7060259001871
77.9,1.8861316295624737,2.0,0.0,37.00116039115926,37.0,41.78331441373628,493.9179545229936,484.7203455511501
78.0,1.8862649628958068,2.0,0.0,37.00116026285991,37.0,41.78317619341649,493.90181884870213,484.7346637807725
78.10000000000001,1.8863982962291397,2.0,0.0,37.001160134598024,37.0,41.78303798819316,493.88568462772577,484.7489805892713
78.2,1.8865316295624728,2.0,0.0,37.001160006373595,37.0,41.782899798061585,493.8695518598486,484.7632959768631
78.30000000000001,1.8866649628958059,2.0,0.0,37.00115987818651,37.0,41.78276162301726,493.8534205448552,484.7776099437646
78.4,1.8867982962291387,2.0,0.0,37.00115975003672,37.0,41.78262346305684,493.83729068252984,484.7919224901925
78.5,1.8869316295624718,2.0,0.0,37.00115962192427,37.0,41.78248531817619,493.82116227265686,484.80623361636356
78.60000000000001,1.887064962895805,2.0,0.0,37.001159493849116,37.0,41.78234718837017,493.80503531502075,484.82054332249413
78.7,1.8871982342874234,2.0,0.005636294501246031,37.00115936575503,37.0,41.78220907363495,493.78890980987563,484.8348516083511
78.80000000000001,1.8873315676207563,2.0,0.0,37.001159237614274,37.0,41.782070974534896,493.7727857572409,484.8491584739259
78.9,1.8874649009540894,2.0,0.0,37.00115910951132,37.0,41.781932891240565,493.7566631561969,484.86346392010967
79.0,1.8875982342874225,2.0,0.0,37.00115898144594,37.0,41.78179482284724,493.7405420065282,484.8777679471187
79.10000000000001,1.8877315676207553,2.0,0.0,37.00115885341813,37.0,41.781656769521625,493.7244223080194,484.8920705551693
79.2,1.8878649009540884,2.0,0.0,37.00115872542784,37.0,41.78151873125876,493.7083040604554,484.90637174447784
79.30000000000001,1.8879982342874215,2.0,0.0,37.00115859747507,37.0,41.781380708054705,493.6921872636209,484.9206715152606
79.4,1.8881315676207544,2.0,0.0,37.0011584695597,37.0,41.781242699904844,493.6760719173006,484.9349698677338
79.5,1.8882649009540875,2.0,0.0,37.00115834168173,37.0,41.78110470680584,493.65995802127935,484.9492668021135
79.60000000000001,1.8883982342874206,2.0,0.0,37.00115821384111,37.0,41.78096672875297,493.643845575342,484.963562318616
79.7,1.8885315676207535,2.0,0.0,37.00115808603783,37.0,41.78082876574232,493.62773457927364,484.9778564174573
79.80000000000001,1.8886648519443978,2.0,0.004457832094757919,37.001157958227566,37.0,41.78069081776929,493.6116250332302,484.992149098498
79.9,1.888798185277731,2.0,0.0,37.00115783038814,37.0,41.780552885278105,493.5955169371825,485.00644036177636
80.0,1.8889315186110638,2.0,0.0,37.001157702586454,37.0,41.780414968405275,493.5794102903588,485.02073020804124
80.10000000000001,1.8890648519443969,2.0,0.0,37.00115757482229,37.0,41.78027706643288,493.56330509254434,485.03501863750876
80.2,1.88919818527773,2.0,0.0,37.001157447095636,37.0,41.780139179492515,493.5472013435243,485.04930565039473
80.30000000000001,1.8893315186110629,2.0,0.0,37.0011573194065,37.0,41.78000130757921,493.5310990430838,485.0635912469149
80.4,1.889464851944396,2.0,0.0,37.001157191754714,37.0,41.77986345068847,493.5149981910081,485.0778754272851
80.5,1.889598185277729,2.0,0.0,37.00115706414033,37.0,41.779725608817515,493.49889878708245,485.09215819172107
80.60000000000001,1.889731518611062,2.0,0.0,37.00115693656329,37.0,41.77958778196094,493.4828008310921,485.10643954043854
80.7,1.889864851944395,2.0,0.0,37.00115680902354,37.0,41.77944997011497,493.4667043228225,485.120719473653
80.80000000000001,1.8899981852777281,2.0,0.0,37.00115668152091,37.0,41.779312173275564,493.4506092620591,485.13499799158024
80.9,1.890131469630655,2.0,0.0044534397354216715,37.00115655401129,37.0,41.77917439143986,493.4345156489577,485.14927509408096
81.0,1.890264802963988,2.0,0.0,37.001156426472676,37.0,41.779036625049464,493.4184234834891,485.1635507811932
81.10000000000001,1.890398136297321,2.0,0.0,37.001156298971694,37.0,41.77889887423962,493.4023327648833,485.1778250536644
81.2,1.890531469630654,2.0,0.0,37.00115617150817,37.0,41.77876113829562,493.38624349292587,485.19209791171016
81.30000000000001,1.890664802963987,2.0,0.0,37.001156044081995,37.0,41.7786234173479,493.3701556674024,485.20636935554586
81.4,1.89079813629732,2.0,0.0,37.00115591669322,37.0,41.778485711392776,493.35406928809863,485.22063938538673
81.5,1.8909314696306532,2.0,0.0,37.00115578934174,37.0,41.77834802042497,493.33798435480014,485.2349080014482
81.60000000000001,1.891064802963986,2.0,0.0,37.00115566202754,37.0,41.77821034444126,493.3219008672928,485.2491752039454
81.7,1.8911981362973191,2.0,0.0,37.001155534750524,37.0,41.77807268343694,493.3058188253624,485.2634409930936
81.80000000000001,1.8913314696306522,2.0,0.0,37.001155407510794,37.0,41.777935037408675,493.2897382287947,485.2777053691078
81.9,1.8914648029639851,2.0,0.0,37.00115528030818,37.0,41.777797406350636,493.2736590773756,485.2919683322033
82.0,1.8915980744369363,2.0,0.0056223432820274866,37.00115515308687,37.0,41.77765979026031,493.2575813713583,485.30622988214753
82.10000000000001,1.8917314077702694,2.0,0.0,37.00115502581917,37.0,41.777522189697784,493.24150511076255,485.3204900189317
82.2,1.8918647411036025,2.0,0.0,37.001154898589164,37.0,41.77738460483383,493.2254302946736,485.33474874344205
82.30000000000001,1.8919980744369354,2.0,0.0,37.00115477139656,37.0,41.77724703476783,493.2093569228774,485.3490060558935
82.4,1.8921314077702684,2.0,0.0,37.00115464424135,37.0,41.77710947966629,493.19328499516007,485.36326195650093
82.5,1.8922647411036015,2.0,0.0,37.001154517123496,37.0,41.77697193952415,493.17721451130774,485.3775164454793
82.60000000000001,1.8923980744369344,2.0,0.0,37.001154390042984,37.0,41.77683441433751,493.16114547110664,485.3917695230432
82.7,1.8925314077702675,2.0,0.0,37.00115426299976,37.0,41.77669690410175,493.1450778743429,485.4060211894075
82.80000000000001,1.8926647411036006,2.0,0.0,37.00115413599377,37.0,41.77655940881297,493.12901172080296,485.4202714447869
82.9,1.8927980744369335,2.0,0.0,37.00115400902496,37.0,41.77642192846718,493.11294701027305,485.4345202893961
83.0,1.8929314077702666,2.0,0.0,37.00115388209326,37.0,41.77628446306034,493.09688374253943,485.4487677234498
83.10000000000001,1.8930646534476123,2.0,0.007963757875131261,37.00115375511973,37.0,41.77614701258848,493.08082191805,485.4630137465291
83.2,1.8931979867809452,2.0,0.0,37.0011536280652,37.0,41.77600957784605,493.0647615369218,485.47725835853186
83.30000000000001,1.8933313201142783,2.0,0.0,37.00115350104858,37.0,41.7758721590765,493.04870259794967,485.4915015606224
83.4,1.8934646534476114,2.0,0.0,37.0011533740697,37.0,41.7757347550078,493.03264510092004,485.50574335301525
83.5,1.8935979867809443,2.0,0.0,37.0011532471284,37.0,41.77559736587495,493.01658904561947,485.5199837359249
83.60000000000001,1.8937313201142774,2.0,0.0,37.00115312022473,37.0,41.775459991674815,493.00053443183464,485.5342227095656
83.7,1.8938646534476105,2.0,0.0,37.00115299335863,37.0,41.77532263240196,492.98448125935204,485.54846027415164
83.80000000000001,1.8939979867809433,2.0,0.0,37.00115286653005,37.0,41.77518528805256,492.96842952795856,485.56269642989747
83.9,1.8941313201142764,2.0,0.0,37.00115273973893,37.0,41.77504795862257,492.95237923744077,485.5769311770172
84.0,1.8942646534476095,2.0,0.0,37.00115261298515,37.0,41.77491064410796,492.9363303875856,485.591164515725
84.10000000000001,1.8943979496723198,2.0,0.003370221273795604,37.001152486235355,37.0,41.77477334450525,492.9202829784595,485.60539644596724
84.2,1.8945312830056527,2.0,0.0,37.00115235947305,37.0,41.77463606014742,492.90423700998923,485.6196269678241
84.30000000000001,1.8946646163389858,2.0,0.0,37.00115223274838,37.0,41.77449879113408,492.88819248154226,485.6338560819113
84.4,1.8947979496723188,2.0,0.0,37.001152106061284,37.0,41.774361536926385,492.87214939290556,485.6480837884429
84.5,1.8949312830056517,2.0,0.0,37.00115197941176,37.0,41.77422429762067,492.85610774386606,485.66231008763276
84.60000000000001,1.8950646163389848,2.0,0.0,37.00115185279964,37.0,41.77408707321231,492.84006753421085,485.6765349796949
84.7,1.895197949672318,2.0,0.0,37.00115172622492,37.0,41.77394986369852,492.82402876372703,485.6907584648432
84.80000000000001,1.8953312830056508,2.0,0.0,37.00115159968743,37.0,41.773812669074466,492.80799143220173,485.7049805432916
84.9,1.8954646163389839,2.0,0.0,37.00115147318729,37.0,41.7736754893374,492.79195553942213,485.7192012152537
85.0,1.895597949672317,2.0,0.0,37.00115134672433,37.0,41.77353832448136,492.77592108517547,485.73342048094344
85.10000000000001,1.8957312830056499,2.0,0.0,37.00115122029854,37.0,41.773401174503796,492.7598880692488,485.74763834057444
85.2,1.8958645287364593,2.0,0.007953021160733265,37.001151093831254,37.0,41.77326403939993,492.7438564920891,485.76185479372884
85.30000000000001,1.8959978620697922,2.0,0.0,37.001150967283536,37.0,41.773126919961456,492.72782635381355,485.7760698403045
85.4,1.8961311954031252,2.0,0.0,37.00115084077362,37.0,41.77298981643005,492.7117976532204,485.7902834814621
85.5,1.8962645287364583,2.0,0.0,37.00115071430156,37.0,41.77285272754094,492.69577039009715,485.8044957174152
85.60000000000001,1.8963978620697912,2.0,0.0,37.001150587867244,37.0,41.772715653525516,492.67974456423127,485.81870654837724
85.7,1.8965311954031243,2.0,0.0,37.001150461470445,37.0,41.77257859438048,492.6637201754102,485.8329159745618
85.80000000000001,1.8966645287364574,2.0,0.0,37.00115033511133,37.0,41.77244155010338,492.64769722342163,485.8471239961821
85.9,1.8967978620697903,2.0,0.0,37.00115020878985,37.0,41.772304520687534,492.631675708053,485.8613306134516
86.0,1.8969311954031234,2.0,0.0,37.00115008250583,37.0,41.77216750612934,492.6156556290921,485.87553582658364
86.10000000000001,1.8970645287364565,2.0,0.0,37.00114995625927,37.0,41.7720305064259,492.5996369863266,485.8897396357915
86.2,1.8971978003708496,2.0,0.0055993879982980665,37.0011498299948,37.0,41.77189352157236,492.583619780008,485.9039420408441
86.30000000000001,1.8973311337041825,2.0,0.0,37.00114970368497,37.0,41.771756552124536,492.5676040101563,485.9181430417325
86.4,1.8974644670375156,2.0,0.0,37.00114957741306,37.0,41.77161959825168,492.55158967586345,485.93234263933607
86.5,1.8975978003708487,2.0,0.0,37.00114945117895,37.0,41.7714826590616,492.53557677691737,485.946540833868
86.60000000000001,1.8977311337041816,2.0,0.0,37.001149324982634,37.0,41.77134573471743,492.51956531310583,485.96073762554136
86.7,1.8978644670375147,2.0,0.0,37.00114919882401,37.0,41.77120882521441,492.5035552842168,485.97493301456905
86.80000000000001,1.8979978003708478,2.0,0.0,37.00114907270307,37.0,41.771071930549155,492.48754669003836,485.98912700116415
86.9,1.8981311337041806,2.0,0.0,37.00114894661971,37.0,41.77093505071691,492.4715395303585,486.0033195855396
87.0,1.8982644670375137,2.0,0.0,37.00114882057392,37.0,41.77079818571431,492.4555338049652,486.01751076790833
87.10000000000001,1.8983978003708468,2.0,0.0,37.00114869456564,37.0,41.77066133553662,492.43952951364673,486.03170054848306
87.2,1.8985310861528768,2.0,0.004313926358396447,37.00114856855225,37.0,41.7705245001799,492.42352665654823,486.0458889271346
87.30000000000001,1.89866441948621,2.0,0.0,37.0011484425126,37.0,41.77038768007098,492.4075252336366,486.0600759039047
87.4,1.898797752819543,2.0,0.0,37.00114831651075,37.0,41.77025087533921,492.39152524416437,486.07426147951907
87.5,1.8989310861528759,2.0,0.0,37.001148190546644,37.0,41.77011408529712,492.37552668791994,486.08844565419025
87.60000000000001,1.899064419486209,2.0,0.0,37.001148064620224,37.0,41.76997731006889,492.35952956469157,486.10262842813097
87.7,1.899197752819542,2.0,0.0,37.001147938731435,37.0,41.769840549650446,492.3435338742677,486.1168098015537
87.80000000000001,1.899331086152875,2.0,0.0,37.00114781288022,37.0,41.769703804037725,492.3275396164366,486.1309897746711
87.9,1.899464419486208,2.0,0.0,37.00114768706652,37.0,41.76956707322668,492.31154679098677,486.1451683476956
88.0,1.8995977528195411,2.0,0.0,37.001147561290225,37.0,41.76943035721326,492.2955553977067,486.1593455208397
88.10000000000001,1.899731086152874,2.0,0.0,37.00114743555139,37.0,41.76929365599399,492.2795654363851,486.1735212943158
88.2,1.8998643743218366,2.0,0.004095942202324565,37.00114730980954,37.0,41.769156969563596,492.2635769071493,486.1876956680117
88.30000000000001,1.8999977076551697,2.0,0.0,37.00114718404461,37.0,41.76902029832727,492.24758980995733,486.20186864197757
88.4,1.9001310409885026,2.0,0.0,37.00114705831737,37.0,41.768883642407495,492.2316041440897,486.21604021691235
88.5,1.9002643743218357,2.0,0.0,37.001146932627705,37.0,41.76874700115196,492.2156199093351,486.2302103930282
88.60000000000001,1.9003977076551688,2.0,0.0,37.001146806975555,37.0,41.768610374678815,492.1996371054822,486.2443791705373
88.7,1.9005310409885017,2.0,0.0,37.00114668136098,37.0,41.768473762983916,492.18365573231995,486.25854654965184
88.80000000000001,1.9006643743218348,2.0,0.0,37.001146555783805,37.0,41.76833716606206,492.1676757896371,486.272712530584
88.9,1.9007977076551679,2.0,0.0,37.001146430244034,37.0,41.76820058391059,492.15169727722247,486.2868771135457
89.0,1.9009310409885007,2.0,0.0,37.00114630474161,37.0,41.76806401652466,492.1357201948651,486.30104029874906
89.10000000000001,1.9010643743218338,2.0,0.0,37.00114617927642,37.0,41.76792746390038,492.11974454235394,486.31520208640603
89.2,1.9011976531123922,2.0,0.004944731797384083,37.00114605379969,37.0,41.76779092603427,492.10377031988673,486.3293624763371
89.30000000000001,1.9013309864457253,2.0,0.0,37.001145928287315,37.0,41.76765440341524,492.087797527457,486.34352146855844
89.4,1.9014643197790584,2.0,0.0,37.00114580281263,37.0,41.76751789619102,492.07182616424075,486.35767906386894
89.5,1.9015976531123913,2.0,0.0,37.001145677375405,37.0,41.76738140357561,492.05585623002713,486.37183526248043
89.60000000000001,1.9017309864457244,2.0,0.0,37.001145551975696,37.0,41.76724492571344,492.0398877246053,486.3859900646046
89.7,1.9018643197790575,2.0,0.0,37.00114542661345,37.0,41.76710846259899,492.0239206477644,486.40014347045314
89.80000000000001,1.9019976531123903,2.0,0.0,37.001145301288545,37.0,41.76697201422845,492.0079549992938,486.41429548023785
89.9,1.9021309864457234,2.0,0.0,37.00114517600099,37.0,41.766835580598354,491.99199077898277,486.42844609417034
90.0,1.9022643197790565,2.0,0.0,37.00114505075072,37.0,41.766699161704,491.97602798662064,486.4425953124622
90.10000000000001,1.9023976531123894,2.0,0.0,37.001144925537574,37.0,41.766562757541465,491.96006662199676,486.4567431353249
90.2,1.9025309107547033,2.0,0.0068595817206267284,37.00114480029413,37.0,41.76642636810791,491.94410668546726,486.4708895624275
90.30000000000001,1.9026642440880364,2.0,0.0,37.00114467498673,37.0,41.76628999408077,491.9281481771051,486.4850345937099
90.4,1.9027975774213695,2.0,0.0,37.00114454971714,37.0,41.76615363566942,491.91219109584983,486.4991782301974
90.5,1.9029309107547023,2.0,0.0,37.00114442448529,37.0,41.76601729178451,491.89623544149106,486.5133204721013
90.60000000000001,1.9030642440880354,2.0,0.0,37.00114429929101,37.0,41.76588096262559,491.8802812138184,486.52746131963306
90.7,1.9031975774213685,2.0,0.0,37.001144174134254,37.0,41.76574464818973,491.86432841262143,486.5416007730038
90.80000000000001,1.9033309107547014,2.0,0.0,37.001144049014954,37.0,41.76560834847266,491.84837703768983,486.5557388324248
90.9,1.9034642440880345,2.0,0.0,37.001143923933114,37.0,41.76547206347035,491.8324270888134,486.56987549810754
91.0,1.9035975774213676,2.0,0.0,37.00114379888868,37.0,41.76533579317817,491.81647856578184,486.5840107702629
91.10000000000001,1.9037308916250162,2.0,0.0017331021964150928,37.001143673864476,37.0,41.76519953759222,491.80053146852805,486.59814464896516
91.2,1.903864224958349,2.0,0.0,37.0011435488521,37.0,41.765063296881614,491.78458579691346,486.61227713435676
91.30000000000001,1.9039975582916822,2.0,0.0,37.001143423877124,37.0,41.76492707109473,491.76864155051334,486.6264082268542
91.4,1.9041308916250153,2.0,0.0,37.00114329893944,37.0,41.764790859954466,491.7526987291177,486.6405379266685
91.5,1.9042642249583481,2.0,0.0,37.00114317403904,37.0,41.76465466350863,491.7367573325164,486.65466623401056
91.60000000000001,1.9043975582916812,2.0,0.0,37.00114304917588,37.0,41.76451848175253,491.7208173604995,486.66879314909147
91.7,1.9045308916250143,2.0,0.0,37.00114292434995,37.0,41.76438231468227,491.7048788128571,486.68291867212184
91.80000000000001,1.9046642249583472,2.0,0.0,37.00114279956108,37.0,41.76424616229326,491.68894168937925,486.6970428033126
91.9,1.9047975582916803,2.0,0.0,37.00114267480927,37.0,41.764110024582756,491.67300598985616,486.71116554287454
92.0,1.9049308916250134,2.0,0.0,37.001142550094414,37.0,41.76397390154598,491.657071714078,486.72528689101836
92.10000000000001,1.9050641622783233,2.0,0.005676667715173611,37.00114242536068,37.0,41.763837793179626,491.64113886230325,486.73940684750636
92.2,1.9051974956116564,2.0,0.0,37.0011423005804,37.0,41.76370170004393,491.6252074345565,486.7535254123249
92.30000000000001,1.9053308289449895,2.0,0.0,37.00114217583746,37.0,41.76356562230968,491.60927742992567,486.7676425863571
92.4,1.9054641622783224,2.0,0.0,37.001142051131865,37.0,41.76342955907801,491.5933488482012,486.7817583698136
92.5,1.9055974956116555,2.0,0.0,37.00114192646356,37.0,41.76329351051225,491.5774216891734,486.79587276290476
92.60000000000001,1.9057308289449886,2.0,0.0,37.00114180183232,37.0,41.76315747660847,491.5614959526327,486.80998576584113
92.7,1.9058641622783214,2.0,0.0,37.00114167723831,37.0,41.76302145736441,491.5455716383696,486.82409737883313
92.80000000000001,1.9059974956116545,2.0,0.0,37.00114155268125,37.0,41.762885452773425,491.52964874617464,486.83820760209125
92.9,1.9061308289449876,2.0,0.0,37.00114142816136,37.0,41.76274946283427,491.5137272758384,486.8523164358257
93.0,1.9062641338086208,2.0,0.0025775700696191173,37.001141303653014,37.0,41.762613487539646,491.4978072273639,486.8664238800433
93.10000000000001,1.906397467141954,2.0,0.0,37.0011411791437,37.0,41.76247752714497,491.48188860064823,486.8805299348528
93.2,1.906530800475287,2.0,0.0,37.001141054671564,37.0,41.762341581724165,491.46597139516325,486.8946346007692
93.30000000000001,1.9066641338086199,2.0,0.0,37.00114093023643,37.0,41.76220565086633,491.4500556106998,486.90873787800297
93.4,1.906797467141953,2.0,0.0,37.00114080583825,37.0,41.76206973464501,491.43414124704856,486.92283976676407
93.5,1.906930800475286,2.0,0.0,37.00114068147701,37.0,41.761933833056,491.41822830400037,486.9369402672627
93.60000000000001,1.907064133808619,2.0,0.0,37.00114055715255,37.0,41.761797946094745,491.40231678134614,486.9510393797088
93.7,1.907197467141952,2.0,0.0,37.00114043286493,37.0,41.761662073758544,491.3864066788767,486.9651371043125
93.80000000000001,1.9073308004752851,2.0,0.0,37.00114030861397,37.0,41.76152621604207,491.3704979963831,486.97923344128355
93.9,1.9074641289416647,2.0,0.0004405022676965409,37.001140184395354,37.0,41.76139037294275,491.35459073369253,486.99332839079733
94.0,1.9075974622749976,2.0,0.0,37.001140060206865,37.0,41.76125454449954,491.3386848906142,487.0074219530462
94.10000000000001,1.9077307956083307,2.0,0.0,37.00113993605498,37.0,41.76111873072238,491.3227804668848,487.0215141282922
94.2,1.9078641289416638,2.0,0.0,37.00113981193954,37.0,41.76098293153762,491.3068774622954,487.03560491674506
94.30000000000001,1.9079974622749967,2.0,0.0,37.00113968786059,37.0,41.76084714695556,491.2909758766371,487.0496943186145
94.4,1.9081307956083298,2.0,0.0,37.00113956381807,37.0,41.76071137697092,491.2750757097012,487.0637823341103
94.5,1.9082641289416629,2.0,0.0,37.00113943981182,37.0,41.76057562157999,491.25917696127885,487.07786896344203
94.60000000000001,1.9083974622749957,2.0,0.0,37.00113931584184,37.0,41.76043988078003,491.24327963116133,487.0919542068194
94.7,1.9085307956083288,2.0,0.0,37.00113919190807,37.0,41.76030415456634,491.2273837191401,487.1060380644519
94.80000000000001,1.908664128941662,2.0,0.0,37.00113906801033,37.0,41.76016844293514,491.21148922500646,487.12012053654917
94.9,1.9087973808012901,2.0,0.007371513403633845,37.00113894407633,37.0,41.7600327458837,491.19559614915863,487.1342016227396
95.0,1.9089307141346232,2.0,0.0,37.00113882007031,37.0,41.759897064139075,491.17970449169167,487.148281322942
95.10000000000001,1.9090640474679563,2.0,0.0,37.00113869610101,37.0,41.75976139792286,491.1638142514868,487.16235963823726
95.2,1.9091973808012892,2.0,0.0,37.001138572168315,37.0,41.7596257460717,491.14792542833567,487.17643656883473
95.30000000000001,1.9093307141346223,2.0,0.0,37.00113844827206,37.0,41.75949010879983,491.1320380220298,487.1905121149437
95.4,1.9094640474679554,2.0,0.0,37.00113832441224,37.0,41.759354486104364,491.11615203236084,487.2045862767735
95.5,1.9095973808012883,2.0,0.0,37.001138200588855,37.0,41.75921887798059,491.10026745912046,487.2186590545333
95.60000000000001,1.9097307141346214,2.0,0.0,37.001138076801794,37.0,41.75908328442412,491.08438430210026,487.2327304484323
95.7,1.9098640474679545,2.0,0.0,37.001137953051,37.0,41.758947705431744,491.0685025610921,487.2468004586797
95.80000000000001,1.9099973005584947,2.0,0.00725786295554931,37.0011378292653,37.0,41.75881214099945,491.0526222364848,487.2608690849128
95.9,1.9101306338918278,2.0,0.0,37.001137705409405,37.0,41.758676591842985,491.0367433283689,487.27493632705495
96.0,1.9102639672251607,2.0,0.0,37.0011375815904,37.0,41.75854105818144,491.0208658356408,487.2890021861724
96.10000000000001,1.9103973005584938,2.0,0.0,37.00113745780811,37.0,41.758405538868864,491.0049897580923,487.30306666247424
96.2,1.9105306338918269,2.0,0.0,37.001137334062435,37.0,41.75827003411674,490.9891150955153,487.3171297561693
96.30000000000001,1.9106639672251597,2.0,0.0,37.001137210353306,37.0,41.758134543921464,490.9732418477019,487.33119146746657
96.4,1.9107973005584928,2.0,0.0,37.00113708668073,37.0,41.757999068278984,490.9573700144441,487.34525179657487
96.5,1.910930633891826,2.0,0.0,37.00113696304459,37.0,41.757863607184824,490.94149959553397,487.3593107437031
96.60000000000001,1.9110639672251588,2.0,0.0,37.00113683944494,37.0,41.75772816063573,490.92563059076355,487.37336830905986
96.7,1.9111972109302267,2.0,0.008104222167935049,37.001136715802204,37.0,41.757592728626534,490.90976300059145,487.3874244922161
96.80000000000001,1.9113305442635597,2.0,0.0,37.001136592077216,37.0,41.75745731195832,490.8938968251431,487.40147929306136
96.9,1.9114638775968928,2.0,0.0,37.001136468389404,37.0,41.757321910873465,490.8780320632114,487.41553271276103
97.0,1.9115972109302257,2.0,0.0,37.001136344738484,37.0,41.75718652409488,490.86216871458856,487.4295847515238
97.10000000000001,1.9117305442635588,2.0,0.0,37.001136221124455,37.0,41.75705115185984,490.846306779067,487.4436354095582
97.2,1.911863877596892,2.0,0.0,37.00113609754732,37.0,41.75691579416336,490.83044625643913,487.4576846870727
97.30000000000001,1.9119972109302248,2.0,0.0,37.0011359740069,37.0,41.756780451001,490.8145871464973,487.47173258427574
97.4,1.9121305442635579,2.0,0.0,37.00113585050326,37.0,41.75664512237007,490.7987294490339,487.4857791013758
97.5,1.9122638576480375,2.0,0.0018032798827278818,37.00113572701861,37.0,41.75650980826523,490.7828731639897,487.49982423843943
97.60000000000001,1.9123971909813704,2.0,0.0,37.00113560354424,37.0,41.75637450886225,490.76701829123124,487.51386799560396
97.7,1.9125305243147035,2.0,0.0,37.001135480106655,37.0,41.756239224211285,490.751164830329,487.5279103732905
97.80000000000001,1.9126638576480366,2.0,0.0,37.001135356705674,37.0,41.756103954025626,490.73531278107544,487.5419513717073
97.9,1.9127971909813695,2.0,0.0,37.0011352333413,37.0,41.75596869835558,490.71946214326323,487.55599099106263
98.0,1.9129305243147026,2.0,0.0,37.00113511001348,37.0,41.755833457196395,490.70361291668524,487.5700292315646
98.10000000000001,1.9130638576480357,2.0,0.0,37.00113498672215,37.0,41.75569823054426,490.68776510113406,487.58406609342137
98.2,1.9131971909813685,2.0,0.0,37.001134863467314,37.0,41.75556301839525,490.67191869640243,487.598101576841
98.30000000000001,1.9133305243147016,2.0,0.0,37.001134740248744,37.0,41.75542782074486,490.6560737022832,487.6121356820316
98.4,1.913463808221677,2.0,0.004466502403114081,37.0011346170229,37.0,41.75529263759105,490.6402301189361,487.62616840885005
98.5,1.91359714155501,2.0,0.0,37.00113449376801,37.0,41.755157469369614,490.62438794633744,487.6401997573286
98.60000000000001,1.913730474888343,2.0,0.0,37.001134370549835,37.0,41.755022316214685,490.6085471837301,487.6542297282019
98.7,1.9138638082216761,2.0,0.0,37.00113424736816,37.0,41.754887177420635,490.5927078309071,487.6682583216778
98.80000000000001,1.913997141555009,2.0,0.0,37.00113412422297,37.0,41.754752053116896,490.5768698876614,487.68228553796405
98.9,1.914130474888342,2.0,0.0,37.001134001114224,37.0,41.754616943298636,490.56103335378606,487.69631137726867
99.0,1.9142638082216752,2.0,0.0,37.001133878041855,37.0,41.75448184796203,490.5451982290742,487.7103358397992
99.10000000000001,1.914397141555008,2.0,0.0,37.00113375500581,37.0,41.7543467671032,490.529364513319,487.72435892576345
99.2,1.9145304748883412,2.0,0.0,37.00113363200603,37.0,41.75421170071822,490.51353220631376,487.73838063536897
99.30000000000001,1.9146637186926514,2.0,0.008087916732158806,37.00113350896345,37.0,41.7540766488032,490.49770130851516,487.7524009681881
99.4,1.9147970520259845,2.0,0.0,37.00113338583884,37.0,41.75394161215385,490.48187182004864,487.76641992411083
99.5,1.9149303853593174,2.0,0.0,37.001133262751296,37.0,41.7538065910141,490.4660437397121,487.7804375042974
99.60000000000001,1.9150637186926505,2.0,0.0,37.00113313970047,37.0,41.75367158411019,490.4502170672989,487.79445370895536
99.7,1.9151970520259836,2.0,0.0,37.001133016686424,37.0,41.753536591679286,490.4343918026024,487.8084685382921
99.80000000000001,1.9153303853593164,2.0,0.0,37.001132893708984,37.0,41.75340161371573,490.4185679454161,487.8224819925152
99.9,1.9154637186926495,2.0,0.0,37.00113277076821,37.0,41.75326665021696,490.40274549553345,487.83649407183196
100.0,1.9155970520259826,2.0,0.0,37.00113264786398,37.0,41.75313170117765,490.38692445274796,487.8505047764498
100.10000000000001,1.9157303348663681,2.0,0.0045601866114330925,37.00113252495174,37.0,41.75299676659467,490.37110481722715,487.86451410621777
100.2,1.9158636681997012,2.0,0.0,37.00113240200943,37.0,41.75286184691441,490.35528658895174,487.87852206116423
100.30000000000001,1.9159970015330343,2.0,0.0,37.00113227910407,37.0,41.752726942271906,490.3394697671545,487.8925286420333
100.4,1.9161303348663672,2.0,0.0,37.001132156235485,37.0,41.75259205194842,490.32365435162916,487.9065338490322
100.5,1.9162636681997003,2.0,0.0,37.00113203340362,37.0,41.75245717607528,490.3078403421693,487.9205376823681
100.60000000000001,1.9163970015330334,2.0,0.0,37.001131910608365,37.0,41.75232231464832,490.29202773856883,487.9345401422479
100.7,1.9165303348663663,2.0,0.0,37.00113178784977,37.0,41.75218746766416,490.2762165406215,487.9485412288787
100.80000000000001,1.9166636681996994,2.0,0.0,37.00113166512767,37.0,41.75205263511759,490.2604067481211,487.9625409424676
100.9,1.9167969806212026,2.0,0.0018880915941958953,37.00113154242371,37.0,41.75191781700608,490.2445983610164,487.9765392830734
101.0,1.9169303139545355,2.0,0.0,37.00113141972855,37.0,41.751783013510696,490.2287913791787,487.99053625082877
101.10000000000001,1.9170636472878686,2.0,0.0,37.00113129707006,37.0,41.751648224686896,490.2129858021699,488.00453184616293
101.2,1.9171969806212017,2.0,0.0,37.00113117444806,37.0,41.75151345023309,490.197181629784,488.0185260692826
101.30000000000001,1.9173303139545346,2.0,0.0,37.0011310518625,37.0,41.75137869020232,490.18137886181506,488.0325189203946
101.4,1.9174636472878677,2.0,0.0,37.00113092931326,37.0,41.751243944590435,490.16557749805713,488.0465103997057
101.5,1.9175969806212008,2.0,0.0,37.00113080680029,37.0,41.7511092133941,490.14977753830436,488.06050050742266
101.60000000000001,1.9177303139545336,2.0,0.0,37.00113068432364,37.0,41.75097449660931,490.133978982351,488.0744892437521
101.7,1.917863646500302,2.0,7.108804787758771e-05,37.00113056188252,37.0,41.75083979423103,490.11818182999707,488.088476608895
101.80000000000001,1.9179969798336352,2.0,0.0,37.00113043947641,37.0,41.75070510626304,490.1023860810398,488.10246260305524
101.9,1.9181303131669682,2.0,0.0,37.001130317106515,37.0,41.75057043270469,490.08659173526473,488.11644722644763
102.0,1.9182636465003011,2.0,0.0,37.0011301947726,37.0,41.75043577353867,490.0707987924661,488.13043047927874
102.10000000000001,1.9183969798336342,2.0,0.0,37.00113007247455,37.0,41.750301128765315,490.0550072524385,488.14441236175503
102.2,1.9185303131669673,2.0,0.0,37.00112995021243,37.0,41.750166498381006,490.0392171149761,488.15839287408284
102.30000000000001,1.9186636465003002,2.0,0.0,37.001129827986176,37.0,41.75003188238065,490.0234283798736,488.17237201646856
102.4,1.9187969798336333,2.0,0.0,37.00112970579556,37.0,41.7498972807606,490.0076410469255,488.18634978911854
102.5,1.9189303131669664,2.0,0.0,37.001129583640704,37.0,41.749762693518754,489.99185511592634,488.200326192239
102.60000000000001,1.919063566539065,2.0,0.0072152913274172725,37.00112946145117,37.0,41.74962812064923,489.9760705872612,488.21430122547093
102.7,1.9191968998723978,2.0,0.0,37.001129339192175,37.0,41.74949356286071,489.9602874610203,488.22827488873764
102.80000000000001,1.919330233205731,2.0,0.0,37.00112921696939,37.0,41.74935902036854,489.9445057361125,488.2422471830933
102.9,1.919463566539064,2.0,0.0,37.00112909478281,37.0,41.74922449204208,489.9287254123325,488.25621810874395
103.0,1.919596899872397,2.0,0.0,37.00112897263227,37.0,41.74908997808834,489.91294648947496,488.2701876658958
103.10000000000001,1.91973023320573,2.0,0.0,37.00112885051777,37.0,41.7489554785047,489.89716896733484,488.28415585475483
103.2,1.919863566539063,2.0,0.0,37.0011287284392,37.0,41.748820993286486,489.8813928457069,488.298122675527
103.30000000000001,1.919996899872396,2.0,0.0,37.00112860639655,37.0,41.74868652243053,489.86561812438606,488.3120881284182
103.4,1.9201301533029524,2.0,0.0072080135511072285,37.00112848431951,37.0,41.748552065932294,489.849844803757,488.32605221307006
103.5,1.9202634866362855,2.0,0.0,37.001128362173404,37.0,41.74841762449905,489.83407288390947,488.340014929406
103.60000000000001,1.9203968199696184,2.0,0.0,37.00112824006385,37.0,41.74828319834521,489.8183023637542,488.3539762784784
103.7,1.9205301533029515,2.0,0.0,37.00112811799056,37.0,41.748148786340884,489.8025332430861,488.3679362604932
103.80000000000001,1.9206634866362846,2.0,0.0,37.00112799595348,37.0,41.748014388695786,489.7867655217004,488.38189487565603
103.9,1.9207968199696175,2.0,0.0,37.00112787395267,37.0,41.747880005405584,489.7709991993921,488.3958521241727
104.0,1.9209301533029506,2.0,0.0,37.00112775198801,37.0,41.74774563646523,489.7552342759565,488.40980800624874
104.10000000000001,1.9210634866362837,2.0,0.0,37.001127630059386,37.0,41.747611281871656,489.7394707511887,488.4237625220898
104.2,1.921196730663961,2.0,0.008054008693398895,37.00112750808847,37.0,41.74747694162143,489.7237086255426,488.4377156712712
104.30000000000001,1.9213300639972941,2.0,0.0,37.001127386036444,37.0,41.7473426165027,489.70794789914277,488.45166745368306
104.4,1.921463397330627,2.0,0.0,37.00112726402125,37.0,41.74720830675679,489.69218857079693,488.4656178704764
104.5,1.92159673066396,2.0,0.0,37.00112714204266,37.0,41.74707401112213,489.6764306403005,488.4795669218566
104.60000000000001,1.9217300639972932,2.0,0.0,37.00112702010068,37.0,41.7469397298325,489.6606741074488,488.49351460802916
104.7,1.921863397330626,2.0,0.0,37.00112689819525,37.0,41.74680546288304,489.6449189720374,488.50746092919945
104.80000000000001,1.9219967306639592,2.0,0.0,37.00112677632626,37.0,41.746671210269945,489.6291652338616,488.52140588557273
104.9,1.9221300457410513,2.0,0.001646034885094405,37.00112665447773,37.0,41.74653697198986,489.61341289285167,488.5353494772255
105.0,1.9222633790743842,2.0,0.0,37.001126532641536,37.0,41.74640274819984,489.5976619488704,488.54929170429875
105.10000000000001,1.9223967124077173,2.0,0.0,37.00112641084189,37.0,41.746268538947746,489.5819124015115,488.5632325671907
105.2,1.9225300457410504,2.0,0.0,37.00112628907863,37.0,41.74613434397077,489.56616425057086,488.5771720661065
105.30000000000001,1.9226633790743832,2.0,0.0,37.00112616735174,37.0,41.74600016331469,489.5504174958441,488.59111020125135
105.4,1.9227967124077163,2.0,0.0,37.00112604566107,37.0,41.7458659969748,489.53467213712685,488.60504697283034
105.5,1.9229300457410494,2.0,0.0,37.00112592400666,37.0,41.74573184494846,489.518928174215,488.6189823810484
105.60000000000001,1.9230633790743823,2.0,0.0,37.00112580238846,37.0,41.745597707230395,489.50318560690425,488.63291642611057
105.7,1.923196666970169,2.0,0.0040956427699869735,37.001125680766506,37.0,41.745463583816964,489.48744443532513,488.64684910790163
105.80000000000001,1.9233300003035019,2.0,0.0,37.00112555912119,37.0,41.74532947510809,489.4717046594407,488.6607804264664
105.9,1.923463333636835,2.0,0.0,37.001125437512314,37.0,41.74519538122279,489.4559662785454,488.6747103824899
106.0,1.923596666970168,2.0,0.0,37.00112531593976,37.0,41.74506130151946,489.44022929243516,488.6886389761769
106.10000000000001,1.923730000303501,2.0,0.0,37.00112519440353,37.0,41.744927236114485,489.4244937009059,488.70256620773233
106.2,1.923863333636834,2.0,0.0,37.001125072903505,37.0,41.744793185003275,489.40875950375374,488.7164920773609
106.30000000000001,1.9239966669701671,2.0,0.0,37.00112495143958,37.0,41.74465914818261,489.39302670077484,488.7304165852673
106.4,1.9241300003035,2.0,0.0,37.00112483001175,37.0,41.74452512564908,489.3772952917653,488.74433973165617
106.5,1.9242632515518074,2.0,0.007396916759850214,37.00112470854816,37.0,41.74439111739813,489.361565277125,488.7582615161543
106.60000000000001,1.9243965848851405,2.0,0.0,37.00112458701318,37.0,41.74425712415255,489.3458366569524,488.77218193867714
106.7,1.9245299182184736,2.0,0.0,37.00112446551503,37.0,41.74412314613361,489.33010943013795,488.786101000296
106.80000000000001,1.9246632515518065,2.0,0.0,37.00112434405338,37.0,41.743989182183306,489.3143835964782,488.8000187012155
106.9,1.9247965848851396,2.0,0.0,37.001124222628334,37.0,41.74385523251714,489.29865915576937,488.81393504164
107.0,1.9249299182184727,2.0,0.0,37.001124101239725,37.0,41.7437212971289,489.28293610780787,488.8278500217739
107.10000000000001,1.9250632515518056,2.0,0.0,37.001123979887495,37.0,41.74358737601613,489.2672144523901,488.8417636418217
107.2,1.9251965466727516,2.0,0.0034425928996286714,37.001123858538335,37.0,41.7434534691747,489.2514941895934,488.8556759017188
107.30000000000001,1.9253298800060847,2.0,0.0,37.00112373717553,37.0,41.743319576937246,489.2357753193549,488.8695868015351
107.4,1.9254632133394176,2.0,0.0,37.00112361584928,37.0,41.743185699405885,489.22005784104977,488.883496341878
107.5,1.9255965466727507,2.0,0.0,37.00112349455952,37.0,41.74305183604089,489.20434175447457,488.8974045229518
107.60000000000001,1.9257298800060838,2.0,0.0,37.0011233733062,37.0,41.74291798693883,489.188627059426,488.9113113449605
107.7,1.9258632133394167,2.0,0.0,37.001123252089315,37.0,41.74278415209579,489.17291375570073,488.9252168081083
107.80000000000001,1.9259965466727498,2.0,0.0,37.00112313090875,37.0,41.742650331507285,489.1572018430955,488.93912091259944
107.9,1.926129877368805,2.0,0.00023753749448252037,37.00112300976224,37.0,41.74251652517009,489.1414913214263,488.95302365861926
108.0,1.926263210702138,2.0,0.0,37.00112288864847,37.0,41.74238273310262,489.12578219049976,488.9669250463626
108.10000000000001,1.926396544035471,2.0,0.0,37.001122767570905,37.0,41.74224895530949,489.1100744500836,488.98082507606114
108.2,1.926529877368804,2.0,0.0,37.001122646529495,37.0,41.74211519174906,489.09436809997464,488.99472374791884
108.30000000000001,1.926663210702137,2.0,0.0,37.001122525524124,37.0,41.741981442424496,489.07866313997,489.00862106213964
108.4,1.92679654403547,2.0,0.0,37.001122404554735,37.0,41.74184770733249,489.0629595698664,489.0225170189273
108.5,1.926929877368803,2.0,0.0,37.001122283621385,37.0,41.74171398646907,489.047257389461,489.0364116184857
108.60000000000001,1.9270632107021362,2.0,0.0,37.0011221627239,37.0,41.74158027982923,489.03155659855076,489.05030486101856
108.7,1.927196478645983,2.0,0.005887947819374073,37.00112204180522,37.0,41.741446587410486,489.0158571974125,489.0641967462703
108.80000000000001,1.927329811979316,2.0,0.0,37.00112192083702,37.0,41.74131290978574,489.0001591860836,489.07808727421497
108.9,1.9274631453126492,2.0,0.0,37.001121799905206,37.0,41.74117924712988,488.9844625636414,489.091976445745
109.0,1.927596478645982,2.0,0.0,37.00112167900966,37.0,41.741045598523016,488.9687673298831,489.1058642610639
109.10000000000001,1.9277298119793151,2.0,0.0,37.0011215581502,37.0,41.74091196413372,488.953073484606,489.11975072037524
109.2,1.9278631453126482,2.0,0.0,37.001121437326844,37.0,41.74077834395914,488.9373810276074,489.1336358238826
109.30000000000001,1.9279964786459811,2.0,0.0,37.00112131653958,37.0,41.74064473799459,488.9216899586845,489.1475195717894
109.4,1.9281297644222133,2.0,0.004281207366854112,37.00112119574692,37.0,41.740511146235754,488.9060002779835,489.1614019639653
109.5,1.9282630977555464,2.0,0.0,37.001121074928164,37.0,41.74037756909823,488.89031198547605,489.1752830004469
109.60000000000001,1.9283964310888793,2.0,0.0,37.00112095414579,37.0,41.74024400670906,488.8746250804368,489.189162681938
109.7,1.9285297644222124,2.0,0.0,37.00112083339951,37.0,41.7401104583978,488.85893956266307,489.20304100864183
109.80000000000001,1.9286630977555455,2.0,0.0,37.00112071268944,37.0,41.7399769242879,488.8432554319525,489.2169179807618
109.9,1.9287964310888783,2.0,0.0,37.00112059201547,37.0,41.7398434043733,488.8275726881026,489.2307935985012
110.0,1.9289297644222114,2.0,0.0,37.001120471377476,37.0,41.73970989865105,488.81189133091095,489.244667862063
110.10000000000001,1.9290630597317724,2.0,0.0034221654784443167,37.00112035074238,37.0,41.739576407117724,488.7962113604538,489.2585407713838
110.2,1.9291963930651055,2.0,0.0,37.00112023009376,37.0,41.739442930103586,488.7805327766682,489.27241232653347
110.30000000000001,1.9293297263984386,2.0,0.0,37.00112010948135,37.0,41.73930946770836,488.7648555789341,489.28628252811484
110.4,1.9294630597317715,2.0,0.0,37.00111998890503,37.0,41.739176019397476,488.74917976704916,489.3001513763309
110.5,1.9295963930651046,2.0,0.0,37.00111986836487,37.0,41.73904258526722,488.73350534081123,489.31401887138475
110.60000000000001,1.9297297263984377,2.0,0.0,37.00111974786063,37.0,41.73890916531244,488.71783230001813,489.3278850134792
110.7,1.9298630597317705,2.0,0.0,37.00111962739237,37.0,41.73877575953123,488.70216064446777,489.3417498028172
110.80000000000001,1.9299963562750213,2.0,0.00331033183740459,37.001119506928035,37.0,41.73864236791824,488.68649037422745,489.3556132393439
110.9,1.9301296896083542,2.0,0.0,37.001119386451705,37.0,41.73850899079371,488.67082148922975,489.36947532313303
111.0,1.9302630229416873,2.0,0.0,37.00111926601153,37.0,41.73837562825413,488.65515398886885,489.3833360547741
111.10000000000001,1.9303963562750204,2.0,0.0,37.00111914560739,37.0,41.738242279781865,488.63948787294277,489.39719543446984
111.2,1.9305296896083532,2.0,0.0,37.00111902523912,37.0,41.73810894547,488.6238231412495,489.411053462423
111.30000000000001,1.9306630229416863,2.0,0.0,37.00111890490683,37.0,41.737975625315734,488.60815979358716,489.4249101388362
111.4,1.9307963562750194,2.0,0.0,37.001118784610355,37.0,41.73784231931325,488.592497829754,489.438765463912
111.5,1.930929645751821,2.0,0.003945209452357101,37.001118664311605,37.0,41.737709027460205,488.5768372498691,489.45261943754593
111.60000000000001,1.9310629790851541,2.0,0.0,37.001118543991595,37.0,41.73757575013736,488.56117805389107,489.4664720597869
111.7,1.931196312418487,2.0,0.0,37.00111842370768,37.0,41.73744248746097,488.545520241137,489.480323331298
111.80000000000001,1.93132964575182,2.0,0.0,37.00111830345969,37.0,41.737309238815165,488.5298638114054,489.49417325228166
111.9,1.9314629790851532,2.0,0.0,37.001118183247684,37.0,41.73717600431207,488.5142087644944,489.5080218229402
112.0,1.931596312418486,2.0,0.0,37.001118063071544,37.0,41.73704278394644,488.49855510020257,489.5218690434761
112.10000000000001,1.9317296457518192,2.0,0.0,37.00111794293122,37.0,41.73690957771523,488.4829028183283,489.5357149140917
112.2,1.9318629198616153,2.0,0.005326294661795128,37.0011178227752,37.0,41.73677638561449,488.467251919103,489.5495594345749
112.30000000000001,1.9319962531949484,2.0,0.0,37.001117702577915,37.0,41.73664320816098,488.4516024025418,489.56340260492067
112.4,1.9321295865282813,2.0,0.0,37.001117582416896,37.0,41.736510045512446,488.435954267794,489.57724442595276
112.5,1.9322629198616144,2.0,0.0,37.001117462291916,37.0,41.736376896838046,488.420307514658,489.59108489787326
112.60000000000001,1.9323962531949475,2.0,0.0,37.001117342202974,37.0,41.736243762290776,488.4046621429326,489.6049240208843
112.7,1.9325295865282803,2.0,0.0,37.0011172221499,37.0,41.73611064186587,488.38901815241644,489.618761795188
112.80000000000001,1.9326629198616134,2.0,0.0,37.00111710213281,37.0,41.735977535560735,488.3733755429082,489.6325982209864
112.9,1.9327961703035137,2.0,0.0074530771387419925,37.00111698207962,37.0,41.735844443369565,488.35773431481226,489.6464332979019
113.0,1.9329295036368466,2.0,0.0,37.0011168619547,37.0,41.735711366017696,488.3420944682303,489.66026702584674
113.10000000000001,1.9330628369701797,2.0,0.0,37.001116741866326,37.0,41.735578303725994,488.32645600205296,489.67409940589187
113.2,1.9331961703035128,2.0,0.0,37.00111662181433,37.0,41.73544525533592,488.31081891607914,489.6879304382393
113.30000000000001,1.9333295036368456,2.0,0.0,37.001116501798606,37.0,41.735312221061385,488.2951832101077,489.70176012309076
113.4,1.9334628369701787,2.0,0.0,37.001116381819145,37.0,41.73517920089884,488.27954888393776,489.7155884606482
113.5,1.9335961456261628,2.0,0.002218373228803472,37.00111626185452,37.0,41.7350461948437,488.2639159375483,489.7294154509408
113.60000000000001,1.9337294789594959,2.0,0.0,37.00111614189399,37.0,41.73491320310848,488.2482843708286,489.74324109408406
113.7,1.933862812292829,2.0,0.0,37.001116021969835,37.0,41.73478022575728,488.2326541833075,489.7570653905384
113.80000000000001,1.9339961456261618,2.0,0.0,37.00111590208195,37.0,41.734647262441364,488.2170253747841,489.77088834050534
113.9,1.934129478959495,2.0,0.0,37.00111578223033,37.0,41.734514313222085,488.20139794505764,489.78470994418655
114.0,1.934262812292828,2.0,0.0,37.00111566241486,37.0,41.734381378094874,488.1857718939272,489.7985302017834
114.10000000000001,1.934396145626161,2.0,0.0,37.00111554263549,37.0,41.73424845705653,488.17014722119217,489.81234911349765
114.2,1.9345294151607826,2.0,0.005733809088660724,37.00111542283679,37.0,41.73411555010306,488.15452392711717,489.82616667908525
114.30000000000001,1.9346627484941157,2.0,0.0,37.00111530299142,37.0,41.7339826577909,488.1389020117343,489.8399828985249
114.4,1.9347960818274488,2.0,0.0,37.00111518318255,37.0,41.733849780288196,488.12328147414485,489.85379777268594
114.5,1.9349294151607817,2.0,0.0,37.00111506341017,37.0,41.733716916704296,488.10766231414834,489.86761130176984
114.60000000000001,1.9350627484941147,2.0,0.0,37.001114943674054,37.0,41.733584067201136,488.09204453154416,489.88142348597785
114.7,1.9351960818274478,2.0,0.0,37.00111482397426,37.0,41.733451231776634,488.07642812613176,489.8952343255112
114.80000000000001,1.935329394161953,2.0,0.0018868466278370022,37.001114704292604,37.0,41.733318410425404,488.0608130978639,489.9090438204247
114.9,1.9354627274952858,2.0,0.0,37.00111458461987,37.0,41.73318560332729,488.0451994466166,489.9228519708462
115.0,1.935596060828619,2.0,0.0,37.00111446498346,37.0,41.73305281053693,488.02958717195975,489.93665877719656
115.10000000000001,1.935729394161952,2.0,0.0,37.00111434538337,37.0,41.73292003175756,488.01397627369323,489.950464239677
115.2,1.9358627274952849,2.0,0.0,37.001114225819435,37.0,41.73278726703961,487.9983667516165,489.9642683584884
115.30000000000001,1.935996060828618,2.0,0.0,37.00111410629171,37.0,41.73265451638046,487.98275860552945,489.97807113383203
115.4,1.936129394161951,2.0,0.0,37.00111398680008,37.0,41.73252177977484,487.9671518352317,489.9918725659088
115.5,1.9362626519207484,2.0,0.006789102027591198,37.001113867279,37.0,41.73238905721969,487.9515464410736,490.0056726543927
115.60000000000001,1.9363959852540813,2.0,0.0,37.001113747696195,37.0,41.732256349373706,487.93594242313054,490.0194713992212
115.7,1.9365293185874144,2.0,0.0,37.00111362815005,37.0,41.73212365643609,487.9203397803766,490.03326880138536
115.80000000000001,1.9366626519207475,2.0,0.0,37.001113508640344,37.0,41.7319909773539,487.90473851261163,490.047064861086
115.9,1.9367959852540804,2.0,0.0,37.00111338916719,37.0,41.73185831232185,487.8891386196356,490.0608595785239
116.0,1.9369293185874135,2.0,0.0,37.00111326973041,37.0,41.73172566133394,487.87354010124864,490.07465295389983
116.10000000000001,1.9370626037323635,2.0,0.004328022425265754,37.00111315028829,37.0,41.73159302438775,487.85794295760144,490.0884449870788
116.2,1.9371959370656964,2.0,0.0,37.001113030820136,37.0,41.7314604019008,487.8423471886697,490.10223567809356
116.30000000000001,1.9373292703990295,2.0,0.0,37.001112911388645,37.0,41.73132779399968,487.8267527937273,490.1160250276483
116.4,1.9374626037323626,2.0,0.0,37.00111279199382,37.0,41.73119520001164,487.81115977257446,490.1298130359434
116.5,1.9375959370656954,2.0,0.0,37.00111267263554,37.0,41.73106262005767,487.79556812501124,490.14359970317963
116.60000000000001,1.9377292703990285,2.0,0.0,37.0011125533137,37.0,41.73093005413451,487.77997785083795,490.15738502955736
116.7,1.9378625757963228,2.0,0.002508547441392839,37.00111243400414,37.0,41.73079750223871,487.7643889500582,490.1711690150825
116.80000000000001,1.9379959091296557,2.0,0.0,37.001112314694865,37.0,41.73066496461015,487.74880142257376,490.1849516598584
116.9,1.9381292424629888,2.0,0.0,37.001112195422195,37.0,41.73053244132041,487.7332152678804,490.1987329643771
117.0,1.9382625757963219,2.0,0.0,37.00111207618596,37.0,41.73039993197789,487.7176304857784,490.21251292883886
117.10000000000001,1.9383959091296548,2.0,0.0,37.00111195698628,37.0,41.730267436652575,487.702047076068,490.2262915534441
117.2,1.9385292424629879,2.0,0.0,37.001111837822975,37.0,41.730134955338585,487.68646503854995,490.240068838393
117.30000000000001,1.9386625609789765,2.0,0.0013302652493423217,37.00111171868309,37.0,41.7300024880335,487.6708843731324,490.25384478378265
117.4,1.9387958943123096,2.0,0.0,37.00111159956049,37.0,41.72987003486375,487.65530507966974,490.26761938976176
117.5,1.9389292276456425,2.0,0.0,37.001111480474265,37.0,41.72973759586276,487.6397271578011,490.281392656685
117.60000000000001,1.9390625609789756,2.0,0.0,37.00111136142425,37.0,41.72960517082288,487.624150607327,490.2951645847526
117.7,1.9391958943123087,2.0,0.0,37.0011112424105,37.0,41.72947275977967,487.6085754280482,490.3089351741646
117.80000000000001,1.9393292276456415,2.0,0.0,37.001111123432906,37.0,41.72934036272786,487.59300161976535,490.32270442512095
117.9,1.9394625521469042,2.0,0.0007927583250735282,37.00111100448379,37.0,41.72920797966437,487.57742918234334,490.3364723377602
118.0,1.9395958854802373,2.0,0.0,37.00111088555934,37.0,41.7290756106623,487.5618581156151,490.35023891225165
118.10000000000001,1.9397292188135704,2.0,0.0,37.00111076667099,37.0,41.72894325574142,487.5462884192853,490.3640041488874
118.2,1.9398625521469033,2.0,0.0,37.00111064781868,37.0,41.72881091477552,487.53072009315474,490.3777680478671
118.30000000000001,1.9399958854802364,2.0,0.0,37.00111052900235,37.0,41.728678587783705,487.51515313702424,490.3915306093907
118.4,1.9401292188135695,2.0,0.0,37.001110410221884,37.0,41.7285462747621,487.49958755069486,490.40529183365794
118.5,1.940262542166983,2.0,0.0008956034516081068,37.001110291468706,37.0,41.72841397570745,487.48402333404,490.41905172079925
118.60000000000001,1.940395875500316,2.0,0.0,37.001110172738436,37.0,41.728281690702055,487.4684604868969,490.43281027097953
118.7,1.940529208833649,2.0,0.0,37.00111005404398,37.0,41.728149419769785,487.452899008958,490.4465674845026
118.80000000000001,1.940662542166982,2.0,0.0,37.00110993538516,37.0,41.72801716276855,487.43733890002443,490.460323361568
118.9,1.940795875500315,2.0,0.0,37.001109816762096,37.0,41.727884919721596,487.42178015989725,490.47407790237526
119.0,1.940929208833648,2.0,0.0,37.001109698174616,37.0,41.72775269062315,487.40622278837776,490.48783110712407
119.10000000000001,1.9410625239064567,2.0,0.0016383717232413275,37.00110957960692,37.0,41.72762047547086,487.3906667853997,490.501582975887
119.2,1.9411958572397898,2.0,0.0,37.001109461051215,37.0,41.72748827442005,487.3751121508305,490.5153335088001
119.30000000000001,1.9413291905731227,2.0,0.0,37.00110934253115,37.0,41.72735608751554,487.35955888427276,490.529082706253
119.4,1.9414625239064558,2.0,0.0,37.00110922404656,37.0,41.727223914501025,487.3440069855279,490.5428305684451
119.5,1.941595857239789,2.0,0.0,37.00110910559738,37.0,41.727091755421235,487.3284564543972,490.5565770955756
119.60000000000001,1.9417291905731218,2.0,0.0,37.00110898718361,37.0,41.726959610272154,487.3129072906822,490.570322287844
119.7,1.9418624902330062,2.0,0.0030206285501592767,37.001108868776214,37.0,41.726827479049426,487.29735949442835,490.5840661452158
119.80000000000001,1.9419958235663393,2.0,0.0,37.00110875036074,37.0,41.72669536204274,487.28181306555956,490.59780866777334
119.9,1.9421291568996721,2.0,0.0,37.00110863198074,37.0,41.726563259339365,487.26626800351096,490.6115498560663
120.0,1.9422624902330052,2.0,0.0,37.0011085136361,37.0,41.72643117047075,487.2507243080842,490.62528971029366
120.10000000000001,1.9423958235663383,2.0,0.0,37.00110839532681,37.0,41.72629909552086,487.23518197908095,490.6390282306546
120.2,1.9425291568996712,2.0,0.0,37.00110827705288,37.0,41.72616703448523,487.2196410163028,490.65276541734823
120.30000000000001,1.9426624340148162,2.0,0.00504193366286243,37.0011081587657,37.0,41.72603498735962,487.2041014199588,490.66650127018374
120.4,1.942795767348149,2.0,0.0,37.00110804044141,37.0,41.725902954631636,487.1885631900546,490.68023578916507
120.5,1.9429291006814822,2.0,0.0,37.0011079221527,37.0,41.725770936447255,487.17302632578094,490.69396897507585
120.60000000000001,1.9430624340148153,2.0,0.0,37.00110780389946,37.0,41.72563893202745,487.15749082693947,490.70770082811504
120.7,1.9431957673481481,2.0,0.0,37.001107685681745,37.0,41.725506941514496,487.1419566933322,490.7214313484814
120.80000000000001,1.9433291006814812,2.0,0.0,37.00110756749933,37.0,41.72537496490333,487.1264239247609,490.7351605363739
120.9,1.943462348120647,2.0,0.007701841116651398,37.00110744927838,37.0,41.72524300219212,487.11089252164976,490.7488883913959
121.0,1.94359568145398,2.0,0.0,37.001107330982336,37.0,41.72511105412342,487.09536248411183,490.7626149134485
121.10000000000001,1.943729014787313,2.0,0.0,37.00110721272239,37.0,41.72497912092407,487.0798338110161,490.77634010362317
121.2,1.943862348120646,2.0,0.0,37.001107094498195,37.0,41.72484720140477,487.0643065021646,490.7900639621186
121.30000000000001,1.9439956814539792,2.0,0.0,37.00110697630981,37.0,41.72471529578702,487.0487805573595,490.80378648913336
121.4,1.9441289825152333,2.0,0.0028932326297104183,37.00110685812939,37.0,41.72458340406528,487.03325597663644,490.8175076846425
121.5,1.9442623158485661,2.0,0.0,37.00110673994328,37.0,41.72445152651722,487.01773275991457,490.8312275487328
121.60000000000001,1.9443956491818992,2.0,0.0,37.001106621792985,37.0,41.72431966322426,487.0022109066456,490.84494608193796
121.7,1.9445289825152323,2.0,0.0,37.0011065036785,37.0,41.72418781373985,486.98669041663186,490.8586632844565
121.80000000000001,1.9446623158485652,2.0,0.0,37.00110638559977,37.0,41.724055978142694,486.97117128967557,490.8723791564869
121.9,1.9447956491818983,2.0,0.0,37.00110626755679,37.0,41.723924156429064,486.955653525579,490.88609369822734
122.0,1.9449289074554996,2.0,0.006727815650376723,37.00110614948494,37.0,41.72379234859455,486.9401371246877,490.89980690935676
122.10000000000001,1.9450622407888327,2.0,0.0,37.00110603135232,37.0,41.72366055528893,486.9246220870755,490.9135187898136
122.2,1.9451955741221658,2.0,0.0,37.00110591325608,37.0,41.723528776709124,486.9091084117306,490.9272293405753
122.30000000000001,1.9453289074554987,2.0,0.0,37.00110579519588,37.0,41.72339701181554,486.8935960984552,490.9409385618402
122.4,1.9454622407888318,2.0,0.0,37.00110567717172,37.0,41.72326526080156,486.87808514705205,490.95464645380633
122.5,1.945595539607635,2.0,0.0030931046974518317,37.00110555915393,37.0,41.72313352366217,486.8625755575733,490.9683530164332
122.60000000000001,1.945728872940968,2.0,0.0,37.001105441127834,37.0,41.723001800693325,486.8470673299463,490.9820582497993
122.7,1.9458622062743012,2.0,0.0,37.00110532313789,37.0,41.72287009198333,486.8315604635994,490.99576215446103
122.80000000000001,1.945995539607634,2.0,0.0,37.0011052051841,37.0,41.72273839705401,486.81605495833526,491.00946473061634
122.9,1.9461288729409671,2.0,0.0,37.001105087266296,37.0,41.72260671598992,486.8005508139566,491.0231659784632
123.0,1.9462622062743002,2.0,0.0,37.001104969384585,37.0,41.72247504878846,486.78504803026607,491.03686589819955
123.10000000000001,1.946395449195971,2.0,0.008100798844999257,37.001104851461264,37.0,41.72234339544381,486.7695466077199,491.05056448939825
123.2,1.9465287825293038,2.0,0.0,37.00110473345802,37.0,41.72221175673824,486.7540465464477,491.06426175194457
123.30000000000001,1.946662115862637,2.0,0.0,37.001104615491386,37.0,41.72208013290907,486.73854784527254,491.07795768697383
123.4,1.94679544919597,2.0,0.0,37.00110449756136,37.0,41.72194852270997,486.72305050399723,491.09165229468374
123.5,1.946928782529303,2.0,0.0,37.001104379667765,37.0,41.72181692636962,486.70755452242474,491.10534557527205
123.60000000000001,1.9470620529226186,2.0,0.005638400168598956,37.00110426175672,37.0,41.72168534388535,486.69205990081264,491.1190375285017
123.7,1.9471953862559517,2.0,0.0,37.0011041438014,37.0,41.72155377579779,486.67656663919126,491.1327281543526
123.80000000000001,1.9473287195892846,2.0,0.0,37.00110402588308,37.0,41.72142222227277,486.661074736682,491.14641745367487
123.9,1.9474620529226176,2.0,0.0,37.00110390800148,37.0,41.721290682439346,486.6455841930878,491.1601054266661
124.0,1.9475953862559507,2.0,0.0,37.00110379015672,37.0,41.72115915645851,486.6300950082119,491.17379207352377
124.10000000000001,1.9477286781580008,2.0,0.0037109327722322227,37.00110367231315,37.0,41.72102764432414,486.61460718215665,491.1874773941592
124.2,1.9478620114913339,2.0,0.0,37.00110355445321,37.0,41.72089614639273,486.5991207148747,491.201161388627
124.30000000000001,1.9479953448246667,2.0,0.0,37.001103436630274,37.0,41.72076466277061,486.5836356057209,491.2148440575535
124.4,1.9481286781579998,2.0,0.0,37.00110331884429,37.0,41.720633192884456,486.56815185449835,491.22852540113615
124.5,1.948262011491333,2.0,0.0,37.00110320109508,37.0,41.72050173683714,486.55266946101057,491.2422054195724
124.60000000000001,1.9483953189399412,2.0,0.0023180560882298806,37.00110308336059,37.0,41.72037029462585,486.5371884252475,491.2558841128808
124.7,1.9485286522732743,2.0,0.0,37.00110296562974,37.0,41.72023886646903,486.5217087471061,491.2695614811694
124.80000000000001,1.9486619856066072,2.0,0.0,37.0011028479359,37.0,41.72010745243298,486.5062304261097,491.28323752490326
124.9,1.9487953189399403,2.0,0.0,37.00110273027889,37.0,41.71997605215741,486.4907534620619,491.29691224427967
125.0,1.9489286522732734,2.0,0.0,37.0011026126586,37.0,41.719844665706354,486.47527785476603,491.31058563949574
125.10000000000001,1.949061969307056,2.0,0.0014594248232757678,37.00110249506122,37.0,41.71971329307619,486.45980360414325,491.3242577106362
125.2,1.9491953026403892,2.0,0.0,37.0011023774797,37.0,41.71958193440207,486.44433071005597,491.3379284578418
125.30000000000001,1.949328635973722,2.0,0.0,37.00110225993507,37.0,41.719450589724964,486.42885917213147,491.3515978814783
125.4,1.9494619693070552,2.0,0.0,37.00110214242716,37.0,41.71931925881601,486.4133889901735,491.3652659817427
125.5,1.9495953026403883,2.0,0.0,37.00110202495597,37.0,41.71918794171458,486.3979201639858,491.3789327588319
125.60000000000001,1.9497286232988082,2.0,0.0011346889624794798,37.001101907510645,37.0,41.71905663841593,486.38245269346345,491.39259821285555
125.7,1.9498619566321413,2.0,0.0,37.00110179008573,37.0,41.71892534902552,486.36698657845596,491.40626234396666
125.80000000000001,1.9499952899654744,2.0,0.0,37.00110167269747,37.0,41.71879407357376,486.3515218186301,491.4199251524933
125.9,1.9501286232988073,2.0,0.0,37.00110155534583,37.0,41.718662811882766,486.3360584137899,491.4335866386321
126.0,1.9502619566321404,2.0,0.0,37.00110143803067,37.0,41.71853156398122,486.3205963637391,491.4472468025799
126.10000000000001,1.9503952749555649,2.0,0.0013434937733203256,37.00110132073928,37.0,41.71840032986578,486.3051356683898,491.46090564443017
126.2,1.950528608288898,2.0,0.0,37.00110120346511,37.0,41.71826910966068,486.28967632760015,491.47456316432766
126.30000000000001,1.9506619416222308,2.0,0.0,37.00110108622749,37.0,41.71813790340377,486.27421834101193,491.48821936262414
126.4,1.950795274955564,2.0,0.0,37.001100969026254,37.0,41.718006710884325,486.25876170842935,491.5018742395163
126.5,1.950928608288897,2.0,0.0,37.00110085186145,37.0,41.71787553213833,486.24330642965634,491.5155277952007
126.60000000000001,1.9510619183186526,2.0,0.002085479809834645,37.00110073471308,37.0,41.7177443671605,486.22785250466495,491.52918002971336
126.7,1.9511952516519855,2.0,0.0,37.00110061757135,37.0,41.717613216149076,486.21239993334325,491.54283094317054
126.80000000000001,1.9513285849853186,2.0,0.0,37.00110050046601,37.0,41.717482079161,486.1969487152438,491.5564805360093
126.9,1.9514619183186517,2.0,0.0,37.00110038339699,37.0,41.71735095587508,486.18149885017095,491.5701288084261
127.0,1.9515952516519846,2.0,0.0,37.00110026636435,37.0,41.71721984634696,486.1660503379289,491.5837757606173
127.10000000000001,1.9517285474304154,2.0,0.0033602829166716752,37.00110014933591,37.0,41.71708875057161,486.15060317859223,491.5974213925208
127.2,1.9518618807637482,2.0,0.0,37.00110003229577,37.0,41.71695766887037,486.13515737210054,491.6110657042035
127.30000000000001,1.9519952140970813,2.0,0.0,37.00109991529217,37.0,41.71682660133945,486.1197129178529,491.62470869624946
127.4,1.9521285474304144,2.0,0.0,37.001099798324844,37.0,41.71669554746005,486.10426981565377,491.6383503688548
127.5,1.9522618807637473,2.0,0.0,37.00109968139395,37.0,41.716564507327156,486.0888280653077,491.6519907222156
127.60000000000001,1.95239515633427,2.0,0.005167534233434079,37.001099564450044,37.0,41.716433480934136,486.0733876670346,491.66562975613067
127.7,1.9525284896676032,2.0,0.0,37.00109944746873,37.0,41.71630246877744,486.0579486208468,491.67926747059744
127.80000000000001,1.9526618230009363,2.0,0.0,37.00109933052414,37.0,41.71617147100649,486.04251092592585,491.692903866408
127.9,1.9527951563342691,2.0,0.0,37.001099213616214,37.0,41.71604048682688,486.0270745820766,491.7065389437583
128.0,1.9529284896676022,2.0,0.0,37.001099096744724,37.0,41.71590951638302,486.0116395891035,491.72017270284437
128.1,1.9530617390747642,2.0,0.00750686019881508,37.00109897983822,37.0,41.71577855967271,485.9962059474145,491.733805143285
128.20000000000002,1.953195072408097,2.0,0.0,37.00109886286134,37.0,41.7156476174142,485.98077365711634,491.7474362649875
128.3,1.9533284057414302,2.0,0.0,37.001098745921524,37.0,41.71551668982661,485.9653427171089,491.7610660690133
128.4,1.9534617390747633,2.0,0.0,37.00109862901871,37.0,41.71538577576043,485.9499131271971,491.7746945555581
128.5,1.9535950470125953,2.0,0.0022712158882880473,37.00109851213125,37.0,41.71525487542666,485.9344848873682,491.7883217246432
128.6,1.9537283803459284,2.0,0.0,37.001098395248334,37.0,41.71512398903992,485.91905799751845,491.80194757637713
128.70000000000002,1.9538617136792615,2.0,0.0,37.00109827840254,37.0,41.71499311666435,485.90363245717907,491.8155721112173
128.8,1.9539950470125944,2.0,0.0,37.0010981615938,37.0,41.714862257948184,485.88820826615523,491.8291953293594
128.9,1.9541283803459275,2.0,0.0,37.00109804482196,37.0,41.71473141295269,485.87278542425173,491.842817230999
129.0,1.9542616513611237,2.0,0.0055723964348834976,37.00109792803403,37.0,41.71460058167502,485.85736393172124,491.85643781590375
129.1,1.9543949846944568,2.0,0.0,37.00109781120358,37.0,41.71446976464656,485.84194378859274,491.870057084055
129.20000000000002,1.95452831802779,2.0,0.0,37.00109769441059,37.0,41.71433896203076,485.8265249940001,491.8836750362903
129.3,1.9546616513611228,2.0,0.0,37.00109757765483,37.0,41.71420817297049,485.81110754774863,491.8972916728051
129.4,1.9547949701767104,2.0,0.0012979784354971713,37.00109746092403,37.0,41.71407739762349,485.7956914497477,491.9109069936953
129.5,1.9549283035100435,2.0,0.0,37.001097344211814,37.0,41.71394663610912,485.7802766998547,491.9245209991062
129.6,1.9550616368433764,2.0,0.0,37.001097227536945,37.0,41.71381588846425,485.76486329771865,491.9381336893829
129.70000000000002,1.9551949701767095,2.0,0.0,37.00109711089925,37.0,41.713685154484075,485.7494512431449,491.9517450647205
129.8,1.9553283035100426,2.0,0.0,37.001096994298734,37.0,41.71355443420336,485.7340405359388,491.9653551253144
129.9,1.9554615746475803,2.0,0.005559750178722123,37.00109687768236,37.0,41.713423727617304,485.71863117635195,491.9789638709329
130.0,1.9555949079809134,2.0,0.0,37.00109676102397,37.0,41.713293035258154,485.703223164413,491.9925713015579
130.1,1.9557282413142465,2.0,0.0,37.00109664440316,37.0,41.71316235728637,485.6878164992582,492.00617741802466
130.20000000000002,1.9558615746475794,2.0,0.0,37.00109652781981,37.0,41.71303169284933,485.67241118069313,492.01978222052827
130.3,1.9559948828600175,2.0,0.002245278148989005,37.00109641125255,37.0,41.71290104210284,485.6570072087035,492.0333857090916
130.4,1.9561282161933504,2.0,0.0,37.00109629469074,37.0,41.712770405258475,485.64160458318486,492.04698788382336
130.5,1.9562615495266835,2.0,0.0,37.00109617816645,37.0,41.712639782379135,485.6262033036728,492.0605887451771
130.6,1.9563948828600166,2.0,0.0,37.001096061679675,37.0,41.71250917311845,485.6108033699731,492.07418829334773
130.70000000000002,1.9565282161933495,2.0,0.0,37.001095945230304,37.0,41.71237857753604,485.59540478189143,492.0877865285302
130.8,1.956661465976588,2.0,0.007466343849875656,37.00109582874728,37.0,41.712247995628566,485.58000753983225,492.10138345034665
130.9,1.956794799309921,2.0,0.0,37.001095712195536,37.0,41.712117428110375,485.56461164390095,492.11497905870533
131.0,1.956928132643254,2.0,0.0,37.00109559568182,37.0,41.71198687519833,485.54921709300527,492.12857335466026
131.1,1.957061465976587,2.0,0.0,37.001095479206015,37.0,41.7118563357502,485.533823886951,492.1421663384062
131.20000000000002,1.9571947421144238,2.0,0.00511050362540022,37.00109536271947,37.0,41.71172580997607,485.5184320259538,492.1557580097459
131.3,1.9573280754477567,2.0,0.0,37.00109524619813,37.0,41.71159529836359,485.5030415100247,492.169348368678
131.4,1.9574614087810898,2.0,0.0,37.00109512971517,37.0,41.71146480106007,485.487652338355,492.18293741598507
131.5,1.9575947421144229,2.0,0.0,37.0010950132704,37.0,41.71133431728123,485.4722645107508,492.1965251518617
131.6,1.9577280398210564,2.0,0.003182865587088024,37.00109489683348,37.0,41.711203847170516,485.45687802727326,492.21011157625844
131.70000000000002,1.9578613731543895,2.0,0.0,37.00109478038945,37.0,41.71107339103019,485.4414928878561,492.2236966892478
131.8,1.9579947064877223,2.0,0.0,37.00109466398385,37.0,41.71094294894989,485.42610909192285,492.2372804913904
131.9,1.9581280398210554,2.0,0.0,37.0010945476165,37.0,41.710812520439795,485.41072663927963,492.2508629828805
132.0,1.9582613543117466,2.0,0.0016831598418867166,37.0010944312715,37.0,41.71068210558807,485.39534552986754,492.26444416378365
132.1,1.9583946876450795,2.0,0.0,37.00109431494076,37.0,41.71055170455086,485.3799657635603,492.2780240342297
132.20000000000002,1.9585280209784126,2.0,0.0,37.001094198648445,37.0,41.71042131737535,485.36458733996193,492.2916025946064
132.3,1.9586613543117457,2.0,0.0,37.00109408239433,37.0,41.71029094379919,485.34921025887866,492.30517984510806
132.4,1.9587946808028607,2.0,0.000611112732699759,37.001093966172675,37.0,41.71016058386838,485.33383452016596,492.3187557858822
132.5,1.9589280141361938,2.0,0.0,37.00109384998052,37.0,41.710030237636,485.31846012365463,492.3323304170997
132.6,1.9590613474695266,2.0,0.0,37.00109373382662,37.0,41.709899905116565,485.3030870690777,492.34590373902483
132.70000000000002,1.9591946808028597,2.0,0.0,37.00109361771081,37.0,41.70976958621205,485.2877153562416,492.3594757518519
132.8,1.9593280141361928,2.0,0.0,37.00109350163302,37.0,41.70963928093709,485.2723449849529,492.37304645577495
132.9,1.9594612570649268,2.0,0.008073113508482166,37.00109338551681,37.0,41.70950898928736,485.25697595566464,492.3866158503697
133.0,1.95959459039826,2.0,0.0,37.001093269324144,37.0,41.709378712031885,485.2416082685067,492.40018393552083
133.1,1.9597279237315928,2.0,0.0,37.00109315317019,37.0,41.70924844940723,485.2262419223161,492.4137507123499
133.20000000000002,1.9598612570649259,2.0,0.0,37.00109303705494,37.0,41.70911820018103,485.2108769168997,492.42731618105086
133.3,1.959994501285219,2.0,0.007956694884404314,37.00109292090286,37.0,41.70898796457898,485.195513252701,492.44088034120824
133.4,1.9601278346185518,2.0,0.0,37.0010928046766,37.0,41.708857743360944,485.18015092984535,492.4544431927114
133.5,1.9602611679518849,2.0,0.0,37.00109268848968,37.0,41.7087275367582,485.1647899471843,492.46800473666787
133.6,1.9603944994899105,2.0,0.00016028246345278774,37.001092572340326,37.0,41.708597343556164,485.1494303045374,492.48156497325914
133.70000000000002,1.9605278328232434,2.0,0.0,37.00109245622792,37.0,41.708467163994996,485.134072001718,492.495123902673
133.8,1.9606611661565765,2.0,0.0,37.001092340154685,37.0,41.70833699807297,485.1187150385137,492.5086815251215
133.9,1.9607944994899096,2.0,0.0,37.0010922241205,37.0,41.708206845761985,485.1033594147314,492.5222378407984
134.0,1.960927823908643,2.0,0.0007957743368627312,37.0010921081178,37.0,41.708076707062915,485.0880051302418,492.5357928498364
134.1,1.9610611572419758,2.0,0.0,37.00109199214285,37.0,41.70794658204736,485.0726521848838,492.5493465523986
134.20000000000002,1.961194490575309,2.0,0.0,37.001091876207,37.0,41.707816470734386,485.0573005783689,492.56289894877
134.3,1.961327823908642,2.0,0.0,37.00109176031003,37.0,41.707686372998104,485.04195031050403,492.5764500391441
134.4,1.9614611364306624,2.0,0.0018574985877228833,37.00109164443444,37.0,41.707556288858875,485.0266013812451,492.5899998235724
134.5,1.9615944697639953,2.0,0.0,37.00109152857152,37.0,41.70742621848874,485.0112537904735,492.6035483021771
134.6,1.9617278030973284,2.0,0.0,37.0010914127476,37.0,41.70729616193815,484.9959075377737,492.61709547536486
134.70000000000002,1.9618611364306615,2.0,0.0,37.00109129696261,37.0,41.70716611892183,484.98056262295273,492.63064134332905
134.8,1.9619944322799199,2.0,0.003345159053421476,37.00109118118496,37.0,41.70703608948832,484.96521904608545,492.64418590600724
134.9,1.962127765613253,2.0,0.0,37.00109106539878,37.0,41.70690607395268,484.949876807113,492.6577291634647
135.0,1.962261098946586,2.0,0.0,37.001090949651825,37.0,41.70677607241131,484.9345359054415,492.67127111627843
135.1,1.962394432279919,2.0,0.0,37.00109083394392,37.0,41.706646084350304,484.9191963408784,492.6848117646417
135.20000000000002,1.9625277066817834,2.0,0.005258455832800379,37.00109071822533,37.0,41.70651610986217,484.9038581136513,492.69835110834566
135.3,1.9626610400151165,2.0,0.0,37.00109060247132,37.0,41.70638614944524,484.8885212237782,492.71188914738235
135.4,1.9627943733484494,2.0,0.0,37.00109048675682,37.0,41.70625620325155,484.87318567043593,492.7254258825478
135.5,1.9629277066817825,2.0,0.0,37.001090371081716,37.0,41.70612627047771,484.8578514534321,492.7389613140353
135.6,1.9630609548630795,2.0,0.00759708529004266,37.00109025537404,37.0,41.705996351269974,484.84251857318145,492.75249544145703
135.70000000000002,1.9631942881964126,2.0,0.0,37.00109013959815,37.0,41.705866446351656,484.82718702979525,492.7660282647155
135.8,1.9633276215297457,2.0,0.0,37.001090023862446,37.0,41.705736555943425,484.8118568221705,492.7795597848748
135.9,1.9634609295956922,2.0,0.002254073391631195,37.001089908145275,37.0,41.70560667888517,484.796527950295,492.79309000195553
136.0,1.9635942629290253,2.0,0.0,37.00108979243612,37.0,41.705476815608044,484.7812004140666,492.80661891606445
136.1,1.9637275962623584,2.0,0.0,37.00108967676698,37.0,41.705346966172925,484.76587421302287,492.8201465276528
136.20000000000002,1.9638609295956913,2.0,0.0,37.0010895611378,37.0,41.70521713023396,484.7505493469717,492.8336728369134
136.3,1.9639942030467483,2.0,0.005341301024914369,37.00108944549817,37.0,41.705087307850924,484.7352258161475,492.84719784363097
136.4,1.9641275363800814,2.0,0.0,37.00108932982289,37.0,41.70495749952916,484.7199036205716,492.86072154779396
136.5,1.9642608697134143,2.0,0.0,37.00108921418797,37.0,41.70482770542392,484.704582759412,492.87424395020724
136.6,1.9643941946778294,2.0,0.000746403859028355,37.001089098586306,37.0,41.70469792471999,484.68926323253623,492.88776505100657
136.70000000000002,1.9645275280111625,2.0,0.0,37.00108898301437,37.0,41.70456815763644,484.6739450397821,492.9012848503559
136.8,1.9646608613444954,2.0,0.0,37.00108886748279,37.0,41.704438404190746,484.6586281808682,492.9148033485334
136.9,1.9647941946778285,2.0,0.0,37.001088751991404,37.0,41.704308664264715,484.64331265560264,492.9283205457316
137.0,1.9649274766376668,2.0,0.004581257466143018,37.001088636496945,37.0,41.704178937876485,484.62799846415925,492.9418364417932
137.1,1.9650608099709999,2.0,0.0,37.00108852097793,37.0,41.704049225458654,484.6126856065291,492.95535103673564
137.20000000000002,1.965194143304333,2.0,0.0,37.00108840549956,37.0,41.70391952714253,484.5973740819718,492.9688643312761
137.3,1.9653274684115918,2.0,0.0007334896998791862,37.001088290054724,37.0,41.703789842228275,484.58206389035416,492.98237632555094
137.4,1.9654608017449249,2.0,0.0,37.00108817463996,37.0,41.70366017091331,484.5667550315137,492.9958870197246
137.5,1.965594135078258,2.0,0.0,37.001088059265726,37.0,41.70353051321448,484.5514475051708,493.00939641407325
137.6,1.9657274684115909,2.0,0.0,37.001087943931964,37.0,41.70340086901542,484.53614131113386,493.02290450878934
137.70000000000002,1.9658607421295307,2.0,0.005314970864623625,37.00108782858848,37.0,41.703271238332725,484.5208364496353,493.03641130365935
137.8,1.9659940754628635,2.0,0.0,37.00108771321021,37.0,41.70314162166941,484.50553292069566,493.0499167986726
137.9,1.9661274087961966,2.0,0.0,37.001087597872754,37.0,41.70301201917992,484.49023072348734,493.06342099462967
138.0,1.9662607173012803,2.0,0.0022133209779298113,37.00108748255525,37.0,41.70288243005322,484.47492985799533,493.0769238915538
138.1,1.9663940506346131,2.0,0.0,37.00108736724718,37.0,41.702752854646725,484.4596303241165,493.09042548955256
138.20000000000002,1.9665273839679462,2.0,0.0,37.00108725198004,37.0,41.70262329302274,484.4443321213946,493.1039257890714
138.3,1.9666607173012793,2.0,0.0,37.00108713675371,37.0,41.70249374484042,484.42903524963816,493.11742479030227
138.4,1.9667939660375517,2.0,0.00754040512391585,37.00108702149697,37.0,41.70236421015896,484.41373970925713,493.13092249286194
138.5,1.9669272993708846,2.0,0.0,37.001086906174635,37.0,41.702234689694066,484.39844550036105,493.1444188966547
138.6,1.9670606327042177,2.0,0.0,37.00108679089374,37.0,41.702105183662994,484.3831526218567,493.1579140027352
138.70000000000002,1.9671939078733247,2.0,0.00518383546359269,37.00108667560528,37.0,41.70197569092005,484.3678610739662,493.1714078108999
138.8,1.9673272412066578,2.0,0.0,37.00108656028499,37.0,41.7018462121702,484.352570856705,493.1849003211429
138.9,1.967460574539991,2.0,0.0,37.00108644500648,37.0,41.70171674756199,484.3372819692618,493.1983915342489
139.0,1.9675938725391708,2.0,0.003148805241976582,37.001086329739906,37.0,41.70158729630573,484.3219944116966,493.21188145016964
139.1,1.9677272058725037,2.0,0.0,37.00108621447066,37.0,41.70145785884565,484.30670818394395,493.2253700689767
139.20000000000002,1.9678605392058368,2.0,0.0,37.001086099243366,37.0,41.70132843526847,484.29142328543605,493.23885739122187
139.3,1.967993856433448,2.0,0.0014351165574004732,37.00108598404438,37.0,41.70119902509372,484.2761397160964,493.25234341698734
139.4,1.9681271897667811,2.0,0.0,37.00108586886705,37.0,41.70106962854367,484.2608574757911,493.26582814641006
139.5,1.968260523100114,2.0,0.0,37.00108575373167,37.0,41.70094024565494,484.2455765641577,493.2793115798456
139.6,1.968393855955668,2.0,4.256869412144759e-05,37.00108563863773,37.0,41.70081087620627,484.23029698100856,493.29279371748237
139.70000000000002,1.968527189289001,2.0,0.0,37.00108552358506,37.0,41.700681520238376,484.2150187261546,493.30627455951014
139.8,1.968660522622334,2.0,0.0,37.00108540857417,37.0,41.70055217774701,484.19974179939976,493.3197541061252
139.9,1.968793855955667,2.0,0.0,37.001085293605115,37.0,41.70042284872167,484.1844662005533,493.333232357519
140.0,1.9689271098408991,2.0,0.007077624791838266,37.00108517861105,37.0,41.700293533157826,484.16919192998824,493.34670931334375
140.1,1.9690604431742322,2.0,0.0,37.001085063558946,37.0,41.700164231727044,484.1539189877959,493.3601849735208
140.20000000000002,1.9691937765075653,2.0,0.0,37.00108494854925,37.0,41.70003494463287,484.1386473729399,493.3736593390505
140.3,1.9693270376790264,2.0,0.006427879111788659,37.00108483352113,37.0,41.69990567079973,484.1233770857415,493.3871324096344
140.4,1.9694603710123595,2.0,0.0,37.0010847184447,37.0,41.69977641103895,484.1081081262662,493.40060418521875
140.5,1.9695937043456924,2.0,0.0,37.00108460341113,37.0,41.69964716553367,484.09284049355546,493.4140746667292
140.6,1.9697269692077952,2.0,0.006098512875962303,37.001084488362835,37.0,41.6995179333072,484.0775741879045,493.42754385389236
140.70000000000002,1.9698603025411283,2.0,0.0,37.00108437327128,37.0,41.699388715119454,484.06230920936554,493.44101174666713
140.8,1.9699936358744614,2.0,0.0,37.001084258223045,37.0,41.69925951114583,484.0470455570198,493.45447834594114
140.9,1.970126900832912,2.0,0.006089313301676613,37.001084143160654,37.0,41.69913032045834,484.0317832311616,493.4679436514417
141.0,1.970260234166245,2.0,0.0,37.00108402805557,37.0,41.6990011438065,484.01652223184306,493.48140766312804
141.1,1.970393567499578,2.0,0.0,37.00108391299432,37.0,41.698871981365855,484.00126255814666,493.49487038188647
141.20000000000002,1.9705268289614088,2.0,0.006400064808337769,37.001083797916465,37.0,41.69874283220892,483.9860042103915,493.50833180742075
141.3,1.970660162294742,2.0,0.0,37.001083682792,37.0,41.698613697114965,483.970747188642,493.521791939678
141.4,1.970793495628075,2.0,0.0,37.00108356771182,37.0,41.69848457626886,483.955491491944,493.53525077957994
141.5,1.9709267500016772,2.0,0.007030549020616839,37.00108345260952,37.0,41.698355468696356,483.94023712066667,493.54870832678216
141.6,1.9710600833350103,2.0,0.0,37.00108333745237,37.0,41.6982263752458,483.92498407489967,493.56216458120787
141.70000000000002,1.9711934166683431,2.0,0.0,37.001083222340014,37.0,41.69809729611842,483.9097323536137,493.5756195438502
141.8,1.9713266603634991,2.0,0.007980544771374554,37.001083107197246,37.0,41.69796823024689,483.8944819572537,493.5890732142929
141.9,1.9714599936968322,2.0,0.0,37.001082991986834,37.0,41.697839178586186,483.87923288594703,493.6025255924227
142.0,1.971593314189208,2.0,0.001143161438188045,37.0010828768111,37.0,41.69771014136635,483.8639851386423,493.61597667925406
142.1,1.971726647522541,2.0,0.0,37.00108276166458,37.0,41.69758111748557,483.848738715195,493.6294264749341
142.20000000000002,1.971859980855874,2.0,0.0,37.00108264656353,37.0,41.697452107199545,483.8334936152786,493.64287497978387
142.3,1.9719932846396027,2.0,0.002630375665400253,37.00108253148301,37.0,41.69732311032933,483.8182498389126,493.65632219379376
142.4,1.9721266179729358,2.0,0.0,37.00108241641095,37.0,41.697194127154525,483.80300738601164,493.6697681170541
142.5,1.9722599513062689,2.0,0.0,37.001082301384486,37.0,41.69706515774472,483.7877662560721,493.6832127500555
142.6,1.972393234794251,2.0,0.004436563734100174,37.00108218636183,37.0,41.69693620169913,483.7725264492569,493.696656092651
142.70000000000002,1.972526568127584,2.0,0.0,37.00108207132229,37.0,41.696807259509356,483.7572879655527,493.7100981448621
142.8,1.9726599014609172,2.0,0.0,37.00108195632873,37.0,41.69667833130077,483.74205080424065,493.7235389073852
142.9,1.9727931610675646,2.0,0.006561494181733796,37.001081841319376,37.0,41.69654941639778,483.72681496565264,493.73697837991176
143.0,1.9729264944008977,2.0,0.0,37.00108172626358,37.0,41.69642051554591,483.71158044986,493.7504165623825
143.1,1.9730598176403933,2.0,0.0008982661012848503,37.00108161124598,37.0,41.69629162893355,483.69634725596194,493.76385345566763
143.20000000000002,1.9731931509737264,2.0,0.0,37.00108149626209,37.0,41.69616275564842,483.6811153838047,493.77728905992313
143.3,1.9733264843070593,2.0,0.0,37.001081381324695,37.0,41.69603389590068,483.66588483309164,493.79072337544153
143.4,1.9734597776454799,2.0,0.0035588479166215325,37.00108126640026,37.0,41.69590504954787,483.65065560391594,493.8041564021425
143.5,1.9735931109788127,2.0,0.0,37.00108115147225,37.0,41.695776216949376,483.6354276962296,493.8175881400807
143.6,1.9737264443121458,2.0,0.0,37.00108103659096,37.0,41.695647398203974,483.62020110941904,493.831018589852
143.70000000000002,1.9738597041673787,2.0,0.006537603671534997,37.00108092169501,37.0,41.69551859276992,483.6049758438142,493.8444477511497
143.8,1.9739930375007118,2.0,0.0,37.001080806753976,37.0,41.69538980136348,483.5897518994855,493.85787562391505
143.9,1.974126351415435,2.0,0.001727624986059828,37.00108069184398,37.0,41.69526102417141,483.5745292756018,493.87130220895193
144.0,1.9742596847487681,2.0,0.0,37.00108057695695,37.0,41.69513226036801,483.5593079720424,493.88472750638454
144.1,1.974393018082101,2.0,0.0,37.00108046211727,37.0,41.69500351018348,483.5440879884122,493.8981515165996
144.20000000000002,1.9745262925017208,2.0,0.005240874335092682,37.00108034727566,37.0,41.69487477335214,483.5288693249381,493.91157423938876
144.3,1.9746596258350537,2.0,0.0,37.00108023240779,37.0,41.69474605041582,483.5136519816392,493.92499567474283
144.4,1.9747929483194457,2.0,0.0009650401802994146,37.00108011757868,37.0,41.694617341522395,483.4984359577787,493.9384158233751
144.5,1.9749262816527786,2.0,0.0,37.001080002783794,37.0,41.69448864596827,483.4832212532057,493.95183468543877
144.6,1.9750596149861117,2.0,0.0,37.00107988803671,37.0,41.69435996392487,483.46800786761617,493.9652522612334
144.70000000000002,1.97519289196813,2.0,0.0050120812326703845,37.00107977329037,37.0,41.6942312952415,483.452795801219,493.97866855056805
144.8,1.975326225301463,2.0,0.0,37.001079658521405,37.0,41.69410264041592,483.4375850540243,493.99208355344194
144.9,1.975459544358693,2.0,0.001269680394913264,37.00107954378882,37.0,41.69397399959033,483.4223756253469,494.005497270519
145.0,1.9755928776920262,2.0,0.0,37.001079429086474,37.0,41.6938453721236,483.40716751504823,494.0189097019406
145.1,1.9757262110253593,2.0,0.0,37.00107931443239,37.0,41.6937167581915,483.3919607227883,494.0323208480406
145.20000000000002,1.9758594785778094,2.0,0.005849792648982222,37.00107919977171,37.0,41.69358815759578,483.37675524884247,494.04573070856463
145.3,1.9759928119111423,2.0,0.0,37.00107908507715,37.0,41.693459570921796,483.36155109325415,494.05913928347996
145.4,1.9761261155546166,2.0,0.002640095324874414,37.00107897040658,37.0,41.693330998336755,483.3463482553478,494.0725465734415
145.5,1.9762594488879495,2.0,0.0,37.001078855747664,37.0,41.693202439204555,483.33114673503917,494.0859525785384
145.6,1.9763927822212826,2.0,0.0,37.00107874113769,37.0,41.693073893762865,483.31594653182543,494.0993572992605
145.70000000000002,1.9765260283626496,2.0,0.007752539710319084,37.0010786265039,37.0,41.69294536160826,483.3007476461331,494.1127607352086
145.8,1.9766593616959827,2.0,0.0,37.00107851181025,37.0,41.69281684354577,483.2855500780811,494.126162886278
145.9,1.976792637949774,2.0,0.005074797549111221,37.00107839711859,37.0,41.692688339797435,483.27035382696073,494.13956375315496
146.0,1.976925971283107,2.0,0.0,37.00107828240533,37.0,41.6925598496725,483.255158892785,494.15296333583603
146.1,1.9770592752339147,2.0,0.002612149803062902,37.00107816771754,37.0,41.69243137353313,483.23996527496854,494.16636163488977
146.20000000000002,1.9771926085672475,2.0,0.0,37.00107805304299,37.0,41.69230291085845,483.2247729734266,494.17975865040603
146.3,1.9773259378005554,2.0,0.00036447370528547296,37.00107793841528,37.0,41.692174461863196,483.2095819876888,494.1931543828434
146.4,1.9774592711338885,2.0,0.0,37.00107782383253,37.0,41.692046026181366,483.1943923175811,494.206548832377
146.5,1.9775926044672216,2.0,0.0,37.001077709299864,37.0,41.69191760389351,483.17920396287167,494.2199419992372
146.6,1.9777258653675962,2.0,0.006438311277509934,37.00107759475702,37.0,41.69178919493871,483.1640169238828,494.2333338831249
146.70000000000002,1.9778591987009293,2.0,0.0,37.00107748017405,37.0,41.69166079993096,483.14883120068146,494.2467244839847
146.8,1.9779924789143495,2.0,0.004721324260713811,37.00107736559755,37.0,41.69153241905413,483.1336467926879,494.26011380237975
146.9,1.9781258122476826,2.0,0.0,37.00107725100548,37.0,41.69140405178141,483.1184636999012,494.27350183831976
147.0,1.978259109363804,2.0,0.003218786864056744,37.00107713643439,37.0,41.691275698428456,483.1032819218269,494.28688859228646
147.1,1.9783924426971369,2.0,0.0,37.00107702186921,37.0,41.69114735858313,483.0881014584043,494.3002740643465
147.20000000000002,1.978525754306602,2.0,0.001930567989021803,37.001076907337335,37.0,41.69101903246846,483.07292230921564,494.31365825490826
147.3,1.978659087639935,2.0,0.0,37.00107679282951,37.0,41.690890719776334,483.05774447414933,494.3270411640871
147.4,1.9787924113343949,2.0,0.0008565346688613751,37.00107667836522,37.0,41.690762420651325,483.0425679528556,494.3404227922264
147.5,1.9789257446677277,2.0,0.0,37.00107656394027,37.0,41.69063413487469,483.0273927451806,494.353803139482
147.6,1.9790590780010608,2.0,0.0,37.00107644956671,37.0,41.690505862522784,483.0122188508342,494.3671822061401
147.70000000000002,1.979192320136927,2.0,0.008103218737258722,37.00107633516882,37.0,41.69037760346051,482.99704627027063,494.38055999177504
147.8,1.97932565347026,2.0,0.0,37.001076220708796,37.0,41.690249358472045,482.98187500362303,494.3939364962684
147.9,1.9794589017335127,2.0,0.007558269665407957,37.001076106230244,37.0,41.69012112779142,482.96670505033927,494.4073117201567
148.0,1.9795922350668458,2.0,0.0,37.001075991697974,37.0,41.689992910909275,482.9515364105311,494.42068566334217
148.1,1.9797254870536614,2.0,0.00722695351403968,37.00107587715098,37.0,41.68986470827112,482.9363690836849,494.4340583263244
148.20000000000002,1.9798588203869945,2.0,0.0,37.0010757625555,37.0,41.68973651941838,482.9212030698994,494.447429709018
148.3,1.9799920736946537,2.0,0.007109129032555561,37.001075647947005,37.0,41.68960834477253,482.9060383686912,494.46079981189393
148.4,1.9801254070279868,2.0,0.0,37.00107553329235,37.0,41.6894801839129,482.8908749801543,494.47416863487115
148.5,1.9802586592548959,2.0,0.007204653114484705,37.001075418624396,37.0,41.68935203724736,482.87571290382704,494.48753617839975
148.6,1.9803919925882287,2.0,0.0,37.001075303909545,37.0,41.68922390438267,482.86055213980706,494.50090244239516
148.70000000000002,1.9805252413339407,2.0,0.007513380799582414,37.001075189179176,37.0,41.689095785726124,482.845392687646,494.51426742729484
148.8,1.9806585746672738,2.0,0.0,37.00107507439827,37.0,41.68896768089862,482.8302345474537,494.5276311330025
148.9,1.9807918175325103,2.0,0.008035165276107481,37.00107495959753,37.0,41.68883959031911,482.81507771878677,494.540993559951
149.0,1.9809251434088948,2.0,0.0006622865353416163,37.00107484473358,37.0,41.68871151361302,482.79992220182805,494.55435470797414
149.1,1.9810584767422277,2.0,0.0,37.001074729916354,37.0,41.688583451283016,482.7847679954624,494.5677145781471
149.20000000000002,1.981191793078069,2.0,0.0015095251931287468,37.001074615141135,37.0,41.68845540213741,482.7696150995432,494.58107317061877
149.3,1.981325126411402,2.0,0.0,37.00107450040082,37.0,41.68832736643821,482.7544635139428,494.5944304855199
149.4,1.9814584308198744,2.0,0.00256860647271262,37.001074385692675,37.0,41.68819934424284,482.7393132384979,494.60778652301553
149.5,1.9815917641532075,2.0,0.0,37.00107427100477,37.0,41.68807133556052,482.72416427312277,494.6211412831961
149.6,1.981725054238536,2.0,0.003840282303606557,37.00107415633738,37.0,41.687943340502734,482.7090166176292,494.63449476625055
149.70000000000002,1.9818583875718692,2.0,0.0,37.00107404167278,37.0,41.68781535904031,482.6938702719818,494.6478469722214
149.8,1.981991660939544,2.0,0.005324397480802823,37.00107392701517,37.0,41.68768739135081,482.67872523595884,494.6611979013292
149.9,1.982124994272877,2.0,0.0,37.001073812339826,37.0,41.68755943735589,482.6635815095839,494.6745475535604
150.0,1.9822582485296745,2.0,0.007020794959567311,37.00107369765618,37.0,41.687431497313334,482.6484390925934,494.6878959291756
150.1,1.9823915726059504,2.0,0.0008218584258070649,37.00107358292394,37.0,41.68730357108035,482.63329798514286,494.70124302803487
150.20000000000002,1.9825249059392833,2.0,0.0,37.00107346823819,37.0,41.68717565908464,482.618158186245,494.71458885109115
150.3,1.982658207259198,2.0,0.002842018519118028,37.00107335358382,37.0,41.68704776028903,482.60301969583986,494.7279333984102
150.4,1.982791540592531,2.0,0.0,37.00107323894764,37.0,41.68691987503118,482.5878825138529,494.7412766700722
150.5,1.9829248167743843,2.0,0.005073330187999492,37.00107312432215,37.0,41.68679200341052,482.57274664016126,494.7546186662033
150.6,1.9830581501077171,2.0,0.0,37.00107300968409,37.0,41.68666414547443,482.55761207477855,494.76795938679925
150.70000000000002,1.983191398762258,2.0,0.0075164211853451235,37.00107289503444,37.0,41.68653630144191,482.54247881751047,494.78129883205446
150.8,1.9833247088464812,2.0,0.002063612679685578,37.00107278031925,37.0,41.68640847125818,482.52734686863056,494.7946370017162
150.9,1.9834580421798143,2.0,0.0,37.00107266563458,37.0,41.68628065547249,482.5122162271423,494.8079738967459
151.0,1.983591321099311,2.0,0.004829498264832366,37.001072550964295,37.0,41.68615285301262,482.497086892996,494.8213095172
151.1,1.9837246544326441,2.0,0.0,37.001072436285995,37.0,41.68602506423043,482.4819588661957,494.83464386308316
151.20000000000002,1.9838578998105445,2.0,0.0078059569807397144,37.001072321594734,37.0,41.68589728931854,482.46683214659913,494.84797693454016
151.3,1.9839912006227591,2.0,0.002886119948871113,37.00107220682753,37.0,41.68576952828318,482.4517067345562,494.86130873124523
151.4,1.984124533956092,2.0,0.0,37.00107209208073,37.0,41.6856417817534,482.4365826290691,494.874639254161
151.5,1.9842577975951357,2.0,0.006184675400920048,37.00107197733712,37.0,41.68551404863727,482.4214598300979,494.8879685033346
151.6,1.9843911130550513,2.0,0.0015860348767550159,37.001071862553204,37.0,41.68538632929936,482.40633833782556,494.9012964785996
151.70000000000002,1.9845244463883844,2.0,0.0,37.00107174780862,37.0,41.68525862414491,482.3912181513954,494.91462318078385
151.8,1.9846577210589096,2.0,0.00520521652528394,37.00107163307712,37.0,41.68513093228584,482.37609927084407,494.927948609861
151.9,1.9847910439413647,2.0,0.0009272869758413238,37.00107151832583,37.0,41.68500325414249,482.3609816962641,494.9412727657513
152.0,1.9849243772746978,2.0,0.0,37.001071403623826,37.0,41.684875589993254,482.3458654268889,494.9545956491965
152.1,1.9850576557542348,2.0,0.004866748370974228,37.001071288938476,37.0,41.68474793907586,482.3307504628066,494.96791726012094
152.20000000000002,1.9851909788413844,2.0,0.0009090332086157948,37.001071174238916,37.0,41.68462030185273,482.3156368040948,494.981237598459
152.3,1.9853243121747175,2.0,0.0,37.001071059589265,37.0,41.684492678568965,482.30052445002667,494.99455666491457
152.4,1.98545758724824,2.0,0.005168416715315649,37.00107094495411,37.0,41.684365068515646,482.28541340071615,495.00787445938715
152.5,1.9855909033298118,2.0,0.0015304083271563407,37.00107083029519,37.0,41.684237472173415,482.2703036563022,495.0211909817528
152.6,1.985724236663145,2.0,0.0,37.001070715678225,37.0,41.68410988985685,482.25519521604673,495.0345062327257
152.70000000000002,1.9858575011233282,2.0,0.006109345150068002,37.00107060106757,37.0,41.68398232082729,482.2400880800647,495.0478202122048
152.8,1.9859908029968756,2.0,0.002790524928226845,37.001070486408935,37.0,41.683854765571816,482.22498224863136,495.06113291993546
152.9,1.9861241363302085,2.0,0.0,37.00107037177531,37.0,41.68372722456776,482.2098777209475,495.0744443566905
153.0,1.986257382977682,2.0,0.007688635136708255,37.00107025713413,37.0,41.68359969697368,482.19477449710337,495.0877545223923
153.1,1.9863906634488382,2.0,0.004688473508669744,37.00107014240615,37.0,41.68347218326216,482.17967257758653,495.10106341658354
153.20000000000002,1.9865239765072547,2.0,0.001798170773942065,37.001070027661,37.0,41.68334468417088,482.16457196162787,495.1143710400082
153.3,1.9866573098405877,2.0,0.0,37.001069912955984,37.0,41.68321719884708,482.1494726485574,495.1276773933156
153.4,1.9867905628508316,2.0,0.007123330773154413,37.00106979824989,37.0,41.68308972685224,482.13437463853825,495.1409824763582
153.5,1.9869238448745947,2.0,0.00455015843755513,37.00106968346762,37.0,41.68296226871319,482.1192779320247,495.1542862887106
153.60000000000002,1.987057154679465,2.0,0.002086445898214828,37.00106956866858,37.0,41.68283482510755,482.1041825283321,495.16758883103597
153.70000000000002,1.987190488012798,2.0,0.0,37.00106945390695,37.0,41.68270739529314,482.0890884268184,495.18089010395687
153.8,1.9873237329532343,2.0,0.007837937696344444,37.001069339138894,37.0,41.68257997884257,482.0739956276693,495.1941901073044
153.9,1.9874570021067315,2.0,0.0056907365561452705,37.00106922427534,37.0,41.6824525763032,482.058904131457,495.2074888405401
154.0,1.987590294243386,2.0,0.0036527295819717143,37.00106910936597,37.0,41.68232518848958,482.0438139375811,495.2207863042468
154.10000000000002,1.9877236081466343,2.0,0.001722723007529403,37.001068994457626,37.0,41.68219781473225,482.0287250454626,495.23408249898665
154.20000000000002,1.9878569414799674,2.0,0.0,37.001068879593504,37.0,41.68207045466205,482.0136374545517,495.24737742529396
154.3,1.9879901844927592,2.0,0.008007522353167595,37.001068764723186,37.0,41.68194310793536,481.99855116509053,495.2606710829461
154.4,1.9881234457101578,2.0,0.006393347509471958,37.001068649750266,37.0,41.68181577514352,481.9834661777133,495.2739634713451
154.5,1.9882567239062472,2.0,0.004887959167577671,37.00106853471209,37.0,41.68168845716205,481.968382491925,495.28725459097313
154.60000000000002,1.9883900178680467,2.0,0.003490199844850661,37.00106841964322,37.0,41.681561153432526,481.9533001072519,495.3005444422916
154.70000000000002,1.9885233263831301,2.0,0.0022000095043591683,37.00106830457548,37.0,41.6814338636877,481.93821902324146,495.3138330257419
154.8,1.9886566482396382,2.0,0.0010173270487074948,37.00106818953816,37.0,41.68130658767825,481.9231392394626,495.32712034174494
154.9,1.9887899815729713,2.0,0.0,37.001068074557395,37.0,41.681179325171435,481.9080607555099,495.3404063906969
155.0,1.9889232240980597,2.0,0.008048871880050101,37.001067959572595,37.0,41.68105207595755,481.8929835717119,495.3536911722922
155.10000000000002,1.9890564764107916,2.0,0.007181094581354519,37.00106784447985,37.0,41.68092484069532,481.8779076887665,495.3669746858723
155.20000000000002,1.989189737291073,2.0,0.006421512350342495,37.00106772929911,37.0,41.680797620315595,481.86283310632615,495.38025693177826
155.3,1.989323005530923,2.0,0.005769040675573156,37.00106761404771,37.0,41.680670414421606,481.8477598240643,495.3935379103308
155.4,1.9894562799229902,2.0,0.0052236130870018105,37.00106749874044,37.0,41.68054322288835,481.8326878416758,495.4068176218304
155.5,1.9895895592605635,2.0,0.004785162071599514,37.00106738338951,37.0,41.68041604560944,481.8176171588763,495.4200960665574
155.60000000000002,1.9897228423375828,2.0,0.004453619189504376,37.00106726800453,37.0,41.68028888249744,481.802547775403,495.433373244772
155.70000000000002,1.98985612794865,2.0,0.004228915075190631,37.001067152592725,37.0,41.68016173348482,481.78747969101374,495.44664915671416
155.8,1.9899894148890378,2.0,0.004110979438620044,37.00106703715875,37.0,41.68003459852182,481.77241290548767,495.4599238026037
155.9,1.9901227019547025,2.0,0.004099741066326823,37.00106692170465,37.0,41.67990747757893,481.7573474186249,495.47319718264043
156.0,1.9902559879422936,2.0,0.004195127822741895,37.00106680623031,37.0,41.67978037064742,481.7422832302467,495.4864692970038
156.10000000000002,1.990389271649164,2.0,0.00439706665130668,37.00106669073273,37.0,41.679653277734936,481.7272203401952,495.4997401458534
156.20000000000002,1.990522551873381,2.0,0.00470548357565348,37.00106657520672,37.0,41.679526198874186,481.7121587483336,495.5130097293287
156.3,1.990655827413736,2.0,0.005120303700836049,37.001066459644676,37.0,41.67939913411427,481.69709845454605,495.52627804754894
156.4,1.9907890970697568,2.0,0.005641451214515758,37.001066344036474,37.0,41.679272083525355,481.68203945873785,495.53954510061345
156.5,1.990922359641715,2.0,0.006268849388224806,37.00106622836944,37.0,41.6791450471989,481.6669817608351,495.5528108886014
156.60000000000002,1.99105561393064,2.0,0.007002420578456903,37.00106611262868,37.0,41.67901802524852,481.6519253607848,495.5660754115722
156.70000000000002,1.9911888587383264,2.0,0.007842086228135314,37.00106599679674,37.0,41.67889101780661,481.636870258555,495.57933866956495
156.8,1.9913220928673467,2.0,0.008787766867602187,37.001065880854014,37.0,41.67876402502886,481.62181645413455,495.59260066259895
156.9,1.9914553151210612,2.0,0.009839382116037743,37.001065764778275,37.0,41.67863704708976,481.6067639475333,495.60586139067345
157.0,1.991588524303627,2.0,0.010996850682697179,37.00106564854508,37.0,41.67851008418831,481.5917127387819,495.6191208537678
157.10000000000002,1.9917217192200105,2.0,0.01226009036806519,37.0010655321276,37.0,41.67838313654338,481.5766628279319,495.6323790518414
157.20000000000002,1.9918548986759963,2.0,0.013629018065254073,37.00106541549667,37.0,41.6782562043965,481.5616142150556,495.6456359848337
157.3,1.9919880614781984,2.0,0.01510354976122208,37.001065298620745,37.0,41.67812928801122,481.54656690024626,495.6588916526643
157.4,1.9921212064340699,2.0,0.01668360053807011,37.00106518146606,37.0,41.67800238767411,481.5315208836178,495.6721460552329
157.5,1.9922543323519144,2.0,0.018369084574307692,37.00106506399652,37.0,41.67787550369318,481.51647616530505,495.68539919241937
157.60000000000002,1.9923874380408957,2.0,0.020159915146241936,37.0010649461737,37.0,41.67774863639962,481.5014327454635,495.69865106408366
157.70000000000002,1.992520522311048,2.0,0.022056004629202985,37.00106482795701,37.0,41.67762178614792,481.48639062426946,495.711901670066
157.8,1.992653583973287,2.0,0.024057264498893116,37.00106470930359,37.0,41.67749495331433,481.4713498019199,495.7251510101868
157.9,1.99278662183942,2.0,0.026163605332731432,37.00106459016814,37.0,41.6773681382987,481.45631027863254,495.7383990842465
158.0,1.9929196347221547,2.0,0.028374936811175477,37.001064470503536,37.0,41.677241341526184,481.4412720546457,495.75164589202615
158.10000000000002,1.9930526214351125,2.0,0.03069116771900815,37.00106435026004,37.0,41.67711456344091,481.4262351302185,495.76489143328666
158.20000000000002,1.9931855807928365,2.0,0.03311220594679637,37.00106422938575,37.0,41.67698780451548,481.41119950563063,495.7781357077694
158.3,1.9933185116108023,2.0,0.035637958492163946,37.00106410782689,37.0,41.6768610652451,481.3961651811825,495.7913787151962
158.4,1.9934514127054292,2.0,0.03826833146117492,37.00106398552731,37.0,41.67673434614584,481.38113215719494,495.8046204552688
158.5,1.993584282894089,2.0,0.04100323006974549,37.001063862428566,37.0,41.67660764776067,481.36610043400947,495.81786092766964
158.60000000000002,1.9937171209951174,2.0,0.04384255864493458,37.00106373847029,37.0,41.676480970657515,481.3510700119882,495.83110013206135
158.70000000000002,1.9938499258278242,2.0,0.046786220626416686,37.001063613589906,37.0,41.67635431542632,481.33604089151373,495.8443380680869
158.8,1.9939826962125033,2.0,0.049834118567862906,37.00106348772272,37.0,41.67622768268286,481.3210130729893,495.85757473536984
158.9,1.9941154309704427,2.0,0.05298615413834107,37.00106336080188,37.0,41.67610107306725,481.3059865568384,495.87081013351394
159.0,1.994248128923935,2.0,0.05624222812366153,37.001063232758554,37.0,41.67597448724503,481.2909613435052,495.88404426210366
159.10000000000002,1.994380788896288,2.0,0.05960224042788048,37.0010631035218,37.0,41.67584792590558,481.2759374334543,495.8972771207037
159.20000000000002,1.994513409711834,2.0,0.06306609007468245,37.001062973018634,37.0,41.67572138976384,481.2609148271708,495.9105087088593
159.3,1.9946459901959406,2.0,0.06663367520884894,37.00106284117396,37.0,41.675594879559775,481.24589352515983,495.92373902609637
159.4,1.9947785291750213,2.0,0.07030489309760107,37.00106270791065,37.0,41.67546839605929,481.2308735279475,495.93696807192106
159.5,1.994911025476545,2.0,0.07407964013220275,37.001062573149625,37.0,41.6753419400538,481.21585483607976,495.95019584582025
159.60000000000002,1.9950434779290467,2.0,0.0779578118292889,37.00106243680983,37.0,41.67521551235945,481.20083745012323,495.9634223472614
159.70000000000002,1.9951758853621364,2.0,0.08193930283240902,37.00106229880822,37.0,41.67508911381815,481.18582137066466,495.9766475756926
159.8,1.9953082466065106,2.0,0.0860240069133823,37.00106215905976,37.0,41.674962745297684,481.1708065983112,495.9898715305425
159.9,1.995440560493963,2.0,0.09021181697388836,37.00106201747752,37.0,41.67483640769195,481.1557931336902,496.0030942112203
160.0,1.9955728258573915,2.0,0.09450262504697571,37.0010618739725,37.0,41.674710101920056,481.1407809774493,496.016315617116
160.10000000000002,1.9957050415308129,2.0,0.09889632229836715,37.00106172845386,37.0,41.67458382892908,481.12577013025646,496.02953574760033
160.20000000000002,1.9958372063493688,2.0,0.10339279902822712,37.00106158082883,37.0,41.67445758969099,481.1107605927995,496.0427546020247
160.3,1.9959693191493386,2.0,0.10799194467242396,37.001061431002825,37.0,41.674331385204546,481.09575236578684,496.0559721797213
160.4,1.9961013787681476,2.0,0.11269364780422358,37.00106127887926,37.0,41.67420521649422,481.0807454499467,496.06918848000305
160.5,1.9962333840443773,2.0,0.1174977961356749,37.00106112435975,37.0,41.674079084612316,481.06573984602755,496.08240350216363
160.60000000000002,1.9963653338177776,2.0,0.1224042765191653,37.001060967344245,37.0,41.67395299063714,481.050735554798,496.09561724547746
160.70000000000002,1.9964972269292742,2.0,0.12741297494910808,37.001060807730596,37.0,41.67382693567187,481.03573257704676,496.1088297092
160.8,1.9966290622209797,2.0,0.13252377656328967,37.00106064541495,37.0,41.673700920849676,481.02073091358244,496.12204089256744
160.9,1.9967608385362041,2.0,0.13773656564448938,37.00106048029164,37.0,41.673574947329016,481.0057305652339,496.13525079479695
161.0,1.9968925547194638,2.0,0.14305122562210815,37.00106031225329,37.0,41.673449016295834,480.9907315328496,496.1484594150866
161.10000000000002,1.9970242096164925,2.0,0.14846763907361316,37.00106014119069,37.0,41.673323128962366,480.9757338172984,496.16166675261536
161.20000000000002,1.9971558020742501,2.0,0.15398568772622,37.00105996699301,37.0,41.67319728656872,480.9607374194688,496.17487280654325
161.3,1.9972873309409331,2.0,0.15960525245836665,37.00105978954747,37.0,41.67307149038117,480.94574234026925,496.18807757601127
161.4,1.9974187950659859,2.0,0.16532621330134656,37.00105960873975,37.0,41.672945741695536,480.9307485806283,496.20128106014135
161.5,1.9975501933001083,2.0,0.1711484494409954,37.001059424453786,37.0,41.67282004183286,480.9157561414941,496.2144832580366
161.60000000000002,1.9976815244952681,2.0,0.17707183921912628,37.001059236571734,37.0,41.672694392142624,480.9007650238349,496.2276841687811
161.70000000000002,1.9978127875047078,2.0,0.18309626013530544,37.00105904497434,37.0,41.6725687940026,480.8857752286383,496.2408837914402
161.8,1.9979439811829576,2.0,0.1892215888482497,37.00105884954036,37.0,41.67244324881552,480.8707867569121,496.2540821250601
161.9,1.998075104385843,2.0,0.19544770117770255,37.00105865014717,37.0,41.67231775801572,480.8557996096836,496.26727916866844
162.0,1.9982061559704962,2.0,0.20177447210585236,37.00105844667041,37.0,41.67219232306194,480.8408137880001,496.280474921274
162.10000000000002,1.9983371347953656,2.0,0.20820177577912835,37.001058238984285,37.0,41.672066945442715,480.8258292929283,496.2936693818666
162.20000000000002,1.9984680397202246,2.0,0.21472948550974164,37.00105802696123,37.0,41.67194162667236,480.8108461255546,496.3068625494176
162.3,1.9985988696061827,2.0,0.22135747377735854,37.00105781047216,37.0,41.67181636829528,480.7958642869851,496.32005442287937
162.4,1.9987296233156944,2.0,0.22808561223078433,37.00105758938639,37.0,41.67169117188322,480.78088377834547,496.3332450011857
162.5,1.9988602997125697,2.0,0.23491377168957428,37.001057363571874,37.0,41.67156603903641,480.76590460078114,496.3464342832517
162.60000000000002,1.9989908976619837,2.0,0.24184182214578887,37.00105713289497,37.0,41.67144097138142,480.7509267554567,496.3596222679739
162.70000000000002,1.999121416030486,2.0,0.24886963276559843,37.00105689722045,37.0,41.67131597057402,480.73595024355654,496.37280895423004
162.8,1.9992518536860104,2.0,0.25599707189100934,37.00105665641178,37.0,41.67119103829896,480.7209750662845,496.38599434087945
162.9,1.999382209497885,2.0,0.2632240070415062,37.00105641033082,37.0,41.671066176267246,480.70600122486377,496.39917842676294
163.0,1.9995124823368424,2.0,0.2705503049157913,37.00105615883797,37.0,41.67094138621979,480.691028720537,496.4123612107026
163.10000000000002,1.9996426710750277,2.0,0.2779758313935366,37.001055901792256,37.0,41.670816669925806,480.6760575545663,496.4255426915023
163.20000000000002,1.9997727745860105,2.0,0.28550045153695347,37.001055639051344,37.0,41.67069202918217,480.661087728233,496.4387228679472
163.3,1.9999027917447925,2.0,0.29312402959270945,37.00105537047136,37.0,41.6705674658137,480.6461192428378,496.45190173880417
163.4,2.0000327214278184,2.0,0.3008464289934488,37.00105509590719,37.0,41.67044298167512,480.6311520997008,496.4650793028216
163.5,2.0001625625129846,2.0,0.30866751235970036,37.00105481521234,37.0,41.67031857864802,480.61618630016125,496.4782555587296
163.60000000000002,2.0002923138796502,2.0,0.3165871415014645,37.0010545282388,37.0,41.67019425864269,480.6012218455777,496.4914305052398
163.70000000000002,2.000421974408645,2.0,0.3246051774201143,37.001054234837454,37.0,41.670070023599784,480.58625873732774,496.50460414104583
163.8,2.0005515429822807,2.0,0.33272148031001597,37.001053934857794,37.0,41.669945875485624,480.5712969768085,496.51777646482265
163.9,2.0006810184843586,2.0,0.3409359095603804,37.001053628147986,37.0,41.66982181629661,480.55633656543586,496.5309474752273
164.0,2.0008103998001814,2.0,0.3492483237569704,37.00105331455495,37.0,41.6696978480576,480.54137750464497,496.5441171708984
164.10000000000002,2.0009396858165607,2.0,0.3576585806839276,37.00105299392425,37.0,41.66957397282174,480.52641979589,496.5572855504564
164.20000000000002,2.001068875421827,2.0,0.36616653732549925,37.00105266610046,37.0,41.6694501926718,480.51146344064415,496.5704526125039
164.3,2.001197967505841,2.0,0.37477204986781754,37.0010523309266,37.0,41.66932650971618,480.4965084403997,496.58361835562494
164.4,2.00132696096,2.0,0.3834749737008073,37.00105198824474,37.0,41.66920292609607,480.4815547966678,496.5967827783858
164.5,2.001455854677251,2.0,0.39227516341980184,37.00105163789567,37.0,41.66907944397756,480.46660251097865,496.6099458793345
164.60000000000002,2.001584647552096,2.0,0.4011724728275821,37.001051279719036,37.0,41.66895606555705,480.4516515848813,496.62310765700124
164.70000000000002,2.0017133384806054,2.0,0.4101667549359004,37.001050913553286,37.0,41.66883279305897,480.4367020199436,496.63626810989814
164.8,2.0018419263604246,2.0,0.4192578619675786,37.00105053923562,37.0,41.668709628736806,480.4217538177523,496.64942723651933
164.9,2.001970410090785,2.0,0.4284456453581685,37.00105015660239,37.0,41.66858657487368,480.406806979913,496.66258503534107
165.0,2.0020987885725128,2.0,0.43772995575782847,37.00104976548869,37.0,41.66846363377838,480.3918615080499,496.6757415048218
165.10000000000002,2.0022270607080386,2.0,0.4471106430331858,37.00104936572848,37.0,41.66834080779029,480.3769174038061,496.68889664340213
165.20000000000002,2.0023552254014065,2.0,0.4565875562691439,37.00104895715475,37.0,41.668218099277574,480.36197466884335,496.70205044950455
165.3,2.0024832815582836,2.0,0.4661605437707684,37.00104853959937,37.0,41.668095510635844,480.347033304842,496.71520292153406
165.4,2.0026112280859696,2.0,0.47582945306510943,37.00104811289316,37.0,41.66797304429031,480.3320933135011,496.72835405787794
165.5,2.0027390638934053,2.0,0.48559413090313425,37.001047676865994,37.0,41.66785070269444,480.3171546965382,496.7415038569056
165.60000000000002,2.0028667878911817,2.0,0.49545442326149713,37.001047231346774,37.0,41.66772848832975,480.30221745568946,496.7546523169688
165.70000000000002,2.0029943989915515,2.0,0.5054101753444324,37.00104677616338,37.0,41.667606403706,480.2872815927096,496.76779943640173
165.8,2.003121896108436,2.0,0.5154612315857994,37.0010463111426,37.0,41.66748445136193,480.27234710937165,496.7809452135209
165.9,2.0032492781574356,2.0,0.5256074356507672,37.00104583611056,37.0,41.66736263386578,480.25741400746733,496.7940896466254
166.0,2.0033765440558375,2.0,0.5358486304378378,37.001045350892184,37.0,41.66724095381135,480.24248228880657,496.80723273399656
166.10000000000002,2.003503692722627,2.0,0.5461846580806491,37.001044855311704,37.0,41.667119413824,480.2275519552178,496.82037447389837
166.20000000000002,2.003630723078496,2.0,0.5566153599499986,37.00104434919223,37.0,41.666998016554636,480.2126230085476,496.8335148645773
166.3,2.0037576340458503,2.0,0.5671405766557243,37.001043832356174,37.0,41.66687676468538,480.1976954506611,496.8466539042623
166.4,2.003884424548821,2.0,0.5777601480485155,37.00104330462494,37.0,41.66675566092422,480.18276928344153,496.8597915911652
166.5,2.004011093513274,2.0,0.5884739132219947,37.00104276581936,37.0,41.66663470800943,480.1678445087902,496.8729279234801
166.60000000000002,2.004137639866816,2.0,0.5992817105146158,37.00104221575924,37.0,41.666513908704445,480.152921128627,496.88606289938417
166.70000000000002,2.0042640625388066,2.0,0.6101833775114652,37.00104165426353,37.0,41.66639326580339,480.1379991448896,496.8991965170369
166.8,2.004390360460367,2.0,0.6211787510464337,37.001041081150504,37.0,41.66627278212864,480.12307855953395,496.91232877458094
166.9,2.0045165325643866,2.0,0.6322676672040324,37.00104049623769,37.0,41.666152460529425,480.108159374534,496.9254596701414
167.0,2.004642577785536,2.0,0.643449961321324,37.00103989934166,37.0,41.66603230388296,480.09324159188185,496.93858920182635
167.10000000000002,2.0047684950602718,2.0,0.654725467990009,37.001039290278584,37.0,41.66591231509663,480.0783252135874,496.95171736772676
167.20000000000002,2.0048942833268493,2.0,0.6660940210582442,37.00103866886366,37.0,41.665792497101926,480.06341024167864,496.9648441659165
167.3,2.0050199415253287,2.0,0.6775554536327898,37.0010380349114,37.0,41.6656728528614,480.0484966782015,496.9779695944523
167.4,2.0051454685975854,2.0,0.6891095980808377,37.00103738823577,37.0,41.66555338536472,480.0335845252196,496.991093651374
167.5,2.0052708634873198,2.0,0.7007562860320778,37.00103672864998,37.0,41.66543409762822,480.01867378481467,497.00421633470427
167.60000000000002,2.005396125140064,2.0,0.712495348380775,37.00103605596655,37.0,41.665314992696906,480.0037644590859,497.017337642449
167.70000000000002,2.0055212525031907,2.0,0.7243266152875668,37.00103536999745,37.0,41.66519607364361,479.98885655015056,497.03045757259713
167.8,2.005646244525926,2.0,0.7362499161815592,37.00103467055402,37.0,41.665077343568036,479.97395006014347,497.04357612312066
167.9,2.005771100159354,2.0,0.7482650797625183,37.00103395744702,37.0,41.664958805597685,479.959044991217,497.0566932919749
168.0,2.005895818356426,2.0,0.7603719340025837,37.001033230486485,37.0,41.66484046288717,479.9441413455415,497.0698090770982
168.10000000000002,2.0060203980719726,2.0,0.7725703061484912,37.00103248948216,37.0,41.66472231862016,479.92923912530466,497.0829234764124
168.20000000000002,2.0061448382627085,2.0,0.7848600227236171,37.00103173424304,37.0,41.66460437600451,479.9143383327118,497.0960364878224
168.3,2.0062691378872444,2.0,0.7972409095298283,37.00103096457764,37.0,41.66448663827782,479.89943896998557,497.10914810921645
168.4,2.006393295906093,2.0,0.8097127916497754,37.001030180293924,37.0,41.66436910870433,479.8845410393664,497.1222583384662
168.5,2.006517311281681,2.0,0.8222754934486992,37.001029381199544,37.0,41.664251790575385,479.8696445431121,497.1353671734269
168.60000000000002,2.006641182978354,2.0,0.834928838576712,37.0010285671014,37.0,41.66413468720781,479.8547494834975,497.148474611937
168.70000000000002,2.0067649099623894,2.0,0.8476726499706216,37.00102773780617,37.0,41.66401780194832,479.83985586281534,497.1615806518185
168.8,2.0068884912020004,2.0,0.8605067498562895,37.00102689312001,37.0,41.66390113816761,479.82496368337524,497.174685290877
168.9,2.0070119256673498,2.0,0.8734309597503034,37.001026032848586,37.0,41.6637846992643,479.8100729475042,497.18778852690167
169.0,2.0071352123305535,2.0,0.8864451004625278,37.00102515679731,37.0,41.663668488664435,479.79518365754643,497.2008903576651
169.10000000000002,2.007258350165693,2.0,0.8995489920977371,37.001024264771104,37.0,41.66355250981864,479.78029581586344,497.2139907809237
169.20000000000002,2.007381338148823,2.0,0.9127424540580278,37.00102335657448,37.0,41.663436766205635,479.7654094248337,497.2270897944177
169.3,2.0075041752579765,2.0,0.9260253050447693,37.001022432011666,37.0,41.663321261330545,479.75052448685307,497.24018739587063
169.4,2.0076268604731813,2.0,0.9393973630606145,37.00102149088656,37.0,41.66320599872401,479.73564100433396,497.2532835829903
169.5,2.007749392776459,2.0,0.9528584454119551,37.0010205330027,37.0,41.663090981943085,479.7207589797062,497.2663783534681
169.60000000000002,2.0078717711518403,2.0,0.966408368710509,37.00101955816325,37.0,41.6629762145711,479.7058784154166,497.27947170497913
169.70000000000002,2.0079939945853718,2.0,0.9800469488759047,37.0010185661713,37.0,41.66286170021832,479.6909993139285,497.29256363518266
169.8,2.008116062065123,2.0,0.9937740011375865,37.00101755682948,37.0,41.662747442518395,479.6761216777226,497.30565414172173
169.9,2.008237972581195,2.0,1.0075893400369615,37.001016529940216,37.0,41.6626334451331,479.6612455092961,497.3187432222235
170.0,2.0083597251257315,2.0,1.0214927794294384,37.00101548530563,37.0,41.662519711749304,479.64637081116314,497.33183087429893
170.10000000000002,2.0084813186929242,2.0,1.0354841324868596,37.00101442272785,37.0,41.66240624607996,479.6314975858545,497.3449170955432
170.20000000000002,2.008602752279022,2.0,1.0495632116993276,37.001013342008605,37.0,41.66229305186125,479.61662583591783,497.35800188353574
170.3,2.00872402488234,2.0,1.0637298288774586,37.00101224294946,37.0,41.662180132857095,479.6017555639172,497.3710852358398
170.4,2.0088451355032686,2.0,1.0779837951546258,37.00101112535185,37.0,41.662067492856146,479.58688677243356,497.3841671500032
170.5,2.0089660831442786,2.0,1.0923249209890509,37.00100998901718,37.0,41.66195513567169,479.5720194640643,497.3972476235576
170.60000000000002,2.0090868668099335,2.0,1.1067530161658896,37.00100883374631,37.0,41.66184306514116,479.5571536414232,497.4103266540192
170.70000000000002,2.0092074855068938,2.0,1.1212678897995816,37.00100765934059,37.0,41.66173128513092,479.54228930714083,497.4234042388885
170.8,2.0093279382439295,2.0,1.1358693503357635,37.00100646560071,37.0,41.66161979952556,479.5274264638639,497.4364803756503
170.9,2.009448224031925,2.0,1.1505572055538078,37.00100525232756,37.0,41.661508612240794,479.51256511425566,497.44955506177394
171.0,2.0095683418838877,2.0,1.1653312625686674,37.0010040193219,37.0,41.66139772721325,479.4977052609958,497.462628294713
171.10000000000002,2.0096882908149585,2.0,1.1801913278332163,37.00100276638449,37.0,41.661287148404945,479.4828469067799,497.47570007190575
171.20000000000002,2.009808069842417,2.0,1.1951372071405126,37.001001493315925,37.0,41.66117687980157,479.4679900543203,497.48877039077496
171.3,2.009927677985692,2.0,1.21016870562585,37.00100019991697,37.0,41.66106692541447,479.45313470634517,497.5018392487279
171.4,2.0100471142663676,2.0,1.225285627769039,37.00099888598817,37.0,41.66095728927683,479.4382808655991,497.5149066431566
171.5,2.0101663777081926,2.0,1.240487777396692,37.00099755133016,37.0,41.6608479754484,479.42342853484274,497.5279725714377
171.60000000000002,2.0102854673370887,2.0,1.2557749576842383,37.00099619574365,37.0,41.66073898801126,479.40857771685256,497.54103703093256
171.70000000000002,2.010404382181157,2.0,1.2711469711583836,37.00099481902936,37.0,41.660630331071054,479.3937284144214,497.55410001898724
171.8,2.010523121270688,2.0,1.2866036196991169,37.000993420988095,37.0,41.66052200875747,479.3788806303578,497.5671615329327
171.9,2.0106416836381684,2.0,1.3021447045421852,37.0009920014208,37.0,41.66041402522294,479.36403436748634,497.5802215700847
172.0,2.0107600683182896,2.0,1.31777002628102,37.00099056012834,37.0,41.660306384642894,479.34918962864765,497.59328012774404
172.10000000000002,2.010878274347954,2.0,1.3334793848693303,37.00098909691184,37.0,41.66019909121744,479.33434641669794,497.60633720319635
172.20000000000002,2.010996300766286,2.0,1.3492725796229972,37.00098761157244,37.0,41.66009214916817,479.3195047345091,497.61939279371217
172.3,2.011114146614638,2.0,1.365149409222623,37.00098610391154,37.0,41.65998556274043,479.30466458496926,497.6324468965472
172.4,2.011231810936596,2.0,1.3811096717156341,37.00098457373048,37.0,41.65987933620122,479.2898259709817,497.6454995089421
172.5,2.011349292777994,2.0,1.3971531645184716,37.000983020831086,37.0,41.659773473842435,479.27498889546575,497.658550628123
172.60000000000002,2.0114665911869136,2.0,1.413279684419131,37.00098144501504,37.0,41.65966797997448,479.26015336135606,497.6716002513008
172.70000000000002,2.011583705213699,2.0,1.4294890275790642,37.00097984608453,37.0,41.65956285893432,479.245319371603,497.6846483756717
172.8,2.0117006339109595,2.0,1.445780989535795,37.00097822384174,37.0,41.65945811507719,479.2304869291723,497.69769499841743
172.9,2.011817376333581,2.0,1.4621553652049557,37.00097657808914,37.0,41.659353752783076,479.21565603704516,497.7107401167047
173.0,2.011933931538731,2.0,1.478611948882711,37.00097490862959,37.0,41.65924977645284,479.20082669821846,497.7237837276858
173.10000000000002,2.012050298585869,2.0,1.4951505342479874,37.00097321526607,37.0,41.659146190507585,479.18599891570403,497.7368258284983
173.20000000000002,2.01216647653675,2.0,1.5117709143648277,37.0009714978018,37.0,41.6590429993917,479.1711726925291,497.7498664162653
173.3,2.0122824644554376,2.0,1.5284728816845456,37.00096975604038,37.0,41.65894020757118,479.15634803173646,497.7629054880954
173.4,2.0123982614083076,2.0,1.5452562280481992,37.00096798978575,37.0,41.65883781953202,479.14152493638375,497.77594304108266
173.5,2.0125138664640563,2.0,1.5621207446888719,37.000966198842036,37.0,41.65873583978115,479.1267034095439,497.7889790723068
173.60000000000002,2.0126292786937094,2.0,1.579066222233826,37.00096438301398,37.0,41.65863427284798,479.1118834543049,497.80201357883317
173.70000000000002,2.0127444971706283,2.0,1.5960924507070282,37.00096254210638,37.0,41.65853312327945,479.09706507376995,497.8150465577129
173.8,2.012859520970518,2.0,1.6131992195313198,37.00096067592443,37.0,41.65843239564658,479.0822482710572,497.8280780059827
173.9,2.012974349171435,2.0,1.6303863175308249,37.00095878427396,37.0,41.65833209453991,479.06743304929967,497.8411079206652
174.0,2.0130889808537953,2.0,1.6476535329332749,37.00095686696102,37.0,41.65823222456784,479.05261941164525,497.85413629876876
174.10000000000002,2.0132034151003784,2.0,1.6650006533723498,37.00095492379205,37.0,41.658132790361016,479.0378073612569,497.86716313728766
174.20000000000002,2.0133176509963397,2.0,1.6824274658898668,37.00095295457402,37.0,41.65803379656976,479.0229969013122,497.8801884332021
174.3,2.0134316876292155,2.0,1.6999337569384045,37.00095095911422,37.0,41.65793524786328,479.0081880350036,497.89321218347834
174.4,2.013545524088929,2.0,1.7175193123834684,37.00094893722047,37.0,41.657837148931485,478.99338076553835,497.9062343850686
174.5,2.0136591594678,2.0,1.7351839175057848,37.00094688870104,37.0,41.657739504482926,478.97857509613806,497.91925503491103
174.60000000000002,2.01377259286055,2.0,1.7529273570038688,37.000944813364754,37.0,41.65764231924564,478.96377103003925,497.9322741299302
174.70000000000002,2.0138858233643133,2.0,1.7707494149960934,37.000942711020855,37.0,41.65754559796583,478.94896857049287,497.9452916670365
174.8,2.013998850078639,2.0,1.7886498750234856,37.0009405814792,37.0,41.65744934540975,478.9341677207643,497.9583076431269
174.9,2.014111672105504,2.0,1.806628520051559,37.000938424549986,37.0,41.657353566361,478.9193684841335,497.9713220550843
175.0,2.0142242885493133,2.0,1.8246851324732494,37.00093624004421,37.0,41.657258265623824,478.9045708638948,497.98433489977816
175.10000000000002,2.0143366985169147,2.0,1.8428194941107119,37.00093402777327,37.0,41.65716344801783,478.88977486335676,497.9973461740644
175.20000000000002,2.0144489011176003,2.0,1.861031386218241,37.000931787549064,37.0,41.65706911838292,478.8749804858424,498.01035587478486
175.3,2.014560895463117,2.0,1.8793205894843055,37.0009295191843,37.0,41.656975281577196,478.860187734689,498.0233639987684
175.4,2.0146726806676707,2.0,1.8976868840341017,37.00092722249218,37.0,41.65688194247434,478.845396613248,498.03637054283007
175.5,2.014784255847937,2.0,1.916130049431838,37.00092489728627,37.0,41.65678910596691,478.83060712488486,498.0493755037716
175.60000000000002,2.014895620123065,2.0,1.9346498646833048,37.00092254338125,37.0,41.65669677696744,478.81581927297947,498.0623788783813
175.70000000000002,2.0150067726146856,2.0,1.9532461082380386,37.000920160592045,37.0,41.65660496040004,478.8010330609254,498.0753806634342
175.8,2.0151177124469197,2.0,1.9719185579919536,37.000917748734366,37.0,41.65651366121101,478.7862484921303,498.08838085569187
175.9,2.0152284387463824,2.0,1.9906669912896695,37.00091530762472,37.0,41.656422884361255,478.7714655700159,498.1013794519029
176.0,2.015338950642192,2.0,2.0094911849268184,37.00091283708002,37.0,41.656332634827365,478.7566842980177,498.11437644880243
176.10000000000002,2.015449247265978,2.0,2.028390915152616,37.00091033691808,37.0,41.656242917605475,478.74190467958516,498.12737184311277
176.20000000000002,2.0155593277518853,2.0,2.0473659576723406,37.00090780695746,37.0,41.65615373770531,478.7271267181813,498.14036563154286
176.3,2.015669191236581,2.0,2.0664160876494835,37.00090524701727,37.0,41.65606510015279,478.7123504172831,498.1533578107887
176.4,2.0157788368592646,2.0,2.0855410797083893,37.00090265691745,37.0,41.65597700999132,478.6975757803811,498.16634837753344
176.5,2.015888263761673,2.0,2.1047407079366836,37.000900036478754,37.0,41.65588947227911,478.68280281097935,498.17933732844705
176.60000000000002,2.015997471088084,2.0,2.124014745887763,37.00089738552242,37.0,41.65580249208893,478.66803151259575,498.19232466018667
176.70000000000002,2.0161064579853294,2.0,2.1433629665829383,37.000894703870756,37.0,41.655716074512185,478.65326188876156,498.20531036939684
176.8,2.0162152236027975,2.0,2.162785142514257,37.00089199134669,37.0,41.65563022465168,478.63849394302144,498.2182944527091
176.9,2.01632376709244,2.0,2.1822810456468082,37.00088924777407,37.0,41.6555449476274,478.6237276789336,498.2312769067423
177.0,2.01643208760878,2.0,2.201850447421063,37.00088647297747,37.0,41.6554602485726,478.60896310006945,498.2442577281027
177.10000000000002,2.0165401843089175,2.0,2.221493118755439,37.000883666782386,37.0,41.65537613263605,478.5942002100139,498.25723691338374
177.20000000000002,2.0166480563525373,2.0,2.241208830048813,37.00088082901499,37.0,41.655292604979806,478.57943901236507,498.27021445916654
177.3,2.0167557029019156,2.0,2.260997351182855,37.00087795950236,37.0,41.65520967078181,478.56467951073404,498.2831903620194
177.4,2.016863123121924,2.0,2.280858451524672,37.00087505807255,37.0,41.655127335233004,478.54992170874533,498.2961646184984
177.5,2.0169703161800396,2.0,2.300791899929018,37.00087212455429,37.0,41.65504560353713,478.53516561003636,498.309137225147
177.60000000000002,2.0170772812463484,2.0,2.3207974647410556,37.00086915877745,37.0,41.654964480913605,478.5204112182576,498.3221081784966
177.70000000000002,2.017184017493555,2.0,2.3408749137985954,37.000866160572514,37.0,41.65488397259223,478.5056585370727,498.3350774750659
177.8,2.0172905240969863,2.0,2.361024014434804,37.00086312977106,37.0,41.65480408381918,478.49090757015796,498.3480451113615
177.9,2.0173968002345988,2.0,2.3812445334805243,37.00086006620552,37.0,41.6547248198513,478.47615832120283,498.3610110838778
178.0,2.017502845086985,2.0,2.4015362372667637,37.000856969709275,37.0,41.65464618595917,478.4614107939093,498.3739753890971
178.10000000000002,2.0176086578373806,2.0,2.4218988916272757,37.00085384011669,37.0,41.65456818742541,478.4466649919923,498.38693802348945
178.20000000000002,2.0177142376716706,2.0,2.442332261900998,37.00085067726303,37.0,41.65449082954477,478.4319209191794,498.39989898351297
178.3,2.017819583778394,2.0,2.462836112934675,37.00084748098442,37.0,41.654414117624626,478.4171785792108,498.41285826561364
178.4,2.0179246953487513,2.0,2.4834102090851227,37.000844251118224,37.0,41.6543380569853,478.40243797583946,498.42581586622555
178.5,2.018029571576612,2.0,2.50405431422191,37.000840987502556,37.0,41.654262652955836,478.3876991128307,498.438771781771
178.60000000000002,2.0181342116585186,2.0,2.5247681917298825,37.00083768997672,37.0,41.65418791087981,478.3729619939624,498.4517260086602
178.70000000000002,2.0182386147936935,2.0,2.5455516045115423,37.00083435838093,37.0,41.65411383610964,478.3582266230248,498.4646785432918
178.8,2.0183427801840463,2.0,2.5664043149896756,37.00083099255636,37.0,41.65404043401018,478.3434930038207,498.4776293820526
178.9,2.0184467070341787,2.0,2.587326085109863,37.00082759234539,37.0,41.65396770995752,478.328761140165,498.4905785213178
179.0,2.0185503945513914,2.0,2.6083166763429446,37.000824157591296,37.0,41.65389566933665,478.314031035885,498.5035259574506
179.10000000000002,2.018653841945689,2.0,2.6293758496876216,37.00082068813845,37.0,41.65382431754467,478.2993026948203,498.5164716868032
179.20000000000002,2.018757048429788,2.0,2.6505033656728916,37.00081718383228,37.0,41.65375365998836,478.2845761208225,498.52941570571596
179.3,2.0188600132191206,2.0,2.671698984360667,37.00081364451938,37.0,41.653683702084436,478.2698513177553,498.5423580105176
179.4,2.0189627355318422,2.0,2.6929624653482476,37.000810070047294,37.0,41.653614449258775,478.2551282894945,498.55529859752573
179.5,2.019065214588838,2.0,2.7142935677709144,37.00080646026481,37.0,41.65354590694819,478.2404070399279,498.5682374630464
179.60000000000002,2.019167449613726,2.0,2.735692050304481,37.0008028150217,37.0,41.653478080597054,478.2256875729552,498.5811746033744
179.70000000000002,2.019269439832867,2.0,2.7571576711676657,37.00079913416897,37.0,41.6534109756606,478.2109698924881,498.5941100147932
179.8,2.019371184475366,2.0,2.7786901881249353,37.00079541755861,37.0,41.65334459760138,478.1962540024499,498.6070436935752
179.9,2.019472682773083,2.0,2.800289358488759,37.000791665043835,37.0,41.65327895189255,478.18153990677575,498.61997563598146
180.0,2.019573933960633,2.0,2.821954939122408,37.00078787647902,37.0,41.65321404401428,478.16682760941256,498.63290583826205
180.10000000000002,2.0196749372753984,2.0,2.8436866864422625,37.00078405171968,37.0,41.65314987945536,478.15211711431897,498.64583429665606
180.20000000000002,2.0197756919575296,2.0,2.865484356420647,37.00078019062249,37.0,41.653086463712846,478.13740842546497,498.6587610073915
180.3,2.019876197249952,2.0,2.887347704588204,37.000776293045476,37.0,41.653023802291294,478.12270154683233,498.67168596668535
180.4,2.019976452398373,2.0,2.9092764860364166,37.000772358847485,37.0,41.652961900701634,478.1079964824143,498.6846091707438
180.5,2.020076456651288,2.0,2.9312704554203806,37.000768387888854,37.0,41.65290076446582,478.09329323621523,498.6975306157622
180.60000000000002,2.0201762092599824,2.0,2.9533293669612255,37.00076438003106,37.0,41.65284039910947,478.07859181225126,498.7104502979252
180.70000000000002,2.0202757094785415,2.0,2.9754529744486833,37.00076033513676,37.0,41.652780810166455,478.0638922145496,498.7233682134066
180.8,2.0203749565638547,2.0,2.997641031243707,37.00075625306977,37.0,41.652722003177416,478.0491944471488,498.7362843583696
180.9,2.0204739497756194,2.0,3.019893290281122,37.000752133695244,37.0,41.65266398369039,478.03449851409863,498.7491987289667
181.0,2.020572688376349,2.0,3.0422095040720194,37.00074797687961,37.0,41.6526067572582,478.01980441945983,498.76211132133994
181.10000000000002,2.0206711716313754,2.0,3.064589424706509,37.00074378249053,37.0,41.652550329439954,478.00511216730445,498.7750221316208
181.20000000000002,2.020769398808859,2.0,3.0870328038561765,37.00073955039693,37.0,41.6524947058006,477.9904217617154,498.7879311559303
181.3,2.0208673691797894,2.0,3.1095393927768376,37.000735280468916,37.0,41.652439891910824,477.97573320678663,498.8008383903792
181.4,2.0209650820179936,2.0,3.1321089423109703,37.00073097257791,37.0,41.65238589334748,477.96104650662306,498.8137438310677
181.5,2.02106253660014,2.0,3.1547412028903583,37.0007266265967,37.0,41.65233271569215,477.9463616653404,498.82664747408586
181.60000000000002,2.0211597322057457,2.0,3.177435924538674,37.00072224239926,37.0,41.65228036453064,477.93167868706513,498.8395493155134
181.70000000000002,2.0212566681171786,2.0,3.200192856874208,37.000717819860995,37.0,41.652228845454694,477.91699757593454,498.85244935142003
181.8,2.0213533436196665,2.0,3.223011749112196,37.00071335885855,37.0,41.65217816405917,477.9023183360965,498.8653475778652
181.9,2.021449758001299,2.0,3.2458923500677477,37.000708859269764,37.0,41.65212832594408,477.8876409717097,498.87824399089817
182.0,2.021545910553035,2.0,3.268834408158195,37.00070432097402,37.0,41.65207933671466,477.87296548694314,498.8911385865586
182.10000000000002,2.0216418005687067,2.0,3.2918376714058013,37.00069974385207,37.0,41.652031201977614,477.85829188597666,498.9040313608758
182.20000000000002,2.0217374273450246,2.0,3.3149018874404335,37.00069512778572,37.0,41.65198392734345,477.8436201730002,498.91692230986934
182.3,2.0218327901815845,2.0,3.338026803501989,37.00069047265839,37.0,41.65193751842874,477.8289503522143,498.9298114295488
182.4,2.0219278883808687,2.0,3.361212166443268,37.00068577835475,37.0,41.6518919808503,477.8142824278297,498.9426987159143
182.5,2.0220227212482564,2.0,3.3844577227322596,37.00068104476094,37.0,41.651847320229486,477.79961640406765,498.9555841649558
182.60000000000002,2.0221172880920246,2.0,3.407763218455166,37.00067627176429,37.0,41.651803542189015,477.78495228515936,498.96846777265387
182.70000000000002,2.0222115882233545,2.0,3.431128399318681,37.00067145925374,37.0,41.651760652356145,477.77029007534645,498.98134953497936
182.8,2.022305620956336,2.0,3.4545530106527704,37.000666607119456,37.0,41.65171865635794,477.75562977888046,498.9942294478936
182.9,2.022399385607974,2.0,3.4780367974132442,37.00066171525299,37.0,41.65167755982532,477.740971400023,499.00710750734834
183.0,2.0224928814981924,2.0,3.5015795041844777,37.00065678354753,37.0,41.65163736839107,477.7263149430458,499.01998370928595
183.10000000000002,2.0225861079498375,2.0,3.5251808751819342,37.0006518118974,37.0,41.651598087687056,477.7116604122303,499.03285804963923
183.20000000000002,2.0226790642886856,2.0,3.5488406542547786,37.00064680019847,37.0,41.65155972334973,477.69700781186793,499.0457305243318
183.3,2.0227717498434465,2.0,3.5725585848886423,37.000641748348016,37.0,41.65152228101497,477.68235714626,499.058601129278
183.4,2.022864163945768,2.0,3.5963344102081845,37.00063665624475,37.0,41.651485766319844,477.66770841971754,499.07146986038276
183.5,2.0229563059302405,2.0,3.6201678729796805,37.00063152378891,37.0,41.65145018490223,477.65306163656123,499.0843367135421
183.60000000000002,2.0230481751344027,2.0,3.6440587156137423,37.000626350882044,37.0,41.65141554239943,477.63841680112137,499.0972016846426
183.70000000000002,2.0231397708987457,2.0,3.6680066801678968,37.000621137427174,37.0,41.651381844450576,477.6237739177379,499.1100647695619
183.8,2.0232310925667183,2.0,3.692011508349283,37.00061588332886,37.0,41.651349096694275,477.60913299076014,499.12292596416876
183.9,2.0233221394847303,2.0,3.7160729415173055,37.000610588493146,37.0,41.6513173047682,477.59449402454715,499.13578526432275
184.0,2.0234129110021573,2.0,3.7401907206862033,37.00060525282737,37.0,41.651286474309565,477.5798570234672,499.14864266587483
184.10000000000002,2.0235034064713475,2.0,3.764364586527698,37.000599876240585,37.0,41.65125661095661,477.56522199189783,499.16149816466685
184.20000000000002,2.0235936252476234,2.0,3.7885942793738248,37.00059445864309,37.0,41.65122772034404,477.550588934226,499.1743517565319
184.3,2.023683566689288,2.0,3.812879539219334,37.00058899994684,37.0,41.651199808108224,477.535957854848,499.1872034372946
184.4,2.0237732301576288,2.0,3.83722010572453,37.000583500065204,37.0,41.65117287988212,477.52132875816903,499.2000532027706
184.5,2.0238626150169208,2.0,3.861615718217837,37.00057795891314,37.0,41.65114694129818,477.5067016486035,499.212901048767
184.60000000000002,2.023951720634434,2.0,3.886066115698406,37.00057237640709,37.0,41.65112199798596,477.4920765305749,499.2257469710824
184.70000000000002,2.024040546380436,2.0,3.910571036838972,37.00056675246486,37.0,41.65109805557346,477.47745340851577,499.2385909655069
184.8,2.024129091628195,2.0,3.935130219988303,37.000561087006076,37.0,41.65107511968788,477.46283228686747,499.25143302782203
184.9,2.024217355753987,2.0,3.95974340317399,37.00055537995155,37.0,41.65105319595056,477.44821317008024,499.26427315380107
185.0,2.0243053381370975,2.0,3.9844103241050113,37.000549631223805,37.0,41.65103228998407,477.43359606261316,499.27711133920894
185.10000000000002,2.024393038159827,2.0,4.009130720174513,37.00054384074696,37.0,41.65101240740561,477.4189809689341,499.2899475798022
185.20000000000002,2.024480455207497,2.0,4.0339043284623495,37.00053800844648,37.0,41.65099355382897,477.40436789351963,499.30278187132916
185.3,2.0245675886684493,2.0,4.058730885737943,37.00053213424957,37.0,41.65097573486643,477.3897568408549,499.3156142095301
185.4,2.0246544379340548,2.0,4.08361012846266,37.00052621808487,37.0,41.65095895612469,477.37514781543365,499.3284445901371
185.5,2.024741002398715,2.0,4.108541792792761,37.00052025988259,37.0,41.65094322320764,477.3605408217581,499.3412730088741
185.60000000000002,2.024827281459868,2.0,4.133525614581906,37.000514259574516,37.0,41.65092854171513,477.3459358643391,499.3540994614573
185.70000000000002,2.0249132745179907,2.0,4.158561329383898,37.000508217093966,37.0,41.650914917242396,477.33133294769556,499.36692394359466
185.8,2.024998980976604,2.0,4.183648672455353,37.0005021323758,37.0,41.65090235538047,477.3167320763551,499.37974645098643
185.9,2.025084400242277,2.0,4.2087873787583385,37.00049600535658,37.0,41.65089086171593,477.3021332548535,499.39256697932507
186.0,2.0251695317246297,2.0,4.23397718296315,37.000489835974406,37.0,41.650880441828996,477.28753648773454,499.4053855242951
186.10000000000002,2.0252543748363374,2.0,4.259217819450794,37.00048362416885,37.0,41.65087110129538,477.27294177955054,499.4182020815735
186.20000000000002,2.025338928993135,2.0,4.284509022315882,37.00047736988108,37.0,41.650862845686326,477.25834913486153,499.4310166468294
186.3,2.0254231936138214,2.0,4.30985052536914,37.00047107305397,37.0,41.65085568056717,477.24375855823587,499.44382921572446
186.4,2.025507168120262,2.0,4.335242062140273,37.00046473363193,37.0,41.65084961149625,477.2291700542498,499.4566397839128
186.5,2.025590851937393,2.0,4.360683365880452,37.00045835156095,37.0,41.650844644026634,477.21458362748734,499.46944834704095
186.60000000000002,2.025674244493225,2.0,4.38617416956513,37.00045192678863,37.0,41.650840783705014,477.19999928254066,499.4822549007481
186.70000000000002,2.0257573452188478,2.0,4.411714205896664,37.00044545926414,37.0,41.650838036071654,477.1854170240096,499.4950594406661
186.8,2.0258401535484336,2.0,4.437303207306998,37.00043894893827,37.0,41.65083640666017,477.17083685650164,499.5078619624194
186.9,2.0259226689192382,2.0,4.4629409059605285,37.00043239576354,37.0,41.65083590099736,477.15625878463214,499.52066246162525
187.0,2.0260048907716093,2.0,4.488627033756384,37.000425799693915,37.0,41.65083652460126,477.141682813024,499.5334609338935
187.10000000000002,2.0260868185489858,2.0,4.514361322331599,37.000419160685,37.0,41.650838282984786,477.12710894630754,499.5462573748271
187.20000000000002,2.0261684516979037,2.0,4.540143503063431,37.00041247869416,37.0,41.650841181652495,477.1125371891208,499.55905178002183
187.3,2.0262497896679994,2.0,4.565973307072246,37.00040575368013,37.0,41.65084522609976,477.0979675461092,499.57184414506645
187.4,2.0263308319120115,2.0,4.591850465224164,37.00039898560351,37.0,41.650850421816784,477.0834000219253,499.58463446554265
187.5,2.0264115778857876,2.0,4.617774708133661,37.00039217442651,37.0,41.65085677428247,477.0688346212294,499.59742273702534
187.60000000000002,2.0264920270482842,2.0,4.643745766166502,37.00038532011291,37.0,41.65086428896807,477.0542713486889,499.6102089550824
187.70000000000002,2.026572178861572,2.0,4.669763369442131,37.00037842262799,37.0,41.65087297133649,477.0397102089783,499.6229931152751
187.8,2.0266520327908397,2.0,4.695827247836568,37.000371481938885,37.0,41.650882826843166,477.0251512067793,499.6357752131578
187.9,2.0267315883043953,2.0,4.7219371309851,37.000364498014335,37.0,41.650893860931696,477.01059434678075,499.6485552442782
188.0,2.026810844873671,2.0,4.748092748284826,37.000357470824554,37.0,41.65090607903726,476.9960396336785,499.6613332041775
188.10000000000002,2.026889801973226,2.0,4.774293828897496,37.00035040034152,37.0,41.65091948658703,476.98148707217536,499.67410908839014
188.20000000000002,2.026968459080751,2.0,4.800540101752199,37.00034328653891,37.0,41.65093408899685,476.966936666981,499.6868828924441
188.3,2.0270468156770685,2.0,4.826831295547971,37.000336129392,37.0,41.65094989167221,476.95238842281196,499.6996546118609
188.4,2.027124871246138,2.0,4.8531671387566115,37.00032892887765,37.0,41.65096690000906,476.9378423443916,499.71242424215575
188.5,2.0272026252750606,2.0,4.879547359625217,37.00032168497438,37.0,41.65098511939338,476.92329843645,499.7251917788373
188.60000000000002,2.027280077254077,2.0,4.9059716861791465,37.00031439766252,37.0,41.65100455520045,476.90875670372395,499.7379572174081
188.70000000000002,2.027357226676577,2.0,4.932439846224341,37.00030706692388,37.0,41.65102521279301,476.8942171509567,499.75072055336443
188.8,2.027434073039098,2.0,4.958951567350424,37.000299692741976,37.0,41.65104709752483,476.8796797828981,499.7634817821963
188.9,2.027510615841329,2.0,4.985506576933168,37.00029227510214,37.0,41.651070214737565,476.86514460430476,499.7762408993877
189.0,2.0275868545861147,2.0,5.012104602137201,37.00028481399107,37.0,41.651094569759856,476.85061161993934,499.7889979004164
189.10000000000002,2.0276627887794576,2.0,5.03874536991878,37.00027730939729,37.0,41.651120167911934,476.83608083457096,499.8017527807544
189.20000000000002,2.0277384179305202,2.0,5.065428607028496,37.00026976131102,37.0,41.65114701449995,476.82155225297515,499.81450553586757
189.3,2.0278137415516304,2.0,5.092154040013867,37.00026216972407,37.0,41.651175114817796,476.80702587993363,499.82725616121587
189.4,2.0278887591582806,2.0,5.118921395222257,37.0002545346299,37.0,41.65120447414786,476.7925017202343,499.8400046522535
189.5,2.027963470269133,2.0,5.145730398803293,37.00024685602369,37.0,41.651235097760015,476.7779797786713,499.85275100442897
189.60000000000002,2.0280378744060226,2.0,5.172580776711776,37.00023913390237,37.0,41.65126699091093,476.7634600600447,499.86549521318494
189.70000000000002,2.0281119710939586,2.0,5.1994722547103285,37.000231368264394,37.0,41.651300158843476,476.7489425691606,499.8782372739583
189.8,2.028185759861128,2.0,5.2264045583721215,37.000223559109884,37.0,41.65133460678884,476.7344273108311,499.8909771821806
189.9,2.0282592402388966,2.0,5.253377413083518,37.00021570644077,37.0,41.65137033996482,476.71991428987417,499.9037149332777
190.0,2.028332411761815,2.0,5.280390544046749,37.00020781026046,37.0,41.651407363574044,476.70540351111356,499.9164505226699
190.10000000000002,2.0284052739676173,2.0,5.30744367628281,37.000199870574136,37.0,41.651445682807626,476.69089497937887,499.9291839457722
190.20000000000002,2.028477826397227,2.0,5.33453653463387,37.00019188738872,37.0,41.65148530284139,476.6763886995053,499.9419151979941
190.3,2.0285500685947566,2.0,5.361668843766324,37.00018386071264,37.0,41.65152622883621,476.66188467633395,499.95464427473985
190.4,2.028622000107512,2.0,5.3888403281730906,37.00017579055611,37.0,41.65156846594072,476.6473829147111,499.96737117140833
190.5,2.028693620485995,2.0,5.416050712176693,37.00016767693097,37.0,41.65161201928707,476.63288341948896,499.9800958833934
190.60000000000002,2.028764929283905,2.0,5.4432997199317406,37.0001595198508,37.0,41.651656893993724,476.618386195525,499.99281840608364
190.70000000000002,2.0288359260581412,2.0,5.470587075427741,37.00015131933077,37.0,41.65170309516309,476.6038912476821,500.0055387348625
190.8,2.028906610368806,2.0,5.497912502491676,37.00014307538777,37.0,41.65175062788334,476.5893985808285,500.01825686510836
190.9,2.0289769817792047,2.0,5.525275724790881,37.00013478804027,37.0,41.65179949722675,476.5749081998379,500.03097279219486
191.0,2.0290470398558527,2.0,5.552676465835522,37.000126457308454,37.0,41.65184970825089,476.560420109589,500.0436865114905
191.10000000000002,2.0291167841684725,2.0,5.580114448981572,37.00011808321426,37.0,41.65190126599705,476.5459343149658,500.05639801835895
191.20000000000002,2.0291862142899992,2.0,5.6075893974332605,37.00010966578117,37.0,41.651954175489635,476.5314508208573,500.069107308159
191.3,2.029255329796582,2.0,5.635101034245931,37.00010120503447,37.0,41.652008441738445,476.5169696321577,500.08181437624495
191.4,2.029324130267585,2.0,5.662649082328729,37.000092701000995,37.0,41.65206406973511,476.50249075376615,500.0945192179661
191.5,2.029392615285592,2.0,5.690233264447178,37.00008415370928,37.0,41.65212106445633,476.4880141905866,500.10722182866726
191.60000000000002,2.029460784436405,2.0,5.717853303226098,37.00007556318951,37.0,41.6521794308614,476.4735399475281,500.1199222036886
191.70000000000002,2.02952863730905,2.0,5.745508921152071,37.00006692947363,37.0,41.65223917389293,476.45906802950424,500.1326203383658
191.8,2.029596173495776,2.0,5.773199840576329,37.00005825259507,37.0,41.652300298475346,476.44459844143364,500.14531622803014
191.9,2.0296633925920586,2.0,5.800925783717332,37.00004953258906,37.0,41.652362809517825,476.43013118823944,500.1580098680084
192.0,2.0297302941966024,2.0,5.828686472663492,37.0000407694925,37.0,41.65242671191009,476.4156662748495,500.1707012536229
192.10000000000002,2.0297968779113402,2.0,5.856481629376016,37.000031963343815,37.0,41.65249201052456,476.40120370619616,500.1833903801918
192.20000000000002,2.029863143341439,2.0,5.884310975691294,37.00002311418325,37.0,41.65255871021703,476.3867434872163,500.196077243029
192.3,2.0299290900952984,2.0,5.9121742333239755,37.00001422205264,37.0,41.65262681582332,476.37228562285134,500.20876183744423
192.4,2.0299947177845525,2.0,5.9400711238693935,37.00000528699542,37.0,41.65269633216196,476.35783011804705,500.221444158743
192.5,2.030060026024076,2.0,5.968001368806228,36.99999630905671,37.0,41.65276726403353,476.3433769777535,500.23412420222684
192.60000000000002,2.0301250144319796,2.0,5.995964689499589,36.99998728828331,37.0,41.65283961621933,476.32892620692513,500.2468019631932
192.70000000000002,2.0301896826296164,2.0,6.023960807203189,36.99997822472369,37.0,41.65291339348197,476.31447781052043,500.25947743693564
192.8,2.0302540302415824,2.0,6.051989443062426,36.99996911842794,37.0,41.652988600564484,476.3000317935022,500.27215061874375
192.9,2.0303180568957164,2.0,6.080050318116939,36.99995996944779,37.0,41.653065242191396,476.2855881608374,500.28482150390323
193.0,2.030381762223104,2.0,6.108143153303238,36.999950777836546,37.0,41.65314332306772,476.2711469174969,500.2974900876962
193.10000000000002,2.030445145858078,2.0,6.136267669457507,36.9999415436493,37.0,41.653222847879434,476.25670806845534,500.3101563654008
193.20000000000002,2.0305082074382197,2.0,6.16442358731827,36.99993226694261,37.0,41.653303821291495,476.24227161869175,500.32282033229154
193.3,2.0305709466043624,2.0,6.1926106275290325,36.99992294777485,37.0,41.65338624795081,476.22783757318876,500.33548198363934
193.4,2.030633363000589,2.0,6.2208285106410965,36.999913586205935,37.0,41.65347013248204,476.21340593693276,500.3481413147117
193.5,2.030695456274237,2.0,6.249076957116004,36.999904182297314,37.0,41.653555479490954,476.198976714914,500.36079832077235
193.60000000000002,2.030757226075899,2.0,6.277355687328497,36.99989473611225,37.0,41.65364229356366,476.18454991212644,500.37345299708176
193.70000000000002,2.030818672059423,2.0,6.305664421569048,36.99988524771561,37.0,41.65373057926356,476.17012553356744,500.386105338897
193.8,2.0308797938819136,2.0,6.334002880046649,36.99987571717378,37.0,41.65382034113399,476.15570358423815,500.39875534147166
193.9,2.030940591203737,2.0,6.3623707828913,36.9998661445548,37.0,41.65391158369817,476.1412840691432,500.4114030000562
194.0,2.0310010636885165,2.0,6.390767850157003,36.999856529928365,37.0,41.65400431145771,476.12686699329055,500.4240483098977
194.10000000000002,2.0310612110031383,2.0,6.4191938018241625,36.99984687336581,37.0,41.65409852889271,476.1124523616917,500.4366912662402
194.20000000000002,2.03112103281775,2.0,6.447648357802401,36.99983717494007,37.0,41.654194240461486,476.0980401793613,500.44933186432456
194.3,2.0311805288057636,2.0,6.476131237933204,36.99982743472549,37.0,41.654291450600994,476.08363045131756,500.4619700993885
194.4,2.031239698643856,2.0,6.504642161992648,36.99981765279824,37.0,41.654390163728245,476.0692231825816,500.47460596666684
194.5,2.0312985420119687,2.0,6.533180849694057,36.99980782923609,37.0,41.654490384235764,476.0548183781778,500.48723946139154
194.60000000000002,2.031357058593312,2.0,6.561747020690604,36.999797964118386,37.0,41.65459211649446,476.04041604313363,500.49987057879156
194.70000000000002,2.031415248074362,2.0,6.5903403945781465,36.99978805752596,37.0,41.654695364853,476.02601618247974,500.5124993140929
194.8,2.031473110144866,2.0,6.61896069089771,36.99977810954135,37.0,41.654800133638716,476.01161880124954,500.525125662519
194.9,2.03153064449784,2.0,6.6476076291384025,36.99976812024863,37.0,41.65490642715499,475.9972239044795,500.5377496192904
195.0,2.0315878508295704,2.0,6.676280928739801,36.999758089733575,37.0,41.65501424968315,475.9828314972088,500.5503711796252
195.10000000000002,2.0316447288396158,2.0,6.704980309094843,36.999748018083324,37.0,41.65512360548024,475.9684415844797,500.56299033873864
195.20000000000002,2.031701278230808,2.0,6.73370548955241,36.99973790538678,37.0,41.65523449878264,475.9540541713369,500.5756070918436
195.3,2.031757498709252,2.0,6.762456189420068,36.99972775173438,37.0,41.65534693380116,475.939669262828,500.5882214341502
195.4,2.031813389984325,2.0,6.791232127966611,36.999717557218105,37.0,41.65546091472392,475.9252868640031,500.6008333608665
195.5,2.031868951768682,2.0,6.820033024424743,36.99970732193145,37.0,41.65557644571574,475.9109069799149,500.6134428671977
195.60000000000002,2.0319241837782522,2.0,6.848858597993945,36.99969704596958,37.0,41.65569353091792,475.8965296156186,500.626049948347
195.70000000000002,2.031979085732241,2.0,6.877708567842903,36.99968672942907,37.0,41.65581217444697,475.88215477617194,500.6386545995151
195.8,2.0320336573531326,2.0,6.90658265311221,36.99967637240832,37.0,41.65593238039685,475.867782466635,500.6512568159009
195.9,2.0320878983666857,2.0,6.935480572917233,36.999665975006906,37.0,41.65605415283439,475.85341269207,500.66385659270077
196.0,2.0321418085019407,2.0,6.964402046350385,36.999655537326305,37.0,41.65617749580616,475.8390454575417,500.6764539251089
196.10000000000002,2.0321953874912144,2.0,6.993346792484258,36.99964505946929,37.0,41.656302413330195,475.82468076811705,500.6890488083175
196.20000000000002,2.0322486350701032,2.0,7.022314530373839,36.99963454154022,37.0,41.656428909402855,475.8103186288651,500.70164123751704
196.3,2.0323015509774844,2.0,7.051304979059401,36.99962398364511,37.0,41.6565569879947,475.795959044857,500.71423120789564
196.4,2.0323541349555145,2.0,7.080317857569185,36.99961338589151,37.0,41.65668665305024,475.78160202116595,500.7268187146398
196.5,2.0324063867496314,2.0,7.109352884921892,36.99960274838821,37.0,41.656817908489046,475.7672475628671,500.7394037529342
196.60000000000002,2.0324583061085533,2.0,7.138409780129474,36.999592071245786,37.0,41.656950758208204,475.7528956750376,500.7519863179616
196.70000000000002,2.03250989278428,2.0,7.167488262199682,36.99958135457621,37.0,41.657085206076395,475.73854636275644,500.764566404903
196.8,2.032561146532093,2.0,7.196588050138756,36.99957059849305,37.0,41.65722125593818,475.7241996311045,500.7771440089378
196.9,2.032612067110556,2.0,7.2257088629540736,36.9995598031112,37.0,41.65735891161142,475.70985548516427,500.78971912524383
197.0,2.0326626542815154,2.0,7.254850419656806,36.99954896854729,37.0,41.65749817689031,475.6955139300199,500.8022917489972
197.10000000000002,2.0327129078100987,2.0,7.284012439264538,36.99953809491933,37.0,41.65763905554001,475.68117497075747,500.8148618753728
197.20000000000002,2.032762827464717,2.0,7.313194640803858,36.99952718234675,37.0,41.65778155130144,475.66683861246435,500.82742949954377
197.3,2.0328124130170644,2.0,7.342396743313088,36.999516230950576,37.0,41.65792566788969,475.6525048602295,500.8399946166819
197.4,2.0328616642421173,2.0,7.371618465844863,36.999505240853125,37.0,41.65807140899224,475.6381737191435,500.8525572219579
197.5,2.032910580918135,2.0,7.400859527468791,36.99949421217843,37.0,41.658218778272015,475.6238451942982,500.8651173105409
197.60000000000002,2.03295916282666,2.0,7.430119647274016,36.99948314505184,37.0,41.65836777936262,475.6095192907868,500.87767487759885
197.70000000000002,2.0330074097525186,2.0,7.459398544371914,36.99947203960022,37.0,41.65851841587295,475.59519601370386,500.89022991829864
197.8,2.033055321483818,2.0,7.488695937898773,36.999460895951984,37.0,41.65867069138394,475.5808753681452,500.90278242780585
197.9,2.0331028978119496,2.0,7.51801154701819,36.99944971423673,37.0,41.65882460944883,475.5665573592077,500.9153324012851
198.0,2.0331501385315884,2.0,7.547345090923983,36.99943849458572,37.0,41.65898017359646,475.55224199198943,500.92787983390014
198.10000000000002,2.0331970434406914,2.0,7.576696288842651,36.99942723713161,37.0,41.65913738732581,475.53792927158963,500.94042472081344
198.20000000000002,2.033243612340497,2.0,7.6060648600360246,36.99941594200834,37.0,41.659296254109044,475.52361920310835,500.9529670571868
198.3,2.033289845035528,2.0,7.635450523803791,36.999404609351586,37.0,41.659456777392556,475.5093117916468,500.96550683818106
198.4,2.033335741333589,2.0,7.664852999486327,36.999393239298115,37.0,41.65961896059137,475.4950070423069,500.97804405895624
198.5,2.0333813010457638,2.0,7.6942720064671395,36.999381831986284,37.0,41.659782807096796,475.48070496019153,500.9905787146717
198.60000000000002,2.0334265239864218,2.0,7.7237072641753866,36.99937038755587,37.0,41.65994832026981,475.4664055504043,501.00311080048607
198.70000000000002,2.033471409973211,2.0,7.7531584920888355,36.99935890614802,37.0,41.66011550344357,475.4521088180497,501.01564031155726
198.8,2.03351595882706,2.0,7.7826254097360685,36.99934738790523,37.0,41.660284359923516,475.4378147682325,501.0281672430428
198.9,2.03356017037218,2.0,7.812107736699252,36.9993358329715,37.0,41.66045489298704,475.42352340605856,501.04069159009947
199.0,2.0336040444360606,2.0,7.841605192616908,36.99932424149205,37.0,41.66062710588224,475.40923473663406,501.0532133478836
199.10000000000002,2.033647580849472,2.0,7.8711174971862,36.9993126136136,37.0,41.660801001830215,475.39494876506564,501.0657325115514
199.20000000000002,2.0336907794464616,2.0,7.900644370165759,36.999300949484166,37.0,41.66097658402219,475.3806654964605,501.0782490762583
199.3,2.033733640064358,2.0,7.930185531378099,36.999289249253195,37.0,41.6611538556215,475.3663849359261,501.09076303715943
199.4,2.033776162543767,2.0,7.95974070071245,36.99927751307155,37.0,41.66133281976196,475.35210708857034,501.10327438941005
199.5,2.0338183467285704,2.0,7.989309598127108,36.99926574109122,37.0,41.66151347954791,475.33783195950144,501.1157831281648
199.60000000000002,2.033860192465928,2.0,8.018891943652122,36.999253933465695,37.0,41.66169583805692,475.32355955382764,501.1282892485785
199.70000000000002,2.0339016996062753,2.0,8.04848745739185,36.99924209034987,37.0,41.66187989833564,475.30928987665754,501.14079274580547
199.8,2.033942868003324,2.0,8.078095859527618,36.999230211899885,37.0,41.66206566340089,475.2950229330998,501.15329361500034
199.9,2.0339836975140595,2.0,8.107716870320212,36.99921829827315,37.0,41.66225313624107,475.28075872826315,501.1657918513175
200.0,2.034024187998742,2.0,8.137350210112455,36.99920634962842,37.0,41.66244231981569,475.26649726725617,501.1782874499116
200.10000000000002,2.0340643393209037,2.0,8.166995599331868,36.99919436612589,37.0,41.662633217054065,475.25223855518755,501.19078040593706
200.20000000000002,2.0341041513473495,2.0,8.196652758493087,36.99918234792693,37.0,41.66282583085483,475.23798259716574,501.203270714549
200.3,2.034143623948157,2.0,8.226321408200551,36.999170295194176,37.0,41.66302016408812,475.2237293982992,501.2157583709023
200.4,2.034182756996673,2.0,8.256001269151145,36.99915820809167,37.0,41.66321621959447,475.209478963696,501.2282433701523
200.5,2.034221550369514,2.0,8.285692062136519,36.99914608678472,37.0,41.663414000183,475.195231298464,501.2407257074546
200.60000000000002,2.0342600039465655,2.0,8.315393508045856,36.999133931439815,37.0,41.66361350863335,475.18098640771063,501.25320537796506
200.70000000000002,2.0342981176109816,2.0,8.3451053278683,36.999121742224816,37.0,41.66381474769571,475.1667442965431,501.2656823768402
200.8,2.0343358912491807,2.0,8.374827242695694,36.999109519308774,37.0,41.664017720088914,475.152504970068,501.27815669923683
200.9,2.034373324750849,2.0,8.404558973724818,36.999097262861994,37.0,41.66422242850227,475.13826843339154,501.29062834031254
201.0,2.0344104180089353,2.0,8.43430024226028,36.99908497305614,37.0,41.66442887559455,475.1240346916193,501.30309729522514
201.10000000000002,2.034447170919654,2.0,8.464050769716795,36.999072650063965,37.0,41.66463706399278,475.10980374985627,501.3155635591333
201.20000000000002,2.034483583382479,2.0,8.493810277621971,36.999060294059575,37.0,41.66484699629517,475.09557561320685,501.3280271271964
201.3,2.0345196553001483,2.0,8.523578487618511,36.99904790521816,37.0,41.66505867506757,475.0813502867747,501.34048799457435
201.4,2.0345553865786568,2.0,8.55335512146723,36.999035483716284,37.0,41.66527210284673,475.0671277756626,501.3529461564282
201.5,2.0345907771272587,2.0,8.583139901049051,36.99902302973163,37.0,41.66548728213674,475.0529080849725,501.3654016079194
201.60000000000002,2.034625826858467,2.0,8.612932548367908,36.99901054344309,37.0,41.665704215411715,475.0386912198056,501.3778543442107
201.70000000000002,2.0346605356880483,2.0,8.642732785553257,36.99899802503086,37.0,41.66592290511464,475.024477185262,501.3903043604654
201.8,2.0346949035350255,2.0,8.67254033486229,36.99898547467609,37.0,41.666143353656196,475.01026598644097,501.40275165184823
201.9,2.034728930321673,2.0,8.702354918682904,36.99897289256131,37.0,41.666365563418275,474.99605762844067,501.4151962135247
202.0,2.0347626159735186,2.0,8.732176259535787,36.998960278870186,37.0,41.66658953674916,474.9818521163581,501.42763804066146
202.10000000000002,2.0347959604193395,2.0,8.762004080077327,36.99894763378751,37.0,41.66681527596644,474.96764945528906,501.4400771284263
202.20000000000002,2.034828963591161,2.0,8.791838103101806,36.998934957499216,37.0,41.66704278335646,474.9534496503283,501.45251347198825
202.3,2.034861625424257,2.0,8.821678051544044,36.998922250192436,37.0,41.667272061174124,474.9392527065693,501.4649470665176
202.4,2.034893945857147,2.0,8.851523648481946,36.99890951205538,37.0,41.66750311164225,474.9250586291041,501.47737790718594
202.5,2.034925924831593,2.0,8.881374617139006,36.99889674327744,37.0,41.66773593695263,474.9108674230235,501.48980598916614
202.60000000000002,2.034957562292601,2.0,8.91123068088659,36.998883944049226,37.0,41.66797053926457,474.8966790934166,501.50223130763254
202.70000000000002,2.034988858188417,2.0,8.941091563246765,36.998871114562235,37.0,41.66820692070496,474.8824936453714,501.514653857761
202.8,2.0350198124705274,2.0,8.970956987894551,36.99885825500928,37.0,41.66844508337097,474.86831108397416,501.5270736347288
202.9,2.035050425093654,2.0,9.000826678660541,36.99884536558409,37.0,41.66868502932541,474.85413141430956,501.5394906337148
203.0,2.035080696015756,2.0,9.030700359533224,36.998832446481686,37.0,41.66892676060134,474.8399546414607,501.5519048498996
203.10000000000002,2.0351106251980258,2.0,9.06057775466169,36.998819497897955,37.0,41.66917027919718,474.8257807705088,501.5643162784652
203.20000000000002,2.0351402126048885,2.0,9.090458588357983,36.99880652003003,37.0,41.66941558708192,474.8116098065337,501.5767249145955
203.3,2.035169458203998,2.0,9.12034258509959,36.99879351307618,37.0,41.669662686190115,474.797441754613,501.5891307534761
203.4,2.035198361966239,2.0,9.150229469531828,36.998780477235414,37.0,41.66991157842362,474.78327661982286,501.60153379029447
203.5,2.0352269238657192,2.0,9.180118966470591,36.998767412708105,37.0,41.67016226565533,474.7691144072372,501.6139340202399
203.60000000000002,2.035255143879774,2.0,9.21001080090437,36.99875431969559,37.0,41.670414749721914,474.7549551219283,501.62633143850354
203.70000000000002,2.0352830219889593,2.0,9.239904697997233,36.99874119840007,37.0,41.670669032428954,474.740798768966,501.6387260402785
203.8,2.0353105581770525,2.0,9.269800383090807,36.99872804902503,37.0,41.67092511555116,474.7266453534186,501.6511178207602
203.9,2.0353377524310496,2.0,9.299697581707127,36.99871487177478,37.0,41.67118300082747,474.7124948803518,501.6635067751457
204.0,2.0353646047411624,2.0,9.329596019550833,36.99870166685463,37.0,41.671442689966945,474.69834735482954,501.6758928986345
204.10000000000002,2.0353911151008175,2.0,9.359495422511685,36.99868843447109,37.0,41.6717041846454,474.68420278191326,501.688276186428
204.20000000000002,2.035417283506653,2.0,9.389395516667069,36.998675174831476,37.0,41.67196748650394,474.67006116666226,501.70065663373
204.3,2.035443109958518,2.0,9.419296028284329,36.99866188814417,37.0,41.67223259715325,474.65592251413347,501.7130342357465
204.4,2.035468594459468,2.0,9.449196683823347,36.99864857461853,37.0,41.67249951816977,474.6417868293815,501.72540898768574
204.5,2.0354937370157664,2.0,9.479097209938768,36.998635234464814,37.0,41.67276825109736,474.6276541174583,501.7377808847586
204.60000000000002,2.0355185376368774,2.0,9.50899733348276,36.9986218678942,37.0,41.67303879744744,474.6135243834137,501.75014992217797
204.70000000000002,2.035542996335467,2.0,9.538896781507049,36.998608475119,37.0,41.67331115869884,474.5993976322947,501.7625160951595
204.8,2.035567113127401,2.0,9.568795281265583,36.99859505635237,37.0,41.67358533629535,474.58527386914585,501.7748793989213
204.9,2.0355908880317406,2.0,9.598692560216998,36.99858161180839,37.0,41.67386133164894,474.57115309900905,501.78723982868394
205.0,2.035614321070741,2.0,9.628588346026811,36.998568141701924,37.0,41.674139146138494,474.55703532692354,501.7995973796707
205.10000000000002,2.035637412269849,2.0,9.65848236657003,36.99855464624909,37.0,41.674418781110965,474.54292055792575,501.8119520471073
205.20000000000002,2.035660161657701,2.0,9.688374349933461,36.99854112566652,37.0,41.67470023787648,474.52880879704946,501.8243038262225
205.3,2.035682569266119,2.0,9.718264024418197,36.99852758017198,37.0,41.67498351771653,474.51470004932526,501.8366527122476
205.4,2.0357046351301094,2.0,9.748151118541838,36.998514009984035,37.0,41.67526862187614,474.5005943197812,501.8489987004168
205.5,2.035726359287861,2.0,9.77803536104106,36.998500415322155,37.0,41.67555555156844,474.48649161344235,501.8613417859671
205.60000000000002,2.0357477417807406,2.0,9.807916480874072,36.99848679640672,37.0,41.67584430797269,474.47239193533073,501.87368196413837
205.70000000000002,2.0357687826532915,2.0,9.837794207222705,36.99847315345892,37.0,41.676134892234444,474.4582952904652,501.8860192301735
205.8,2.035789481953232,2.0,9.86766826949511,36.998459486700824,37.0,41.676427305466575,474.4442016838616,501.89835357931827
205.9,2.0358098397314492,2.0,9.89753839732801,36.998445796355384,37.0,41.67672154874779,474.4301111205327,501.9106850068217
206.0,2.0358298560420005,2.0,9.927404320588984,36.99843208264616,37.0,41.67701762312337,474.4160236054879,501.92301350793576
206.10000000000002,2.035849530942108,2.0,9.957265769378997,36.9984183457978,37.0,41.67731552960718,474.40193914373367,501.9353390779156
206.20000000000002,2.0358688644921568,2.0,9.987122474034686,36.99840458603575,37.0,41.677615269176584,474.38785774027275,501.9476617120195
206.3,2.035887856755692,2.0,10.016974165130762,36.998390803586005,37.0,41.67791684277613,474.37377940010487,501.95998140550904
206.4,2.035906507799416,2.0,10.04682057348229,36.99837699867561,37.0,41.67822025131912,474.3597041282262,501.97229815364904
206.5,2.0359248176931866,2.0,10.076661430147158,36.99836317153233,37.0,41.678525495682514,474.34563192962946,501.98461195170773
206.60000000000002,2.0359427865100113,2.0,10.1064964664284,36.99834932238468,37.0,41.67883257671062,474.331562809304,501.99692279495673
206.70000000000002,2.035960414326047,2.0,10.136325413876435,36.99833545146197,37.0,41.67914149521439,474.3174967722355,502.00923067867086
206.8,2.0359777012205975,2.0,10.166148004291529,36.99832155899435,37.0,41.6794522519708,474.303433823406,502.0215355981288
206.9,2.035994647276107,2.0,10.195963969726183,36.99830764521249,37.0,41.67976484772226,474.289373967794,502.0338375486125
207.0,2.036011252578161,2.0,10.22577304248723,36.99829371034798,37.0,41.680079283180085,474.2753172103743,502.04613652540735
207.10000000000002,2.036027517215481,2.0,10.255574955138432,36.998279754633074,37.0,41.68039555901973,474.26126355611785,502.0584325238027
207.20000000000002,2.0360434412799218,2.0,10.28536944050268,36.99826577830078,37.0,41.680713675883794,474.24721300999187,502.0707255390914
207.3,2.03605902486647,2.0,10.315156231664279,36.99825178158494,37.0,41.68103363438087,474.2331655769597,502.08301556656994
207.4,2.0360742680732375,2.0,10.344935061971427,36.99823776471982,37.0,41.68135543508444,474.2191212619809,502.09530260153866
207.5,2.036089171001462,2.0,10.37470566503826,36.998223727940626,37.0,41.68167907853761,474.20508007001087,502.1075866393017
207.60000000000002,2.036103733755502,2.0,10.40446777474746,36.99820967148315,37.0,41.68200456524641,474.1910420060012,502.1198676751671
207.70000000000002,2.0361179564428324,2.0,10.434221125252416,36.99819559558392,37.0,41.682331895684776,474.17700707489934,502.13214570444654
207.8,2.036131839174045,2.0,10.463965450979419,36.99818150048003,37.0,41.68266107029206,474.16297528164864,502.14442072245606
207.9,2.036145382062841,2.0,10.493700486630232,36.99816738640925,37.0,41.682992089474936,474.1489466311885,502.1566927245153
208.0,2.0361585852260293,2.0,10.523425967184078,36.99815325361004,37.0,41.68332495360584,474.1349211284538,502.1689617059482
208.10000000000002,2.0361714487835254,2.0,10.553141627900143,36.9981391023216,37.0,41.68365966302316,474.1208987783755,502.1812276620827
208.20000000000002,2.0361839728583435,2.0,10.582847204319805,36.998124932783526,37.0,41.683996218030536,474.10687958588,502.19349058825077
208.3,2.036196157576598,2.0,10.612542432268786,36.998110745236204,37.0,41.684334618900394,474.09286355588955,502.2057504797888
208.4,2.0362080030674954,2.0,10.642227047859688,36.998096539920596,37.0,41.68467486586912,474.07885069332195,502.2180073320371
208.5,2.0362195094633355,2.0,10.671900787493966,36.99808231707823,37.0,41.685016959140086,474.06484100309063,502.23026114034036
208.60000000000002,2.036230676899504,2.0,10.701563387864468,36.998068076951256,37.0,41.68536089888315,474.0508344901045,502.2425119000478
208.70000000000002,2.0362415055144707,2.0,10.73121458595748,36.99805381978251,37.0,41.685706685233995,474.03683115926776,502.2547596065127
208.8,2.0362519954497866,2.0,10.760854119055024,36.99803954581512,37.0,41.686054318293586,474.02283101548034,502.2670042550929
208.9,2.036262146850079,2.0,10.790481724737305,36.99802525529299,37.0,41.68640379813223,474.0088340636375,502.2792458411506
209.0,2.036271959863048,2.0,10.820097140884673,36.9980109484606,37.0,41.686755124783595,473.9948403086296,502.2914843600525
209.10000000000002,2.0362814346394633,2.0,10.84970010568001,36.997996625562905,37.0,41.6871082982479,473.9808497553424,502.30371980717
209.20000000000002,2.036290571333161,2.0,10.879290357610973,36.99798228684534,37.0,41.68746331849256,473.966862408657,502.31595217787884
209.3,2.03629937010104,2.0,10.90886763547218,36.997967932553934,37.0,41.68782018545135,473.9528782734496,502.3281814675596
209.4,2.0363078311030574,2.0,10.938431678367579,36.99795356293521,37.0,41.688178899023846,473.93889735459146,502.34040767159746
209.5,2.0363159545022236,2.0,10.96798222571244,36.997939178236265,37.0,41.688539459076054,473.9249196569491,502.35263078538225
209.60000000000002,2.036323740464602,2.0,10.997519017235682,36.9979247787046,37.0,41.68890186543969,473.9109451853839,502.3648508043086
209.70000000000002,2.0363311891593017,2.0,11.027041792982189,36.99791036458828,37.0,41.6892661179139,473.89697394475246,502.3770677237761
209.8,2.0363383007584765,2.0,11.056550293314825,36.99789593613576,37.0,41.68963221626319,473.8830059399061,502.38928153918897
209.9,2.0363450754373185,2.0,11.08604425891685,36.99788149359608,37.0,41.69000016021942,473.8690411756914,502.40149224595643
210.0,2.036351513374056,2.0,11.11552343079389,36.99786703721861,37.0,41.69036994947965,473.8550796569493,502.4136998394926
210.10000000000002,2.0363576147499485,2.0,11.14498755027634,36.997852567253176,37.0,41.69074158370877,473.8411213885158,502.42590431521666
210.20000000000002,2.0363633797492837,2.0,11.174436359021401,36.99783808395023,37.0,41.691115062537804,473.8271663752218,502.43810566855285
210.3,2.0363688085593727,2.0,11.20386959901537,36.99782358756045,37.0,41.69149038556239,473.81321462189277,502.4503038949303
210.4,2.036373901370547,2.0,11.233287012575747,36.99780907833497,37.0,41.69186755234705,473.79926613334885,502.4624989897834
210.5,2.0363786583761523,2.0,11.262688342353485,36.99779455652538,37.0,41.69224656242209,473.78532091440496,502.47469094855165
210.60000000000002,2.0363830797725475,2.0,11.292073331335045,36.997780022383836,37.0,41.69262741528398,473.7713789698704,502.48687976667975
210.70000000000002,2.036387165759099,2.0,11.321441722844696,36.9977654761625,37.0,41.693010110394155,473.75744030454905,502.49906543961777
210.8,2.036390916538175,2.0,11.350793260546617,36.997750918114264,37.0,41.69339464718494,473.7435049232394,502.51124796282096
210.9,2.0363943323151448,2.0,11.38012768844698,36.9977363484922,37.0,41.6937810250509,473.7295728307343,502.5234273317499
211.0,2.0363974132983715,2.0,11.409444750896212,36.99772176754976,37.0,41.69416924335604,473.71564403182083,502.53560354187044
211.10000000000002,2.03640015969921,2.0,11.438744192591086,36.99770717554088,37.0,41.69455930143028,473.70171853128073,502.54777658865413
211.20000000000002,2.0364025717320016,2.0,11.468025758576868,36.9976925727197,37.0,41.69495119856932,473.68779633389,502.55994646757773
211.3,2.036404649614069,2.0,11.497289194249507,36.99767795934076,37.0,41.69534493403701,473.67387744441874,502.57211317412373
211.4,2.036406393565715,2.0,11.526534245357555,36.9976633356589,37.0,41.69574050706313,473.6599618676314,502.58427670378
211.5,2.036407803810215,2.0,11.555760658004688,36.997648701929336,37.0,41.696137916844826,473.64604960828655,502.59643705203996
211.60000000000002,2.036408880573813,2.0,11.584968178651387,36.997634058407414,37.0,41.696537162545205,473.6321406711369,502.60859421440296
211.70000000000002,2.03640962408572,2.0,11.614156554117319,36.99761940534904,37.0,41.696938243296415,473.6182350609292,502.6207481863736
211.8,2.036410034578106,2.0,11.643325531583383,36.9976047430103,37.0,41.69734115819441,473.60433278240424,502.6328989634625
211.9,2.0364101122860996,2.0,11.67247485859384,36.99759007164738,37.0,41.69774590630386,473.59043384029695,502.64504654118593
212.0,2.036409857447778,2.0,11.701604283058394,36.99757539151693,37.0,41.698152486657875,473.5765382393361,502.6571909150661
212.10000000000002,2.036409270304168,2.0,11.730713553254176,36.99756070287589,37.0,41.698560898254485,473.56264598424434,502.669332080631
212.20000000000002,2.036408351099239,2.0,11.759802417828013,36.99754600598135,37.0,41.69897114005893,473.5487570797382,502.68147003341437
212.3,2.0364071000798973,2.0,11.788870625798472,36.997531301090646,37.0,41.69938321100446,473.53487153052816,502.693604768956
212.4,2.036405517495985,2.0,11.81791792655778,36.99751658846134,37.0,41.69979710999153,473.5209893413183,502.7057362828016
212.5,2.036403603600272,2.0,11.846944069874116,36.99750186835121,37.0,41.70021283588785,473.5071105168065,502.717864570503
212.60000000000002,2.036401358648453,2.0,11.875948805893547,36.99748714101827,37.0,41.700630387528385,473.4932350616844,502.729989627618
212.70000000000002,2.036398782899143,2.0,11.904931885142101,36.997472406720874,37.0,41.701049763715325,473.4793629806371,502.7421114497105
212.8,2.0363958766138714,2.0,11.933893058527918,36.99745766571726,37.0,41.701470963216885,473.46549427834356,502.75423003235056
212.9,2.036392640057079,2.0,11.962832077343105,36.99744291826619,37.0,41.701893984772134,473.45162895947607,502.7663453711145
213.0,2.036389073496112,2.0,11.991748693266018,36.997428164626285,37.0,41.70231882708372,473.43776702870053,502.7784574615846
213.10000000000002,2.036385177201218,2.0,12.02064265836314,36.997413405056534,37.0,41.70274548882545,473.4239084906763,502.7905662993497
213.20000000000002,2.03638095144554,2.0,12.049513725091185,36.997398639816026,37.0,41.70317396863637,473.41005335005616,502.8026718800047
213.3,2.0363763965051143,2.0,12.078361646299113,36.99738386916397,37.0,41.70360426512402,473.39620161148633,502.8147741991511
213.4,2.036371512658862,2.0,12.107186175230181,36.99736909335974,37.0,41.70403637686391,473.3823532796063,502.82687325239647
213.5,2.0363663001885866,2.0,12.135987065523867,36.997354312662765,37.0,41.704470302398946,473.3685083590489,502.83896903535503
213.60000000000002,2.0363607593789688,2.0,12.16476407121798,36.99733952733277,37.0,41.70490604024067,473.3546668544402,502.8510615436475
213.70000000000002,2.036354890517562,2.0,12.193516946750663,36.99732473762941,37.0,41.70534358886675,473.3408287703996,502.8631507729009
213.8,2.036348693894786,2.0,12.222245446962427,36.99730994381258,37.0,41.705782946724796,473.3269941115394,502.87523671874897
213.9,2.036342169803922,2.0,12.250949327097985,36.99729514614211,37.0,41.70622411222888,473.3131628824654,502.887319376832
214.0,2.0363353185411097,2.0,12.279628342808406,36.99728034487805,37.0,41.70666708376291,473.2993350877761,502.8993987427968
214.10000000000002,2.036328140405341,2.0,12.30828225015308,36.99726554028041,37.0,41.70711185967718,473.28551073206336,502.91147481229694
214.20000000000002,2.0363206356984533,2.0,12.336910805601654,36.9972507326093,37.0,41.70755843829181,473.27168981991184,502.9235475809927
214.3,2.0363128047251284,2.0,12.365513766035981,36.99723592212496,37.0,41.70800681789448,473.2578723558994,502.935617044551
214.4,2.0363046477928832,2.0,12.394090888752215,36.997221109087604,37.0,41.708456996740715,473.24405834459657,502.9476831986457
214.5,2.0362961652120672,2.0,12.422641931462607,36.99720629375747,37.0,41.708908973055046,473.23024779056686,502.95974603895735
214.60000000000002,2.0362873572958575,2.0,12.451166652297594,36.997191476394846,37.0,41.70936274503077,473.2164406983666,502.9718055611735
214.70000000000002,2.036278224360251,2.0,12.479664809807758,36.997176657259956,37.0,41.709818310829384,473.2026370725451,502.9838617609885
214.8,2.036268766724063,2.0,12.508136162965606,36.9971618366132,37.0,41.710275668581836,473.1888369176441,502.99591463410354
214.9,2.0362589847089194,2.0,12.536580471167762,36.99714701471481,37.0,41.710734816386015,473.1750402381983,503.0079641762271
215.0,2.0362488786392503,2.0,12.564997494236719,36.997132191825074,37.0,41.71119575231062,473.161247038735,503.0200103830744
215.10000000000002,2.036238448842289,2.0,12.593386992422719,36.99711736820433,37.0,41.711658474392216,473.1474573237742,503.03205325036777
215.20000000000002,2.0362276956480634,2.0,12.621748726405958,36.997102544112636,37.0,41.71212298063568,473.1336710978283,503.0440927738367
215.3,2.036216619389391,2.0,12.65008245729822,36.997087719810395,37.0,41.7125892690176,473.11988836540246,503.05612894921785
215.4,2.036205220401875,2.0,12.678387946644918,36.99707289555761,37.0,41.71305733747938,473.10610913099435,503.0681617722549
215.5,2.0361934990238972,2.0,12.706664956427012,36.997058071614504,37.0,41.71352718393585,473.09233339909395,503.08019123869883
215.60000000000002,2.0361814555966142,2.0,12.734913249062863,36.99704324824097,37.0,41.71399880626758,473.07856117418373,503.0922173443079
215.70000000000002,2.0361690904639507,2.0,12.76313258741012,36.99702842569707,37.0,41.71447220232779,473.06479246073866,503.1042400848477
215.8,2.036156403972595,2.0,12.791322734767661,36.997013604242625,37.0,41.71494736993612,473.051027263226,503.1162594560909
215.9,2.036143396471993,2.0,12.819483454877478,36.99699878413736,37.0,41.71542430688362,473.03726558610526,503.12827545381793
216.0,2.036130068314343,2.0,12.84761451192649,36.99698396564099,37.0,41.715903010930894,473.02350743382846,503.14028807381624
216.10000000000002,2.0361164198545896,2.0,12.875715670548487,36.996969149013125,37.0,41.71638347980712,473.0097528108394,503.152297311881
216.20000000000002,2.0361024514504202,2.0,12.903786695825914,36.996954334513134,37.0,41.71686571121149,472.99600172157454,503.1643031638146
216.3,2.0360881634622565,2.0,12.931827353291931,36.996939522400396,37.0,41.71734970281408,472.9822541704622,503.1763056254272
216.4,2.03607355625325,2.0,12.959837408931968,36.99692471293406,37.0,41.71783545225344,472.96851016192306,503.1883046925363
216.5,2.0360586301892787,2.0,12.987816629185762,36.99690990637316,37.0,41.718322957139236,472.9547697003696,503.20030036096716
216.60000000000002,2.0360433856389375,2.0,13.015764780949246,36.99689510297668,37.0,41.71881221505076,472.9410327902065,503.2122926265526
216.70000000000002,2.0360278229735354,2.0,13.043681631576227,36.996880303003195,37.0,41.71930322353658,472.92729943583055,503.22428148513296
216.8,2.03601194256709,2.0,13.071566948880317,36.99686550671129,37.0,41.719795980118086,472.91356964163015,503.23626693255653
216.9,2.0359957447963195,2.0,13.09942050113683,36.99685071435931,37.0,41.72029048228483,472.8998434119859,503.2482489646792
217.0,2.0359792300406387,2.0,13.127242057084409,36.99683592620545,37.0,41.72078672749766,472.88612075127025,503.2602275773646
217.10000000000002,2.0359623986821527,2.0,13.155031385926971,36.9968211425076,37.0,41.72128471318768,472.8724016638475,503.27220276648427
217.20000000000002,2.0359452511056513,2.0,13.182788257335478,36.9968063635236,37.0,41.72178443675754,472.8586861540736,503.28417452791746
217.3,2.0359277876986046,2.0,13.210512441449762,36.99679158951102,37.0,41.72228589557897,472.84497422629653,503.2961428575515
217.4,2.0359100088511535,2.0,13.238203708880391,36.99677682072718,37.0,41.72278908699549,472.83126588485584,503.30810775128157
217.5,2.035891914956109,2.0,13.265861830710202,36.99676205742918,37.0,41.72329400832149,472.81756113408267,503.32006920501067
217.60000000000002,2.0358735064089406,2.0,13.293486578496488,36.99674729987379,37.0,41.72380065684228,472.8038599783,503.3320272146499
217.70000000000002,2.0358547836077756,2.0,13.321077724272298,36.996732548317766,37.0,41.724309029815345,472.7901624218224,503.34398177611837
217.8,2.0358357469533894,2.0,13.348635040548654,36.996717803017305,37.0,41.724819124466656,472.77646846895595,503.35593288534324
217.9,2.035816396849203,2.0,13.376158300315982,36.9967030642286,37.0,41.72533093799715,472.7627781239982,503.3678805382598
218.0,2.035796733701274,2.0,13.403647277046149,36.996688332207384,37.0,41.72584446757587,472.74909139123844,503.3798247308115
218.10000000000002,2.035776757918292,2.0,13.431101744694004,36.99667360720923,37.0,41.726359710345704,472.7354082749572,503.39176545894986
218.20000000000002,2.035756469911572,2.0,13.45852147769919,36.99665888948931,37.0,41.726876663419695,472.7217287794266,503.40370271863463
218.3,2.0357358700950496,2.0,13.48590625098787,36.99664417930262,37.0,41.72739532388388,472.7080529089101,503.41563650583385
218.4,2.0357149588852748,2.0,13.513255839974544,36.996629476903706,37.0,41.727915688794624,472.69438066766236,503.42756681652384
218.5,2.0356937367014036,2.0,13.540570020563749,36.996614782547,37.0,41.72843775518195,472.6807120599296,503.43949364668924
218.60000000000002,2.0356722039651958,2.0,13.56784856915164,36.99660009648642,37.0,41.72896152004555,472.6670470899492,503.45141699232295
218.70000000000002,2.035650361101005,2.0,13.595091262627957,36.996585418975485,37.0,41.729486980359574,472.6533857619499,503.4633368494263
218.8,2.0356282085357753,2.0,13.622297878377491,36.996570750267665,37.0,41.73001413307069,472.6397280801514,503.475253214009
218.9,2.035605746699034,2.0,13.649468194281937,36.99655609061591,37.0,41.7305429750949,472.6260740487648,503.4871660820893
219.0,2.035582976022885,2.0,13.676601988721572,36.99654144027278,37.0,41.73107350332289,472.6124236719923,503.4990754496938
219.10000000000002,2.035559896942005,2.0,13.703699040576858,36.99652679949048,37.0,41.73160571461798,472.59877695402713,503.51098131285784
219.20000000000002,2.0355365098936327,2.0,13.730759129230341,36.996512168520894,37.0,41.73213960581582,472.58513389905374,503.52288366762497
219.3,2.0355128153175683,2.0,13.757782034567999,36.99649754761555,37.0,41.732675173724594,472.57149451124735,503.53478251004765
219.4,2.035488813656163,2.0,13.784767536981274,36.99648293702552,37.0,41.733212415125024,472.5578587947744,503.54667783618675
219.5,2.035464505354313,2.0,13.811715417368465,36.996468337001374,37.0,41.733751326771554,472.5442267537921,503.55856964211193
219.60000000000002,2.0354398908594558,2.0,13.838625457136462,36.99645374779362,37.0,41.73429190539277,472.53059839244884,503.57045792390136
219.70000000000002,2.0354149706215625,2.0,13.865497438202539,36.99643916965198,37.0,41.73483414768676,472.5169737148837,503.5823426776422
219.8,2.0353897450931306,2.0,13.892331142995832,36.99642460282604,37.0,41.73537805032947,472.5033527252267,503.5942238994302
219.9,2.0353642147291784,2.0,13.919126354459038,36.99641004756472,37.0,41.735923609966456,472.4897354275985,503.6061015853698
220.0,2.0353383799872393,2.0,13.94588285605004,36.996395504116606,37.0,41.736470823219975,472.4761218261107,503.61797573157446
220.10000000000002,2.035312241327354,2.0,13.972600431743622,36.99638097272998,37.0,41.73701968668452,472.4625119248658,503.6298463341663
220.20000000000002,2.035285799212065,2.0,13.999278866032915,36.996366453652456,37.0,41.737570196926946,472.44890572795674,503.64171338927645
220.3,2.035259054106411,2.0,14.025917943931198,36.99635194713119,37.0,41.73812235049064,472.4353032394672,503.653576893045
220.4,2.035232006477918,2.0,14.052517450973426,36.99633745341305,37.0,41.738676143892526,472.4217044634716,503.66543684162093
220.5,2.035204656796595,2.0,14.079077173217797,36.99632297274428,37.0,41.73923157362183,472.40810940403486,503.67729323116214
220.60000000000002,2.0351770055349268,2.0,14.105596897247409,36.99630850537079,37.0,41.7397886361439,472.39451806521265,503.68914605783567
220.70000000000002,2.035149053167867,2.0,14.132076410171791,36.996294051537745,37.0,41.740347327896764,472.380930451051,503.7009953178175
220.8,2.0351208001728325,2.0,14.158515499628592,36.99627961149008,37.0,41.740907645295714,472.36734656558644,503.71284100729287
220.9,2.0350922470296964,2.0,14.184913953785031,36.996265185472055,37.0,41.741469584727454,472.35376641284614,503.724683122456
221.0,2.0350633942207814,2.0,14.211271561339608,36.99625077372758,37.0,41.74203314255575,472.3401899968476,503.73652165951006
221.10000000000002,2.0350342422308527,2.0,14.237588111523547,36.99623637649984,37.0,41.74259831511712,472.3266173215987,503.74835661466784
221.20000000000002,2.0350047915471126,2.0,14.263863394102371,36.99622199403166,37.0,41.74316509872563,472.31304839109777,503.7601879841511
221.3,2.0349750426591924,2.0,14.290097199377538,36.99620762656525,37.0,41.74373348966815,472.29948320933335,503.7720157641907
221.4,2.034944996059148,2.0,14.31628931818788,36.99619327434226,37.0,41.74430348420802,472.28592178028447,503.7838399510271
221.5,2.0349146522414503,2.0,14.342439541911288,36.99617893760393,37.0,41.744875078584045,472.2723641079204,503.7956605409097
221.60000000000002,2.0348840117029807,2.0,14.36854766246606,36.99616461659076,37.0,41.745448269008904,472.2588101962004,503.80747753009763
221.70000000000002,2.034853074943024,2.0,14.39461347231255,36.99615031154275,37.0,41.746023051673035,472.24526004907426,503.81929091485904
221.8,2.0348218424632596,2.0,14.420636764454681,36.99613602269943,37.0,41.74659942274169,472.2317136704817,503.8311006914717
221.9,2.0347903147677586,2.0,14.446617332441363,36.99612175029961,37.0,41.7471773783549,472.21817106435293,503.84290685622267
222.0,2.0347584923629745,2.0,14.472554970368144,36.99610749458162,37.0,41.74775691463055,472.2046322346078,503.8547094054087
222.10000000000002,2.0347263757577365,2.0,14.498449472878642,36.99609325578314,37.0,41.748338027660964,472.1910971851566,503.86650833533577
222.20000000000002,2.0346939654632425,2.0,14.524300635166018,36.996079034141246,37.0,41.74892071351587,472.17756591989945,503.8783036423195
222.3,2.0346612619930537,2.0,14.550108252974411,36.996064829892475,37.0,41.74950496824086,472.1640384427267,503.89009532268506
222.4,2.0346282658630876,2.0,14.575872122600579,36.996050643272724,37.0,41.75009078785769,472.15051475751835,503.90188337276714
222.5,2.034594977591609,2.0,14.60159204089531,36.99603647451721,37.0,41.750678168364935,472.1369948681447,503.9136677889102
222.60000000000002,2.0345613976992256,2.0,14.627267805264738,36.99602232386064,37.0,41.75126710573849,472.1234787784657,503.9254485674681
222.70000000000002,2.0345275267088794,2.0,14.652899213672086,36.99600819153693,37.0,41.75185759592987,472.10996649233135,503.93722570480475
222.8,2.034493365145841,2.0,14.678486064638783,36.99599407777947,37.0,41.752449634869436,472.0964580135815,503.94899919729346
222.9,2.0344589135377023,2.0,14.704028157246231,36.9959799828211,37.0,41.753043218463056,472.08295334604566,503.9607690413173
223.0,2.034424172414369,2.0,14.729525291137065,36.99596590689373,37.0,41.75363834259334,472.0694524935432,503.9725352332692
223.10000000000002,2.0343891423080542,2.0,14.754977266516622,36.99595185022895,37.0,41.75423500312302,472.0559554598835,503.98429776955186
223.20000000000002,2.0343538237532717,2.0,14.78038388415436,36.995937813057424,37.0,41.75483319588863,472.04246224886526,503.99605664657776
223.3,2.034318217286828,2.0,14.80574494538535,36.995923795609144,37.0,41.75543291670742,472.02897286427714,504.00781186076927
223.4,2.0342823234478162,2.0,14.831060252111575,36.995909798113644,37.0,41.75603416137407,472.0154873098974,504.01956340855867
223.5,2.0342461427776093,2.0,14.856329606803445,36.99589582079955,37.0,41.756636925658874,472.00200558949393,504.03131128638813
223.60000000000002,2.0342096758198513,2.0,14.881552812501166,36.99588186389491,37.0,41.7572412053129,471.98852770682424,504.0430554907097
223.70000000000002,2.034172923120452,2.0,14.90672967281606,36.995867927627046,37.0,41.7578469960637,471.9750536656354,504.0547960179855
223.8,2.0341358852275793,2.0,14.931859991932043,36.99585401222265,37.0,41.7584542936178,471.961583469664,504.06653286468764
223.9,2.0340985626916517,2.0,14.956943574607013,36.99584011790756,37.0,41.759063093659314,471.9481171226362,504.0782660272982
224.0,2.0340609560653324,2.0,14.98198022617413,36.99582624490699,37.0,41.759673391852495,471.9346546282675,504.08999550230936
224.10000000000002,2.03402306590352,2.0,15.006969752543323,36.99581239344542,37.0,41.760285183839166,471.92119599026313,504.10172128622327
224.20000000000002,2.0339848927633435,2.0,15.031911960202454,36.995798563746575,37.0,41.760898465240324,471.90774121231755,504.1134433755525
224.3,2.0339464372041554,2.0,15.056806656218907,36.99578475603357,37.0,41.76151323165602,471.8942902981146,504.12516176681936
224.4,2.0339076997875214,2.0,15.081653648240824,36.9957709705285,37.0,41.762129478664335,471.8808432513274,504.1368764565567
224.5,2.033868681077216,2.0,15.106452744498345,36.995757207453096,37.0,41.76274720182566,471.8674000756187,504.1485874413073
224.60000000000002,2.0338293816392152,2.0,15.131203753805078,36.99574346702798,37.0,41.763366396675146,471.8539607746404,504.1602947176243
224.70000000000002,2.0337898020416874,2.0,15.155906485559452,36.9957297494733,37.0,41.76398705873216,471.84052535203364,504.17199828207106
224.8,2.0337499428549886,2.0,15.180560749745858,36.99571605500819,37.0,41.764609183491935,471.8270938114288,504.18369813122126
224.9,2.0337098046516533,2.0,15.205166356936212,36.99570238385115,37.0,41.765232766432696,471.81366615644555,504.19539426165886
225.0,2.033669388006387,2.0,15.229723118291055,36.99568873622002,37.0,41.76585780301068,471.80024239069263,504.2070866699781
225.10000000000002,2.0336286934960612,2.0,15.25423084556089,36.99567511233158,37.0,41.76648428866156,471.7868225177681,504.2187753527837
225.20000000000002,2.0335877216997034,2.0,15.278689351087584,36.99566151240202,37.0,41.76711221880385,471.77340654125896,504.2304603066907
225.3,2.033546473198492,2.0,15.303098447805557,36.99564793664672,37.0,41.76774158883433,471.7599944647415,504.2421415283246
225.4,2.033504948575747,2.0,15.327457949243119,36.9956343852802,37.0,41.768372394130644,471.74658629178106,504.2538190143213
225.5,2.033463148416924,2.0,15.351767669523698,36.99562085851613,37.0,41.76900463005162,471.73318202593185,504.2654927613272
225.60000000000002,2.033421073309607,2.0,15.376027423367063,36.99560735656763,37.0,41.769638291937284,471.71978167073723,504.27716276599915
225.70000000000002,2.0333787238434997,2.0,15.400237026090796,36.99559387964672,37.0,41.77027337510605,471.7063852297296,504.28882902500476
225.8,2.0333361006104185,2.0,15.424396293611258,36.99558042796474,37.0,41.77090987486057,471.6929927064302,504.3004915350219
225.9,2.0332932042042864,2.0,15.448505042444978,36.99556700173213,37.0,41.77154778648278,471.67960410434927,504.31215029273915
226.0,2.0332500352211245,2.0,15.472563089709974,36.99555360115852,37.0,41.77218710523709,471.6662194269859,504.3238052948557
226.10000000000002,2.033206594259043,2.0,15.496570253126858,36.99554022645282,37.0,41.77282782636891,471.65283867782824,504.3354565380813
226.20000000000002,2.0331628819182384,2.0,15.52052635102002,36.9955268778229,37.0,41.773469945104374,471.63946186035304,504.34710401913645
226.3,2.03311889880098,2.0,15.544431202319089,36.99551355547601,37.0,41.77411345665343,471.626088978026,504.3587477347524
226.4,2.033074645511607,2.0,15.568284626559825,36.995500259618325,37.0,41.774758356205346,471.6127200343017,504.3703876816709
226.5,2.0330301226565197,2.0,15.592086443885588,36.99548699045528,37.0,41.77540463893421,471.59935503262324,504.3820238566446
226.60000000000002,2.0329853308441708,2.0,15.61583647504843,36.99547374819156,37.0,41.776052299994696,471.58599397642274,504.3936562564369
226.70000000000002,2.032940270685059,2.0,15.639534541410212,36.99546053303072,37.0,41.776701334522805,471.5726368691209,504.40528487782194
226.8,2.032894942791722,2.0,15.66318046494391,36.99544734517559,37.0,41.77735173764002,471.559283714127,504.41690971758464
226.9,2.0328493477787264,2.0,15.686774068234815,36.995434184828184,37.0,41.7780035044486,471.54593451483913,504.4285307725209
227.0,2.032803486262664,2.0,15.71031517448149,36.995421052189556,37.0,41.77865663003303,471.532589274644,504.4401480394375
227.10000000000002,2.032757358862141,2.0,15.733803607497197,36.99540794745985,37.0,41.77931110946175,471.51924799691704,504.4517615151518
227.20000000000002,2.0327109661977723,2.0,15.75723919171094,36.995394870838425,37.0,41.77996693778635,471.50591068502195,504.4633711964924
227.3,2.032664308892172,2.0,15.780621752168571,36.9953818225236,37.0,41.78062411004061,471.49257734231134,504.47497708029874
227.4,2.0326173875699474,2.0,15.80395111453397,36.9953688027129,37.0,41.78128262124319,471.4792479721261,504.48657916342125
227.5,2.0325702028576904,2.0,15.827227105090216,36.99535581160296,37.0,41.78194246639493,471.46592257779565,504.49817744272127
227.60000000000002,2.0325227553839724,2.0,15.850449550740628,36.99534284938949,37.0,41.782603640480595,471.4526011626379,504.5097719150712
227.70000000000002,2.0324750457793317,2.0,15.873618279010115,36.99532991626711,37.0,41.783266138468726,471.43928372995947,504.52136257735447
227.8,2.03242707467627,2.0,15.896733118045908,36.99531701242984,37.0,41.7839299553135,471.4259702830551,504.5329494264656
227.9,2.0323788427092437,2.0,15.919793896619002,36.99530413807054,37.0,41.784595085949896,471.412660825208,504.5445324593103
228.0,2.032330350514655,2.0,15.94280044412519,36.99529129338123,37.0,41.78526152529989,471.39935535968965,504.55611167280523
228.10000000000002,2.0322815987308456,2.0,15.965752590585966,36.99527847855302,37.0,41.785929268268625,471.38605388976026,504.56768706387817
228.20000000000002,2.0322325879980885,2.0,15.988650166649865,36.99526569377599,37.0,41.78659830974575,471.372756418668,504.5792586294682
228.3,2.03218331895858,2.0,16.011493003593436,36.99525293923938,37.0,41.78726864460648,471.35946294964936,504.59082636652545
228.4,2.0321337922564315,2.0,16.034280933322265,36.995240215131446,37.0,41.78794026770982,471.3461734859293,504.6023902720113
228.5,2.0320840085376637,2.0,16.057013788372117,36.99522752163949,37.0,41.78861317390015,471.3328880307209,504.6139503428984
228.60000000000002,2.032033968450196,2.0,16.079691401909983,36.99521485894991,37.0,41.78928735800708,471.31960658722545,504.62550657617084
228.70000000000002,2.0319836726438414,2.0,16.102313607735063,36.995202227248114,37.0,41.78996281484504,471.3063291586326,504.6370589688235
228.8,2.031933121770297,2.0,16.124880240280007,36.99518962671851,37.0,41.79063953921403,471.2930557481201,504.648607517863
228.9,2.0318823164831366,2.0,16.14739113461168,36.995177057544595,37.0,41.79131752590023,471.2797863588537,504.6601522203071
229.0,2.031831257437803,2.0,16.169846126432404,36.995164519909,37.0,41.79199676967487,471.26652099398734,504.671693073185
229.10000000000002,2.0317799452916,2.0,16.192245052080903,36.99515201399305,37.0,41.79267726529393,471.2532596566633,504.683230073537
229.20000000000002,2.0317283807036848,2.0,16.214587748533297,36.995139539977515,37.0,41.79335900750304,471.2400023500117,504.69476321841523
229.3,2.0316765643350596,2.0,16.236874053404218,36.99512709804179,37.0,41.79404199102919,471.2267490771507,504.706292504883
229.4,2.0316244968485653,2.0,16.259103804947657,36.99511468836465,37.0,41.79472621059034,471.21349984118666,504.717817930015
229.5,2.0315721789088714,2.0,16.281276842058155,36.995102311123674,37.0,41.795411660886536,471.2002546452138,504.72933949089736
229.60000000000002,2.031519611182469,2.0,16.303393004271626,36.99508996649564,37.0,41.796098336607194,471.18701349231446,504.740857184628
229.70000000000002,2.0314667943376636,2.0,16.325452131766365,36.99507765465597,37.0,41.796786232426086,471.1737763855588,504.75237100831606
229.8,2.031413729044567,2.0,16.34745406536415,36.995065375779404,37.0,41.797475343007996,471.16054332800513,504.7638809590822
229.9,2.0313604159750875,2.0,16.3693986465311,36.995053130039594,37.0,41.7981656630008,471.14731432269946,504.7753870340588
230.0,2.0313068558029257,2.0,16.39128571737857,36.99504091760923,37.0,41.79885718704102,471.1340893726757,504.7868892303897
230.10000000000002,2.0312530492035616,2.0,16.413115120664376,36.995028738659926,37.0,41.799549909751924,471.12086848095583,504.7983875452304
230.20000000000002,2.031198996854252,2.0,16.434886699793356,36.995016593362266,37.0,41.800243825745056,471.1076516505495,504.8098819757478
230.3,2.031144699434018,2.0,16.456600298818717,36.995004481885985,37.0,41.800938929619576,471.0944388844542,504.8213725191208
230.4,2.0310901576236398,2.0,16.478255762442664,36.994992404399625,37.0,41.801635215960744,471.08123018565516,504.8328591725397
230.5,2.0310353721056478,2.0,16.49985293601743,36.994980361070645,37.0,41.802332679343834,471.0680255571257,504.84434193320664
230.60000000000002,2.030980343564314,2.0,16.521391665546293,36.99496835206577,37.0,41.80303131433243,471.05482500182654,504.85582079833523
230.70000000000002,2.0309250726856454,2.0,16.542871797684292,36.99495637755041,37.0,41.803731115475344,471.0416285227063,504.8672957651511
230.8,2.0308695601573743,2.0,16.56429317973935,36.99494443768924,37.0,41.804432077313145,471.0284361227013,504.87876683089127
230.9,2.0308138066689527,2.0,16.58565565967296,36.994932532645635,37.0,41.805134194371384,471.0152478047357,504.8902339928049
231.0,2.0307578129115402,2.0,16.60695908610132,36.99492066258205,37.0,41.80583746116765,471.0020635717209,504.9016972481527
231.10000000000002,2.0307015795780017,2.0,16.628203308295895,36.994908827659856,37.0,41.806541872206466,470.9888834265564,504.9131565942072
231.20000000000002,2.030645107362892,2.0,16.649388176184722,36.994897028039475,37.0,41.80724742198202,470.97570737212925,504.92461202825285
231.3,2.0305883969624565,2.0,16.67051354035275,36.99488526388018,37.0,41.80795410497671,470.9625354113138,504.9360635475859
231.4,2.030531449074615,2.0,16.69157925204332,36.99487353534039,37.0,41.808661915663286,470.9493675469723,504.9475111495144
231.5,2.030474264398959,2.0,16.71258516315847,36.99486184257722,37.0,41.80937084850174,470.93620378195436,504.95895483135837
231.60000000000002,2.0304168436367402,2.0,16.73353112626013,36.99485018574683,37.0,41.810080897944566,470.92304411909737,504.9703945904497
231.70000000000002,2.0303591874908644,2.0,16.75441699457076,36.994838565004386,37.0,41.81079205843257,470.909888561226,504.98183042413234
231.8,2.0303012966658835,2.0,16.775242621974336,36.994826980504,37.0,41.81150432439566,470.89673711115256,504.99326232976205
231.9,2.030243171867986,2.0,16.796007863017138,36.99481543239864,37.0,41.81221769025415,470.8835897716767,505.00469030470646
232.0,2.0301848138049903,2.0,16.816712572908514,36.994803920840354,37.0,41.812932150419165,470.8704465455858,505.0161143463453
232.10000000000002,2.030126223186335,2.0,16.837356607521777,36.994792445979954,37.0,41.813647699290435,470.8573074356543,505.0275344520705
232.20000000000002,2.030067400723072,2.0,16.85793982339492,36.994781007967276,37.0,41.814364331260286,470.8441724446444,505.03895061928563
232.3,2.030008347127858,2.0,16.878462077731527,36.99476960695108,37.0,41.81508204071018,470.8310415753055,505.05036284540665
232.4,2.0299490631149464,2.0,16.898923228401475,36.99475824307916,37.0,41.815800822012655,470.8179148303744,505.06177112786145
232.5,2.029889549400179,2.0,16.919323133941752,36.994746916498,37.0,41.816520669529964,470.80479221257536,505.07317546408984
232.60000000000002,2.0298298067009775,2.0,16.939661653557295,36.99473562735318,37.0,41.817241577617956,470.7916737246198,505.084575851544
232.70000000000002,2.0297698357363356,2.0,16.959938647121646,36.99472437578919,37.0,41.81796354062148,470.77855936920656,505.095972287688
232.8,2.0297096372268117,2.0,16.9801539751778,36.994713161949505,37.0,41.81868655287703,470.76544914902183,505.1073647699984
232.9,2.029649211894519,2.0,17.000307498938994,36.99470198597635,37.0,41.819410608711955,470.75234306673906,505.11875329596353
233.0,2.0295885604631176,2.0,17.020399080289348,36.99469084801092,37.0,41.820135702447,470.73924112501885,505.13013786308403
233.10000000000002,2.0295276836578093,2.0,17.040428581784685,36.994679748193505,37.0,41.82086182839367,470.72614332650915,505.1415184688728
233.20000000000002,2.029466582205324,2.0,17.060395866653362,36.99466868666315,37.0,41.821588980853726,470.71304967384503,505.1528951108549
233.3,2.029405256833915,2.0,17.080300798796742,36.994657663557746,37.0,41.8223171541229,470.69996016964893,505.1642677865677
233.4,2.0293437082733523,2.0,17.100143242790097,36.99464667901424,37.0,41.823046342489256,470.68687481653023,505.1756364935606
233.5,2.029281937254909,2.0,17.11992306388347,36.99463573316848,37.0,41.823776540231826,470.6737936170857,505.18700122939555
233.60000000000002,2.029219944511358,2.0,17.139640128001986,36.99462482615513,37.0,41.824507741622185,470.66071657389915,505.19836199164666
233.70000000000002,2.029157730776961,2.0,17.15929430174694,36.994613958107834,37.0,41.82523994092553,470.64764368954144,505.20971877790043
233.8,2.0290952967874616,2.0,17.17888545239622,36.99460312915903,37.0,41.82597313239887,470.6345749665707,505.2210715857554
233.9,2.0290326432800776,2.0,17.198413447905217,36.9945923394402,37.0,41.82670731029322,470.62151040753196,505.2324204128228
234.0,2.0289697709934904,2.0,17.21787815690739,36.99458158908175,37.0,41.827442468851075,470.6084500149575,505.243765256726
234.10000000000002,2.028906680667838,2.0,17.23727944871492,36.99457087821287,37.0,41.828178602308164,470.5953937913665,505.2551061151009
234.20000000000002,2.028843373044707,2.0,17.256617193319407,36.99456020696164,37.0,41.82891570489449,470.58234173926536,505.2664429855956
234.3,2.0287798488671243,2.0,17.2758912613925,36.99454957545515,37.0,41.82965377083366,470.5692938611473,505.2777758658708
234.4,2.0287161088795482,2.0,17.29510152428673,36.99453898381927,37.0,41.830392794341414,470.5562501594926,505.2891047535994
234.5,2.0286521538278595,2.0,17.314247854035873,36.99452843217887,37.0,41.83113276962898,470.5432106367686,505.300429646467
234.60000000000002,2.0285879844593557,2.0,17.333330123355708,36.994517920657586,37.0,41.83187369089975,470.53017529542944,505.3117505421715
234.70000000000002,2.0285236015227404,2.0,17.35234820564482,36.99450744937809,37.0,41.832615552352856,470.51714413791643,505.3230674384234
234.8,2.028459005768114,2.0,17.37130197498497,36.994497018461914,37.0,41.83335834817987,470.5041171666576,505.33438033294544
234.9,2.0283941979469695,2.0,17.390191306141787,36.99448662802945,37.0,41.83410207256723,470.49109438406794,505.34568922347313
235.0,2.0283291788121796,2.0,17.409016074565493,36.994476278199954,37.0,41.83484671969598,470.4780757925495,505.3569941077545
235.10000000000002,2.0282639491179912,2.0,17.42777615639139,36.99446596909161,37.0,41.835592283742,470.4650613944908,505.36829498354984
235.20000000000002,2.028198509620016,2.0,17.446471428440496,36.99445570082145,37.0,41.8363387588755,470.4520511922677,505.3795918486324
235.3,2.028132861075223,2.0,17.465101768220133,36.994445473505436,37.0,41.83708613926182,470.4390451882426,505.3908847007877
235.4,2.0280670042419273,2.0,17.483667053924542,36.994435287258455,37.0,41.83783441906096,470.42604338476474,505.4021735378139
235.5,2.0280009398797865,2.0,17.502167164435324,36.994425142194245,37.0,41.838583592427746,470.4130457841703,505.41345835752196
235.60000000000002,2.027934668749788,2.0,17.520601979322247,36.9944150384253,37.0,41.83933365351256,470.40005238878234,505.42473915773525
235.70000000000002,2.027868191614243,2.0,17.538971378843602,36.99440497606321,37.0,41.84008459646254,470.3870632009103,505.4360159362898
235.8,2.0278015092367765,2.0,17.557275243946812,36.9943949552183,37.0,41.840836415418,470.37407822285064,505.4472886910344
235.9,2.027734622382321,2.0,17.575513456269036,36.99438497599988,37.0,41.841589104516736,470.3610974568867,505.45855741983036
236.0,2.0276675318171065,2.0,17.593685898137668,36.99437503851618,37.0,41.84234265789111,470.34812090528817,505.46982212055184
236.10000000000002,2.027600238308652,2.0,17.611792452570896,36.99436514287413,37.0,41.8430970696693,470.33514857031184,505.4810827910856
236.20000000000002,2.027532742625758,2.0,17.62983300327815,36.994355289179566,37.0,41.84385233397753,470.322180454201,505.4923394293311
236.3,2.0274650455384977,2.0,17.647807434660727,36.994345477537536,37.0,41.84460844493752,470.30921655918553,505.50359203320056
236.4,2.0273971478182085,2.0,17.665715631812237,36.994335708051494,37.0,41.84536539666419,470.2962568874823,505.514840600619
236.5,2.0273290502374834,2.0,17.68355748051916,36.99432598082416,37.0,41.846123183274365,470.2833014412944,505.5260851295241
236.60000000000002,2.0272607535701637,2.0,17.70133286726129,36.99431629595688,37.0,41.84688179887675,470.27035022281177,505.53732561786643
236.70000000000002,2.0271922585913282,2.0,17.719041679212282,36.994306653549984,37.0,41.84764123758004,470.25740323421104,505.54856206360915
236.8,2.0271235660772873,2.0,17.736683804240062,36.99429705370267,37.0,41.84840149348843,470.24446047765537,505.5597944647284
236.9,2.027054676805574,2.0,17.754259130907375,36.99428749651304,37.0,41.84916256070349,470.2315219552944,505.5710228192131
237.0,2.026985591554933,2.0,17.771767548472315,36.99427798207813,37.0,41.84992443332357,470.2185876692645,505.582247125065
237.10000000000002,2.026916311105316,2.0,17.789208946888515,36.994268510493725,37.0,41.85068710544402,470.20565762168843,505.5934673802987
237.20000000000002,2.0268468362378713,2.0,17.80658321680601,36.99425908185458,37.0,41.85145057115901,470.1927318146757,505.60468358294156
237.3,2.026777167734935,2.0,17.823890249571342,36.99424969625426,37.0,41.85221482455911,470.1798102503223,505.6158957310339
237.4,2.026707306380023,2.0,17.841129937228185,36.99424035378536,37.0,41.85297985973353,470.1668929307106,505.6271038226288
237.5,2.026637252957823,2.0,17.858302172517746,36.99423105453923,37.0,41.853745670767644,470.1539798579096,505.6383078557925
237.60000000000002,2.026567008254185,2.0,17.875406848879123,36.994221798606134,37.0,41.85451225174644,470.14107103397464,505.64950782860404
237.70000000000002,2.0264965730561144,2.0,17.89244386044979,36.99421258607515,37.0,41.855279596752375,470.12816646094774,505.6607037391553
237.8,2.026425948151762,2.0,17.909413102066132,36.99420341703427,37.0,41.85604769986701,470.11526614085716,505.6718955855511
237.9,2.0263551343304163,2.0,17.926314469263588,36.99419429157052,37.0,41.85681655516972,470.10237007571766,505.68308336590934
238.0,2.0262841323824947,2.0,17.943147858277232,36.994185209769626,37.0,41.857586156736986,470.0894782675306,505.6942670783607
238.10000000000002,2.0262129430995355,2.0,17.959913166042178,36.994176171716276,37.0,41.85835649864611,470.07659071828357,505.70544672104916
238.20000000000002,2.0261415672741894,2.0,17.976610290193875,36.99416717749409,37.0,41.85912757497185,470.06370742995057,505.7166222921313
238.3,2.026070005700209,2.0,17.99323912906859,36.99415822718544,37.0,41.859899379787706,470.0508284044921,505.72779378977697
238.4,2.025998259172444,2.0,18.009799581703593,36.99414932087171,37.0,41.86067190716762,470.0379536438549,505.7389612121689
238.5,2.02592632848683,2.0,18.026291547837793,36.99414045863301,37.0,41.86144515118295,470.0250831499722,505.7501245575029
238.60000000000002,2.0258542144403804,2.0,18.042714927911927,36.994131640548574,37.0,41.86221910590655,470.0122169247636,505.76128382398787
238.70000000000002,2.0257819178311793,2.0,18.05906962306891,36.99412286669633,37.0,41.8629937654077,469.99935497013485,505.7724390098457
238.8,2.02570943945837,2.0,18.075355535154277,36.994114137153076,37.0,41.863769123757706,469.9864972879781,505.78359011331145
238.9,2.0256367801221513,2.0,18.091572566716337,36.9941054519947,37.0,41.86454517502739,469.9736438801719,505.7947371326331
239.0,2.0255639406237633,2.0,18.107720621006834,36.99409681129583,37.0,41.86532191328529,469.960794748581,505.80588006607184
239.10000000000002,2.0254909217654835,2.0,18.12379960198087,36.99408821513009,37.0,41.86609933260169,469.94794989505647,505.8170189119019
239.20000000000002,2.0254177243506164,2.0,18.139809414297552,36.994079663569664,37.0,41.86687742704577,469.9351093214356,505.8281536684107
239.3,2.0253443491834857,2.0,18.155749963320147,36.99407115668606,37.0,41.86765619069019,469.92227302954205,505.8392843338987
239.4,2.0252707970694233,2.0,18.171621155116462,36.9940626945496,37.0,41.86843561760305,469.9094410211856,505.85041090667954
239.5,2.0251970688147645,2.0,18.187422896458934,36.994054277229225,37.0,41.86921570185452,469.89661329816244,505.86153338507995
239.60000000000002,2.025123165226837,2.0,18.203155094825256,36.9940459047931,37.0,41.86999643751783,469.8837898622548,505.87265176743995
239.70000000000002,2.0250490871139535,2.0,18.21881765839838,36.994037577308006,37.0,41.870777818663186,469.87097071523124,505.8837660521126
239.8,2.024974835285403,2.0,18.234410496066985,36.99402929483978,37.0,41.87155983936487,469.85815585884643,505.8948762374643
239.9,2.0249004105514414,2.0,18.2499335174256,36.99402105745315,37.0,41.872342493696216,469.84534529484125,505.9059823218745
240.0,2.024825813723284,2.0,18.265386632774955,36.9940128652118,37.0,41.87312577573161,469.83253902494295,505.9170843037359
240.10000000000002,2.024751045613098,2.0,18.280769753122193,36.99400471817813,37.0,41.87390967954648,469.81973705086455,505.9281821814544
240.20000000000002,2.0246761070339896,2.0,18.296082790181202,36.993996616413654,37.0,41.87469419921907,469.8069393743056,505.9392759534492
240.3,2.024600998800002,2.0,18.311325656372674,36.99398855997862,37.0,41.87547932882689,469.7941459969516,505.95036561815266
240.4,2.024525721726102,2.0,18.326498264824643,36.9939805489322,37.0,41.876265062450855,469.78135692047414,505.96145117401045
240.5,2.024450276628172,2.0,18.34160052937239,36.99397258333266,37.0,41.8770513941731,469.7685721465311,505.97253261948134
240.60000000000002,2.024374664323004,2.0,18.356632364558806,36.99396466323691,37.0,41.87783831807571,469.7557916767663,505.98360995303767
240.70000000000002,2.0242988856282884,2.0,18.371593685634775,36.99395678870104,37.0,41.87862582824575,469.74301551280985,505.99468317316484
240.8,2.024222941362608,2.0,18.386484408558985,36.9939489597798,37.0,41.879413918768805,469.7302436562778,506.00575227836146
240.9,2.0241468323454255,2.0,18.401304449998584,36.99394117652702,37.0,41.8802025837359,469.71747610877236,506.01681726713974
241.0,2.0240705593970807,2.0,18.41605372732897,36.99393343899527,37.0,41.88099181723802,469.7047128718816,506.02787813802496
241.10000000000002,2.023994123338777,2.0,18.430732158634324,36.99392574723629,37.0,41.88178161337048,469.69195394717997,506.0389348895558
241.20000000000002,2.0239175249925747,2.0,18.445339662707536,36.99391810130055,37.0,41.88257196622844,469.6791993362277,506.0499875202842
241.3,2.023840765181383,2.0,18.45987615905047,36.993910501237565,37.0,41.8833628699118,469.66644904057125,506.06103602877556
241.4,2.023763844728951,2.0,18.47434156787418,36.99390294709565,37.0,41.884154318521674,469.65370306174293,506.0720804136085
241.5,2.0236867644598595,2.0,18.48873581009902,36.993895438922095,37.0,41.88494630616339,469.6409614012612,506.08312067337516
241.60000000000002,2.0236095251995114,2.0,18.503058807354822,36.99388797676306,37.0,41.88573882694444,469.62822406063054,506.0941568066808
241.70000000000002,2.0235321277741236,2.0,18.517310481980985,36.9938805606638,37.0,41.8865318749761,469.6154910413413,506.1051888121443
241.8,2.023454573010721,2.0,18.531490757026614,36.99387319066835,37.0,41.88732544437104,469.6027623448698,506.11621668839786
241.9,2.0233768617371237,2.0,18.545599556250902,36.993865866819704,37.0,41.888119529246744,469.5900379726786,506.12724043408696
242.0,2.0232989947819413,2.0,18.559636804122803,36.993858589159686,37.0,41.888914123723985,469.577317926216,506.1382600478706
242.10000000000002,2.023220972974564,2.0,18.57360242582156,36.993851357729284,37.0,41.889709221927696,469.5646022069162,506.1492755284211
242.20000000000002,2.023142797145153,2.0,18.587496347236613,36.99384417256829,37.0,41.89050481798417,469.55189081619955,506.16028687442434
242.3,2.0230644681246344,2.0,18.60131849496775,36.99383703371541,37.0,41.89130090602513,469.5391837554722,506.1712940845796
242.4,2.022985986744687,2.0,18.61506879632526,36.99382994120839,37.0,41.89209748018609,469.5264810261264,506.1822971575994
242.5,2.0229073538377382,2.0,18.62874717932989,36.993822895083895,37.0,41.89289453460551,469.5137826295402,506.19329609220995
242.60000000000002,2.022828570236951,2.0,18.64235357271313,36.993815895377395,37.0,41.89369206342635,469.5010885670774,506.20429088715076
242.70000000000002,2.022749636776218,2.0,18.655887905917076,36.99380894212345,37.0,41.894490060797075,469.48839884008794,506.2152815411749
242.8,2.0226705542901553,2.0,18.66935010909462,36.9938020353556,37.0,41.895288520868704,469.4757134499077,506.2262680530487
242.9,2.022591323614087,2.0,18.682740113109674,36.993795175106186,37.0,41.89608743779665,469.4630323978583,506.23725042155235
243.0,2.022511945584044,2.0,18.696057849536786,36.993788361406644,37.0,41.89688680574235,469.4503556852472,506.2482286454793
243.10000000000002,2.022432421036752,2.0,18.709303250661712,36.99378159428727,37.0,41.897686618870146,469.4376833133679,506.2592027236364
243.20000000000002,2.0223527508096226,2.0,18.722476249481083,36.9937748737774,37.0,41.89848687135032,469.4250152834997,506.2701726548441
243.3,2.0222729357407463,2.0,18.735576779702654,36.99376819990533,37.0,41.89928755735701,469.41235159690774,506.28113843793636
243.4,2.0221929766688835,2.0,18.748604775745203,36.993761572698304,37.0,41.90008867106928,469.3996922548429,506.2921000717608
243.5,2.0221128744334558,2.0,18.761560172738676,36.9937549921824,37.0,41.90089020667164,469.3870372585422,506.3030575551782
243.60000000000002,2.0220326298745372,2.0,18.774442906524126,36.99374845838287,37.0,41.901692158354706,469.37438660922817,506.3140108870633
243.70000000000002,2.0219522438328474,2.0,18.787252913653738,36.99374197132386,37.0,41.90249452031231,469.3617403081094,506.3249600663041
243.8,2.02187171714974,2.0,18.799990131390917,36.99373553102845,37.0,41.90329728674448,469.3490983563801,506.33590509180203
243.9,2.021791050667198,2.0,18.812654497710085,36.993729137518756,37.0,41.90410045185713,469.33646075522046,506.34684596247246
244.0,2.0217102452278213,2.0,18.825245951296967,36.99372279081575,37.0,41.904904009861,469.32382750579643,506.3577826772441
244.10000000000002,2.0216293016748224,2.0,18.837764431548287,36.993716490939676,37.0,41.90570795497375,469.3111986092597,506.3687152350591
244.20000000000002,2.021548220852014,2.0,18.850209878571988,36.99371023790951,37.0,41.90651228141575,469.29857406674785,506.37964363487345
244.3,2.0214670036038034,2.0,18.86258223318701,36.99370403174322,37.0,41.90731698341611,469.28595387938407,506.39056787565653
244.4,2.0213856507751826,2.0,18.87488143692338,36.9936978724578,37.0,41.90812205520949,469.27333804827754,506.40148795639135
244.5,2.0213041632117204,2.0,18.887107432022177,36.99369176006928,37.0,41.90892749103617,469.26072657452306,506.4124038760744
244.60000000000002,2.021222541759553,2.0,18.8992601614354,36.993685694592784,37.0,41.9097332851422,469.24811945920123,506.4233156337161
244.70000000000002,2.0211407872653764,2.0,18.911339568825955,36.99367967604218,37.0,41.91053943177901,469.23551670337855,506.43422322834016
244.8,2.0210589005764388,2.0,18.92334559856756,36.99367370443059,37.0,41.91134592520702,469.22291830810707,506.4451266589839
244.9,2.020976882540531,2.0,18.93527819574485,36.99366777977002,37.0,41.912152759689995,469.21032427442464,506.4560259246984
245.0,2.0208947340059775,2.0,18.947137306153103,36.993661902071494,37.0,41.912959929500126,469.19773460335483,506.46692102454836
245.10000000000002,2.0208124558216287,2.0,18.958922876298217,36.993656071345015,37.0,41.913767428915676,469.1851492959071,506.477811957612
245.20000000000002,2.0207300488368527,2.0,18.97063485339664,36.993650287599564,37.0,41.914575252222015,469.17256835307643,506.48869872298127
245.3,2.0206475139015274,2.0,18.98227318537529,36.993644550843385,37.0,41.915383393711615,469.1599917758437,506.4995813197616
245.4,2.020564851866029,2.0,18.9938378208715,36.99363886108341,37.0,41.916191847681304,469.1474195651752,506.5104597470723
245.5,2.020482063581229,2.0,19.005328709232693,36.99363321832584,37.0,41.91700060843867,469.1348517220234,506.521334004046
245.60000000000002,2.020399149898481,2.0,19.01674580051666,36.99362762257584,37.0,41.917809670295334,469.1222882473262,506.53220408982935
245.70000000000002,2.020316111669613,2.0,19.028089045491082,36.99362207383757,37.0,41.91861902757106,469.10972914200715,506.5430700035824
245.8,2.0202329497469216,2.0,19.039358395633478,36.99361657211426,37.0,41.919428674593284,469.0971744069757,506.5539317444789
245.9,2.0201496649831614,2.0,19.050553803131308,36.993611117408136,37.0,41.92023860569611,469.0846240431267,506.56478931170636
246.0,2.0200662582315365,2.0,19.061675220881533,36.99360570972044,37.0,41.921048815221795,469.0720780513409,506.5756427044659
246.10000000000002,2.019982730345694,2.0,19.072722602490625,36.993600349051576,37.0,41.92185929752004,469.0595364324848,506.58649192197225
246.20000000000002,2.0198990821797125,2.0,19.083695902274442,36.99359503540086,37.0,41.92267004694711,469.04699918741034,506.597336963454
246.3,2.0198153145880977,2.0,19.094595075257942,36.9935897687667,37.0,41.92348105786845,469.0344663169553,506.6081778281532
246.4,2.0197314284257692,2.0,19.1054200771752,36.9935845491467,37.0,41.924292324656626,469.02193782194297,506.6190145153258
246.5,2.0196474245480585,2.0,19.11617086446897,36.9935793765373,37.0,41.925103841690635,469.00941370318253,506.6298470242413
246.60000000000002,2.019563303810693,2.0,19.126847394290948,36.9935742509341,37.0,41.92591560336023,468.9968939614686,506.6406753541829
246.70000000000002,2.019479067069793,2.0,19.137449624501013,36.99356917233183,37.0,41.926727604061284,468.98437859758155,506.6514995044476
246.8,2.019394715181863,2.0,19.147977513667506,36.99356414072406,37.0,41.92753983819778,468.9718676122875,506.66231947434596
246.9,2.0193102490037815,2.0,19.15843102106692,36.99355915610374,37.0,41.92835230018405,468.95936100633804,506.67313526320237
247.0,2.0192256693927915,2.0,19.168810106683523,36.993554218462634,37.0,41.92916498443925,468.9468587804704,506.6839468703549
247.10000000000002,2.0191409772064968,2.0,19.17911473120927,36.99354932779181,37.0,41.92997788539418,468.93436093540765,506.69475429515524
247.20000000000002,2.0190561733028494,2.0,19.189344856043736,36.99354448408127,37.0,41.930790997485175,468.9218674718583,506.7055575369689
247.3,2.0189712585401423,2.0,19.199500443293648,36.99353968732004,37.0,41.9316043151592,468.9093783905167,506.7163565951751
247.4,2.018886233777002,2.0,19.209581455772735,36.993534937496406,37.0,41.93241783287203,468.8968936920624,506.72715146916687
247.5,2.0188010998723795,2.0,19.219587857001585,36.993530234597756,37.0,41.93323154508631,468.8844133771611,506.73794215835073
247.60000000000002,2.018715857685543,2.0,19.229519611207326,36.99352557861039,37.0,41.93404544627382,468.87193744646373,506.74872866214713
247.70000000000002,2.018630508076067,2.0,19.23937668332342,36.99352096951969,37.0,41.93485953091695,468.8594659006071,506.75951097999024
247.8,2.0185450519038266,2.0,19.249159038989323,36.993516407310494,37.0,41.93567379350681,468.8469987402135,506.7702891113278
247.9,2.0184594900289885,2.0,19.258866644550324,36.99351189196631,37.0,41.93648822854015,468.8345359658908,506.78106305562153
248.0,2.0183738233120017,2.0,19.268499467057246,36.99350742347008,37.0,41.93730283052766,468.82207757823255,506.7918328123468
248.10000000000002,2.018288052613591,2.0,19.27805747426615,36.993503001803674,37.0,41.938117593985176,468.80962357781783,506.80259838099255
248.20000000000002,2.018202178794747,2.0,19.28754063463814,36.99349862694811,37.0,41.938932513440314,468.7971739652115,506.81335976106163
248.3,2.0181162027167185,2.0,19.296948917338977,36.993494298883604,37.0,41.93974758342937,468.7847287409638,506.82411695207065
248.4,2.0180301252410042,2.0,19.30628229223879,36.99349001758941,37.0,41.94056279849727,468.7722879056108,506.8348699535499
248.5,2.017943947229345,2.0,19.31554072991188,36.99348578304398,37.0,41.94137815319948,468.759851459674,506.8456187650435
248.60000000000002,2.0178576695437145,2.0,19.324724201636357,36.993481595224864,37.0,41.9421936421001,468.7474194036604,506.85636338610936
248.70000000000002,2.0177712930463114,2.0,19.333832679393783,36.993477454108756,37.0,41.94300925977341,468.7349917380628,506.8671038163189
248.8,2.0176848185995526,2.0,19.342866135868924,36.9934733596715,37.0,41.943825000803216,468.7225684633595,506.8778400552576
248.9,2.017598247066062,2.0,19.35182454444948,36.99346931188808,37.0,41.944640859783,468.71014958001444,506.88857210252445
249.0,2.017511579308665,2.0,19.36070787922557,36.99346531073263,37.0,41.945456831316115,468.6977350884772,506.8992999577324
249.10000000000002,2.017424816190378,2.0,19.36951611498962,36.993461356178386,37.0,41.94627291001582,468.6853249891827,506.910023620508
249.20000000000002,2.0173379585744033,2.0,19.378249227235816,36.99345744819783,37.0,41.94708909050597,468.6729192825517,506.9207430904917
249.3,2.017251007324117,2.0,19.386907192159974,36.9934535867626,37.0,41.947905367419295,468.66051796899035,506.9314583673376
249.4,2.017163963303064,2.0,19.395489986658987,36.993449771843416,37.0,41.948721735399,468.6481210488905,506.9421694507137
249.5,2.0170768273749475,2.0,19.403997588330576,36.99344600341021,37.0,41.949538189099144,468.6357285226296,506.95287634030177
249.60000000000002,2.016989600403623,2.0,19.41242997547291,36.993442281432124,37.0,41.95035472318359,468.6233403905707,506.963579035797
249.70000000000002,2.016902283253088,2.0,19.420787127084257,36.993438605877486,37.0,41.95117133232621,468.61095665306226,506.97427753690874
249.8,2.0168148767874747,2.0,19.429069022862528,36.99343497671367,37.0,41.95198801121111,468.59857731043843,506.9849718433601
249.9,2.016727381871043,2.0,19.437275643204924,36.99343139390743,37.0,41.952804754534334,468.58620236301897,506.9956619548876
250.0,2.01663979936817,2.0,19.445406969207685,36.99342785742459,37.0,41.95362155700025,468.5738318111091,507.006347871242
250.10000000000002,2.016552130143344,2.0,19.45346298266541,36.99342436723009,37.0,41.95443841332517,468.5614656549997,507.01702959218744
250.20000000000002,2.016464375061155,2.0,19.461443666071002,36.99342092328834,37.0,41.9552553182369,468.5491038949673,507.0277071175021
250.3,2.0163765349862866,2.0,19.469349002614955,36.99341752556262,37.0,41.956072266470805,468.5367465312738,507.0383804469777
250.4,2.016288610783509,2.0,19.47717897618508,36.99341417401564,37.0,41.956889252776996,468.5243935641669,507.04904958042
250.5,2.0162006033176696,2.0,19.484933571366145,36.993410868609374,37.0,41.957706271913466,468.5120449938797,507.0597145176483
250.60000000000002,2.0161125134536855,2.0,19.4926127734393,36.99340760930471,37.0,41.95852331864905,468.499700820631,507.07037525849574
250.70000000000002,2.016024342056535,2.0,19.500216568381752,36.99340439606215,37.0,41.95934038776658,468.487361044625,507.08103180280926
250.8,2.0159360899912513,2.0,19.50774494286628,36.99340122884104,37.0,41.96015747405544,468.47502566605175,507.0916841504497
250.9,2.0158477581229106,2.0,19.515197884260935,36.99339810760017,37.0,41.960974572320474,468.4626946850866,507.10233230129137
251.0,2.015759347316628,2.0,19.522575380628254,36.99339503229754,37.0,41.96179167737489,468.4503681018907,507.1129762552225
251.10000000000002,2.015670858437547,2.0,19.529877420725175,36.9933920028904,37.0,41.962608784043745,468.4380459166106,507.12361601214513
251.20000000000002,2.0155822923508318,2.0,19.537103994002365,36.9933890193351,37.0,41.963425887163034,468.42572812937846,507.134251571975
251.3,2.0154936499216607,2.0,19.54425509060378,36.99338608158746,37.0,41.964242981581585,468.4134147403121,507.1448829346417
251.4,2.0154049320152163,2.0,19.551330701366286,36.9933831896023,37.0,41.965060062156866,468.40110574951484,507.1555101000885
251.5,2.015316139496677,2.0,19.558330817819062,36.99338034333397,37.0,41.96587712376093,468.38880115707565,507.16613306827253
251.60000000000002,2.015227273231213,2.0,19.56525543218311,36.99337754273586,37.0,41.966694161273836,468.3765009630691,507.1767518391646
251.70000000000002,2.015138334083973,2.0,19.572104537370986,36.993374787760615,37.0,41.96751116958998,468.3642051675551,507.1873664127492
251.8,2.015049322920077,2.0,19.578878126985988,36.99337207836038,37.0,41.968328143614904,468.3519137705795,507.1979767890249
251.9,2.0149602406046148,2.0,19.58557619532176,36.99336941448638,37.0,41.96914507826352,468.33962677217346,507.20858296800355
252.0,2.014871088002628,2.0,19.59219873736204,36.99336679608905,37.0,41.96996196846468,468.3273441723539,507.2191849497112
252.10000000000002,2.01478186597911,2.0,19.598745748779702,36.993364223118306,37.0,41.97077880915932,468.3150659711232,507.2297827341874
252.20000000000002,2.014692575398993,2.0,19.60521722593658,36.99336169552322,37.0,41.97159559529789,468.3027921684694,507.2403763214856
252.3,2.0146032171271444,2.0,19.611613165882776,36.99335921325223,37.0,41.97241232184448,468.2905227643661,507.25096571167285
252.4,2.0145137920283545,2.0,19.61793356635626,36.99335677625294,37.0,41.9732289837739,468.27825775877255,507.2615509048301
252.5,2.0144243009673306,2.0,19.624178425782134,36.993354384472354,37.0,41.97404557607453,468.26599715163354,507.272131901052
252.60000000000002,2.014334744808691,2.0,19.630347743272228,36.99335203785682,37.0,41.974862093745095,468.2537409428795,507.28270870044685
252.70000000000002,2.0142451244169526,2.0,19.63644151862465,36.99334973635189,37.0,41.97567853179642,468.2414891324265,507.29328130313684
252.8,2.0141554406565265,2.0,19.64245975232292,36.99334747990247,37.0,41.976494885252485,468.229241720176,507.30384970925786
252.9,2.0140656943917095,2.0,19.6484024455357,36.993345268452856,37.0,41.97731114914852,468.21699870601526,507.3144139189595
253.0,2.013975886486674,2.0,19.654269600116137,36.99334310194655,37.0,41.97812731853145,468.2047600898171,507.32497393240504
253.10000000000002,2.0138860178054645,2.0,19.66006121860117,36.99334098032642,37.0,41.9789433884617,468.19252587143995,507.3355297497717
253.20000000000002,2.0137960892119846,2.0,19.665777304211222,36.993338903534664,37.0,41.97975935401119,468.1802960507278,507.34608137125014
253.3,2.0137061015699924,2.0,19.671417860849314,36.99333687151278,37.0,41.98057521026437,468.16807062751036,507.3566287970449
253.4,2.0136160557430918,2.0,19.676982893100654,36.993334884201715,37.0,41.98139095231814,468.1558496016029,507.36717202737424
253.5,2.0135259525947244,2.0,19.682472406232,36.99333294154167,37.0,41.98220657528083,468.14363297280636,507.3777110624702
253.60000000000002,2.0134357929881626,2.0,19.687886406191076,36.9933310434721,37.0,41.98302207427418,468.13142074090723,507.3882459025786
253.70000000000002,2.0133455777865,2.0,19.69322489960595,36.99332918993207,37.0,41.983837444433135,468.11921290567767,507.39877654795856
253.8,2.0132553078526447,2.0,19.6984878937844,36.993327380859796,37.0,41.98465268090242,468.10700946687547,507.4093029988834
253.9,2.0131649840493115,2.0,19.703675396713262,36.993325616192976,37.0,41.98546777884192,468.09481042424403,507.41982525563975
254.0,2.0130746072390147,2.0,19.70878741705794,36.993323895868514,37.0,41.986282733422414,468.08261577751244,507.4303433185284
254.10000000000002,2.0129841782840585,2.0,19.7138239641617,36.9933222198228,37.0,41.98709753982917,468.0704255263953,507.44085718786346
254.20000000000002,2.012893698046531,2.0,19.718785048044992,36.993320587991604,37.0,41.987912193258644,468.0582396705931,507.4513668639729
254.3,2.0128031673882947,2.0,19.723670679404837,36.993319000310066,37.0,41.98872668892019,468.0460582097917,507.46187234719844
254.4,2.0127125871709812,2.0,19.728480869614216,36.9933174567127,37.0,41.989541022035965,468.0338811436628,507.4723736378952
254.5,2.01262195825598,2.0,19.733215630721418,36.99331595713346,37.0,41.990355187841004,468.0217084718638,507.48287073643235
254.60000000000002,2.0125312815044354,2.0,19.737874975449266,36.99331450150561,37.0,41.99116918158268,468.00954019403764,507.4933636431924
254.70000000000002,2.0124405577772335,2.0,19.742458917194696,36.993313089761955,37.0,41.99198299852205,467.99737630981286,507.5038523585719
254.8,2.0123497879349985,2.0,19.746967470027798,36.993311721834345,37.0,41.99279663393144,467.9852168188039,507.51433688298073
254.9,2.012258972838083,2.0,19.751400648691366,36.99331039765457,37.0,41.99361008310011,467.97306172061076,507.5248172168427
255.0,2.012168113346561,2.0,19.7557584686001,36.99330911715333,37.0,41.994423341324115,467.96091101481903,507.535293360595
255.10000000000002,2.01207721032022,2.0,19.760040945839958,36.99330788026106,37.0,41.99523640391853,467.94876470100013,507.5457653146889
255.20000000000002,2.011986264618553,2.0,19.76424809716749,36.993306686907545,37.0,41.99604926620747,467.93662277871107,507.5562330795888
255.3,2.0118952771007526,2.0,19.76837994000906,36.99330553702197,37.0,41.99686192352914,467.9244852474946,507.56669665577317
255.4,2.0118042486256993,2.0,19.77243649246029,36.99330443053287,37.0,41.997674371235256,467.9123521068792,507.577156043734
255.5,2.011713180051959,2.0,19.776417773285125,36.993303367368355,37.0,41.998486604691095,467.9002233563791,507.58761124397677
255.60000000000002,2.0116220722377722,2.0,19.7803238019154,36.993302347455995,37.0,41.99929861927389,467.8880989954941,507.5980622570207
255.70000000000002,2.0115309260410466,2.0,19.78415459844995,36.99330137072269,37.0,42.00011041037374,467.87597902370976,507.60850908339876
255.8,2.0114397423193493,2.0,19.787910183653857,36.99330043709483,37.0,42.000921973395336,467.8638634404975,507.61895172365735
255.9,2.011348521929901,2.0,19.791590578957788,36.99329954649829,37.0,42.00173330375594,467.8517522453143,507.62939017835663
256.0,2.011257265729567,2.0,19.795195806457297,36.99329869885838,37.0,42.00254439688581,467.83964543760294,507.63982444807016
256.1,2.0111659745748494,2.0,19.798725888912045,36.99329789409984,37.0,42.00335524822883,467.827543016792,507.6502545333854
256.2,2.0110746493218805,2.0,19.80218084974504,36.99329713214689,37.0,42.00416585324245,467.8154449822956,507.66068043490316
256.3,2.0109832908264136,2.0,19.8055607130419,36.99329641292337,37.0,42.004976207397206,467.8033513335139,507.67110215323794
256.40000000000003,2.0108918999438177,2.0,19.808865503550035,36.99329573635242,37.0,42.00578630617573,467.79126206983267,507.6815196890179
256.5,2.010800477529069,2.0,19.812095246678048,36.99329510235668,37.0,42.006596145075875,467.7791771906234,507.69193304288456
256.6,2.0107090244367414,2.0,19.815249968494847,36.993294510858334,37.0,42.00740571960857,467.7670966952435,507.7023422154933
256.7,2.0106175415210035,2.0,19.8183296957288,36.9932939617791,37.0,42.00821502529758,467.7550205830359,507.7127472075128
256.8,2.010526029635606,2.0,19.82133445576722,36.99329345504009,37.0,42.0090240576797,467.74294885332966,507.72314801962546
256.90000000000003,2.010434489633878,2.0,19.824264276655263,36.99329299056188,37.0,42.00983281230656,467.73088150543936,507.7335446525273
257.0,2.0103429223687175,2.0,19.827119187095374,36.99329256826479,37.0,42.010641284743166,467.7188185386656,507.7439371069277
257.1,2.0102513286925845,2.0,19.829899216446396,36.993292188068494,37.0,42.0114494705659,467.7067599522944,507.7543253835496
257.2,2.0101597094574943,2.0,19.83260439472276,36.9932918498921,37.0,42.01225736536647,467.6947057455981,507.7647094831296
257.3,2.010068065515009,2.0,19.835234752593777,36.99329155365433,37.0,42.01306496475075,467.6826559178346,507.7750894064177
257.40000000000003,2.00997639771623,2.0,19.837790321382705,36.993291299273494,37.0,42.01387226433717,467.67061046824756,507.78546515417753
257.5,2.009884706911792,2.0,19.840271133066032,36.993291086667284,37.0,42.01467925975717,467.6585693960666,507.79583672718627
257.6,2.009792993951854,2.0,19.8426772202726,36.99329091575311,37.0,42.01548594665753,467.6465327005071,507.8062041262344
257.7,2.009701259686093,2.0,19.8450086162828,36.993290786447744,37.0,42.0162923206965,467.63450038077025,507.816567352126
257.8,2.0096095049636955,2.0,19.84726535502776,36.99329069866758,37.0,42.017098377548045,467.6224724360434,507.8269264056788
257.90000000000003,2.009517730633351,2.0,19.84944747108852,36.9932906523286,37.0,42.017904112898854,467.61044886549934,507.8372812877238
258.0,2.0094259375432455,2.0,19.851554999695054,36.993290647346214,37.0,42.01870952244892,467.598429668297,507.8476319991055
258.1,2.009334126541052,2.0,19.85358797672572,36.99329068363551,37.0,42.01951460191324,467.58641484358117,507.857978540682
258.2,2.009242298473924,2.0,19.855546438706057,36.993290761111155,37.0,42.020319347019274,467.5744043904825,507.8683209133246
258.3,2.009150454188491,2.0,19.857430422808203,36.993290879687265,37.0,42.02112375350805,467.5623983081175,507.8786591179183
258.40000000000003,2.009058594530845,2.0,19.859239966849934,36.99329103927772,37.0,42.02192781713577,467.55039659558867,507.88899315536145
258.5,2.00896672034654,2.0,19.860975109293737,36.99329123979578,37.0,42.0227315336701,467.5383992519843,507.8993230265659
258.6,2.0088748324805796,2.0,19.862635889246064,36.99329148115436,37.0,42.02353489889493,467.5264062763787,507.90964873245684
258.7,2.008782931777413,2.0,19.86422234645637,36.99329176326586,37.0,42.024337908606746,467.51441766783205,507.91997027397287
258.8,2.0086910190809264,2.0,19.865734521316245,36.993292086042516,37.0,42.025140558617,467.5024334253905,507.930287652066
258.90000000000003,2.0085990952344353,2.0,19.867172454858583,36.993292449395994,37.0,42.02594284474833,467.4904535480863,507.94060086770173
259.0,2.008507161080678,2.0,19.868536188756615,36.99329285323756,37.0,42.02674476283933,467.4784780349374,507.95090992185897
259.1,2.008415217461809,2.0,19.869825765323057,36.99329329747815,37.0,42.0275463087421,467.4665068849478,507.9612148155299
259.2,2.00832326521939,2.0,19.871041227509238,36.99329378202822,37.0,42.02834747832202,467.45454009710767,507.97151554972004
259.3,2.0082313051943848,2.0,19.872182618904112,36.99329430679791,37.0,42.029148267459085,467.4425776703929,507.9818121254484
259.40000000000003,2.008139338227151,2.0,19.873249983733455,36.99329487169689,37.0,42.02994867204659,467.4306196037654,507.9921045437473
259.5,2.008047365157432,2.0,19.87424336685887,36.99329547663456,37.0,42.030748687992514,467.41866589617325,508.00239280566234
259.6,2.0079553868243516,2.0,19.87516281377683,36.99329612151996,37.0,42.03154831121765,467.40671654655057,508.0126769122526
259.7,2.007863404066406,2.0,19.876008370617853,36.9932968062617,37.0,42.032347537656555,467.3947715538173,508.02295686459024
259.8,2.007771417721457,2.0,19.876780084145604,36.99329753076796,37.0,42.0331463632586,467.3828309168795,508.03323266376105
259.90000000000003,2.0076794286267243,2.0,19.87747800175579,36.993298294946726,37.0,42.03394478398727,467.37089463462945,508.04350431086397
260.0,2.007587437618779,2.0,19.878102171475373,36.993299098705506,37.0,42.03474279581855,467.3589627059451,508.05377180701123
260.1,2.0074954455335363,2.0,19.87865264196155,36.993299941951534,37.0,42.03554039474361,467.3470351296908,508.0640351533283
260.2,2.007403453206248,2.0,19.87912946250085,36.993300824591586,37.0,42.03633757676672,467.3351119047169,508.07429435095406
260.3,2.0073114614714966,2.0,19.8795326830081,36.993284204592726,37.0,42.0,467.32319306119865,508.0845493723051
260.40000000000003,2.0072194711631877,2.0,19.87986235402557,36.99326724150308,37.0,42.0,467.31127864563877,508.0948001748288
260.5,2.007127483114542,2.0,19.880118526722008,36.993249935283245,37.0,42.0,467.29936865852517,508.10504675816543
260.6,2.00703549815809,2.0,19.88030125289152,36.9932322858952,37.0,42.0,467.28746310033125,508.11528912196945
260.7,2.0069435171256638,2.0,19.880410584952827,36.99321429330274,37.0,42.0,467.27556197151534,508.12552726590957
260.8,2.0068515408483902,2.0,19.88044657594804,36.99319595747119,37.0,42.0,467.2636652725211,508.1357611896685
260.90000000000003,2.0067595701566843,2.0,19.880409279541865,36.99317727836757,37.0,42.0,467.2517730037775,508.14599089294296
261.0,2.006667605880243,2.0,19.88029875002053,36.99315825596051,37.0,42.0,467.23988516569864,508.156216375444
261.1,2.006575648848036,2.0,19.8801150422909,36.993138890220166,37.0,42.0,467.2280017586839,508.1664376368966
261.2,2.0064836998883013,2.0,19.87985821187924,36.993119181118516,37.0,42.0,467.2161227831176,508.1766546770399
261.3,2.0063917598285363,2.0,19.879528314930532,36.99309912862907,37.0,42.0,467.2042482393697,508.186867495627
261.40000000000003,2.006299829495493,2.0,19.879125408207162,36.99307873272687,37.0,42.0,467.1923781277951,508.19707609242533
261.5,2.006207909715169,2.0,19.87864954908817,36.99305799338879,37.0,42.0,467.1805124487341,508.20728046721626
261.6,2.0061160013128014,2.0,19.878100795568045,36.99303691059316,37.0,42.0,467.16865120251214,508.21748061979514
261.7,2.0060241051128616,2.0,19.87747920625581,36.99301548432004,37.0,42.0,467.15679438944005,508.22767654997153
261.8,2.0059322219390454,2.0,19.87678484037398,36.99299371455095,37.0,42.0,467.14494200981363,508.23786825756906
261.90000000000003,2.005840352614269,2.0,19.876017757757484,36.992971601269176,37.0,42.0,467.1330940639143,508.24805574242527
262.0,2.00574849796066,2.0,19.87517801885271,36.992949144459715,37.0,42.0,467.1212505520083,508.258239004392
262.1,2.005656658799552,2.0,19.874265684716367,36.99292634410898,37.0,42.0,467.1094114743475,508.268418043335
262.2,2.0055648359514775,2.0,19.87328081701454,36.99290320020515,37.0,42.0,467.09757683116874,508.27859285913394
262.3,2.0054730302361605,2.0,19.872223478021596,36.99287971273799,37.0,42.0,467.0857466226944,508.2887634516829
262.40000000000003,2.0053812424725117,2.0,19.87109373061908,36.9928558816988,37.0,42.0,467.073920849132,508.29892982088967
262.5,2.0052894734786193,2.0,19.86989163829484,36.9928317070806,37.0,42.0,467.06209951067433,508.3090919666763
262.6,2.005197724071743,2.0,19.868617265141758,36.992807188877975,37.0,42.0,467.0502826074994,508.3192498889787
262.7,2.005105995068308,2.0,19.86727067585673,36.992782327087184,37.0,42.0,467.03847013977077,508.32940358774687
262.8,2.0050142872838994,2.0,19.865851935739702,36.99275712170606,37.0,42.0,467.02666210763687,508.3395530629448
262.90000000000003,2.0049226015332517,2.0,19.864361110692563,36.992731572734044,37.0,42.0,467.0148585112318,508.34969831455055
263.0,2.0048309386302465,2.0,19.86279826721791,36.992705680172264,37.0,42.0,467.00305935067473,508.3598393425562
263.1,2.0047392993879023,2.0,19.86116347241822,36.992679444023395,37.0,42.0,466.9912646260703,508.3699761469678
263.2,2.0046476846183707,2.0,19.859456793994497,36.9926528642917,37.0,42.0,466.97947433750835,508.3801087278054
263.3,2.004556095132928,2.0,19.857678300245425,36.99262594098309,37.0,42.0,466.9676884850642,508.3902370851031
263.40000000000003,2.00446453174197,2.0,19.855828060066106,36.99259867410507,37.0,42.0,466.95590706879824,508.40036121890876
263.5,2.0043729952550033,2.0,19.853906142947036,36.992571063666844,37.0,42.0,466.9441300887563,508.41048112928445
263.6,2.004281486480641,2.0,19.85191261897295,36.99254310967916,37.0,42.0,466.9323575449697,508.4205968163062
263.7,2.0041900062265943,2.0,19.849847558821754,36.9925148121543,37.0,42.0,466.92058943745496,508.430708280064
263.8,2.0040985552996675,2.0,19.847711033763396,36.99248617110635,37.0,42.0,466.9088257662139,508.44081552066154
263.90000000000003,2.004007134505751,2.0,19.84550311565872,36.99245718655078,37.0,42.0,466.8970665312338,508.4509185382168
264.0,2.003915744649815,2.0,19.843223876958437,36.992427858504755,37.0,42.0,466.8853117324873,508.4610173328616
264.1,2.0038243865358996,2.0,19.840873390701915,36.9923981869872,37.0,42.0,466.87356136993236,508.4711119047416
264.2,2.003733060967116,2.0,19.838451730515928,36.9923681720183,37.0,42.0,466.8618154435124,508.4812022540165
264.3,2.003641768745631,2.0,19.835958970613913,36.992337813620225,37.0,42.0,466.85007395315614,508.4912883808599
264.40000000000003,2.0035505106726688,2.0,19.83339518579433,36.9923071118165,37.0,42.0,466.83833689877764,508.50137028545925
264.5,2.0034592875484973,2.0,19.830760451439943,36.992276066632314,37.0,42.0,466.8266042802765,508.51144796801594
264.6,2.0033681001724277,2.0,19.828054843516366,36.992244678094494,37.0,42.0,466.81487609753765,508.52152142874536
264.7,2.003276949342805,2.0,19.82527843857115,36.992212946231405,37.0,42.0,466.8031523504315,508.5315906678767
264.8,2.0031858358570003,2.0,19.822431313732487,36.992180871073,37.0,42.0,466.79143303881386,508.54165568565287
264.90000000000003,2.003094760511408,2.0,19.819513546708,36.992148452650895,37.0,42.0,466.77971816252585,508.55171648233096
265.0,2.003003724101438,2.0,19.81652521578371,36.992115690998276,37.0,42.0,466.7680077213942,508.5617730581818
265.1,2.0029127274215077,2.0,19.813466399822886,36.992082586149934,37.0,42.0,466.756301715231,508.57182541349005
265.2,2.002821771265038,2.0,19.81033717826467,36.99204913814219,37.0,42.0,466.74460014383385,508.58187354855426
265.3,2.002730856424446,2.0,19.807137631123126,36.99201534701308,37.0,42.0,466.7329030069858,508.5919174636868
265.40000000000003,2.002639983691138,2.0,19.80386783898595,36.991981212802045,37.0,42.0,466.72121030445527,508.60195715921384
265.5,2.002549153855506,2.0,19.80052788301322,36.9919467355503,37.0,42.0,466.7095220359963,508.61199263547553
265.6,2.0024583677069163,2.0,19.797117844936444,36.99191191530059,37.0,42.0,466.69783820134836,508.62202389282555
265.7,2.00236762603371,2.0,19.79363780705703,36.9918767520972,37.0,42.0,466.68615880023634,508.6320509316316
265.8,2.00227692962319,2.0,19.79008785224547,36.99184124598605,37.0,42.0,466.67448383237075,508.6420737522753
265.90000000000003,2.0021862792616205,2.0,19.786468063939676,36.99180539701456,37.0,42.0,466.6628132974477,508.6520923551517
266.0,2.0020956757342163,2.0,19.7827785261443,36.99176920523195,37.0,42.0,466.65114719514855,508.66210674066986
266.1,2.00200511982514,2.0,19.779019323429075,36.99173267068875,37.0,42.0,466.6394855251405,508.67211690925257
266.2,2.001914612317494,2.0,19.775190540927895,36.991695793437145,37.0,42.0,466.6278282870761,508.68212286133644
266.3,2.001824153993315,2.0,19.771292264337408,36.991658573531026,37.0,42.0,466.6161754805936,508.6921245973717
266.40000000000003,2.0017337456335675,2.0,19.76732457991601,36.99162101102576,37.0,42.0,466.6045271053165,508.70212211782234
266.5,2.0016433880181377,2.0,19.763287574482327,36.99158310597829,37.0,42.0,466.5928831608543,508.71211542316627
266.6,2.0015530819258287,2.0,19.75918133541422,36.99154485844724,37.0,42.0,466.5812436468019,508.72210451389486
266.7,2.0014628281343523,2.0,19.755005950647554,36.99150626849263,37.0,42.0,466.5696085627397,508.7320893905133
266.8,2.0013726274203236,2.0,19.750761508674778,36.99146733617607,37.0,42.0,466.5579779082339,508.74207005354054
266.90000000000003,2.0012824805592566,2.0,19.746448098543794,36.99142806156095,37.0,42.0,466.54635168283613,508.7520465035091
267.0,2.001192388325556,2.0,19.742065809856797,36.99138844471207,37.0,42.0,466.53472988608377,508.76201874096535
267.1,2.001102351492513,2.0,19.737614732768854,36.99134848569588,37.0,42.0,466.5231125174998,508.7719867664691
267.2,2.001012370832297,2.0,19.733094957986864,36.99175418778566,37.0,42.94117647058823,466.5114987821356,508.7819513088947
267.3,2.0009224471159524,2.0,19.728506576768034,36.9924384664634,37.0,43.529411764705884,466.4998869911988,508.7919139164998
267.40000000000003,2.0008325811133907,2.0,19.72384968091882,36.993680207683724,37.0,44.70588235294118,466.4882754059741,508.8018761832651
267.5,2.000742773593385,2.0,19.719124362793668,36.995200839588335,37.0,45.294117647058826,466.4766620389985,508.81183993114973
267.6,2.000653025323565,2.0,19.7143307152936,36.996721668996884,37.0,45.294117647058826,466.4650461439393,508.8218058443011
267.7,2.0005633370704086,2.0,19.709468831865085,36.99880032522509,37.0,46.470588235294116,466.4534267256926,508.8317748348957
267.8,2.0004737095992393,2.0,19.70453880649868,37.001158198944495,37.0,47.05882352941176,466.44180179491383,508.84174872649163
267.90000000000003,2.0003841436742187,2.0,19.699540733727787,37.00351655955075,37.0,47.05882352941176,466.4301706036568,508.8517282046033
268.0,2.0002946400583395,2.0,19.69447470862741,37.00587540722859,37.0,47.05882352941176,466.41853314916494,508.86171327161856
268.1,2.0002051995134216,2.0,19.689340826812742,37.008234742163154,37.0,47.05882352941176,466.40688942866757,508.8717039299386
268.2,2.0001158228001055,2.0,19.684139184438017,37.01059456454027,37.0,47.05882352941176,466.39523943937957,508.8817001819781
268.3,2.0000265106778468,2.0,19.678869878195155,37.01351265357181,37.0,48.23529411764706,466.3835821835576,508.8917029421952
268.40000000000003,1.9999372639049091,2.0,19.673533005312485,37.0164314232635,37.0,48.23529411764706,466.3719161652834,508.9017135816643
268.5,1.9998480832383605,2.0,19.668128663553365,37.01935087387983,37.0,48.23529411764706,466.36024138057917,508.91173210382107
268.6,1.9997589694340656,2.0,19.662656951215023,37.02227100568615,37.0,48.23529411764706,466.3485578254523,508.9217585121152
268.7,1.9996699232466815,2.0,19.65711796712712,37.025470758249185,37.0,48.8235294117647,466.33686499789076,508.9317932664987
268.8,1.9995809454296503,2.0,19.651511810650526,37.028950240760196,37.0,49.411764705882355,466.3251616483111,508.94183751214763
268.90000000000003,1.9994920367351952,2.0,19.645838581675903,37.032430598323,37.0,49.411764705882355,466.31344702434006,508.9518919384369
269.0,1.9994031979143132,2.0,19.64009838062251,37.03591183130078,37.0,49.411764705882355,466.30172112052907,508.961956550074
269.1,1.999314429716772,2.0,19.634291308436772,37.03939394005698,37.0,49.411764705882355,466.28998393141376,508.9720313517806
269.2,1.9992257328911003,2.0,19.628417466591124,37.04287692495552,37.0,49.411764705882355,466.2782354515143,508.9821163482931
269.3,1.9991371081845861,2.0,19.622476957082405,37.046360786360594,37.0,49.411764705882355,466.2664756753353,508.99221154436214
269.40000000000003,1.9990485563432685,2.0,19.616469882430795,37.04984552463662,37.0,49.411764705882355,466.2547045973657,509.0023169447528
269.5,1.9989600781119334,2.0,19.610396345678318,37.0533311401486,37.0,49.411764705882355,466.2429222120788,509.01243255424447
269.6,1.9988716742341077,2.0,19.604256450387588,37.05681763326163,37.0,49.411764705882355,466.2311285139327,509.0225583776309
269.7,1.9987833454520536,2.0,19.598050300640423,37.0603050043415,37.0,49.411764705882355,466.2193234973695,509.0326944197202
269.8,1.9986950925067626,2.0,19.59177800103653,37.063793253753886,37.0,49.411764705882355,466.2075071568162,509.04284068533474
269.90000000000003,1.9986069161379507,2.0,19.585439656692113,37.0672823818652,37.0,49.411764705882355,466.19567948668407,509.05299717931126
270.0,1.9985188170840518,2.0,19.579035373238554,37.07105148922085,37.0,50.0,466.1838399813446,509.0631643647882
270.1,1.998430796082214,2.0,19.572565256820987,37.07482157278997,37.0,50.0,466.17198788466516,509.0733429344736
270.2,1.9983428538682928,2.0,19.56602941409711,37.07876708598906,37.0,50.588235294117645,466.1601228774883,509.0835331805536
270.3,1.9982549911768452,2.0,19.55942795223563,37.08271363676516,37.0,50.588235294117645,466.14824448395956,509.09373553881295
270.40000000000003,1.9981672087411257,2.0,19.552760978914993,37.08666122557753,37.0,50.588235294117645,466.1363526970909,509.1039500153044
270.5,1.9980795072930801,2.0,19.546028602321996,37.09060985288562,37.0,50.588235294117645,466.12444750987794,509.1141766160956
270.6,1.9979918875633405,2.0,19.539230931150467,37.094559519149186,37.0,50.588235294117645,466.1125289152999,509.1244153472691
270.7,1.997904350281218,2.0,19.532368074599813,37.09851022482826,37.0,50.588235294117645,466.1005969063199,509.13466621492205
270.8,1.9978168961747003,2.0,19.52544014237361,37.10246197038305,37.0,50.588235294117645,466.08865147588494,509.1449292251665
270.90000000000003,1.9977295259704442,2.0,19.51844724467836,37.10641475627415,37.0,50.588235294117645,466.0766926169258,509.15520438412915
271.0,1.997642240393771,2.0,19.511389492221966,37.11036858296211,37.0,50.588235294117645,466.0647203223571,509.1654916979517
271.1,1.9975550401686617,2.0,19.504266996212422,37.114323450908046,37.0,50.588235294117645,466.0527345850775,509.1757911727903
271.2,1.9974679260177506,2.0,19.49707986835643,37.118279360573354,37.0,50.588235294117645,466.0407353979692,509.186102814816
271.3,1.9973808986623205,2.0,19.48982822085794,37.12223631241943,37.0,50.588235294117645,466.02872275389865,509.1964266302144
271.40000000000003,1.997293958822297,2.0,19.482512166416804,37.12619430690813,37.0,50.588235294117645,466.0166966457161,509.2067626251859
271.5,1.9972071072162447,2.0,19.475131818227304,37.13015334450148,37.0,50.588235294117645,466.00465706625573,509.21711080594537
271.6,1.9971203445613606,2.0,19.46768728997687,37.13411342566178,37.0,50.588235294117645,465.9926040083357,509.2274711787225
271.7,1.9970336715734684,2.0,19.460178695844586,37.13807455085163,37.0,50.588235294117645,465.98053746475836,509.2378437497615
271.8,1.9969470889670156,2.0,19.452606150499754,37.14203672053378,37.0,50.588235294117645,465.9684574283098,509.24822852532117
271.90000000000003,1.9968605974550655,2.0,19.444969769100588,37.145999935171346,37.0,50.588235294117645,465.95636389176025,509.2586255116747
272.0,1.9967741977492943,2.0,19.437269667292664,37.1499641952276,37.0,50.588235294117645,465.94425684786415,509.2690347151101
272.1,1.9966878905599843,2.0,19.429505961207617,37.15392950116626,37.0,50.588235294117645,465.9321362893599,509.2794561419297
272.2,1.9966016765960204,2.0,19.421678767461618,37.15789585345112,37.0,50.588235294117645,465.92000220896995,509.2898897984505
272.3,1.9965155565648829,2.0,19.413788203154063,37.16186325254631,37.0,50.588235294117645,465.90785459940093,509.30033569100374
272.40000000000003,1.9964295311726448,2.0,19.405834385865987,37.165831698916236,37.0,50.588235294117645,465.8956934533436,509.3107938259354
272.5,1.9963436011239646,2.0,19.39781743365881,37.16980119302548,37.0,50.588235294117645,465.883518763473,509.3212642096056
272.6,1.9962577671220825,2.0,19.389737465072745,37.1737717353389,37.0,50.588235294117645,465.87133052244826,509.331746848389
272.7,1.9961720298688157,2.0,19.381594599125464,37.17774332632172,37.0,50.588235294117645,465.8591287229127,509.3422417486746
272.8,1.9960863900645516,2.0,19.373388955310666,37.18171596643941,37.0,50.588235294117645,465.84691335749403,509.3527489168659
272.90000000000003,1.9960008484082443,2.0,19.365120653596485,37.185689656157535,37.0,50.588235294117645,465.83468441880404,509.36326835938064
273.0,1.995915405597409,2.0,19.356789814424214,37.18966439594203,37.0,50.588235294117645,465.82244189943896,509.3738000826508
273.1,1.9958300623281182,2.0,19.348396558706753,37.19364018625919,37.0,50.588235294117645,465.8101857919792,509.3843440931227
273.2,1.9957448192949943,2.0,19.339941007827235,37.19761702757546,37.0,50.588235294117645,465.7979160889896,509.3949003972571
273.3,1.9956596771912072,2.0,19.331423283637466,37.20159492035765,37.0,50.588235294117645,465.78563278301925,509.40546900152884
273.40000000000003,1.9955746367084684,2.0,19.322843508456575,37.205573865072665,37.0,50.588235294117645,465.77333586660166,509.416049912427
273.5,1.9954896985370252,2.0,19.3142018050695,37.20955386218776,37.0,50.588235294117645,465.76102533225475,509.42664313645497
273.6,1.9954048633656571,2.0,19.30549829672549,37.21353491217047,37.0,50.588235294117645,465.7487011724808,509.43724868013015
273.7,1.9953201318816707,2.0,19.296733107136685,37.217517015488625,37.0,50.588235294117645,465.7363633797668,509.4478665499842
273.8,1.995235504770895,2.0,19.287906360476647,37.221500172610206,37.0,50.588235294117645,465.72401194658374,509.45849675256295
273.90000000000003,1.9951509827176748,2.0,19.279018181378927,37.22548438400361,37.0,50.588235294117645,465.7116468653876,509.4691392944262
274.0,1.9950665664048688,2.0,19.27006869493541,37.22946965013739,37.0,50.588235294117645,465.69926812861837,509.479794182148
274.1,1.9949822565138429,2.0,19.261058026695085,37.233455971480396,37.0,50.588235294117645,465.6868757287011,509.4904614223164
274.2,1.9948980537244652,2.0,19.25198630266241,37.2374433485017,37.0,50.588235294117645,465.67446965804504,509.5011410215335
274.3,1.994813958715103,2.0,19.2428536492958,37.24143178167071,37.0,50.588235294117645,465.6620499090441,509.51183298641536
274.40000000000003,1.9947299721626166,2.0,19.233660193506314,37.245421271457076,37.0,50.588235294117645,465.64961647407677,509.52253732359213
274.5,1.9946460947423545,2.0,19.224406062655977,37.24941181833077,37.0,50.588235294117645,465.6371693455063,509.53325403970786
274.6,1.9945623271281496,2.0,19.21509138455638,37.25340342276189,37.0,50.588235294117645,465.6247085156806,509.54398314142054
274.7,1.994478669992314,2.0,19.20571628746718,37.25739608522099,37.0,50.588235294117645,465.6122339769321,509.5547246354021
274.8,1.9943951240056341,2.0,19.19628090009459,37.26138980617861,37.0,50.588235294117645,465.599745721578,509.56547852833853
274.90000000000003,1.9943116898373672,2.0,19.186785351589858,37.26538458610594,37.0,50.588235294117645,465.58724374192036,509.5762448269293
275.0,1.9942283681552349,2.0,19.177229771547864,37.269380425474026,37.0,50.588235294117645,465.5747280302458,509.5870235378882
275.1,1.9941451596254205,2.0,19.16761429000546,37.27337732475462,37.0,50.588235294117645,465.562198578826,509.5978146679423
275.2,1.9940620649125627,2.0,19.157939037440116,37.27737528441946,37.0,50.588235294117645,465.54965537991706,509.60861822383305
275.3,1.9939790846797527,2.0,19.148204144768258,37.28137430494047,37.0,50.588235294117645,465.5370984257601,509.61943421231524
275.40000000000003,1.9938962195885277,2.0,19.138409743343942,37.28537438679007,37.0,50.588235294117645,465.52452770858133,509.6302626401576
275.5,1.9938134702988684,2.0,19.128555964957112,37.28937553044085,37.0,50.588235294117645,465.51194322059143,509.64110351414257
275.6,1.9937308374691922,2.0,19.1186429418323,37.2933777363657,37.0,50.588235294117645,465.4993449539862,509.6519568410663
275.7,1.9936483217563512,2.0,19.108670806626918,37.29738100503772,37.0,50.588235294117645,465.4867329009465,509.66282262773854
275.8,1.993565923815627,2.0,19.098639692429884,37.30138533693042,37.0,50.588235294117645,465.4741070536378,509.6737008809826
275.90000000000003,1.993483644300724,2.0,19.088549732760097,37.30539073251737,37.0,50.588235294117645,465.4614674042108,509.68459160763575
276.0,1.9934014838637681,2.0,19.078401061564712,37.30939719227263,37.0,50.588235294117645,465.44881394480126,509.6954948145485
276.1,1.9933194431553007,2.0,19.068193813217846,37.313404716670334,37.0,50.588235294117645,465.4361466675298,509.7064105085851
276.2,1.9932375228242742,2.0,19.057928122518927,37.317413306185074,37.0,50.588235294117645,465.4234655645021,509.7173386966235
276.3,1.9931557235180484,2.0,19.047604124691166,37.32142296129149,37.0,50.588235294117645,465.4107706278091,509.72827938555474
276.40000000000003,1.9930740458823855,2.0,19.03722195538006,37.325433682464734,37.0,50.588235294117645,465.39806184952664,509.7392325822838
276.5,1.9929924905614453,2.0,19.02678175065182,37.32944547018013,37.0,50.588235294117645,465.3853392217159,509.75019829372883
276.6,1.9929110581977822,2.0,19.016283646991802,37.333458324913295,37.0,50.588235294117645,465.3726027364232,509.76117652682154
276.7,1.9928297494323397,2.0,19.00572778130301,37.337472247140056,37.0,50.588235294117645,465.35985238567974,509.7721672885071
276.8,1.9927485649044476,2.0,18.995114290904535,37.34148723733642,37.0,50.588235294117645,465.3470881615023,509.78317058574396
276.90000000000003,1.9926675052518157,2.0,18.984443313530072,37.34550329597903,37.0,50.588235294117645,465.33431005589284,509.79418642550405
277.0,1.9925865711105308,2.0,18.97371498732621,37.349520423544504,37.0,50.588235294117645,465.3215180608385,509.80521481477257
277.1,1.9925057631150522,2.0,18.962929450851014,37.35353862050965,37.0,50.588235294117645,465.3087121683116,509.816255760548
277.2,1.992425081898208,2.0,18.952086843072397,37.3575578873519,37.0,50.588235294117645,465.2958923702701,509.8273092698422
277.3,1.99234452809119,2.0,18.94118730336666,37.36157822454874,37.0,50.588235294117645,465.28305865865707,509.8383753496801
277.40000000000003,1.9922641023235497,2.0,18.930230971516785,37.365599632577926,37.0,50.588235294117645,465.270211025401,509.8494540071002
277.5,1.9921838052231948,2.0,18.919217987710983,37.36962211191752,37.0,50.588235294117645,465.2573494624158,509.8605452491538
277.6,1.9921036374163845,2.0,18.908148492541105,37.37364566304581,37.0,50.588235294117645,465.24447396160076,509.8716490829057
277.7,1.9920235995277258,2.0,18.897022627001036,37.37767028644157,37.0,50.588235294117645,465.2315845148408,509.8827655154337
277.8,1.9919436921801683,2.0,18.885840532485208,37.381695982583494,37.0,50.588235294117645,465.21868111400624,509.89389455382866
277.90000000000003,1.9918639159950022,2.0,18.87460235078691,37.38572275195088,37.0,50.588235294117645,465.20576375095277,509.9050362051948
278.0,1.991784271591852,2.0,18.86330822409686,37.38975059502326,37.0,50.588235294117645,465.1928324175218,509.91619047664915
278.1,1.9917047595886728,2.0,18.851958295001474,37.393779512280275,37.0,50.588235294117645,465.1798871055402,509.9273573753218
278.2,1.9916253806017485,2.0,18.84055270648138,37.39780950420197,37.0,50.588235294117645,465.1669278068206,509.938536908356
278.3,1.9915461352456851,2.0,18.829091601909873,37.401840571268565,37.0,50.588235294117645,465.15395451316095,509.9497290829079
278.40000000000003,1.9914670241334078,2.0,18.81757512505122,37.40587271396072,37.0,50.588235294117645,465.14096721634513,509.9609339061465
278.5,1.9913880478761574,2.0,18.80600342005917,37.4099059327591,37.0,50.588235294117645,465.12796590814264,509.972151385254
278.6,1.9913092070834861,2.0,18.794376631475345,37.413940228145066,37.0,50.588235294117645,465.1149505803087,509.98338152742514
278.7,1.9912305023632524,2.0,18.782694904227647,37.4179756005999,37.0,50.588235294117645,465.10192122458415,509.994624339868
278.8,1.9911519343216189,2.0,18.7709583836286,37.422012050605304,37.0,50.588235294117645,465.0888778326957,510.00587982980306
278.90000000000003,1.991073503563048,2.0,18.759167215373886,37.426049578643244,37.0,50.588235294117645,465.07582039635577,510.0171480044638
279.0,1.990995210690297,2.0,18.7473215455407,37.43008818519593,37.0,50.588235294117645,465.0627489072627,510.02842887109654
279.1,1.9909170563044156,2.0,18.73542152058608,37.434127870745954,37.0,50.588235294117645,465.04966335710054,510.03972243696035
279.2,1.9908390410047405,2.0,18.72346728734542,37.43816863577615,37.0,50.588235294117645,465.03656373753944,510.05102870932706
279.3,1.9907611653888933,2.0,18.711458993030774,37.44221048076952,37.0,50.588235294117645,465.02345004023533,510.062347695481
279.40000000000003,1.9906834300527758,2.0,18.69939678522933,37.44625340620945,37.0,50.588235294117645,465.01032225682997,510.07367940271934
279.5,1.9906058355905658,2.0,18.6872808119018,37.450297412579744,37.0,50.588235294117645,464.99718037895127,510.08502383835196
279.6,1.9905283825947144,2.0,18.675111221380728,37.45434250036419,37.0,50.588235294117645,464.984024398213,510.0963810097012
279.7,1.9904510716559407,2.0,18.662888162369004,37.458388670046986,37.0,50.588235294117645,464.97085430621513,510.10775092410205
279.8,1.9903739033632304,2.0,18.650611783938107,37.46243592211266,37.0,50.588235294117645,464.9576700945435,510.11913358890223
279.90000000000003,1.9902968783038297,2.0,18.63828223552671,37.46648425704598,37.0,50.588235294117645,464.9444717547701,510.13052901146165
280.0,1.9902199970632435,2.0,18.62589966693883,37.470533675332206,37.0,50.588235294117645,464.93125927845307,510.14193719915295
280.1,1.9901432602252298,2.0,18.613464228342394,37.47458417745639,37.0,50.588235294117645,464.91803265713656,510.15335815936135
280.2,1.9900666683717971,2.0,18.600976070267485,37.47863576390438,37.0,50.588235294117645,464.904791882351,510.16479189948427
280.3,1.9899902220832024,2.0,18.588435343604772,37.48268843516206,37.0,50.588235294117645,464.89153694561304,510.1762384269316
280.40000000000003,1.9899139219379443,2.0,18.57584219960403,37.48674219171562,37.0,50.588235294117645,464.87826783842553,510.1876977491258
280.5,1.9898377685127613,2.0,18.563196789872258,37.490797034051525,37.0,50.588235294117645,464.8649845522776,510.19916987350143
280.6,1.989761762382629,2.0,18.550499266372242,37.49485296265664,37.0,50.588235294117645,464.85168707864455,510.2106548075056
280.7,1.9896859041207542,2.0,18.53774978142091,37.49890997801799,37.0,50.588235294117645,464.8383754089882,510.22215255859754
280.8,1.9896101942985736,2.0,18.524948487687606,37.50296808062285,37.0,50.588235294117645,464.82504953475654,510.2336631342488
280.90000000000003,1.9895346334857487,2.0,18.512095538192565,37.50702727095893,37.0,50.588235294117645,464.8117094473841,510.2451865419432
281.0,1.9894592222501635,2.0,18.499191086305228,37.51108754951417,37.0,50.588235294117645,464.79835513829164,510.2567227891768
281.1,1.98938396115792,2.0,18.486235285742644,37.51514891677675,37.0,50.588235294117645,464.78498659888646,510.26827188345777
281.2,1.9893088507733363,2.0,18.473228290567796,37.51921137323518,37.0,50.588235294117645,464.77160382056235,510.27983383230645
281.3,1.98923389165894,2.0,18.460170255188036,37.523274919378196,37.0,50.588235294117645,464.7582067946996,510.2914086432554
281.40000000000003,1.9891590843754687,2.0,18.44706133435329,37.52733955569482,37.0,50.588235294117645,464.744795512665,510.3029963238491
281.5,1.9890844294818637,2.0,18.433901683154634,37.53140528267454,37.0,50.588235294117645,464.731369965812,510.3145968816441
281.6,1.989009927535268,2.0,18.420691457022485,37.53547210080694,37.0,50.588235294117645,464.7179301454804,510.32621032420906
281.7,1.9889355790910226,2.0,18.407430811725046,37.539540010582016,37.0,50.588235294117645,464.70447604299693,510.33783665912466
281.8,1.9888613847026624,2.0,18.394119903366647,37.54360901248987,37.0,50.588235294117645,464.69100764967476,510.3494758939835
281.90000000000003,1.9887873449219147,2.0,18.380758888386012,37.54767910702111,37.0,50.588235294117645,464.6775249568139,510.36112803638997
282.0,1.988713460298694,2.0,18.36734792355481,37.55175029466653,37.0,50.588235294117645,464.6640279557008,510.37279309396064
282.1,1.9886397313810997,2.0,18.353887165975795,37.555822575917205,37.0,50.588235294117645,464.65051663760914,510.38447107432376
282.2,1.9885661587154126,2.0,18.34037677308128,37.55989595126448,37.0,50.588235294117645,464.63699099379886,510.3961619851195
282.3,1.9884927428460915,2.0,18.32681690263146,37.563970421200054,37.0,50.588235294117645,464.623451015517,510.40786583399984
282.40000000000003,1.9884194843157699,2.0,18.31320771271272,37.568045986215964,37.0,50.588235294117645,464.6098966939974,510.41958262862846
282.5,1.9883463836652528,2.0,18.299549361736037,37.57212264680436,37.0,50.588235294117645,464.5963280204609,510.43131237668086
282.6,1.9882734414335146,2.0,18.285842008435267,37.57620040345785,37.0,50.588235294117645,464.58274498611496,510.44305508584426
282.7,1.9882006581576945,2.0,18.272085811865566,37.5802792566692,37.0,50.588235294117645,464.5691475821542,510.45481076381765
282.8,1.9881280343730932,2.0,18.258280931401703,37.584359206931595,37.0,50.588235294117645,464.5555357997601,510.4665794183114
282.90000000000003,1.988055570613171,2.0,18.24442752673628,37.58844025473843,37.0,50.588235294117645,464.54190963010115,510.4783610570479
283.0,1.987983267409544,2.0,18.230525757878286,37.592522400583505,37.0,50.588235294117645,464.5282690643329,510.4901556877607
283.1,1.987911125291981,2.0,18.21657578515124,37.59660564496073,37.0,50.588235294117645,464.5146140935981,510.5019633181953
283.2,1.9878391447884005,2.0,18.202577769191695,37.60068998836442,37.0,50.588235294117645,464.5009447090263,510.51378395610845
283.3,1.9877673264248672,2.0,18.18853187094741,37.604775431289056,37.0,50.588235294117645,464.4872609017345,510.5256176092685
283.40000000000003,1.9876956707255895,2.0,18.174438251675777,37.60886197422974,37.0,50.588235294117645,464.4735626628266,510.5374642854553
283.5,1.9876241782129163,2.0,18.160297072942143,37.61294961768141,37.0,50.588235294117645,464.4598499833939,510.54932399246013
283.6,1.9875528494073345,2.0,18.146108496618123,37.61703836213974,37.0,50.588235294117645,464.4461228545147,510.5611967380856
283.7,1.987481684827465,2.0,18.131872684879998,37.6211282081004,37.0,50.588235294117645,464.43238126725487,510.57308253014577
283.8,1.98741068499006,2.0,18.117589800206925,37.62521915605947,37.0,50.588235294117645,464.4186252126672,510.584981376466
283.90000000000003,1.9873398504100004,2.0,18.10326000537931,37.62931120651325,37.0,50.588235294117645,464.40485468179213,510.5968932848829
284.0,1.9872691816002934,2.0,18.088883463477192,37.63340435995838,37.0,50.588235294117645,464.3910696656573,510.6088182632445
284.1,1.987198679072068,2.0,18.074460337878538,37.63749861689189,37.0,50.588235294117645,464.3772701552777,510.6207563194099
284.2,1.987128343334573,2.0,18.059990792257476,37.64159397781094,37.0,50.588235294117645,464.36345614165594,510.63270746124965
284.3,1.9870581748951752,2.0,18.045474990582743,37.64569044321314,37.0,50.588235294117645,464.34962761578186,510.6446716966452
284.40000000000003,1.9869881742593545,2.0,18.03091309711599,37.64978801359621,37.0,50.588235294117645,464.3357845686328,510.6566490334893
284.5,1.9869183419307022,2.0,18.016305276409998,37.65388668945826,37.0,50.588235294117645,464.3219269911738,510.6686394796858
284.6,1.986848678410918,2.0,18.001651693307107,37.657986471297875,37.0,50.588235294117645,464.3080548743573,510.68064304314953
284.7,1.9867791841998073,2.0,17.986952512937478,37.66208735961362,37.0,50.588235294117645,464.2941682091235,510.6926597318065
284.8,1.9867098597952786,2.0,17.97220790071741,37.66618935490453,37.0,50.588235294117645,464.28026698639997,510.70468955359354
284.90000000000003,1.98664070569334,2.0,17.95741802234773,37.67029245766997,37.0,50.588235294117645,464.26635119710204,510.7167325164588
285.0,1.986571722388097,2.0,17.94258304381199,37.67439666840954,37.0,50.588235294117645,464.2524208321328,510.72878862836103
285.1,1.9865029103717502,2.0,17.927703131374845,37.678501987623065,37.0,50.588235294117645,464.23847588238306,510.7408578972702
285.2,1.9864342701345914,2.0,17.912778451580397,37.682608415810876,37.0,50.588235294117645,464.22451633873135,510.75294033116677
285.3,1.9863658021650012,2.0,17.897809171250422,37.68671595347337,37.0,50.588235294117645,464.21054219204393,510.76503593804233
285.40000000000003,1.986297506949448,2.0,17.8827954574827,37.690824601111444,37.0,50.588235294117645,464.1965534331749,510.7771447258994
285.5,1.986229384972483,2.0,17.867737477649428,37.694934359226124,37.0,50.588235294117645,464.18255005296635,510.7892667027509
285.6,1.9861614367167393,2.0,17.852635399395403,37.69904522831888,37.0,50.588235294117645,464.16853204224805,510.8014018766209
285.7,1.9860936626629275,2.0,17.83748939063638,37.703157208891355,37.0,50.588235294117645,464.1544993918379,510.8135502555438
285.8,1.9860260632898352,2.0,17.82229961955734,37.70727030144542,37.0,50.588235294117645,464.1404520925416,510.825711847565
285.90000000000003,1.9859586390743236,2.0,17.807066254610863,37.71138450648357,37.0,50.588235294117645,464.1263901351528,510.83788666074037
286.0,1.9858913904913242,2.0,17.79178946451543,37.715499824508356,37.0,50.588235294117645,464.1123135104534,510.85007470313644
286.1,1.9858243180138366,2.0,17.77646941825365,37.71961625602262,37.0,50.588235294117645,464.0982222092133,510.86227598283045
286.2,1.985757422112927,2.0,17.761106285070582,37.723733801529534,37.0,50.588235294117645,464.08411622219023,510.8744905079099
286.3,1.9856907032577245,2.0,17.745700234472128,37.72785246153268,37.0,50.588235294117645,464.0699955401304,510.88671828647307
286.40000000000003,1.9856241619154187,2.0,17.730251436223224,37.731972236535796,37.0,50.588235294117645,464.0558601537679,510.8989593266285
286.5,1.9855577985512582,2.0,17.714760060346183,37.73609312704298,37.0,50.588235294117645,464.0417100538253,510.91121363649546
286.6,1.985491613628547,2.0,17.699226277119017,37.74021513355859,37.0,50.588235294117645,464.0275452310131,510.92348122420333
286.7,1.985425607608643,2.0,17.683650257073673,37.744338256587525,37.0,50.588235294117645,464.01336567603033,510.9357620978921
286.8,1.9853597809509547,2.0,17.668032170994415,37.7484624966346,37.0,50.588235294117645,463.99917137956413,510.94805626571195
286.90000000000003,1.9852941341129402,2.0,17.652372189916044,37.75258785420522,37.0,50.588235294117645,463.9849623322901,510.9603637358234
287.0,1.985228667550103,2.0,17.636670485122266,37.75671432980488,37.0,50.588235294117645,463.97073852487205,510.9726845163973
287.1,1.9851633817159908,2.0,17.620927228143888,37.760841923939495,37.0,50.588235294117645,463.95649994796247,510.98501861561465
287.2,1.9850982770621926,2.0,17.605142590757204,37.764970637115425,37.0,50.588235294117645,463.94224659220197,510.99736604166674
287.3,1.9850333540383376,2.0,17.5893167449822,37.76910046983909,37.0,50.588235294117645,463.9279784482199,511.00972680275504
287.40000000000003,1.9849686130920918,2.0,17.573449863081002,37.77323142261736,37.0,50.588235294117645,463.91369550663404,511.0221009070911
287.5,1.9849040546691554,2.0,17.557542117556025,37.77736349595733,37.0,50.588235294117645,463.8993977580506,511.0344883628966
287.6,1.9848396792132617,2.0,17.541593681148257,37.781496690366396,37.0,50.588235294117645,463.8850851930645,511.0468891784032
287.7,1.9847754871661736,2.0,17.525604726835667,37.78563100635233,37.0,50.588235294117645,463.8707578022592,511.0593033618528
287.8,1.9847114789676827,2.0,17.509575427831376,37.789766444423094,37.0,50.588235294117645,463.85641557620687,511.071730921497
287.90000000000003,1.9846476550556065,2.0,17.493505957582048,37.793903005087145,37.0,50.588235294117645,463.8420585054683,511.08417186559774
288.0,1.984584015865786,2.0,17.4773964897661,37.79804068885295,37.0,50.588235294117645,463.8276865805931,511.0966262024265
288.1,1.9845205618320827,2.0,17.461247198292053,37.802179496229655,37.0,50.588235294117645,463.8132997921195,511.10909394026487
288.2,1.9844572933863793,2.0,17.445058257296697,37.80631942772641,37.0,50.588235294117645,463.7988981305747,511.1215750874044
288.3,1.9843942109585744,2.0,17.428829841143596,37.81046048385281,37.0,50.588235294117645,463.7844815864745,511.13406965214625
288.40000000000003,1.9843313149765822,2.0,17.412562124421143,37.814602665118684,37.0,50.588235294117645,463.77005015032387,511.1465776428014
288.5,1.9842686058663295,2.0,17.39625528194101,37.81874597203432,37.0,50.588235294117645,463.75560381261636,511.15909906769065
288.6,1.9842060840517546,2.0,17.379909488736303,37.82289040511006,37.0,50.588235294117645,463.74114256383456,511.1716339351445
288.7,1.9841437499548045,2.0,17.36352492005999,37.827035964856805,37.0,50.588235294117645,463.72666639445015,511.1841822535031
288.8,1.9840816039954337,2.0,17.347101751383075,37.83118265178558,37.0,50.588235294117645,463.7121752949236,511.1967440311164
288.90000000000003,1.9840196465916002,2.0,17.330640158392963,37.835330466407754,37.0,50.588235294117645,463.6976692557048,511.2093192763437
289.0,1.9839578781592662,2.0,17.314140316991615,37.839479409235025,37.0,50.588235294117645,463.6831482672323,511.22190799755407
289.1,1.9838962991123943,2.0,17.297602403293975,37.8436294807795,37.0,50.588235294117645,463.66861231993397,511.2345102031262
289.2,1.9838349098629455,2.0,17.281026593626205,37.84778068155356,37.0,50.588235294117645,463.65406140422687,511.24712590144804
289.3,1.983773710820879,2.0,17.264413064523865,37.85193301206965,37.0,50.588235294117645,463.639495510517,511.2597551009172
289.40000000000003,1.983712702394148,2.0,17.247761992730403,37.85608647284084,37.0,50.588235294117645,463.6249146292,511.27239780994046
289.5,1.9836518849887002,2.0,17.231073555195223,37.86024106438032,37.0,50.588235294117645,463.61031875066027,511.28505403693424
289.6,1.9835912590084732,2.0,17.214347929072133,37.8643967872016,37.0,50.588235294117645,463.595707865272,511.2977237903244
289.7,1.9835308248553942,2.0,17.19758529171751,37.86855364181861,37.0,50.588235294117645,463.58108196339833,511.31040707854595
289.8,1.9834705829293793,2.0,17.180785820688563,37.872711628745435,37.0,50.588235294117645,463.56644103539196,511.32310391004324
289.90000000000003,1.983410533628329,2.0,17.16394969374181,37.87687074849663,37.0,50.588235294117645,463.5517850715949,511.3358142932699
290.0,1.983350677348128,2.0,17.1470770888311,37.88103100158702,37.0,50.588235294117645,463.53711406233873,511.3485382366887
290.1,1.9832910144826443,2.0,17.130168184106033,37.885192388531664,37.0,50.588235294117645,463.5224279979445,511.3612757487717
290.2,1.983231545423725,2.0,17.11322315791031,37.88935490984602,37.0,50.588235294117645,463.50772686872244,511.3740268380001
290.3,1.9831722705611967,2.0,17.096242188779772,37.89351856604577,37.0,50.588235294117645,463.4930106649728,511.3867915128641
290.40000000000003,1.9831131902828618,2.0,17.079225455440938,37.89768335764688,37.0,50.588235294117645,463.4782793769852,511.3995697818631
290.5,1.9830543049744995,2.0,17.06217313680907,37.90184928516584,37.0,50.588235294117645,463.4635329950388,511.41236165350546
290.6,1.982995615019861,2.0,17.04508541198666,37.90601634911917,37.0,50.588235294117645,463.4487715094026,511.4251671363086
290.7,1.9829371208006705,2.0,17.027962460261477,37.91018455002387,37.0,50.588235294117645,463.4339949103352,511.43798623879877
290.8,1.9828788226966223,2.0,17.01080446110506,37.91435388839727,37.0,50.588235294117645,463.4192031880849,511.4508189695113
290.90000000000003,1.982820721085378,2.0,16.993611594170886,37.91852436475688,37.0,50.588235294117645,463.40439633288986,511.4636653369904
291.0,1.9827628163425677,2.0,16.97638403929258,37.922695979620585,37.0,50.588235294117645,463.389574334978,511.4765253497891
291.1,1.982705108841786,2.0,16.959121976482347,37.92686873350664,37.0,50.588235294117645,463.3747371845672,511.48939901646924
291.2,1.9826475989545915,2.0,16.94182558592916,37.931042626933504,37.0,50.588235294117645,463.35988487186506,511.50228634560153
291.3,1.9825902870505048,2.0,16.92449504799704,37.93521766042011,37.0,50.588235294117645,463.34501738706916,511.51518734576536
291.40000000000003,1.982533173497007,2.0,16.907130543223314,37.93939383448554,37.0,50.588235294117645,463.330134720367,511.5281020255488
291.5,1.9824762586595386,2.0,16.889732252316954,37.943571149649244,37.0,50.588235294117645,463.31523686193617,511.5410303935487
291.6,1.9824195429014977,2.0,16.872300356156767,37.9477496064311,37.0,50.588235294117645,463.3003238019443,511.5539724583703
291.7,1.9823630265842382,2.0,16.854835035789787,37.95192920535101,37.0,50.588235294117645,463.28539553054884,511.5669282286277
291.8,1.9823067100670688,2.0,16.837336472429424,37.95610994692953,37.0,50.588235294117645,463.27045203789766,511.57989771294365
291.90000000000003,1.9822505937072517,2.0,16.819804847453817,37.9602918316873,37.0,50.588235294117645,463.2554933141287,511.59288091994904
292.0,1.98219467786,2.0,16.80224034240411,37.9644748601454,37.0,50.588235294117645,463.24051934937,511.60587785828363
292.1,1.9821389628784774,2.0,16.784643138982663,37.968659032825144,37.0,50.588235294117645,463.22553013373977,511.61888853659536
292.2,1.9820834491137973,2.0,16.76701341905138,37.97284435024818,37.0,50.588235294117645,463.2105256573467,511.63191296354074
292.3,1.98202813691502,2.0,16.749351364630044,37.97703081293645,37.0,50.588235294117645,463.19550591028946,511.6449511477847
292.40000000000003,1.9819730266291515,2.0,16.731657157894443,37.98121842141222,37.0,50.588235294117645,463.18047088265735,511.65800309800034
292.5,1.9819181186011439,2.0,16.71393098117475,37.98540717619812,37.0,50.588235294117645,463.16542056453,511.67106882286924
292.6,1.9818634131738913,2.0,16.69617301695381,37.989597077816995,37.0,50.588235294117645,463.1503549459772,511.68414833108113
292.7,1.981808910688231,2.0,16.67838344786532,37.99378812679214,37.0,50.588235294117645,463.13527401705943,511.697241631334
292.8,1.9817546114829414,2.0,16.660562456692215,37.99798032364714,37.0,50.588235294117645,463.12017776782756,511.71034873233407
292.90000000000003,1.9817005158947394,2.0,16.642710226364898,38.00217366890581,37.0,50.588235294117645,463.105066188323,511.72346964279575
293.0,1.9816466242582818,2.0,16.624826939959444,38.006368163092304,37.0,50.588235294117645,463.0899392685778,511.7366043714414
293.1,1.981592936906161,2.0,16.606912780696053,38.01056380673117,37.0,50.588235294117645,463.0747969986143,511.7497529270016
293.2,1.9815394541689064,2.0,16.5889679319371,38.01476060034713,37.0,50.588235294117645,463.0596393684459,511.76291531821505
293.3,1.9814861763749818,2.0,16.57099257718562,38.01895854446542,37.0,50.588235294117645,463.0444663680765,511.7760915538282
293.40000000000003,1.9814331038507842,2.0,16.55298690008343,38.02315763961127,37.0,50.588235294117645,463.0292779875006,511.7892816425958
293.5,1.9813802369206437,2.0,16.534951084409467,38.027357886310654,37.0,50.588235294117645,463.0140742167035,511.8024855932803
293.6,1.9813275759068214,2.0,16.51688531407812,38.031559285089486,37.0,50.588235294117645,462.99885504566134,511.8157034146521
293.7,1.981275121129508,2.0,16.498789773137425,38.03576183647431,37.0,50.588235294117645,462.98362046434113,511.8289351154894
293.8,1.981222872906824,2.0,16.480664645767323,38.039965540991716,37.0,50.588235294117645,462.96837046270065,511.8421807045783
293.90000000000003,1.981170831554817,2.0,16.462510116278025,38.04417039916876,37.0,50.588235294117645,462.9531050306886,511.85544019071284
294.0,1.9811189973874626,2.0,16.444326369108243,38.048376411532786,37.0,50.588235294117645,462.93782415824467,511.8687135826945
294.1,1.9810673707166613,2.0,16.426113588823462,38.05258357861146,37.0,50.588235294117645,462.92252783529943,511.88200088933263
294.2,1.9810159518522383,2.0,16.40787196011425,38.056791900932694,37.0,50.588235294117645,462.9072160517746,511.89530211944424
294.3,1.9809647411019433,2.0,16.389601667794448,38.0610013790249,37.0,50.588235294117645,462.89188879758285,511.9086172818539
294.40000000000003,1.9809137387714484,2.0,16.37130289679958,38.06521201341661,37.0,50.588235294117645,462.87654606262805,511.9219463853939
294.5,1.9808629451643471,2.0,16.352975832185045,38.069423804636756,37.0,50.588235294117645,462.861187836805,511.9352894389039
294.6,1.9808123605821544,2.0,16.334620659124383,38.0736367532146,37.0,50.588235294117645,462.84581410999994,511.94864645123124
294.7,1.9807619853243053,2.0,16.316237562907627,38.07785085967976,37.0,50.588235294117645,462.8304248720902,511.96201743123066
294.8,1.9807118196881526,2.0,16.29782672893956,38.08206612456212,37.0,50.588235294117645,462.8150201129442,511.9754023877645
294.90000000000003,1.9806618639689684,2.0,16.27938834273789,38.08628254839181,37.0,50.588235294117645,462.7995998224218,511.9888013297023
295.0,1.980612118459941,2.0,16.260922589931692,38.0905001316994,37.0,50.588235294117645,462.7841639903743,512.002214265921
295.1,1.9805625834521763,2.0,16.24242965625957,38.094718875015815,37.0,50.588235294117645,462.7687126066442,512.0156412053051
295.2,1.980513259234694,2.0,16.223909727568056,38.09893877887208,37.0,50.588235294117645,462.7532456610655,512.029082156746
295.3,1.9804641460944297,2.0,16.20536298980969,38.103159843799745,37.0,50.588235294117645,462.7377631434634,512.0425371291424
295.40000000000003,1.9804152443162322,2.0,16.18678962904156,38.10738207033063,37.0,50.588235294117645,462.72226504365483,512.0560061314006
295.5,1.980366554182863,2.0,16.168189831423362,38.111605458996905,37.0,50.588235294117645,462.7067513514482,512.069489172434
295.6,1.980318075974997,2.0,16.149563783215786,38.11583001033097,37.0,50.588235294117645,462.69122205664354,512.0829862611628
295.7,1.9802698099712193,2.0,16.130911670778854,38.12005572486555,37.0,50.588235294117645,462.67567714903237,512.0964974065145
295.8,1.980221756448027,2.0,16.11223368057005,38.12428260313385,37.0,50.588235294117645,462.66011661839775,512.1100226174236
295.90000000000003,1.9801739156798253,2.0,16.093529999142785,38.12851064566928,37.0,50.588235294117645,462.6445404545146,512.1235619028317
296.0,1.9801262879389308,2.0,16.074800813144453,38.13273985300549,37.0,50.588235294117645,462.6289486471495,512.1371152716874
296.1,1.980078873495567,2.0,16.056046309314997,38.13697022567652,37.0,50.588235294117645,462.6133411860607,512.1506827329462
296.2,1.9800316726178662,2.0,16.037266674484933,38.14120176421676,37.0,50.588235294117645,462.5977180609984,512.1642642955704
296.3,1.979984685571868,2.0,16.01846209557381,38.14543446916093,37.0,50.588235294117645,462.58207926170445,512.1778599685292
296.40000000000003,1.9799379126215182,2.0,15.999632759588435,38.149668341044105,37.0,50.588235294117645,462.56642477791274,512.1914697607991
296.5,1.9798913540286684,2.0,15.98077885362115,38.15390338040163,37.0,50.588235294117645,462.5507545993489,512.2050936813627
296.6,1.9798450100530767,2.0,15.9619005648481,38.158139587769085,37.0,50.588235294117645,462.5350687157306,512.2187317392098
296.7,1.9797988809524052,2.0,15.942998080527634,38.162376963682505,37.0,50.588235294117645,462.51936711676746,512.2323839433367
296.8,1.9797529669822203,2.0,15.924071587998473,38.16661550867809,37.0,50.588235294117645,462.50364979216124,512.2460503027464
296.90000000000003,1.979707268395992,2.0,15.905121274678017,38.170855223292676,37.0,50.588235294117645,462.4879167316057,512.2597308264486
297.0,1.9796617854450942,2.0,15.88614732806068,38.17509610806309,37.0,50.588235294117645,462.4721679247866,512.2734255234597
297.1,1.9796165183788024,2.0,15.867149935716192,38.17933816352661,37.0,50.588235294117645,462.456403361382,512.2871344028025
297.2,1.9795714674442955,2.0,15.848129285287785,38.18358139022092,37.0,50.588235294117645,462.44062303106193,512.3008574735063
297.3,1.979526632886653,2.0,15.829085564490654,38.18782578868388,37.0,50.588235294117645,462.424826923489,512.3145947446071
297.40000000000003,1.9794820149488566,2.0,15.810018961110073,38.192071359453735,37.0,50.588235294117645,462.4090150283177,512.3283462251471
297.5,1.9794376138717875,2.0,15.790929662999837,38.19631810306913,37.0,50.588235294117645,462.3931873351951,512.3421119241751
297.6,1.9793934298942284,2.0,15.771817858080396,38.20056602006889,37.0,50.588235294117645,462.37734383376034,512.3558918507463
297.7,1.9793494632528623,2.0,15.75268373433733,38.20481511099223,37.0,50.588235294117645,462.36148451364517,512.3696860139216
297.8,1.9793057141822703,2.0,15.733527479819589,38.20906537637876,37.0,50.588235294117645,462.3456093644737,512.3834944227692
297.90000000000003,1.9792621829149337,2.0,15.714349282637626,38.21331681676833,37.0,50.588235294117645,462.32971837586257,512.397317086363
298.0,1.9792188696812327,2.0,15.695149330961932,38.217569432701055,37.0,50.588235294117645,462.31381153742063,512.4111540137832
298.1,1.9791757747094458,2.0,15.675927813021215,38.221823224717525,37.0,50.588235294117645,462.29788883874954,512.425005214116
298.2,1.9791328982257501,2.0,15.6566849171007,38.2260781933586,37.0,50.588235294117645,462.2819502694435,512.4388706964539
298.3,1.97909024045422,2.0,15.637420831540465,38.230334339165495,37.0,50.588235294117645,462.2659958190892,512.4527504698956
298.40000000000003,1.9790478016168278,2.0,15.618135744733697,38.23459166267958,37.0,50.588235294117645,462.25002547726615,512.4666445435456
298.5,1.9790055819334431,2.0,15.598829845125003,38.238850164442795,37.0,50.588235294117645,462.23403923354647,512.4805529265147
298.6,1.9789635816218332,2.0,15.579503321208751,38.24310984499721,37.0,50.588235294117645,462.21803707749496,512.4944756279197
298.7,1.9789218008976612,2.0,15.560156361527369,38.24737070488533,37.0,50.588235294117645,462.20201899866925,512.5084126568829
298.8,1.978880239974488,2.0,15.540789154669561,38.251632744649896,37.0,50.588235294117645,462.1859849866198,512.522364022533
298.90000000000003,1.9788388990637704,2.0,15.521401889268745,38.25589596483411,37.0,50.588235294117645,462.16993503089,512.5363297340041
299.0,1.9787977783748614,2.0,15.501994754001258,38.26016036598139,37.0,50.588235294117645,462.1538691210159,512.5503098004365
299.1,1.9787568781150104,2.0,15.48256793758469,38.26442594863545,37.0,50.588235294117645,462.1377872465268,512.5643042309763
299.2,1.9787161984893629,2.0,15.463121628776225,38.26869271334044,37.0,50.588235294117645,462.1216893969446,512.578313034775
299.3,1.97867573970096,2.0,15.443656016370893,38.27296066064082,37.0,50.588235294117645,462.1055755617844,512.5923362209903
299.40000000000003,1.9786355019507387,2.0,15.424171289199938,38.27722979108131,37.0,50.588235294117645,462.0894457305546,512.6063737987851
299.5,1.9785954854375316,2.0,15.404667636129064,38.281500105207044,37.0,50.588235294117645,462.07329989275615,512.6204257773283
299.6,1.9785556903580674,2.0,15.385145246056808,38.28577160356343,37.0,50.588235294117645,462.05713803788353,512.6344921657941
299.7,1.9785161169069698,2.0,15.36560430791284,38.290044286696116,37.0,50.588235294117645,462.04096015542433,512.6485729733623
299.8,1.9784767652767579,2.0,15.346045010656226,38.29431815515119,37.0,50.588235294117645,462.02476623485927,512.6626682092185
299.90000000000003,1.9784376356578472,2.0,15.32646754327377,38.29859320947514,37.0,50.588235294117645,462.0085562656623,512.6767778825533
300.0,1.9783987282385476,2.0,15.306872094778427,38.30286945021459,37.0,50.588235294117645,461.9923302373008,512.6909020025632
300.1,1.9783600432050652,2.0,15.287258854207394,38.30714687791664,37.0,50.588235294117645,461.9760881392353,512.70504057845
300.2,1.9783215807415016,2.0,15.267628010620678,38.31142549312858,37.0,50.588235294117645,461.95982996091976,512.7191936194206
300.3,1.9782833410298537,2.0,15.247979753099248,38.31570529639822,37.0,50.588235294117645,461.94355569180163,512.7333611346872
300.40000000000003,1.9782453242500144,2.0,15.228314270743418,38.31998628827358,37.0,50.588235294117645,461.9272653213218,512.7475431334678
300.5,1.9782075305797722,2.0,15.208631752671156,38.32426846930298,37.0,50.588235294117645,461.91095883891455,512.7617396249851
300.6,1.978169960194811,2.0,15.18893238801641,38.32855184003506,37.0,50.588235294117645,461.8946362340077,512.7759506184675
300.7,1.9781326132687116,2.0,15.169216365927403,38.33283640101888,37.0,50.588235294117645,461.8782974960227,512.790176123148
300.8,1.9780954899729501,2.0,15.14948387556502,38.33712215280383,37.0,50.588235294117645,461.8619426143746,512.8044161482647
300.90000000000003,1.9780585904768992,2.0,15.129735106101073,38.34140909593947,37.0,50.588235294117645,461.845571578472,512.8186707030616
301.0,1.978021914947828,2.0,15.109970246716644,38.34569723097593,37.0,50.588235294117645,461.8291843777173,512.8329397967872
301.1,1.977985463550902,2.0,15.090189486600426,38.34998655846351,37.0,50.588235294117645,461.81278100150655,512.8472234386946
301.2,1.977949236449184,2.0,15.07039301494704,38.354277078952805,37.0,50.588235294117645,461.79636143922954,512.8615216380427
301.3,1.9779132338036332,2.0,15.050581020955388,38.358568792994845,37.0,50.588235294117645,461.7799256802701,512.8758344040948
301.40000000000003,1.9778774557731065,2.0,15.030753693826915,38.36286170114096,37.0,50.588235294117645,461.7634737140055,512.8901617461191
301.5,1.9778419025143579,2.0,15.010911222764042,38.36715580394275,37.0,50.588235294117645,461.7470055298074,512.9045036733888
301.6,1.9778065741820399,2.0,14.991053796968393,38.37145110195229,37.0,50.588235294117645,461.7305211170409,512.918860195182
301.7,1.9777714709287026,2.0,14.97118160563925,38.375747595721805,37.0,50.588235294117645,461.7140204650653,512.9332313207814
301.8,1.9777365929047945,2.0,14.951294837971789,38.38004528580393,37.0,50.588235294117645,461.69750356323385,512.9476170594743
301.90000000000003,1.9777019402586626,2.0,14.931393683155429,38.384344172751696,37.0,50.588235294117645,461.68097040089395,512.9620174205531
302.0,1.9776675131365535,2.0,14.911478330372207,38.38864425711836,37.0,50.588235294117645,461.664420967387,512.9764324133147
302.1,1.9776333116826128,2.0,14.891548968795131,38.392945539457514,37.0,50.588235294117645,461.64785525204854,512.9908620470602
302.2,1.9775993360388857,2.0,14.871605787586459,38.39724802032316,37.0,50.588235294117645,461.6312732442081,513.0053063310959
302.3,1.977565586345318,2.0,14.851648975896081,38.40155170026958,37.0,50.588235294117645,461.6146749331897,513.0197652747322
302.40000000000003,1.9775320627397561,2.0,14.831678722859872,38.405856579851445,37.0,50.588235294117645,461.5980603083114,513.0342388872842
302.5,1.9774987653579474,2.0,14.811695217598016,38.410162659623666,37.0,50.588235294117645,461.5814293588857,513.0487271780714
302.6,1.9774656943335407,2.0,14.791698649213387,38.41446994014149,37.0,50.588235294117645,461.5647820742193,513.0632301564177
302.7,1.9774328497980858,2.0,14.771689206789834,38.41877842196055,37.0,50.588235294117645,461.54811844361325,513.0777478316514
302.8,1.977400231881036,2.0,14.751667079390524,38.42308810563679,37.0,50.588235294117645,461.5314384563632,513.0922802131054
302.90000000000003,1.977367840709747,2.0,14.731632456056417,38.427398991726534,37.0,50.588235294117645,461.514742101759,513.1068273101164
303.0,1.977335676409478,2.0,14.711585525804484,38.43171108078627,37.0,50.588235294117645,461.498029369085,513.1213891320256
303.1,1.9773037391033923,2.0,14.69152647762613,38.436024373373016,37.0,50.588235294117645,461.48130024762025,513.1359656881784
303.2,1.9772720289125574,2.0,14.67145550048553,38.44033887004406,37.0,50.588235294117645,461.4645547266382,513.1505569879249
303.3,1.9772405459559452,2.0,14.651372783317989,38.44465457135692,37.0,50.588235294117645,461.447792795407,513.1651630406183
303.40000000000003,1.9772092903504344,2.0,14.631278515028242,38.448971477869634,37.0,50.588235294117645,461.43101444318927,513.1797838556166
303.5,1.977178262210809,2.0,14.611172884488953,38.4532895901404,37.0,50.588235294117645,461.4142196592426,513.1944194422819
303.6,1.977147461649759,2.0,14.591056080538928,38.45760890872782,37.0,50.588235294117645,461.3974084328191,513.20906980998
303.7,1.977116888777884,2.0,14.570928291981499,38.46192943419078,37.0,50.588235294117645,461.3805807531657,513.223734968081
303.8,1.9770865437036897,2.0,14.550789707583053,38.46625116708867,37.0,50.588235294117645,461.3637366095241,513.2384149259588
303.90000000000003,1.9770564265335921,2.0,14.530640516071156,38.470574107980894,37.0,50.588235294117645,461.34687599113084,513.2531096929911
304.0,1.9770265373719142,2.0,14.51048090613314,38.47489825742758,37.0,50.588235294117645,461.3299988872173,513.2678192785597
304.1,1.9769968763208918,2.0,14.490311066414193,38.47922361598887,37.0,50.588235294117645,461.3131052870098,513.2825436920502
304.2,1.976967443480669,2.0,14.470131185516115,38.48355018422535,37.0,50.588235294117645,461.2961951797298,513.2972829428518
304.3,1.976938238949303,2.0,14.449941451995278,38.48787796269801,37.0,50.588235294117645,461.2792685545935,513.3120370403576
304.40000000000003,1.976909262822763,2.0,14.429742054361334,38.492206951967944,37.0,50.588235294117645,461.2623254008123,513.3268059939644
304.5,1.9768805151949302,2.0,14.40953318107539,38.496537152596886,37.0,50.588235294117645,461.24536570759255,513.3415898130727
304.6,1.976851996157601,2.0,14.389315020548448,38.50086856514673,37.0,50.588235294117645,461.22838946413583,513.3563885070865
304.7,1.9768237058004852,2.0,14.369087761139808,38.505201190179775,37.0,50.588235294117645,461.2113966596388,513.3712020854136
304.8,1.9767956442112087,2.0,14.348851591155382,38.50953502825854,37.0,50.588235294117645,461.1943872832934,513.3860305574652
304.90000000000003,1.9767678114753129,2.0,14.328606698846153,38.51387007994589,37.0,50.588235294117645,461.1773613242867,513.4008739326558
305.0,1.9767402076762566,2.0,14.308353272406464,38.518206345805254,37.0,50.588235294117645,461.1603187718012,513.4157322204042
305.1,1.9767128328954162,2.0,14.288091499972484,38.52254382640001,37.0,50.588235294117645,461.1432596150145,513.4306054301318
305.2,1.9766856872120873,2.0,14.267821569620555,38.52688252229427,37.0,50.588235294117645,461.12618384309974,513.4454935712639
305.3,1.9766587707034844,2.0,14.247543669365601,38.53122243405221,37.0,50.588235294117645,461.1090914452253,513.4603966532288
305.40000000000003,1.9766320834447428,2.0,14.22725798715948,38.53556356223834,37.0,50.588235294117645,461.09198241055526,513.4753146854581
305.5,1.9766056255089204,2.0,14.206964710889393,38.539905907417676,37.0,50.588235294117645,461.0748567282489,513.4902476773873
305.6,1.9765793969669956,2.0,14.186664028376372,38.544249470155364,37.0,50.588235294117645,461.0577143874611,513.5051956384544
305.7,1.9765533978878709,2.0,14.166356127373456,38.548594251017164,37.0,50.588235294117645,461.0405553773424,513.5201585781012
305.8,1.9765276283383735,2.0,14.146041195564273,38.552940250568895,37.0,50.588235294117645,461.0233796870387,513.5351365057722
305.90000000000003,1.9765020883832554,2.0,14.125719420561403,38.55728746937689,37.0,50.588235294117645,461.00618730569175,513.5501294309153
306.0,1.976476778085195,2.0,14.105390989904711,38.5616359080077,37.0,50.588235294117645,460.98897822243896,513.5651373629814
306.1,1.976451697504798,2.0,14.085056091059828,38.56598556702818,37.0,50.588235294117645,460.9717524264133,513.5801603114246
306.2,1.9764268467005985,2.0,14.06471491141648,38.57033644700567,37.0,50.588235294117645,460.9545099067435,513.5951982857017
306.3,1.97640222572906,2.0,14.04436763828696,38.574688548507766,37.0,50.588235294117645,460.9372506525543,513.6102512952729
306.40000000000003,1.9763778346445766,2.0,14.024014458904514,38.57904187210244,37.0,50.588235294117645,460.9199746529661,513.6253193496008
306.5,1.9763536734994733,2.0,14.003655560421715,38.58339641835789,37.0,50.588235294117645,460.9026818970952,513.6404024581515
306.6,1.976329742344008,2.0,13.983291129908897,38.58775218784268,37.0,50.588235294117645,460.88537237405376,513.6555006303935
306.7,1.976306041226373,2.0,13.962921354352568,38.59210918112581,37.0,50.588235294117645,460.86804607294994,513.6706138757983
306.8,1.9762825701926943,2.0,13.942546420653873,38.5964673987765,37.0,50.588235294117645,460.8507029828879,513.68574220384
306.90000000000003,1.9762593292870347,2.0,13.92216651562686,38.600826841364324,37.0,50.588235294117645,460.83334309296777,513.7008856239958
307.0,1.976236318551394,2.0,13.901781825997107,38.60518750945931,37.0,50.588235294117645,460.81596639228576,513.7160441457453
307.1,1.9762135380257102,2.0,13.88139253839997,38.60954940363166,37.0,50.588235294117645,460.79857286993433,513.7312177785711
307.20000000000005,1.9761909877478614,2.0,13.860998839379077,38.613912524452076,37.0,50.588235294117645,460.78116251500194,513.746406531958
307.3,1.9761686677536652,2.0,13.840600915384787,38.618276872491435,37.0,50.588235294117645,460.76373531657316,513.7616104153935
307.40000000000003,1.9761465780768823,2.0,13.820198952772472,38.62264244832107,37.0,50.588235294117645,460.74629126372895,513.776829438368
307.5,1.9761247187492161,2.0,13.79979313780114,38.62700925251255,37.0,50.588235294117645,460.7288303455464,513.7920636103739
307.6,1.976103089800315,2.0,13.779383656631708,38.631377285637825,37.0,50.588235294117645,460.711352551099,513.8073129409065
307.70000000000005,1.976081691257772,2.0,13.758970695325536,38.635746548269196,37.0,50.588235294117645,460.6938578694567,513.8225774394632
307.8,1.976060523147129,2.0,13.738554439842769,38.640117040979305,37.0,50.588235294117645,460.6763462896854,513.837857115544
307.90000000000003,1.9760395854918742,2.0,13.718135076040891,38.64448876434102,37.0,50.588235294117645,460.65881780084777,513.8531519786511
308.0,1.9760188783134462,2.0,13.697712789672977,38.64886171892772,37.0,50.588235294117645,460.64127239200286,513.8684620382893
308.1,1.9759984016312346,2.0,13.677287766386327,38.65323590531307,37.0,50.588235294117645,460.6237100522063,513.8837873039654
308.20000000000005,1.9759781554625822,2.0,13.656860191720781,38.6576113240709,37.0,50.588235294117645,460.6061307705103,513.8991277851885
308.3,1.9759581398227841,2.0,13.636430251107287,38.66198797577562,37.0,50.588235294117645,460.5885345359634,513.9144834914698
308.40000000000003,1.975938354725091,2.0,13.615998129866178,38.66636586100185,37.0,50.588235294117645,460.57092133761074,513.929854432323
308.5,1.9759188001807102,2.0,13.595564013205717,38.670744980324514,37.0,50.588235294117645,460.5532911644944,513.9452406172638
308.6,1.9758994761988065,2.0,13.575128086220555,38.675125334319034,37.0,50.588235294117645,460.53564400565296,513.9606420558098
308.70000000000005,1.975880382786505,2.0,13.554690533890149,38.67950692356095,37.0,50.588235294117645,460.5179798501218,513.9760587574806
308.8,1.97586151994889,2.0,13.534251541077289,38.68388974862626,37.0,50.588235294117645,460.500298686933,513.9914907317981
308.90000000000003,1.975842887689009,2.0,13.513811292526366,38.688273810091346,37.0,50.588235294117645,460.4826005051155,514.006937988286
309.0,1.975824486007873,2.0,13.493369972862055,38.69265910853284,37.0,50.588235294117645,460.4648852936951,514.02240053647
309.1,1.975806314904458,2.0,13.472927766587645,38.69704564452769,37.0,50.588235294117645,460.4471530416945,514.0378783858777
309.20000000000005,1.9757883743757074,2.0,13.452484858083517,38.70143341865327,37.0,50.588235294117645,460.4294037381332,514.0533715460384
309.3,1.9757706644165318,2.0,13.432041431605692,38.70582243148726,37.0,50.588235294117645,460.4116373720278,514.0688800264836
309.40000000000003,1.975753185019812,2.0,13.411597671284131,38.71021268360755,37.0,50.588235294117645,460.39385393239195,514.0844038367461
309.5,1.9757359361763995,2.0,13.391153761121348,38.714604175592626,37.0,50.588235294117645,460.3760534082361,514.0999429863607
309.6,1.9757189178751202,2.0,13.370709884990795,38.718996908021154,37.0,50.588235294117645,460.358235788568,514.1154974848639
309.70000000000005,1.9757021301027722,2.0,13.350266226635464,38.72339088147197,37.0,50.588235294117645,460.34040106239246,514.1310673417937
309.8,1.9756855728441314,2.0,13.329822969666111,38.727786096524596,37.0,50.588235294117645,460.3225492187115,514.1466525666899
309.90000000000003,1.9756692460819503,2.0,13.30938029756004,38.732182553758605,37.0,50.588235294117645,460.30468024652424,514.162253169094
310.0,1.9756531497969614,2.0,13.28893839365933,38.736580253754084,37.0,50.588235294117645,460.286794134827,514.1778691585489
310.1,1.9756372839678775,2.0,13.26849744116949,38.74097919709146,37.0,50.588235294117645,460.2688908726135,514.1935005445989
310.20000000000005,1.9756216485713942,2.0,13.248057623157809,38.74537938435134,37.0,50.588235294117645,460.2509704488747,514.20914733679
310.3,1.9756062435821915,2.0,13.227619122551932,38.749780816114765,37.0,50.588235294117645,460.23303285259885,514.2248095446694
310.40000000000003,1.9755910689729348,2.0,13.20718212213833,38.75418349296308,37.0,50.588235294117645,460.21507807277186,514.2404871777858
310.5,1.9755761247142776,2.0,13.186746804560734,38.758587415478075,37.0,50.588235294117645,460.1971060983767,514.2561802456894
310.6,1.9755614107748627,2.0,13.166313352318717,38.762992584241715,37.0,50.588235294117645,460.179116918394,514.2718887579316
310.70000000000005,1.975546927121324,2.0,13.145881947766139,38.76739899983647,37.0,50.588235294117645,460.16111052180196,514.2876127240651
310.8,1.9755326737182872,2.0,13.125452773109636,38.771806662844995,37.0,50.588235294117645,460.14308689757615,514.3033521536439
310.90000000000003,1.9755186505283742,2.0,13.105026010407082,38.77621557385038,37.0,50.588235294117645,460.12504603468983,514.3191070562231
311.0,1.975504857512202,2.0,13.084601841566233,38.780625733435954,37.0,50.588235294117645,460.10698792211383,514.334877441359
311.1,1.9754912946283867,2.0,13.06418044834308,38.78503714218556,37.0,50.588235294117645,460.0889125488167,514.3506633186091
311.20000000000005,1.9754779618335436,2.0,13.043762012340435,38.7894498006832,37.0,50.588235294117645,460.07081990376463,514.366464697532
311.3,1.97546485908229,2.0,13.023346715006408,38.793863709513175,37.0,50.588235294117645,460.0527099759215,514.3822815876874
311.40000000000003,1.975451986327247,2.0,13.002934737632922,38.79827886926046,37.0,50.588235294117645,460.0345827542491,514.398113998636
311.5,1.975439343519041,2.0,12.982526261354243,38.80269528051002,37.0,50.588235294117645,460.01643822770683,514.413961939939
311.6,1.9754269306063053,2.0,12.96212146714548,38.807112943847244,37.0,50.588235294117645,459.9982763852521,514.4298254211594
311.70000000000005,1.9754147475356836,2.0,12.941720535821087,38.81153185985795,37.0,50.588235294117645,459.98009721584026,514.4457044518607
311.8,1.975402794251829,2.0,12.921323648033471,38.81595202912814,37.0,50.588235294117645,459.96190070842425,514.4615990416071
311.90000000000003,1.9753910706974094,2.0,12.900930984271337,38.82037345224438,37.0,50.588235294117645,459.9436868519554,514.477509199964
312.0,1.9753795768131064,2.0,12.880542724858431,38.824796129793356,37.0,50.588235294117645,459.9254556353828,514.4934349364972
312.1,1.975368312537619,2.0,12.860159049951903,38.8292200623622,37.0,50.588235294117645,459.9072070476535,514.5093762607736
312.20000000000005,1.975357277807665,2.0,12.839780139540904,38.83364525053838,37.0,50.588235294117645,459.8889410777129,514.5253331823607
312.3,1.975346472557983,2.0,12.819406173445131,38.83807169490973,37.0,50.588235294117645,459.8706577145042,514.5413057108266
312.40000000000003,1.9753358967213337,2.0,12.799037331313324,38.84249939606423,37.0,50.588235294117645,459.85235694696905,514.5572938557401
312.5,1.9753255502285043,2.0,12.778673792621758,38.84692835459049,37.0,50.588235294117645,459.83403876404697,514.5732976266708
312.6,1.9753154330083071,2.0,12.758315736672996,38.85135857107724,37.0,50.588235294117645,459.815703154676,514.5893170331885
312.70000000000005,1.975305544987584,2.0,12.737963342594135,38.85579004611367,37.0,50.588235294117645,459.7973501077922,514.605352084864
312.8,1.975295886091207,2.0,12.717616789335557,38.86022278028918,37.0,50.588235294117645,459.77897961233015,514.6214027912681
312.90000000000003,1.9752864562420824,2.0,12.697276255669367,38.86465677419352,37.0,50.588235294117645,459.76059165722256,514.6374691619727
313.0,1.9752772553611508,2.0,12.676941920188076,38.869092028417015,37.0,50.588235294117645,459.74218623140064,514.6535512065495
313.1,1.9752682833673902,2.0,12.656613961303032,38.87352854355004,37.0,50.588235294117645,459.72376332379395,514.6696489345709
313.20000000000005,1.9752595401778166,2.0,12.636292557243019,38.87796632018342,37.0,50.588235294117645,459.7053229233306,514.6857623556094
313.3,1.9752510257074887,2.0,12.615977886052722,38.882405358908386,37.0,50.588235294117645,459.686865018937,514.7018914792384
313.40000000000003,1.9752427398695076,2.0,12.595670125591495,38.88684566031645,37.0,50.588235294117645,459.6683895995383,514.718036315031
313.5,1.9752346825750213,2.0,12.575369453531705,38.89128722499947,37.0,50.588235294117645,459.6498966540581,514.7341968725606
313.6,1.9752268537332243,2.0,12.555076047357492,38.89573005354953,37.0,50.588235294117645,459.6313861714186,514.7503731614011
313.70000000000005,1.9752192532513613,2.0,12.53479008436314,38.90017414655921,37.0,50.588235294117645,459.61285814054065,514.7665651911265
313.8,1.9752118810347297,2.0,12.514511741651791,38.90461950462145,37.0,50.588235294117645,459.5943125503436,514.7827729713105
313.90000000000003,1.97520473698668,2.0,12.494241196133991,38.90906612832924,37.0,50.588235294117645,459.57574938974585,514.7989965115274
314.0,1.975197821008621,2.0,12.473978624526179,38.9135140182762,37.0,50.588235294117645,459.55716864766435,514.8152358213517
314.1,1.9751911330000183,2.0,12.453724203349434,38.917963175056286,37.0,50.588235294117645,459.5385703130148,514.8314909103575
314.20000000000005,1.9751846728584,2.0,12.43347810892785,38.92241359926368,37.0,50.588235294117645,459.5199543747118,514.8477617881189
314.3,1.9751784404793564,2.0,12.413240517387317,38.92686529149296,37.0,50.588235294117645,459.50132082166874,514.86404846421
314.40000000000003,1.9751724357565437,2.0,12.393011604653939,38.93131825233894,37.0,50.588235294117645,459.48266964279793,514.8803509482051
314.5,1.9751666585816858,2.0,12.372791546452714,38.935772482396885,37.0,50.588235294117645,459.46400082701064,514.8966692496781
314.6,1.9751611088445773,2.0,12.352580518306144,38.940227982262286,37.0,50.588235294117645,459.445314363217,514.9130033782028
314.70000000000005,1.9751557864330846,2.0,12.332378695532785,38.9446847525312,37.0,50.588235294117645,459.4266102403264,514.9293533433528
314.8,1.9751506912331485,2.0,12.312186253245853,38.94914279379975,37.0,50.588235294117645,459.4078884472469,514.9457191547014
314.90000000000003,1.9751458231287877,2.0,12.292003366351764,38.953602106664505,37.0,50.588235294117645,459.3891489728859,514.9621008218217
315.0,1.9751411820021,2.0,12.271830209548908,38.95806269172249,37.0,50.588235294117645,459.3703918061498,514.9784983542868
315.1,1.9751367677332654,2.0,12.251666957326062,38.9625245495709,37.0,50.588235294117645,459.3516169359443,514.9949117616688
315.20000000000005,1.975132580200547,2.0,12.231513783961121,38.96698768080739,37.0,50.588235294117645,459.3328243511741,515.0113410535404
315.3,1.9751286192802955,2.0,12.211370863519623,38.971452086029785,37.0,50.588235294117645,459.3140140407432,515.0277862394729
315.40000000000003,1.97512488484695,2.0,12.191238369853432,38.975917765836414,37.0,50.588235294117645,459.2951859935548,515.0442473290375
315.5,1.975121376773042,2.0,12.171116476599327,38.980384720825896,37.0,50.588235294117645,459.2763401985115,515.0607243318051
315.6,1.9751180949291955,2.0,12.151005357177654,38.98485295159719,37.0,50.588235294117645,459.2574766445151,515.077217257346
315.70000000000005,1.9751150391841314,2.0,12.130905184790839,38.98932245874954,37.0,50.588235294117645,459.2385953204669,515.0937261152297
315.8,1.97511220940467,2.0,12.110816132422121,38.993793242882646,37.0,50.588235294117645,459.2196962152675,515.1102509150256
315.90000000000003,1.975109605455732,2.0,12.090738372834199,38.99826530459637,37.0,50.588235294117645,459.200779317817,515.126791666302
316.0,1.9751072272003427,2.0,12.070672078567735,39.00273864449116,37.0,50.588235294117645,459.18184461701503,515.1433483786268
316.1,1.975105074499632,2.0,12.050617421940142,39.00721326316756,37.0,50.588235294117645,459.16289210176046,515.1599210615672
316.20000000000005,1.9751031472128406,2.0,12.030574575043984,39.01168916122663,37.0,50.588235294117645,459.143921760952,515.1765097246895
316.3,1.9751014451973192,2.0,12.010543709745974,39.01616633926966,37.0,50.588235294117645,459.12493358348786,515.1931143775594
316.40000000000003,1.975099968308533,2.0,11.990524997685243,39.020644797898285,37.0,50.588235294117645,459.10592755826576,515.2097350297418
316.5,1.9750987164000635,2.0,11.970518610272254,39.025124537714476,37.0,50.588235294117645,459.0869036741832,515.2263716908006
316.6,1.9750976893236107,2.0,11.950524718687298,39.029605559320714,37.0,50.588235294117645,459.06786192013726,515.243024370299
316.70000000000005,1.9750968869289973,2.0,11.930543493879188,39.03408786331954,37.0,50.588235294117645,459.04880228502486,515.2596930777993
316.8,1.9750963090641689,2.0,11.910575106563975,39.03857145031401,37.0,50.588235294117645,459.0297247577426,515.276377822863
316.90000000000003,1.9750959555751988,2.0,11.890619727223456,39.04305632090751,37.0,50.588235294117645,459.01062932718685,515.2930786150499
317.0,1.9750958263062894,2.0,11.870677526103993,39.04754247570361,37.0,50.588235294117645,458.99151598225393,515.3097954639196
317.1,1.9750959210997756,2.0,11.850748673215067,39.052029915306434,37.0,50.588235294117645,458.9723847118399,515.3265283790305
317.20000000000005,1.975096239796126,2.0,11.830833338328013,39.056518640320405,37.0,50.588235294117645,458.95323550484073,515.3432773699396
317.3,1.9750967822339474,2.0,11.81093169097458,39.06100865135011,37.0,50.588235294117645,458.9340683501524,515.3600424462029
317.40000000000003,1.9750975482499866,2.0,11.791043900445729,39.06549994900064,37.0,50.588235294117645,458.9148832366708,515.3768236173756
317.5,1.9750985376791332,2.0,11.771170135790253,39.069992533877496,37.0,50.588235294117645,458.8956801532918,515.3936208930113
317.6,1.9750997503544219,2.0,11.75131056581343,39.07448640658623,37.0,50.588235294117645,458.87645908891136,515.4104342826623
317.70000000000005,1.9751011861070367,2.0,11.731465359075706,39.078981567733024,37.0,50.588235294117645,458.8572200324256,515.4272637958802
317.8,1.9751028447663115,2.0,11.711634683891482,39.08347801792422,37.0,50.588235294117645,458.8379629727305,515.4441094422148
317.90000000000003,1.9751047261597339,2.0,11.691818708327622,39.08797575776657,37.0,50.588235294117645,458.81868789872243,515.4609712312147
318.0,1.9751068301129484,2.0,11.67201760020223,39.09247478786722,37.0,50.588235294117645,458.79939479929783,515.4778491724273
318.1,1.9751091564497585,2.0,11.65223152708338,39.09697510883342,37.0,50.588235294117645,458.7800836633534,515.4947432753985
318.20000000000005,1.97511170499213,2.0,11.632460656287746,39.10147672127306,37.0,50.588235294117645,458.76075447978604,515.5116535496727
318.3,1.9751144755601933,2.0,11.612705154879361,39.10597962579425,37.0,50.588235294117645,458.7414072374929,515.528580004793
318.40000000000003,1.975117467972246,2.0,11.592965189668222,39.11048382300527,37.0,50.588235294117645,458.7220419253716,515.5455226503008
318.5,1.9751206820447575,2.0,11.573240927209085,39.11498931351508,37.0,50.588235294117645,458.70265853231996,515.562481495736
318.6,1.9751241175923688,2.0,11.553532533800166,39.119496097932654,37.0,50.588235294117645,458.68325704723617,515.5794565506374
318.70000000000005,1.9751277744278979,2.0,11.533840175481735,39.124004176867516,37.0,50.588235294117645,458.66383745901896,515.5964478245415
318.8,1.9751316523623423,2.0,11.514164018034975,39.128513550929426,37.0,50.588235294117645,458.64439975656745,515.6134553269839
318.90000000000003,1.9751357512048808,2.0,11.494504226980672,39.13302422072843,37.0,50.588235294117645,458.6249439287812,515.6304790674976
319.0,1.9751400707628766,2.0,11.474860967577824,39.13753618687514,37.0,50.588235294117645,458.6054699645603,515.6475190556148
319.1,1.975144610841881,2.0,11.455234404822441,39.14204944998028,37.0,50.588235294117645,458.58597785280557,515.6645753008655
319.20000000000005,1.9751493712456372,2.0,11.435624703446306,39.14656401065503,37.0,50.588235294117645,458.56646758241817,515.681647812778
319.3,1.975154351776079,2.0,11.416032027915698,39.151079869510795,37.0,50.588235294117645,458.5469391423002,515.6987366008791
319.40000000000003,1.9751595522333396,2.0,11.396456542429927,39.1555970271595,37.0,50.588235294117645,458.527392521354,515.7158416746933
319.5,1.97516497241575,2.0,11.376898410920422,39.16011548421329,37.0,50.588235294117645,458.507827708483,515.7329630437434
319.6,1.9751706121198445,2.0,11.357357797049149,39.16463524128454,37.0,50.588235294117645,458.48824469259097,515.7501007175505
319.70000000000005,1.9751764711403617,2.0,11.337834864207526,39.16915629898614,37.0,50.588235294117645,458.4686434625828,515.7672547056334
319.8,1.9751825492702495,2.0,11.318329775515075,39.173678657931305,37.0,50.588235294117645,458.44902400736396,515.7844250175093
319.90000000000003,1.975188846300667,2.0,11.298842693818251,39.1782023187335,37.0,50.588235294117645,458.4293863158408,515.8016116626932
320.0,1.9751953620209874,2.0,11.279373781689134,39.18272728200657,37.0,50.588235294117645,458.4097303769206,515.8188146506981
320.1,1.9752020962188017,2.0,11.259923201424177,39.18725354836471,37.0,50.588235294117645,458.3900561795115,515.836033991035
320.20000000000005,1.9752090486799214,2.0,11.240491115043016,39.191781118422455,37.0,50.588235294117645,458.37036371252225,515.853269693213
320.3,1.9752162191883813,2.0,11.221077684287188,39.19630999279468,37.0,50.588235294117645,458.35065296486306,515.8705217667383
320.40000000000003,1.9752236075264424,2.0,11.201683070618888,39.20084017209655,37.0,50.588235294117645,458.33092392544495,515.8877902211159
320.5,1.9752312134745966,2.0,11.182307435219723,39.20537165694361,37.0,50.588235294117645,458.3111765831799,515.9050750658479
320.6,1.9752390368115675,2.0,11.16295093898958,39.20990444795177,37.0,50.588235294117645,458.2914109269808,515.9223763104344
320.70000000000005,1.9752470773143145,2.0,11.143613742545256,39.21443854573721,37.0,50.588235294117645,458.27162694576197,515.9396939643735
320.8,1.9752553347580366,2.0,11.124296006219286,39.21897395091645,37.0,50.588235294117645,458.25182462843867,515.9570280371606
320.90000000000003,1.9752638089161751,2.0,11.104997890058794,39.22351066410636,37.0,50.588235294117645,458.2320039639273,515.9743785382891
321.0,1.975272499560416,2.0,11.085719553824212,39.22804868592425,37.0,50.588235294117645,458.21216494114543,515.9917454772497
321.1,1.9752814064606938,2.0,11.066461156988023,39.232588016987734,37.0,50.588235294117645,458.19230754901184,516.009128863531
321.20000000000005,1.9752905293851946,2.0,11.047222858733614,39.23712865791458,37.0,50.588235294117645,458.17243177644684,516.0265287066192
321.3,1.97529986810036,2.0,11.028004817954042,39.24167060932308,37.0,50.588235294117645,458.1525376123716,516.0439450159977
321.40000000000003,1.9753094223708882,2.0,11.008807193250902,39.246213871831856,37.0,50.588235294117645,458.13262504570895,516.0613778011477
321.5,1.9753191919597397,2.0,10.989630142932938,39.25075844605993,37.0,50.588235294117645,458.11269406538287,516.0788270715476
321.6,1.975329176628139,2.0,10.97047382501505,39.25530433262634,37.0,50.588235294117645,458.0927446603189,516.0962928366738
321.70000000000005,1.975339376135578,2.0,10.951338397216986,39.25985153215066,37.0,50.588235294117645,458.0727768194437,516.1137751059996
321.8,1.9753497902398203,2.0,10.932224016962195,39.26440004525301,37.0,50.588235294117645,458.05279053168573,516.1312738889958
321.90000000000003,1.9753604186969023,2.0,10.913130841376619,39.268949872553605,37.0,50.588235294117645,458.0327857859746,516.1487891951306
322.0,1.9753712612611385,2.0,10.894059027287458,39.273501014673,37.0,50.588235294117645,458.01276257124175,516.1663210338695
322.1,1.9753823176851242,2.0,10.875008731222085,39.2780534722321,37.0,50.588235294117645,457.9927208764199,516.1838694146753
322.20000000000005,1.9753935877197384,2.0,10.855980109406818,39.28260724585226,37.0,50.588235294117645,457.9726606904436,516.2014343470082
322.3,1.975405071114147,2.0,10.836973317765748,39.28716233615518,37.0,50.588235294117645,457.95258200224873,516.2190158403254
322.40000000000003,1.9754167676158074,2.0,10.817988511919532,39.291718743762715,37.0,50.588235294117645,457.932484800773,516.2366139040811
322.5,1.9754286769704699,2.0,10.799025847184316,39.29627646929714,37.0,50.588235294117645,457.9123690749556,516.2542285477274
322.6,1.975440798922182,2.0,10.78008547857046,39.30083551338106,37.0,50.588235294117645,457.8922348137377,516.2718597807128
322.70000000000005,1.9754531332132927,2.0,10.761167560781434,39.30539587663753,37.0,50.588235294117645,457.87208200606193,516.289507612483
322.8,1.9754656795844538,2.0,10.742272248212693,39.309957559689735,37.0,50.588235294117645,457.8519106408729,516.3071720524813
322.90000000000003,1.9754784377746248,2.0,10.723399694950427,39.314520563161466,37.0,50.588235294117645,457.83172070711686,516.3248531101475
323.0,1.975491407521076,2.0,10.704550054770486,39.31908488767675,37.0,50.588235294117645,457.811512193742,516.3425507949185
323.1,1.9755045885593918,2.0,10.685723481137224,39.323650533859734,37.0,50.588235294117645,457.79128508969825,516.3602651162281
323.20000000000005,1.9755179806234735,2.0,10.666920127202326,39.32821750233518,37.0,50.588235294117645,457.7710393839375,516.3779960835076
323.3,1.9755315834455438,2.0,10.648140145803666,39.332785793727965,37.0,50.588235294117645,457.75077506541356,516.3957437061845
323.40000000000003,1.9755453967561496,2.0,10.629383689464207,39.33735540866354,37.0,50.588235294117645,457.73049212308223,516.4135079936835
323.5,1.975559420284165,2.0,10.610650910390827,39.34192634776758,37.0,50.588235294117645,457.71019054590107,516.4312889554262
323.6,1.9755736537567967,2.0,10.591941960473187,39.34649861166599,37.0,50.588235294117645,457.68987032283,516.4490866008309
323.70000000000005,1.9755880968995847,2.0,10.573256991282683,39.351072200985186,37.0,50.588235294117645,457.66953144283076,516.4669009393128
323.8,1.975602749436407,2.0,10.554596154071195,39.355647116351804,37.0,50.588235294117645,457.64917389486715,516.4847319802838
323.90000000000003,1.9756176110894839,2.0,10.53595959977,39.360223358392886,37.0,50.588235294117645,457.6287976679052,516.5025797331523
324.0,1.9756326815793808,2.0,10.517347478988746,39.36480092773576,37.0,50.588235294117645,457.6084027509129,516.5204442073241
324.1,1.9756479606250117,2.0,10.498759942014265,39.36937982500808,37.0,50.588235294117645,457.5879891328606,516.5383254122008
324.20000000000005,1.9756634479436423,2.0,10.48019713880947,39.37396005083792,37.0,50.588235294117645,457.5675568027208,516.5562233571814
324.3,1.9756791432508942,2.0,10.461659219012223,39.378541605853684,37.0,50.588235294117645,457.54710574946813,516.5741380516607
324.40000000000003,1.9756950462607485,2.0,10.443146331934262,39.383124490684054,37.0,50.588235294117645,457.52663596207935,516.5920695050305
324.5,1.9757111566855485,2.0,10.424658626560145,39.38770870595806,37.0,50.588235294117645,457.50614742953377,516.6100177266794
324.6,1.9757274742360045,2.0,10.406196251546039,39.39229425230491,37.0,50.588235294117645,457.48564014081296,516.6279827259924
324.70000000000005,1.9757439986211955,2.0,10.38775935521876,39.39688113035447,37.0,50.588235294117645,457.46511408490085,516.6459645123508
324.8,1.9757607295485755,2.0,10.369348085574531,39.401469340736696,37.0,50.588235294117645,457.44456925078356,516.6639630951321
324.90000000000003,1.9757776667239746,2.0,10.35096259027808,39.40605888408214,37.0,50.588235294117645,457.42400562744973,516.6819784837109
325.0,1.9757948098516036,2.0,10.332603016661395,39.41064976102143,37.0,50.588235294117645,457.4034232038905,516.7000106874578
325.1,1.9758121586340585,2.0,10.314269511722717,39.41524197218564,37.0,50.588235294117645,457.3828219690994,516.71805971574
325.20000000000005,1.9758297127723214,2.0,10.295962222125516,39.41983551820613,37.0,50.588235294117645,457.36220191207246,516.7361255779206
325.3,1.9758474719657682,2.0,10.277681294197231,39.42443039971465,37.0,50.588235294117645,457.34156302180816,516.7542082833593
325.40000000000003,1.9758654359121683,2.0,10.259426873928486,39.42902661734314,37.0,50.588235294117645,457.3209052873077,516.7723078414122
325.5,1.9758836043076913,2.0,10.241199106971766,39.43362417172415,37.0,50.588235294117645,457.30022869757477,516.7904242614313
325.6,1.9759019768469086,2.0,10.222998138640524,39.4382230634904,37.0,50.588235294117645,457.2795332416156,516.8085575527653
325.70000000000005,1.9759205532227975,2.0,10.204824113908034,39.4428232932749,37.0,50.588235294117645,457.258818908439,516.8267077247585
325.8,1.975939333126746,2.0,10.18667717740632,39.447424861711056,37.0,50.588235294117645,457.2380856870568,516.8448747867523
325.90000000000003,1.9759583162485557,2.0,10.16855747342523,39.45202776943262,37.0,50.588235294117645,457.21733356648303,516.8630587480831
326.0,1.9759775022764456,2.0,10.15046514591126,39.45663201707373,37.0,50.588235294117645,457.19656253573487,516.8812596180841
326.1,1.975996890897055,2.0,10.132400338466619,39.46123760526865,37.0,50.588235294117645,457.17577258383193,516.8994774060845
326.20000000000005,1.9760164817954489,2.0,10.114363194348025,39.46584453465232,37.0,50.588235294117645,457.1549636997969,516.9177121214094
326.3,1.9760362746551208,2.0,10.096353856465853,39.47045280585968,37.0,50.588235294117645,457.134135872655,516.9359637733801
326.40000000000003,1.976056269157996,2.0,10.078372467383044,39.47506241952618,37.0,50.588235294117645,457.11328909143447,516.9542323713138
326.5,1.9760764649844362,2.0,10.060419169313981,39.47967337628762,37.0,50.588235294117645,457.09242334516637,516.9725179245236
326.6,1.9760968618132433,2.0,10.042494104123602,39.48428567678013,37.0,50.588235294117645,457.0715386228846,516.9908204423186
326.70000000000005,1.9761174593216626,2.0,10.024597413326289,39.488899321640076,37.0,50.588235294117645,457.05063491362597,517.0091399340039
326.8,1.976138257185387,2.0,10.006729238084898,39.493514311504214,37.0,50.588235294117645,457.02971220643036,517.0274764088804
326.90000000000003,1.9761592550785603,2.0,9.98888971920972,39.498130647009646,37.0,50.588235294117645,457.00877049034057,517.0458298762446
327.0,1.9761804526737825,2.0,9.971078997157457,39.50274832879387,37.0,50.588235294117645,456.98780975440235,517.0642003453895
327.1,1.9762018496421108,2.0,9.953297212030307,39.507367357494616,37.0,50.588235294117645,456.96682998766465,517.0825878256029
327.20000000000005,1.9762234456530676,2.0,9.93554450357475,39.51198773374995,37.0,50.588235294117645,456.9458311791792,517.1009923261695
327.3,1.9762452403746396,2.0,9.917821011180902,39.51660945819833,37.0,50.588235294117645,456.924813318001,517.119413856369
327.40000000000003,1.9762672334732858,2.0,9.900126873881081,39.52123253147852,37.0,50.588235294117645,456.90377639318814,517.1378524254768
327.5,1.976289424613938,2.0,9.882462230349228,39.52585695422971,37.0,50.588235294117645,456.8827203938019,517.1563080427643
327.6,1.976311813460008,2.0,9.864827218899565,39.530482727091226,37.0,50.588235294117645,456.86164530890653,517.1747807174986
327.70000000000005,1.9763343996733882,2.0,9.847221977485948,39.535109850702895,37.0,50.588235294117645,456.8405511275699,517.1932704589424
327.8,1.9763571829144584,2.0,9.829646643700578,39.53973832570489,37.0,50.588235294117645,456.81943783886254,517.2117772763535
327.90000000000003,1.9763801628420872,2.0,9.812101354773255,39.544368152737604,37.0,50.588235294117645,456.79830543185864,517.2303011789859
328.0,1.9764033391136384,2.0,9.794586247570237,39.54899933244178,37.0,50.588235294117645,456.77715389563554,517.2488421760889
328.1,1.9764267113849727,2.0,9.777101458593446,39.55363186545861,37.0,50.588235294117645,456.7559832192739,517.2674002769074
328.20000000000005,1.9764502793104526,2.0,9.759647123979315,39.55826575242952,37.0,50.588235294117645,456.73479339185775,517.2859754906816
328.3,1.976474042542947,2.0,9.742223379497924,39.56290099399621,37.0,50.588235294117645,456.71358440247434,517.3045678266475
328.40000000000003,1.9764980007338342,2.0,9.724830360552094,39.56753759080095,37.0,50.588235294117645,456.69235624021445,517.323177294036
328.5,1.9765221535330055,2.0,9.707468202176319,39.57217554348608,37.0,50.588235294117645,456.67110889417216,517.3418039020742
328.6,1.9765465005888718,2.0,9.690137039035845,39.57681485269444,37.0,50.588235294117645,456.64984235344514,517.360447659984
328.70000000000005,1.9765710415483635,2.0,9.67283700542587,39.58145551906915,37.0,50.588235294117645,456.62855660713427,517.3791085769828
328.8,1.976595776056938,2.0,9.655568235270316,39.586097543253686,37.0,50.588235294117645,456.6072516443443,517.3977866622835
328.90000000000003,1.9766207037585815,2.0,9.638330862121158,39.59074092589174,37.0,50.588235294117645,456.58592745418304,517.4164819250939
329.0,1.9766458242958151,2.0,9.621125019157324,39.59538566762757,37.0,50.588235294117645,456.5645840257622,517.4351943746176
329.1,1.976671137309697,2.0,9.6039508391839,39.60003176910561,37.0,50.588235294117645,456.543221348197,517.4539240200533
329.20000000000005,1.9766966424398267,2.0,9.58680845463105,39.604679230970646,37.0,50.588235294117645,456.52183941060605,517.4726708705946
329.3,1.9767223393243505,2.0,9.56969799755317,39.60932805386773,37.0,50.588235294117645,456.5004382021118,517.4914349354307
329.40000000000003,1.9767482275999642,2.0,9.55261959962802,39.613978238442485,37.0,50.588235294117645,456.47901771184024,517.5102162237458
329.5,1.9767743069019175,2.0,9.53557339215571,39.61862978534049,37.0,50.588235294117645,456.45757792892095,517.5290147447195
329.6,1.9768005768640184,2.0,9.518559506057839,39.62328269520799,37.0,50.588235294117645,456.4361188424874,517.5478305075262
329.70000000000005,1.9768270371186367,2.0,9.501578071876589,39.62793696869147,37.0,50.588235294117645,456.41464044167674,517.5666635213355
329.8,1.976853687296709,2.0,9.484629219773767,39.6325926064377,37.0,50.588235294117645,456.39314271562966,517.5855137953123
329.90000000000003,1.9768805270277419,2.0,9.467713079530016,39.63724960909383,37.0,50.588235294117645,456.37162565349087,517.6043813386161
330.0,1.9769075559398164,2.0,9.450829780543781,39.641907977307255,37.0,50.588235294117645,456.35008924440876,517.6232661604021
330.1,1.9769347736595921,2.0,9.433979451830524,39.64656771172582,37.0,50.588235294117645,456.3285334775356,517.6421682698198
330.20000000000005,1.976962179812312,2.0,9.417162222021755,39.651228812997715,37.0,50.588235294117645,456.3069583420275,517.6610876760141
330.3,1.9769897740218056,2.0,9.400378219364239,39.65589128177123,37.0,50.588235294117645,456.28536382704425,517.6800243881247
330.40000000000003,1.977017555910493,2.0,9.383627571719037,39.66055511869524,37.0,50.588235294117645,456.26374992174976,517.6989784152862
330.5,1.97704552509939,2.0,9.366910406560608,39.665220324418954,37.0,50.588235294117645,456.24211661531183,517.7179497666284
330.6,1.9770736812081122,2.0,9.350226850976032,39.669886899591745,37.0,50.588235294117645,456.22046389690223,517.7369384512757
330.70000000000005,1.9771020238548784,2.0,9.333577031664117,39.674554844863394,37.0,50.588235294117645,456.1987917556965,517.7559444783473
330.8,1.9771305526565148,2.0,9.31696107493443,39.679224160884075,37.0,50.588235294117645,456.1771001808744,517.7749678569572
330.90000000000003,1.9771592672284604,2.0,9.300379106706526,39.68389484830425,37.0,50.588235294117645,456.15538916161955,517.7940085962147
331.0,1.9771881671847693,2.0,9.283831252509117,39.68856690777466,37.0,50.588235294117645,456.13365868711963,517.8130667052232
331.1,1.9772172521381175,2.0,9.267317637479103,39.6932403399465,37.0,50.588235294117645,456.11190874656654,517.8321421930814
331.20000000000005,1.9772465216998045,2.0,9.250838386360881,39.69791514547114,37.0,50.588235294117645,456.0901393291561,517.8512350688825
331.3,1.9772759754797595,2.0,9.234393623505337,39.702591325000355,37.0,50.588235294117645,456.06835042408835,517.8703453417144
331.40000000000003,1.9773056130865438,2.0,9.217983472869125,39.707268879186415,37.0,50.588235294117645,456.0465420205674,517.8894730206596
331.5,1.9773354341273572,2.0,9.201608058013711,39.7119478086816,37.0,50.588235294117645,456.0247141078015,517.9086181147956
331.6,1.9773654382080406,2.0,9.185267502104692,39.71662811413876,37.0,50.588235294117645,456.0028666750032,517.9277806331941
331.70000000000005,1.9773956249330806,2.0,9.168961927910823,39.721309796211074,37.0,50.588235294117645,455.980999711389,517.9469605849217
331.8,1.9774259939056147,2.0,9.152691457803257,39.72599285555191,37.0,50.588235294117645,455.95911320618,517.9661579790394
331.90000000000003,1.9774565447274346,2.0,9.136456213754736,39.73067729281507,37.0,50.588235294117645,455.9372071486014,517.985372824603
332.0,1.9774872769989904,2.0,9.120256317338734,39.73536310865467,37.0,50.588235294117645,455.9152815278825,518.0046051306626
332.1,1.9775181903193961,2.0,9.104091889728636,39.74005030372513,37.0,50.588235294117645,455.8933363332571,518.0238549062631
332.20000000000005,1.9775492842864324,2.0,9.087963051696995,39.74473887868129,37.0,50.588235294117645,455.8713715539632,518.0431221604435
332.3,1.9775805584965527,2.0,9.071869923614624,39.74942883417816,37.0,50.588235294117645,455.84938717924325,518.0624069022377
332.40000000000003,1.977612012544886,2.0,9.055812625449922,39.75412017087126,37.0,50.588235294117645,455.827383198344,518.0817091406739
332.5,1.9776436460252413,2.0,9.039791276767955,39.75881288941628,37.0,50.588235294117645,455.80535960051674,518.1010288847745
332.6,1.9776754585301126,2.0,9.023805996729694,39.76350699046941,37.0,50.588235294117645,455.7833163750169,518.1203661435566
332.70000000000005,1.977707449650684,2.0,9.00785690409122,39.76820247468709,37.0,50.588235294117645,455.76125351110454,518.1397209260316
332.8,1.977739618976832,2.0,8.991944117203044,39.772899342725964,37.0,50.588235294117645,455.7391709980442,518.159093241205
332.90000000000003,1.9777719660971314,2.0,8.976067754009158,39.777597595243265,37.0,50.588235294117645,455.71706882510466,518.178483098077
333.0,1.9778044905988599,2.0,8.960227932046344,39.78229723289627,37.0,50.588235294117645,455.6949469815596,518.1978905056419
333.1,1.977837192068001,2.0,8.944424768443435,39.78699825634288,37.0,50.588235294117645,455.67280545668683,518.2173154728885
333.20000000000005,1.9778700700892493,2.0,8.928658379920424,39.79170066624107,37.0,50.588235294117645,455.6506442397689,518.2367580087995
333.3,1.9779031242460157,2.0,8.912928882787801,39.79640446324936,37.0,50.588235294117645,455.62846332009286,518.2562181223522
333.40000000000003,1.9779363541204302,2.0,8.897236392945773,39.801109648026454,37.0,50.588235294117645,455.60626268695046,518.2756958225182
333.5,1.977969759293348,2.0,8.881581025883472,39.805816221231396,37.0,50.588235294117645,455.5840423296379,518.2951911182628
333.6,1.9780033393443524,2.0,8.865962896678253,39.81052418352357,37.0,50.588235294117645,455.5618022374562,518.314704018546
333.70000000000005,1.9780370938517604,2.0,8.850382119994858,39.815233535562754,37.0,50.588235294117645,455.53954239971085,518.3342345323216
333.8,1.978071022392626,2.0,8.834838810084785,39.81994427800902,37.0,50.588235294117645,455.51726280571216,518.3537826685376
333.90000000000003,1.9781051245427463,2.0,8.819333080785405,39.824656411522824,37.0,50.588235294117645,455.49496344477507,518.3733484361364
334.0,1.9781393998766643,2.0,8.803865045519363,39.829369936764806,37.0,50.588235294117645,455.4726443062192,518.3929318440541
334.1,1.978173847967674,2.0,8.78843481729375,39.83408485439617,37.0,50.588235294117645,455.450305379369,518.4125329012212
334.20000000000005,1.9782084683878263,2.0,8.77304250869939,39.83880116507811,37.0,50.588235294117645,455.4279466535536,518.4321516165619
334.3,1.9782432607079303,2.0,8.757688231910208,39.84351886947246,37.0,50.588235294117645,455.40556811810694,518.4517879989946
334.40000000000003,1.9782782244975607,2.0,8.742372098682315,39.84823796824128,37.0,50.588235294117645,455.38316976236774,518.471442057432
334.5,1.978313359325061,2.0,8.727094220353452,39.8529584620469,37.0,50.588235294117645,455.36075157567956,518.4911138007803
334.6,1.9783486647575492,2.0,8.711854707842217,39.85768035155206,37.0,50.588235294117645,455.3383135473908,518.5108032379401
334.70000000000005,1.9783841403609197,2.0,8.696653671647429,39.862403637419845,37.0,50.588235294117645,455.31585566685476,518.5305103778054
334.8,1.9784197856998509,2.0,8.681491221847214,39.86712832031361,37.0,50.588235294117645,455.2933779234296,518.5502352292648
334.90000000000003,1.9784556003378073,2.0,8.66636746809857,39.87185440089695,37.0,50.588235294117645,455.2708803064783,518.5699778012003
335.0,1.9784915838370467,2.0,8.651282519636457,39.876581879833964,37.0,50.588235294117645,455.24836280536886,518.5897381024878
335.1,1.9785277357586215,2.0,8.636236485273287,39.881310757788924,37.0,50.588235294117645,455.22582540947417,518.6095161419973
335.20000000000005,1.9785640556623862,2.0,8.621229473398024,39.88604103542667,37.0,50.588235294117645,455.2032681081721,518.6293119285928
335.3,1.9786005431070004,2.0,8.606261591975718,39.890772713412105,37.0,50.588235294117645,455.1806908908455,518.6491254711316
335.40000000000003,1.9786371976499333,2.0,8.591332948546663,39.89550579241063,37.0,50.588235294117645,455.1580937468822,518.668956778465
335.5,1.9786740188474683,2.0,8.57644365022577,39.900240273087945,37.0,50.588235294117645,455.13547666567507,518.6888058594382
335.6,1.9787110062547089,2.0,8.561593803701868,39.90497615610997,37.0,50.588235294117645,455.1128396366221,518.7086727228901
335.70000000000005,1.9787481594255818,2.0,8.546783515237124,39.909713442143016,37.0,50.588235294117645,455.09018264912623,518.7285573776537
335.8,1.9787854779128429,2.0,8.532012890666287,39.914452131853864,37.0,50.588235294117645,455.06750569259543,518.7484598325549
335.90000000000003,1.9788229612680797,2.0,8.517282035396109,39.91919222590934,37.0,50.588235294117645,455.04480875644293,518.768380096414
336.0,1.978860609041718,2.0,8.502591054404537,39.923933724976905,37.0,50.588235294117645,455.0220918300871,518.7883181780447
336.1,1.978898420783027,2.0,8.487940052240226,39.92867662972418,37.0,50.588235294117645,454.99935490295115,518.8082740862544
336.20000000000005,1.9789363960401203,2.0,8.473329133021888,39.93342094081913,37.0,50.588235294117645,454.9765979644638,518.8282478298441
336.3,1.978974534359965,2.0,8.458758400437432,39.938166658930015,37.0,50.588235294117645,454.9538210040586,518.8482394176086
336.40000000000003,1.9790128352883836,2.0,8.444227957743598,39.94291378472553,37.0,50.588235294117645,454.93102401117466,518.8682488583361
336.5,1.979051298370059,2.0,8.429737907765158,39.94766231887451,37.0,50.588235294117645,454.90820697525595,518.8882761608083
336.6,1.979089923148541,2.0,8.4152883528943,39.95241226204638,37.0,50.588235294117645,454.8853698857519,518.908321333801
336.70000000000005,1.9791287091662475,2.0,8.400879395090122,39.95716361491071,37.0,50.588235294117645,454.8625127321171,518.9283843860829
336.8,1.9791676559644729,2.0,8.38651113587775,39.96191637813729,37.0,50.588235294117645,454.83963550381145,518.9484653264166
336.90000000000003,1.9792067630833907,2.0,8.372183676348042,39.966670552396636,37.0,50.588235294117645,454.8167381903001,518.9685641635582
337.0,1.979246030062058,2.0,8.35789711715675,39.97142613835922,37.0,50.588235294117645,454.7938207810534,518.9886809062571
337.1,1.9792854564384217,2.0,8.34365155852393,39.97618313669591,37.0,50.588235294117645,454.7708832655473,519.0088155632562
337.20000000000005,1.9793250417493213,2.0,8.329447100233452,39.98094154807802,37.0,50.588235294117645,454.74792563326287,519.0289681432921
337.3,1.9793647855304957,2.0,8.315283841632246,39.98570137317722,37.0,50.588235294117645,454.72494787368646,519.0491386550947
337.40000000000003,1.9794046873165854,2.0,8.30116188162985,39.99046261266534,37.0,50.588235294117645,454.7019499763099,519.0693271073872
337.5,1.9794447466411402,2.0,8.287081318697652,39.995225267214494,37.0,50.588235294117645,454.67893193063054,519.0895335088862
337.6,1.9794849630366218,2.0,8.273042250868507,39.99998933749737,37.0,50.588235294117645,454.6558937261509,519.1097578683019
337.70000000000005,1.9795253360344085,2.0,8.259044775735967,40.004754824186875,37.0,50.588235294117645,454.6328353523792,519.1300001943376
337.8,1.9795658651648012,2.0,8.245088990453748,40.00952172795621,37.0,50.588235294117645,454.60975679882876,519.1502604956903
337.90000000000003,1.9796065499570275,2.0,8.231174991735209,40.014290049478916,37.0,50.588235294117645,454.5866580550186,519.1705387810499
338.0,1.9796473899392464,2.0,8.217302875852745,40.01905978942881,37.0,50.588235294117645,454.563539110473,519.1908350590999
338.1,1.9796883846385531,2.0,8.203472738637204,40.02383094848017,37.0,50.588235294117645,454.5403999547222,519.211149338517
338.20000000000005,1.9797295335809837,2.0,8.189684675477327,40.02860352730744,37.0,50.588235294117645,454.5172405773014,519.2314816279712
338.3,1.9797708362915205,2.0,8.175938781319187,40.033377526585525,37.0,50.588235294117645,454.4940609677515,519.2518319361257
338.40000000000003,1.9798122922940955,2.0,8.162235150665675,40.038152946989555,37.0,50.588235294117645,454.4708611156192,519.272200271637
338.5,1.979853901111597,2.0,8.148573877575831,40.04292978919506,37.0,50.588235294117645,454.4476410104564,519.2925866431547
338.6,1.9798956622658728,2.0,8.134955055664463,40.047708053877784,37.0,50.588235294117645,454.4244006418207,519.3129910593217
338.70000000000005,1.9799375752777366,2.0,8.121378778101452,40.052487741713946,37.0,50.588235294117645,454.4011399992755,519.3334135287741
338.8,1.9799796396669707,2.0,8.107845137611353,40.05726885338004,37.0,50.588235294117645,454.3778590723894,519.3538540601414
338.90000000000003,1.9800218549523325,2.0,8.094354226472674,40.06205138955289,37.0,50.588235294117645,454.3545578507369,519.3743126620459
339.0,1.9800642206515586,2.0,8.080906136517529,40.06683535090957,37.0,50.588235294117645,454.3312363238981,519.3947893431031
339.1,1.9801067362813705,2.0,8.067500959130985,40.071620738127535,37.0,50.588235294117645,454.3078944814588,519.4152841119217
339.20000000000005,1.9801494013574783,2.0,8.05413878525065,40.07640755188464,37.0,50.588235294117645,454.2845323130103,519.4357969771035
339.3,1.9801922153945855,2.0,8.040819705366063,40.08119579285898,37.0,50.588235294117645,454.2611498081497,519.4563279472434
339.40000000000003,1.9802351779063954,2.0,8.027543809518153,40.08598546172885,37.0,50.588235294117645,454.2377469564798,519.4768770309294
339.5,1.980278288405614,2.0,8.014311187298894,40.09077655917321,37.0,50.588235294117645,454.2143237476091,519.4974442367422
339.6,1.9803215464039565,2.0,8.001121927850592,40.095569085871034,37.0,50.588235294117645,454.1908801711519,519.5180295732563
339.70000000000005,1.980364951412151,2.0,7.987976119865546,40.10036304250178,37.0,50.588235294117645,454.16741621672804,519.5386330490386
339.8,1.9804085029399432,2.0,7.9748738515854605,40.105158429745074,37.0,50.588235294117645,454.14393187396337,519.5592546726492
339.90000000000003,1.9804522004961027,2.0,7.961815210800918,40.109955248281096,37.0,50.588235294117645,454.12042713248917,519.5798944526413
340.0,1.9804960435884267,2.0,7.948800284851044,40.11475349879021,37.0,50.588235294117645,454.096901981943,519.6005523975608
340.1,1.9805400317237456,2.0,7.935829160622868,40.11955318195305,37.0,50.588235294117645,454.0733564119679,519.6212285159468
340.20000000000005,1.980584164407927,2.0,7.922901924550949,40.124354298450726,37.0,50.588235294117645,454.0497904122127,519.6419228163311
340.3,1.9806284411458817,2.0,7.910018662616796,40.129156848964556,37.0,50.588235294117645,454.02620397233215,519.6626353072387
340.40000000000003,1.9806728614415676,2.0,7.897179460348518,40.133960834176264,37.0,50.588235294117645,454.002597081987,519.6833659971874
340.5,1.9807174247979946,2.0,7.884384402820244,40.138766254767916,37.0,50.588235294117645,453.97896973084363,519.704114894688
340.6,1.9807621307172312,2.0,7.871633574651668,40.14357311142169,37.0,50.588235294117645,453.9553219085744,519.7248820082441
340.70000000000005,1.9808069787004072,2.0,7.858927060007742,40.14838140482033,37.0,50.588235294117645,453.93165360485744,519.745667346352
340.8,1.9808519682477195,2.0,7.846264942598026,40.15319113564681,37.0,50.588235294117645,453.90796480937695,519.7664709175012
340.90000000000003,1.9808970988584376,2.0,7.833647305676298,40.15800230458444,37.0,50.588235294117645,453.88425551182297,519.7872927301739
341.0,1.9809423700309075,2.0,7.821074232040191,40.16281491231695,37.0,50.588235294117645,453.8605257018915,519.8081327928451
341.1,1.9809877812625578,2.0,7.808545804030628,40.16762895952809,37.0,50.588235294117645,453.8367753692845,519.8289911139825
341.20000000000005,1.9810333320499036,2.0,7.796062103531501,40.17244444690226,37.0,50.588235294117645,453.8130045037098,519.8498677020467
341.3,1.9810790218885521,2.0,7.783623211969127,40.17726137512403,37.0,50.588235294117645,453.7892130948812,519.8707625654914
341.40000000000003,1.9811248502732075,2.0,7.7712292103119065,40.182079744878365,37.0,50.588235294117645,453.7654011325186,519.8916757127625
341.5,1.9811708166976758,2.0,7.758880179069866,40.186899556850506,37.0,50.588235294117645,453.74156860634787,519.9126071522991
341.6,1.9812169206548687,2.0,7.746576198294234,40.191720811725986,37.0,50.588235294117645,453.71771550610083,519.9335568925327
341.70000000000005,1.981263161636811,2.0,7.734317347576945,40.196543510190736,37.0,50.588235294117645,453.6938418215154,519.9545249418876
341.8,1.9813095391346436,2.0,7.722103706050433,40.20136765293097,37.0,50.588235294117645,453.66994754233536,519.9755113087813
341.90000000000003,1.9813560526386291,2.0,7.709935352387001,40.20619324063324,37.0,50.588235294117645,453.6460326583107,519.9965160016233
342.0,1.9814027016381575,2.0,7.697812364798569,40.21102027398433,37.0,50.588235294117645,453.62209715919755,520.0175390288161
342.1,1.981449485621749,2.0,7.685734821036222,40.21584875367154,37.0,50.588235294117645,453.5981410347579,520.038580398755
342.20000000000005,1.9814964040770617,2.0,7.67370279838975,40.22067868038232,37.0,50.588235294117645,453.57416427476,520.0596401198279
342.3,1.981543456490895,2.0,7.661716373687371,40.225510054804545,37.0,50.588235294117645,453.55016686897795,520.080718200415
342.40000000000003,1.9815906423491951,2.0,7.649775623295284,40.230342877626356,37.0,50.588235294117645,453.5261488071923,520.1018146488897
342.5,1.9816379611370598,2.0,7.637880623117322,40.235177149536185,37.0,50.588235294117645,453.50211007918955,520.1229294736175
342.6,1.9816854123387428,2.0,7.626031448594496,40.24001287122297,37.0,50.588235294117645,453.47805067476236,520.1440626829569
342.70000000000005,1.9817329954376617,2.0,7.614228174704656,40.24485004337578,37.0,50.588235294117645,453.4539705837095,520.1652142852588
342.8,1.9817807099163984,2.0,7.602470875962274,40.249688666683994,37.0,50.588235294117645,453.4298697958359,520.1863842888667
342.90000000000003,1.981828555256708,2.0,7.590759626417777,40.25452874183742,37.0,50.588235294117645,453.40574830095267,520.2075727021166
343.0,1.9818765309395219,2.0,7.579094499657453,40.259370269526244,37.0,50.588235294117645,453.38160608887716,520.2287795333373
343.1,1.9819246364449534,2.0,7.567475568802939,40.26421325044072,37.0,50.588235294117645,453.35744314943275,520.2500047908499
343.20000000000005,1.981972871252303,2.0,7.555902906510973,40.26905768527172,37.0,50.588235294117645,453.33325947244924,520.2712484829681
343.3,1.9820212348400628,2.0,7.544376584972972,40.27390357471029,37.0,50.588235294117645,453.30905504776257,520.2925106179982
343.40000000000003,1.9820697266859215,2.0,7.5328966759147065,40.27875091944776,37.0,50.588235294117645,453.2848298652148,520.313791204239
343.5,1.982118346266771,2.0,7.521463250595958,40.28359972017586,37.0,50.588235294117645,453.2605839146543,520.3350902499816
343.6,1.9821670930587094,2.0,7.510076379810256,40.288449977586595,37.0,50.588235294117645,453.2363171859358,520.3564077635098
343.70000000000005,1.9822159665370471,2.0,7.498736133884412,40.293301692372324,37.0,50.588235294117645,453.21202966891997,520.3777437530998
343.8,1.982264966176312,2.0,7.487442582678305,40.29815486522568,37.0,50.588235294117645,453.1877213534742,520.3990982270205
343.90000000000003,1.982314091450254,2.0,7.476195795584527,40.30300949683976,37.0,50.588235294117645,453.16339222947175,520.4204711935328
344.0,1.9823633418318507,2.0,7.464995841528008,40.30786558790783,37.0,50.588235294117645,453.1390422867925,520.4418626608899
344.1,1.9824127167933119,2.0,7.453842788965844,40.31272313912348,37.0,50.588235294117645,453.1146715153223,520.4632726373383
344.20000000000005,1.982462215806085,2.0,7.442736705886808,40.31758215118066,37.0,50.588235294117645,453.0902799049536,520.484701131116
344.3,1.98251183834086,2.0,7.431677659811179,40.32244262477377,37.0,50.588235294117645,453.06586744558496,520.5061481504541
344.40000000000003,1.9825615838675756,2.0,7.420665717790388,40.32730456059727,37.0,50.588235294117645,453.0414341271214,520.5276137035758
344.5,1.9826114518554214,2.0,7.409700946406794,40.33216795934612,37.0,50.588235294117645,453.0169799394743,520.549097798696
344.6,1.9826614417728463,2.0,7.398783411773179,40.33703282171564,37.0,50.588235294117645,452.9925048725613,520.5706004440234
344.70000000000005,1.9827115530875623,2.0,7.38791317953274,40.34189914840135,37.0,50.588235294117645,452.9680089163064,520.5921216477578
344.8,1.9827617852665491,2.0,7.377090314858661,40.34676694009903,37.0,50.588235294117645,452.9434920606401,520.6136614180922
344.90000000000003,1.9828121377760588,2.0,7.366314882453818,40.351636197505,37.0,50.588235294117645,452.9189542954991,520.6352197632114
345.0,1.9828626100816238,2.0,7.355586946550474,40.35650692131571,37.0,50.588235294117645,452.89439561082645,520.6567966912925
345.1,1.9829132016480588,2.0,7.344906570910226,40.36137911222812,37.0,50.588235294117645,452.8698159965719,520.6783922105054
345.20000000000005,1.982963911939467,2.0,7.334273818823476,40.3662527709393,37.0,50.588235294117645,452.8452154426913,520.700006329012
345.3,1.983014740419246,2.0,7.323688753109275,40.37112789814677,37.0,50.588235294117645,452.8205939391471,520.7216390549664
345.40000000000003,1.9830656865500913,2.0,7.313151436115112,40.37600449454828,37.0,50.588235294117645,452.7959514759081,520.7432903965151
345.5,1.9831167497940037,2.0,7.302661929716571,40.38088256084205,37.0,50.588235294117645,452.77128804294955,520.7649603617971
345.6,1.983167929612292,2.0,7.292220295317184,40.38576209772651,37.0,50.588235294117645,452.74660363025305,520.7866489589433
345.70000000000005,1.9832192254655794,2.0,7.2818265938480735,40.39064310590038,37.0,50.588235294117645,452.72189822780683,520.8083561960768
345.8,1.9832706368138098,2.0,7.271480885767774,40.39552558606272,37.0,50.588235294117645,452.6971718256054,520.8300820813134
345.90000000000003,1.98332216311625,2.0,7.261183231062075,40.40040953891298,37.0,50.588235294117645,452.6724244136498,520.8518266227608
346.0,1.9833738038314979,2.0,7.2509336892435945,40.40529496515097,37.0,50.588235294117645,452.6476559819477,520.8735898285189
346.1,1.9834255584174845,2.0,7.240732319351734,40.4101818654766,37.0,50.588235294117645,452.62286652051296,520.8953717066802
346.20000000000005,1.983477426331483,2.0,7.230579179952307,40.41507024059024,37.0,50.588235294117645,452.59805601936614,520.917172265329
346.3,1.9835294070301102,2.0,7.220474329137521,40.41996009119265,37.0,50.588235294117645,452.5732244685343,520.9389915125419
346.40000000000003,1.9835814999693335,2.0,7.210417824525529,40.42485141798477,37.0,50.588235294117645,452.5483718580509,520.9608294563877
346.5,1.983633704604477,2.0,7.2004097232603606,40.4297442216681,37.0,50.588235294117645,452.523498177956,520.9826861049276
346.6,1.983686020390224,2.0,7.190450082011749,40.4346385029441,37.0,50.588235294117645,452.4986034182961,521.0045614662145
346.70000000000005,1.9837384467806245,2.0,7.180538956974787,40.43953426251477,37.0,50.588235294117645,452.4736875691243,521.0264555482939
346.8,1.9837909832290994,2.0,7.170676403869849,40.44443150108242,37.0,50.588235294117645,452.44875062050016,521.0483683592033
346.90000000000003,1.9838436291884456,2.0,7.160862477942368,40.44933021934963,37.0,50.588235294117645,452.42379256248984,521.0702999069724
347.0,1.9838963841108415,2.0,7.151097233962607,40.45423041801928,37.0,50.588235294117645,452.3988133851661,521.0922501996228
347.1,1.9839492474478517,2.0,7.141380726225529,40.45913209779468,37.0,50.588235294117645,452.3738130786081,521.1142192451687
347.20000000000005,1.9840022186504336,2.0,7.131713008550571,40.46403525937933,37.0,50.588235294117645,452.3487916329018,521.1362070516158
347.3,1.9840552971689405,2.0,7.122094134281545,40.468939903477235,37.0,50.588235294117645,452.3237490381395,521.1582136269625
347.40000000000003,1.9841084824531283,2.0,7.112524156286362,40.473846030792515,37.0,50.588235294117645,452.29868528442023,521.180238979199
347.5,1.9841617739521609,2.0,7.103003126956946,40.47875364202963,37.0,50.588235294117645,452.27360036184945,521.2022831163076
347.6,1.9842151711146134,2.0,7.093531098209073,40.48366273789338,37.0,50.588235294117645,452.2484942605395,521.2243460462628
347.70000000000005,1.9842686733884796,2.0,7.084108121482119,40.48857331908903,37.0,50.588235294117645,452.223366970609,521.2464277770309
347.8,1.9843222802211757,2.0,7.074734247739006,40.49348538632199,37.0,50.588235294117645,452.1982184821833,521.2685283165708
347.90000000000003,1.9843759910595467,2.0,7.065409527466018,40.49839894029816,37.0,50.588235294117645,452.17304878539437,521.2906476728331
348.0,1.9844298053498697,2.0,7.0561340106726576,40.50331398172352,37.0,50.588235294117645,452.14785787038085,521.3127858537604
348.1,1.984483722537862,2.0,7.046907746891455,40.50823051130453,37.0,50.588235294117645,452.1226457272878,521.3349428672875
348.20000000000005,1.9845377420686838,2.0,7.037730785177976,40.51314852974798,37.0,50.588235294117645,452.09741234626716,521.3571187213413
348.3,1.984591863386944,2.0,7.02860317411053,40.518068037760884,37.0,50.588235294117645,452.07215771747735,521.3793134238407
348.40000000000003,1.9846460859367065,2.0,7.019524961790074,40.5229890360506,37.0,50.588235294117645,452.04688183108345,521.4015269826964
348.5,1.9847004091614944,2.0,7.010496195840221,40.527911525324896,37.0,50.588235294117645,452.02158467725724,521.4237594058114
348.6,1.9847548325042945,2.0,7.001516923406938,40.53283550629169,37.0,50.588235294117645,451.99626624617713,521.4460107010807
348.70000000000005,1.9848093554075654,2.0,6.992587191158506,40.53776097965937,37.0,50.588235294117645,451.9709265280281,521.4682808763911
348.8,1.9848639773132386,2.0,6.98370704528552,40.54268794613665,37.0,50.588235294117645,451.94556551300184,521.4905699396215
348.90000000000003,1.9849186976627278,2.0,6.974876531500525,40.54761640643238,37.0,50.588235294117645,451.92018319129676,521.5128778986432
349.0,1.9849735158969304,2.0,6.9660956950382165,40.55254636125591,37.0,50.588235294117645,451.8947795531179,521.5352047613186
349.1,1.9850284314562365,2.0,6.957364580655052,40.55747781131686,37.0,50.588235294117645,451.8693545886771,521.5575505355027
349.20000000000005,1.9850834437805316,2.0,6.948683232629445,40.5624107573251,37.0,50.588235294117645,451.84390828819255,521.5799152290427
349.3,1.9851385523092013,2.0,6.940051694761463,40.56734519999094,37.0,50.588235294117645,451.8184406418894,521.6022988497774
349.40000000000003,1.9851937564811388,2.0,6.931470010372756,40.57228114002493,37.0,50.588235294117645,451.79295163999944,521.6247014055373
349.5,1.985249055734749,2.0,6.922938222306595,40.577218578137774,37.0,50.588235294117645,451.7674412727611,521.6471229041454
349.6,1.985304449507954,2.0,6.914456372927736,40.582157515040876,37.0,50.588235294117645,451.7419095304195,521.6695633534164
349.70000000000005,1.9853599372381971,2.0,6.906024504122336,40.587097951445685,37.0,50.588235294117645,451.7163564032266,521.6920227611571
349.8,1.9854155183624504,2.0,6.897642657297871,40.592039888063994,37.0,50.588235294117645,451.69078188144084,521.7145011351658
349.90000000000003,1.9854711923172172,2.0,6.88931087338313,40.59698332560794,37.0,50.588235294117645,451.66518595532756,521.7369984832334
350.0,1.9855269585385404,2.0,6.881029192828047,40.60192826478993,37.0,50.588235294117645,451.6395686151588,521.7595148131422
350.1,1.9855828164620044,2.0,6.872797655603835,40.6068747063228,37.0,50.588235294117645,451.61392985121324,521.7820501326667
350.20000000000005,1.9856387655227432,2.0,6.864616301202684,40.611822650919635,37.0,50.588235294117645,451.58826965377625,521.804604449573
350.3,1.9856948051554442,2.0,6.856485168637954,40.616772099293826,37.0,50.588235294117645,451.56258801314,521.8271777716197
350.40000000000003,1.9857509347943538,2.0,6.848404296443989,40.621723052159155,37.0,50.588235294117645,451.53688491960327,521.8497701065568
350.5,1.9858071538732824,2.0,6.840373722676139,40.62667551022963,37.0,50.588235294117645,451.51116036347184,521.8723814621262
350.6,1.9858634618256101,2.0,6.832393484910671,40.63162947421955,37.0,50.588235294117645,451.485414335058,521.8950118460621
350.70000000000005,1.985919858084292,2.0,6.824463620244812,40.636584944843605,37.0,50.588235294117645,451.45964682468076,521.9176612660901
350.8,1.9859763420818628,2.0,6.816584165296703,40.64154192281683,37.0,50.588235294117645,451.4338578226659,521.9403297299284
350.90000000000003,1.986032913250442,2.0,6.808755156205327,40.646500408854536,37.0,50.588235294117645,451.40804731934617,521.9630172452861
351.0,1.9860895710217403,2.0,6.800976628630513,40.651460403672274,37.0,50.588235294117645,451.38221530506064,521.9857238198651
351.1,1.9861463148270637,2.0,6.793248617753001,40.656421907986044,37.0,50.588235294117645,451.35636177015556,522.0084494613586
351.20000000000005,1.9862031440973198,2.0,6.785571158274305,40.66138492251213,37.0,50.588235294117645,451.3304867049836,522.031194177452
351.3,1.9862600582630219,2.0,6.7779442844168525,40.66634944796709,37.0,50.588235294117645,451.30459009990454,522.0539579758224
351.40000000000003,1.9863170567542954,2.0,6.770368029923855,40.67131548506774,37.0,50.588235294117645,451.2786719452845,522.0767408641386
351.5,1.9863741390008824,2.0,6.7628424280594155,40.676283034531366,37.0,50.588235294117645,451.2527322314965,522.0995428500618
351.6,1.9864313044321464,2.0,6.7553675116084815,40.681252097075344,37.0,50.588235294117645,451.22677094892055,522.1223639412444
351.70000000000005,1.9864885524770795,2.0,6.7479433128768065,40.68622267341755,37.0,50.588235294117645,451.2007880879432,522.1452041453313
351.8,1.9865458825643048,2.0,6.7405698636911415,40.69119476427625,37.0,50.588235294117645,451.17478363895776,522.1680634699586
351.90000000000003,1.9866032941220846,2.0,6.733247195399027,40.69616837036983,37.0,50.588235294117645,451.14875759236435,522.1909419227547
352.0,1.9866607865783243,2.0,6.72597533886903,40.701143492417145,37.0,50.588235294117645,451.1227099385699,522.2138395113396
352.1,1.9867183593605773,2.0,6.718754324490674,40.70612013113714,37.0,50.588235294117645,451.0966406679881,522.2367562433254
352.20000000000005,1.9867760118960505,2.0,6.711584182174443,40.71109828724934,37.0,50.588235294117645,451.0705497710393,522.2596921263159
352.3,1.98683374361161,2.0,6.704464941351877,40.716077961473445,37.0,50.588235294117645,451.04443723815075,522.2826471679068
352.40000000000003,1.9868915539337866,2.0,6.697396630975595,40.721059154529485,37.0,50.588235294117645,451.0183030597565,522.3056213756853
352.5,1.9869494422887801,2.0,6.690379279519396,40.72604186713778,37.0,50.588235294117645,450.9921472262972,522.3286147572308
352.6,1.9870074081024653,2.0,6.683412914978201,40.73102610001905,37.0,50.588235294117645,450.96596972822056,522.3516273201143
352.70000000000005,1.9870654508003973,2.0,6.676497564868203,40.7360118538943,37.0,50.588235294117645,450.9397705559808,522.3746590718989
352.8,1.9871235698078153,2.0,6.669633256226907,40.740999129484806,37.0,50.588235294117645,450.91354970003897,522.3977100201392
352.90000000000003,1.987181764549651,2.0,6.662820015613102,40.7459879275122,37.0,50.588235294117645,450.88730715086297,522.4207801723819
353.0,1.9872400344505308,2.0,6.656057869107139,40.750978248698345,37.0,50.588235294117645,450.8610428989274,522.4438695361653
353.1,1.9872983789347825,2.0,6.6493468423107895,40.755970093765484,37.0,50.588235294117645,450.8347569347137,522.4669781190197
353.20000000000005,1.9873567974264401,2.0,6.6426869603474366,40.76096346343621,37.0,50.588235294117645,450.8084492487102,522.490105928467
353.3,1.98741528934925,2.0,6.636078247862107,40.76595835843335,37.0,50.588235294117645,450.78211983141176,522.5132529720208
353.40000000000003,1.9874738541266754,2.0,6.6295207290216265,40.77095477948018,37.0,50.588235294117645,450.7557686733202,522.5364192571869
353.5,1.987532491181901,2.0,6.623014427514644,40.77595272730014,37.0,50.588235294117645,450.72939576494406,522.5596047914628
353.6,1.98759119993784,2.0,6.616559366551701,40.780952202617186,37.0,50.588235294117645,450.7030010967986,522.5828095823376
353.70000000000005,1.9876499798171374,2.0,6.6101555688654425,40.78595320615523,37.0,50.588235294117645,450.676584659406,522.6060336372922
353.8,1.9877088302421773,2.0,6.603803056710586,40.7909557386389,37.0,50.588235294117645,450.65014644329517,522.6292769637993
353.90000000000003,1.987767750635087,2.0,6.597501851864141,40.79595980079284,37.0,50.588235294117645,450.62368643900174,522.652539569324
354.0,1.9878267404177419,2.0,6.591251975625497,40.80096539334221,37.0,50.588235294117645,450.5972046370683,522.6758214613221
354.1,1.9878857990117715,2.0,6.585053448816431,40.80597251701238,37.0,50.588235294117645,450.5707010280439,522.6991226472422
354.20000000000005,1.9879449258385649,2.0,6.578906291781378,40.81098117252907,37.0,50.588235294117645,450.54417560248464,522.7224431345242
354.3,1.988004120319275,2.0,6.572810524387465,40.81599136061823,37.0,50.588235294117645,450.5176283509534,522.7457829305996
354.40000000000003,1.9880633818748248,2.0,6.566766166024667,40.82100308200626,37.0,50.588235294117645,450.49105926401955,522.7691420428923
354.5,1.9881227099259122,2.0,6.560773235605904,40.826016337419674,37.0,50.588235294117645,450.46446833225957,522.7925204788176
354.6,1.9881821038930163,2.0,6.5548317515672565,40.83103112758556,37.0,50.588235294117645,450.43785554625657,522.8159182457824
354.70000000000005,1.9882415631963999,2.0,6.548941731868081,40.83604745323112,37.0,50.588235294117645,450.4112208966004,522.8393353511859
354.8,1.9883010872561182,2.0,6.54310319399101,40.841065315083995,37.0,50.588235294117645,450.3845643738878,522.8627718024187
354.90000000000003,1.9883606754920224,2.0,6.537316154942351,40.846084713872074,37.0,50.588235294117645,450.35788596872226,522.8862276068631
355.0,1.9884203273237637,2.0,6.531580631252083,40.85110565032363,37.0,50.588235294117645,450.33118567171385,522.9097027718938
355.1,1.9884800421708018,2.0,6.525896638973942,40.85612812516712,37.0,50.588235294117645,450.3044634734797,522.9331973048764
355.20000000000005,1.9885398194524064,2.0,6.520264193685833,40.86115213913138,37.0,50.588235294117645,450.27771936464353,522.956711213169
355.3,1.988599658587666,2.0,6.514683310489705,40.866177692945485,37.0,50.588235294117645,450.25095333583585,522.9802445041212
355.40000000000003,1.9886595589954905,2.0,6.5091540040119575,40.87120478733914,37.0,50.588235294117645,450.22416537769385,523.0037971850742
355.5,1.9887195200946184,2.0,6.503676288403474,40.87623342304198,37.0,50.588235294117645,450.19735548086175,523.0273692633615
355.6,1.9887795413036204,2.0,6.498250177339875,40.88126360078405,37.0,50.588235294117645,450.17052363599015,523.050960746308
355.70000000000005,1.9888396220409057,2.0,6.492875684021636,40.88629532129585,37.0,50.588235294117645,450.1436698337368,523.0745716412305
355.8,1.9888997617247273,2.0,6.487552821174308,40.89132858530809,37.0,50.588235294117645,450.11679406476594,523.0982019554373
355.90000000000003,1.988959959773186,2.0,6.482281601048747,40.896363393551724,37.0,50.588235294117645,450.08989631974873,523.1218516962289
356.0,1.989020215604238,2.0,6.47706203542119,40.90139974675816,37.0,50.588235294117645,450.06297658936285,523.1455208708974
356.1,1.9890805286356976,2.0,6.471894135593638,40.90643764565908,37.0,50.588235294117645,450.03603486429296,523.1692094867265
356.20000000000005,1.9891408982852445,2.0,6.466777912393846,40.911477090986466,37.0,50.588235294117645,450.0090711352304,523.1929175509921
356.3,1.9892013239704274,2.0,6.461713376175731,40.91651808347257,37.0,50.588235294117645,449.98208539287316,523.2166450709617
356.40000000000003,1.9892618051086712,2.0,6.456700536819401,40.92156062385004,37.0,50.588235294117645,449.95507762792613,523.2403920538944
356.5,1.98932234111728,2.0,6.4517394037315805,40.92660471285171,37.0,50.588235294117645,449.9280478311008,523.2641585070413
356.6,1.989382931413444,2.0,6.44682998584558,40.93165035121086,37.0,50.588235294117645,449.90099599311543,523.2879444376454
356.70000000000005,1.989443575414244,2.0,6.441972291621721,40.936697539661,37.0,50.588235294117645,449.87392210469505,523.311749852941
356.8,1.9895042725366574,2.0,6.437166329047491,40.94174627893602,37.0,50.588235294117645,449.84682615657147,523.3355747601548
356.90000000000003,1.9895650221975625,2.0,6.432412105637747,40.946796569770186,37.0,50.588235294117645,449.81970813948305,523.3594191665048
357.0,1.989625823813744,2.0,6.42770962843502,40.95184841289779,37.0,50.588235294117645,449.79256804417514,523.3832830792012
357.1,1.9896866768018988,2.0,6.423058904009675,40.956901809053704,37.0,50.588235294117645,449.7654058613994,523.4071665054454
357.20000000000005,1.9897475805786407,2.0,6.4184599384602095,40.96195675897309,37.0,50.588235294117645,449.7382215819146,523.4310694524314
357.3,1.9898085345605057,2.0,6.413912737413503,40.967013263391266,37.0,50.588235294117645,449.7110151964861,523.4549919273445
357.40000000000003,1.9898695381639575,2.0,6.40941730602504,40.97207132304396,37.0,50.588235294117645,449.6837866958858,523.4789339373617
357.5,1.9899305908053928,2.0,6.404973648979186,40.9771309386673,37.0,50.588235294117645,449.65653607089257,523.5028954896522
357.6,1.989991691901146,2.0,6.4005817704894525,40.98219211099763,37.0,50.588235294117645,449.6292633122918,523.5268765913767
357.70000000000005,1.990052840867495,2.0,6.396241674298739,40.98725484077153,37.0,50.588235294117645,449.6019684108756,523.5508772496876
357.8,1.990114037120666,2.0,6.391953363679626,40.992319128726024,37.0,50.588235294117645,449.57465135744275,523.5748974717296
357.90000000000003,1.9901752800768395,2.0,6.38771684143465,40.997384975598436,37.0,50.588235294117645,449.54731214279883,523.5989372646388
358.0,1.9902365691521537,2.0,6.383532109896555,41.002452382126364,37.0,50.588235294117645,449.519950757756,523.6229966355434
358.1,1.990297903762713,2.0,6.379399170928538,41.007521349047636,37.0,50.588235294117645,449.49256719313314,523.6470755915628
358.20000000000005,1.9903592833245898,2.0,6.37531802592472,41.01259187710065,37.0,50.588235294117645,449.46516143975583,523.6711741398091
358.3,1.9904207072538302,2.0,6.371288675810167,41.01766396702379,37.0,50.588235294117645,449.43773348845616,523.6952922873855
358.40000000000003,1.9904821749664627,2.0,6.367311121041297,41.02273761955598,37.0,50.588235294117645,449.41028333007307,523.7194300413875
358.5,1.990543685878499,2.0,6.363385361606337,41.02781283543635,37.0,50.588235294117645,449.38281095545216,523.743587408902
358.6,1.9906052394059417,2.0,6.359511397025353,41.032889615404486,37.0,50.588235294117645,449.3553163554455,523.767764397008
358.70000000000005,1.9906668349647894,2.0,6.355689226350728,41.037967960200035,37.0,50.588235294117645,449.327799520912,523.7919610127765
358.8,1.9907284719710405,2.0,6.35191884816747,41.043047870563214,37.0,50.588235294117645,449.30026044271705,523.8161772632699
358.90000000000003,1.9907901498407006,2.0,6.3482002605934085,41.04812934723435,37.0,50.588235294117645,449.2726991117327,523.8404131555429
359.0,1.9908518679897849,2.0,6.34453346127966,41.05321239095423,37.0,50.588235294117645,449.2451155188379,523.8646686966415
359.1,1.9909136258343265,2.0,6.340918447410788,41.05829700246392,37.0,50.588235294117645,449.2175096549178,523.8889438936038
359.20000000000005,1.9909754227903789,2.0,6.337355215705323,41.063383182504765,37.0,50.588235294117645,449.18988151086455,523.91323875346
359.3,1.9910372582740228,2.0,6.333843762415873,41.068470931818354,37.0,50.588235294117645,449.1622310775767,523.9375532832318
359.40000000000003,1.991099131701371,2.0,6.330384083329642,41.073560251146716,37.0,50.588235294117645,449.13455834595936,523.9618874899328
359.5,1.9911610424885737,2.0,6.326976173768681,41.07865114123206,37.0,50.588235294117645,449.1068633069246,523.9862413805687
359.6,1.991222990051823,2.0,6.323620028590241,41.083743602817094,37.0,50.588235294117645,449.0791459513905,524.010614962137
359.70000000000005,1.9912849738073588,2.0,6.320315642187124,41.0888376366446,37.0,50.588235294117645,449.05140627028237,524.0350082416267
359.8,1.9913469931714731,2.0,6.317063008488023,41.09393324345791,37.0,50.588235294117645,449.02364425453163,524.0594212260189
359.90000000000003,1.9914090475605175,2.0,6.313862120957845,41.099030424000546,37.0,50.588235294117645,448.99585989507653,524.0838539222868
360.0,1.9914711363909054,2.0,6.310712972598223,41.1041291790163,37.0,50.588235294117645,448.96805318286175,524.1083063373953
360.1,1.9915332590791182,2.0,6.30761555594766,41.10922950924936,37.0,50.588235294117645,448.94022410883866,524.132778478301
360.20000000000005,1.9915954150417112,2.0,6.304569863081965,41.11433141544421,37.0,50.588235294117645,448.9123726639651,524.1572703519527
360.3,1.9916576036953193,2.0,6.301575885614721,41.11943489834567,37.0,50.588235294117645,448.88449883920543,524.1817819652907
360.40000000000003,1.9917198244566596,2.0,6.298633614697612,41.12453995869873,37.0,50.588235294117645,448.85660262553074,524.2063133252475
360.5,1.9917820767425394,2.0,6.295743041020682,41.12964659724889,37.0,50.588235294117645,448.8286840139184,524.2308644387476
360.6,1.9918443599698596,2.0,6.2929041548128914,41.134754814741825,37.0,50.588235294117645,448.8007429953526,524.255435312707
360.70000000000005,1.9919066735556208,2.0,6.290116945842401,41.139864611923656,37.0,50.588235294117645,448.7727795608238,524.280025954034
360.8,1.9919690169169273,2.0,6.287381403416974,41.14497598954051,37.0,50.588235294117645,448.74479370132906,524.3046363696287
360.90000000000003,1.9920313894709938,2.0,6.284697516384361,41.1500889483392,37.0,50.588235294117645,448.71678540787207,524.3292665663829
361.0,1.9920937906351492,2.0,6.282065273132744,41.15520348906665,37.0,50.588235294117645,448.68875467146285,524.3539165511805
361.1,1.992156219826843,2.0,6.279484661591081,41.16031961247012,37.0,50.588235294117645,448.66070148311803,524.3785863308974
361.20000000000005,1.9922186764636494,2.0,6.276955669229563,41.16543731929727,37.0,50.588235294117645,448.6326258338607,524.4032759124012
361.3,1.9922811599632722,2.0,6.274478283059991,41.170556610295876,37.0,50.588235294117645,448.6045277147203,524.4279853025515
361.40000000000003,1.9923436697435517,2.0,6.27205248963614,41.17567748621417,37.0,50.588235294117645,448.5764071167331,524.4527145082003
361.5,1.9924062052224685,2.0,6.269678275054322,41.180799947800665,37.0,50.588235294117645,448.5482640309414,524.4774635361908
361.6,1.9924687658181475,2.0,6.267355624953675,41.18592399580427,37.0,50.588235294117645,448.5200984483942,524.5022323933588
361.70000000000005,1.9925313509488658,2.0,6.265084524516555,41.19104963097419,37.0,50.588235294117645,448.4919103601471,524.5270210865316
361.8,1.992593960033056,2.0,6.262864958469141,41.19617685405973,37.0,50.588235294117645,448.46369975726174,524.5518296225285
361.90000000000003,1.9926565924893114,2.0,6.260696911081716,41.20130566581071,37.0,50.588235294117645,448.43546663080656,524.5766580081613
362.0,1.9927192477363915,2.0,6.25858036616914,41.20643606697723,37.0,50.588235294117645,448.40721097185616,524.6015062502332
362.1,1.992781925193227,2.0,6.256515307091311,41.21156805830964,37.0,50.588235294117645,448.3789327714916,524.6263743555395
362.20000000000005,1.992844624278925,2.0,6.254501716753577,41.21670164055871,37.0,50.588235294117645,448.3506320208005,524.6512623308677
362.3,1.9929073444127743,2.0,6.252539577607222,41.22183681447541,37.0,50.588235294117645,448.3223087108768,524.6761701829968
362.40000000000003,1.9929700850142495,2.0,6.250628871649908,41.226973580811034,37.0,50.588235294117645,448.29396283282097,524.7010979186983
362.5,1.9930328455030177,2.0,6.248769580426083,41.232111940317225,37.0,50.588235294117645,448.26559437773955,524.7260455447358
362.6,1.9930956252989422,2.0,6.246961685027519,41.23725189374596,37.0,50.588235294117645,448.23720333674567,524.7510130678645
362.70000000000005,1.9931584238220879,2.0,6.245205166093706,41.2423934418494,37.0,50.588235294117645,448.20878970095873,524.7760004948318
362.8,1.993221240492727,2.0,6.243500003812325,41.24753658538032,37.0,50.588235294117645,448.1803534615046,524.8010078323772
362.90000000000003,1.9932840747313434,2.0,6.241846177919788,41.25268132509137,37.0,50.588235294117645,448.1518946095154,524.8260350872318
363.0,1.9933469259586387,2.0,6.2402436677016215,41.25782766173592,37.0,50.588235294117645,448.1234131361298,524.8510822661196
363.1,1.9934097935955357,2.0,6.238692451993041,41.26297559606729,37.0,50.588235294117645,448.09490903249235,524.8761493757557
363.20000000000005,1.993472677063185,2.0,6.237192509179305,41.26812512883947,37.0,50.588235294117645,448.0663822897543,524.9012364228479
363.3,1.993535575782969,2.0,6.235743817196333,41.27327626080654,37.0,50.588235294117645,448.0378328990732,524.9263434140956
363.40000000000003,1.993598489176508,2.0,6.234346353531091,41.278428992722866,37.0,50.588235294117645,448.0092608516126,524.9514703561911
363.5,1.993661416665664,2.0,6.23300009522219,41.28358332534316,37.0,50.588235294117645,447.98066613854274,524.9766172558176
363.6,1.9937243576725472,2.0,6.2317050188602625,41.28873925942264,37.0,50.588235294117645,447.95204875103974,525.001784119651
363.70000000000005,1.9937873116195193,2.0,6.230461100588554,41.293896795716535,37.0,50.588235294117645,447.92340868028634,525.0269709543593
363.8,1.9938502779292004,2.0,6.229268316103386,41.29905593498057,37.0,50.588235294117645,447.89474591747137,525.0521777666027
363.90000000000003,1.9939132560244726,2.0,6.228126640654708,41.30421667797077,37.0,50.588235294117645,447.86606045378994,525.077404563033
364.0,1.993976245328486,2.0,6.2270360490465215,41.30937902544338,37.0,50.588235294117645,447.8373522804434,525.1026513502948
364.1,1.9940392452646627,2.0,6.225996515637526,41.314542978155146,37.0,50.588235294117645,447.8086213886393,525.1279181350242
364.20000000000005,1.994102255256703,2.0,6.225008014341496,41.31970853686289,37.0,50.588235294117645,447.7798677695914,525.1532049238498
364.3,1.9941652747285894,2.0,6.224070518627906,41.32487570232382,37.0,50.588235294117645,447.75109141451986,525.178511723392
364.40000000000003,1.994228303104592,2.0,6.223184001522428,41.33004447529561,37.0,50.588235294117645,447.72229231465076,525.2038385402641
364.5,1.9942913398092743,2.0,6.222348435607419,41.33521485653597,37.0,50.588235294117645,447.6934704612165,525.2291853810707
364.6,1.9943543842674971,2.0,6.221563793022575,41.34038684680314,37.0,50.588235294117645,447.6646258454557,525.2545522524086
364.70000000000005,1.9944174359044236,2.0,6.2208300454653465,41.34556044685564,37.0,50.588235294117645,447.6357584586131,525.2799391608675
364.8,1.994480494145524,2.0,6.220147164191507,41.35073565745222,37.0,50.588235294117645,447.60686829193963,525.3053461130282
364.90000000000003,1.9945435584165827,2.0,6.2195151200157,41.3559124793519,37.0,50.588235294117645,447.57795533669236,525.3307731154648
365.0,1.9946066281437007,2.0,6.218933883312065,41.361090913314285,37.0,50.588235294117645,447.54901958413444,525.356220174743
365.1,1.9946697027533022,2.0,6.218403424014699,41.366270960098916,37.0,50.588235294117645,447.52006102553514,525.3816872974205
365.20000000000005,1.9947327816721383,2.0,6.217923711618269,41.371452620466016,37.0,50.588235294117645,447.4910796521699,525.4071744900476
365.3,1.9947958643272934,2.0,6.217494715178489,41.37663589517581,37.0,50.588235294117645,447.4620754553204,525.4326817591668
365.40000000000003,1.9948589501461889,2.0,6.2171164033128195,41.381820784988975,37.0,50.588235294117645,447.4330484262741,525.4582091113127
365.5,1.9949220385565885,2.0,6.216788744200903,41.38700729066653,37.0,50.588235294117645,447.4039985563248,525.483756553012
365.6,1.9949851289866034,2.0,6.216511705585191,41.39219541296973,37.0,50.588235294117645,447.37492583677215,525.5093240907835
365.70000000000005,1.9950482208646982,2.0,6.216285254771524,41.39738515266015,37.0,50.588235294117645,447.34583025892204,525.5349117311389
365.8,1.9951113136196932,2.0,6.2161093586297715,41.40257651049967,37.0,50.588235294117645,447.3167118140864,525.5605194805818
365.90000000000003,1.995174406680772,2.0,6.215983983594224,41.40776948725056,37.0,50.588235294117645,447.287570493583,525.5861473456079
366.0,1.995237499477485,2.0,6.215909095664406,41.41296408367538,37.0,50.588235294117645,447.25840628873584,525.6117953327051
366.1,1.9953005914397548,2.0,6.215884660405525,41.4181603005369,37.0,50.588235294117645,447.22921919087497,525.6374634483541
366.20000000000005,1.9953636819978813,2.0,6.215910642949079,41.4233581385983,37.0,50.588235294117645,447.20000919133616,525.6631516990276
366.3,1.995426770582546,2.0,6.21598700799354,41.428557598623,37.0,50.588235294117645,447.17077628146143,525.6888600911905
366.40000000000003,1.995489856624817,2.0,6.216113719804836,41.4337586813748,37.0,50.588235294117645,447.1415204525987,525.7145886313
366.5,1.9955529395561542,2.0,6.216290742217015,41.438961387617894,37.0,50.588235294117645,447.1122416961017,525.7403373258059
366.6,1.9956160188084149,2.0,6.216518038632837,41.44416571811655,37.0,50.588235294117645,447.08294000333035,525.7661061811499
366.70000000000005,1.9956790938138569,2.0,6.216795572024444,41.44937167363548,37.0,50.588235294117645,447.0536153656504,525.7918952037666
366.8,1.9957421640051458,2.0,6.217123304933864,41.4545792549398,37.0,50.588235294117645,447.0242677744333,525.8177044000826
366.90000000000003,1.9958052288153567,2.0,6.217501199473785,41.459788462794734,37.0,50.588235294117645,446.9948972210569,525.8435337765169
367.0,1.995868287677982,2.0,6.217929217327944,41.464999297966074,37.0,50.588235294117645,446.9655036969046,525.8693833394808
367.1,1.995931340026935,2.0,6.2184073197519965,41.470211761219616,37.0,50.588235294117645,446.9360871933658,525.895253095378
367.20000000000005,1.9959943852965545,2.0,6.218935467573992,41.475425853321724,37.0,50.588235294117645,446.90664770183565,525.9211430506049
367.3,1.9960574229216108,2.0,6.219513621195074,41.48064157503893,37.0,50.588235294117645,446.8771852137153,525.9470532115499
367.40000000000003,1.9961204523373093,2.0,6.22014174059011,41.48585892713811,37.0,50.588235294117645,446.84769972041175,525.972983584594
367.5,1.9961834729792958,2.0,6.2208197853082865,41.49107791038659,37.0,50.588235294117645,446.81819121333774,525.9989341761103
367.6,1.9962464842836607,2.0,6.221547714473793,41.49629852555171,37.0,50.588235294117645,446.78865968391193,526.0249049924649
367.70000000000005,1.996309485686946,2.0,6.222325486786401,41.50152077340135,37.0,50.588235294117645,446.75910512355864,526.0508960400159
367.8,1.996372476626148,2.0,6.223153060522288,41.50674465470371,37.0,50.588235294117645,446.72952752370816,526.076907325114
367.90000000000003,1.9964354565387226,2.0,6.224030393534479,41.51197017022713,37.0,50.588235294117645,446.6999268757964,526.1029388541025
368.0,1.9964984248625897,2.0,6.224957443253663,41.51719732074048,37.0,50.588235294117645,446.6703031712652,526.1289906333169
368.1,1.9965613810361398,2.0,6.225934166688686,41.522426107012734,37.0,50.588235294117645,446.640656401562,526.1550626690853
368.20000000000005,1.9966243244982365,2.0,6.2269605204274345,41.527656529813385,37.0,50.588235294117645,446.61098655814016,526.1811549677284
368.3,1.9966872546882228,2.0,6.22803646063729,41.53288858991209,37.0,50.588235294117645,446.58129363245865,526.2072675355591
368.40000000000003,1.9967501710459261,2.0,6.229161943065948,41.538122288078796,37.0,50.588235294117645,446.5515776159821,526.2334003788835
368.5,1.996813073011661,2.0,6.230336923042055,41.54335762508384,37.0,50.588235294117645,446.52183850018105,526.2595535039992
368.6,1.9968759600262367,2.0,6.231561355475801,41.54859460169786,37.0,50.588235294117645,446.49207627653146,526.285726917197
368.70000000000005,1.9969388315309586,2.0,6.23283519485973,41.55383321869192,37.0,50.588235294117645,446.4622909365151,526.3119206247604
368.8,1.997001686967637,2.0,6.234158395269278,41.55907347683717,37.0,50.588235294117645,446.4324824716194,526.3381346329651
368.90000000000003,1.9970645257785888,2.0,6.235530910363655,41.56431537690514,37.0,50.588235294117645,446.40265087333745,526.3643689480795
369.0,1.9971273474066427,2.0,6.236952693386369,41.56955891966771,37.0,50.588235294117645,446.37279613316804,526.3906235763642
369.1,1.997190151295146,2.0,6.238423697165932,41.5748041058971,37.0,50.588235294117645,446.3429182426153,526.4168985240731
369.20000000000005,1.9972529368879661,2.0,6.239943874116744,41.58005093636592,37.0,50.588235294117645,446.31301719318924,526.4431937974522
369.3,1.9973157036294977,2.0,6.241513176239492,41.585299411846904,37.0,50.588235294117645,446.2830929764053,526.4695094027402
369.40000000000003,1.997378450964667,2.0,6.243131555122101,41.59054953311312,37.0,50.588235294117645,446.25314558378466,526.4958453461685
369.5,1.9974411783389356,2.0,6.24479896194037,41.59580130093798,37.0,50.588235294117645,446.2231750068539,526.5222016339612
369.6,1.9975038851983062,2.0,6.246515347458629,41.60105471609529,37.0,50.588235294117645,446.1931812371452,526.5485782723349
369.70000000000005,1.9975665709893264,2.0,6.248280662030529,41.60630977935915,37.0,50.588235294117645,446.16316426619625,526.574975267499
369.8,1.9976292351590936,2.0,6.250094855599699,41.611566491503936,37.0,50.588235294117645,446.1331240855502,526.6013926256555
369.90000000000003,1.997691877155261,2.0,6.251957877700475,41.61682485330431,37.0,50.588235294117645,446.1030606867558,526.6278303529992
370.0,1.9977544964260396,2.0,6.253869677458727,41.62208486553533,37.0,50.588235294117645,446.0729740613673,526.6542884557174
370.1,1.9978170924202066,2.0,6.255830203592392,41.62734652897228,37.0,50.588235294117645,446.0428642009443,526.6807669399899
370.20000000000005,1.9978796645871058,2.0,6.257839404412454,41.63260984439074,37.0,50.588235294117645,446.01273109705187,526.7072658119898
370.3,1.9979422123766555,2.0,6.259897227823414,41.637874812566565,37.0,50.588235294117645,445.98257474126075,526.7337850778827
370.40000000000003,1.9980047352393517,2.0,6.262003621324228,41.64314143427612,37.0,50.588235294117645,445.95239512514667,526.7603247438267
370.5,1.998067232626273,2.0,6.264158532008951,41.64840971029605,37.0,50.588235294117645,445.9221922402912,526.7868848159729
370.6,1.9981297039890855,2.0,6.266361906567491,41.65367964140313,37.0,50.588235294117645,445.8919660782811,526.8134653004653
370.70000000000005,1.9981921487800471,2.0,6.268613691286427,41.65895122837452,37.0,50.588235294117645,445.8617166307085,526.8400662034404
370.8,1.9982545664520124,2.0,6.270913832049653,41.66422447198772,37.0,50.588235294117645,445.8314438891708,526.8666875310278
370.90000000000003,1.9983169564584367,2.0,6.273262274339214,41.669499373020585,37.0,50.588235294117645,445.80114784527103,526.8933292893495
371.0,1.9983793182533813,2.0,6.27565896323601,41.67477593225129,37.0,50.588235294117645,445.7708284906173,526.9199914845207
371.1,1.9984416512915182,2.0,6.278103843420599,41.680054150458204,37.0,50.588235294117645,445.7404858168231,526.946674122649
371.20000000000005,1.9985039550281338,2.0,6.280596859173947,41.68533402842013,37.0,50.588235294117645,445.71011981550726,526.9733772098356
371.3,1.9985662289191337,2.0,6.283137954378181,41.69061556691605,37.0,50.588235294117645,445.6797304782938,527.0001007521738
371.40000000000003,1.9986284724210486,2.0,6.285727072517323,41.69589876672546,37.0,50.588235294117645,445.6493177968121,527.02684475575
371.5,1.9986906849910364,2.0,6.288364156678203,41.70118362862797,37.0,50.588235294117645,445.61888176269684,527.0536092266434
371.6,1.9987528660868896,2.0,6.291049149551032,41.706470153403586,37.0,50.588235294117645,445.5884223675878,527.0803941709265
371.70000000000005,1.9988150151670376,2.0,6.2937819934303905,41.711758341832706,37.0,50.588235294117645,445.55793960312985,527.1071995946645
371.8,1.9988771316905527,2.0,6.296562630215849,41.71704819469585,37.0,50.588235294117645,445.52743346097344,527.1340255039153
371.90000000000003,1.9989392151171534,2.0,6.299391001412865,41.72233971277399,37.0,50.588235294117645,445.496903932774,527.1608719047299
372.0,1.9990012649072093,2.0,6.302267048133489,41.72763289684838,37.0,50.588235294117645,445.46635101019206,527.1877388031525
372.1,1.9990632805217463,2.0,6.3051907110971595,41.73292774770073,37.0,50.588235294117645,445.43577468489343,527.2146262052195
372.20000000000005,1.9991252614224508,2.0,6.308161930631588,41.73822426611281,37.0,50.588235294117645,445.4051749485489,527.2415341169615
372.3,1.999187207071674,2.0,6.311180646673495,41.743522452866785,37.0,50.588235294117645,445.3745517928345,527.2684625444009
372.40000000000003,1.9992491169324356,2.0,6.314246798769416,41.74882230874516,37.0,50.588235294117645,445.3439052094314,527.2954114935538
372.5,1.99931099046843,2.0,6.317360326076437,41.754123834530844,37.0,50.588235294117645,445.31323519002575,527.3223809704292
372.6,1.9993728271440299,2.0,6.320521167363182,41.75942703100691,37.0,50.588235294117645,445.2825417263088,527.3493709810289
372.70000000000005,1.9994346264242904,2.0,6.323729261010445,41.76473189895677,37.0,50.588235294117645,445.25182480997694,527.3763815313478
372.8,1.9994963877749536,2.0,6.326984545012115,41.770038439164296,37.0,50.588235294117645,445.2210844327314,527.4034126273742
372.90000000000003,1.9995581106624536,2.0,6.330286956975902,41.77534665241353,37.0,50.588235294117645,445.1903205862785,527.4304642750892
373.0,1.9996197945539211,2.0,6.333636434124228,41.78065653948886,37.0,50.588235294117645,445.1595332623297,527.4575364804671
373.1,1.999681438917186,2.0,6.3370329132950936,41.78596810117506,37.0,50.588235294117645,445.1287224526014,527.4846292494748
373.20000000000005,1.9997430432207837,2.0,6.340476330942705,41.791281338256965,37.0,50.588235294117645,445.09788814881466,527.511742588073
373.3,1.9998046069339601,2.0,6.343966623138522,41.79659625152016,37.0,50.588235294117645,445.06703034269583,527.5388765022155
373.40000000000003,1.9998661295266735,2.0,6.347503725572064,41.801912841750095,37.0,50.588235294117645,445.0361490259762,527.5660309978488
373.5,1.9999276104696009,2.0,6.3510875735515775,41.80723110973281,37.0,50.588235294117645,445.0052441903918,527.5932060809129
373.6,1.9999890492341414,2.0,6.354718102005039,41.81255105625456,37.0,50.588235294117645,444.97431582768365,527.6204017573407
373.70000000000005,2.000050445292422,2.0,6.358395245480919,41.81787268210195,37.0,50.588235294117645,444.9433639295975,527.6476180330585
373.8,2.0001117981173,2.0,6.362118938149084,41.82319598806191,37.0,50.588235294117645,444.91238848788424,527.6748549139858
373.90000000000003,2.000173107182369,2.0,6.3658891138016,41.82852097492162,37.0,50.588235294117645,444.8813894942993,527.702112406035
374.0,2.000234371961962,2.0,6.369705705853524,41.83384764346857,37.0,50.588235294117645,444.8503669406031,527.7293905151123
374.1,2.000295591931158,2.0,6.373568647343917,41.839175994490745,37.0,50.588235294117645,444.8193208185609,527.7566892471168
374.20000000000005,2.000356766565782,2.0,6.377477870936621,41.844506028776266,37.0,50.588235294117645,444.7882511199427,527.7840086079407
374.3,2.0004178953424145,2.0,6.381433308920982,41.8498377471135,37.0,50.588235294117645,444.75715783652305,527.8113486034697
374.40000000000003,2.0004789777383922,2.0,6.385434893212951,41.85517115029137,37.0,50.588235294117645,444.7260409600816,527.8387092395828
374.5,2.0005400132318143,2.0,6.389482555355777,41.86050623909898,37.0,50.588235294117645,444.69490048240255,527.8660905221524
374.6,2.000601001301544,2.0,6.393576226520996,41.86584301432572,37.0,50.588235294117645,444.66373639527484,527.8934924570439
374.70000000000005,2.000661941427217,2.0,6.397715837509078,41.87118147676125,37.0,50.588235294117645,444.6325486904922,527.9209150501164
374.8,2.0007228330892426,2.0,6.401901318750684,41.876521627195814,37.0,50.588235294117645,444.60133735985283,527.948358307222
374.90000000000003,2.0007836757688087,2.0,6.406132600307131,41.88186346641959,37.0,50.588235294117645,444.5701023951597,527.9758222342065
375.0,2.000844468947886,2.0,6.410409611871548,41.88720699522338,37.0,50.588235294117645,444.5388437882206,528.0033068369087
375.1,2.0009052121092346,2.0,6.414732282769619,41.892552214398165,37.0,50.588235294117645,444.5075615308478,528.0308121211609
375.20000000000005,2.0009659047364035,2.0,6.419100541960621,41.89789912473526,37.0,50.588235294117645,444.47625561485796,528.0583380927892
375.3,2.001026546313739,2.0,6.423514318038082,41.90324772702627,37.0,50.588235294117645,444.44492603207254,528.0858847576127
375.40000000000003,2.001087136326387,2.0,6.42797353923088,41.90859802206313,37.0,50.588235294117645,444.41357277431763,528.1134521214443
375.5,2.0011476742602983,2.0,6.432478133403995,41.91395001063813,37.0,50.588235294117645,444.38219583342385,528.1410401900897
375.6,2.0012081596022306,2.0,6.437028028059533,41.91930369354378,37.0,50.588235294117645,444.35079520122616,528.168648969349
375.70000000000005,2.0012685918397564,2.0,6.441623150337472,41.924659071573046,37.0,50.588235294117645,444.3193708695641,528.196278465015
375.8,2.0013289704612633,2.0,6.446263427016754,41.93001614551906,37.0,50.588235294117645,444.287922830282,528.2239286828743
375.90000000000003,2.0013892949559606,2.0,6.450948784515996,41.935374916175476,37.0,50.588235294117645,444.2564510752282,528.251599628707
376.0,2.0014495648138833,2.0,6.455679148894504,41.94073538433611,37.0,50.588235294117645,444.22495559625577,528.2792913082869
376.1,2.0015097795258945,2.0,6.460454445853221,41.94609755079506,37.0,50.588235294117645,444.1934363852221,528.3070037273811
376.20000000000005,2.001569938583692,2.0,6.465274600735497,41.951461416346774,37.0,50.588235294117645,444.1618934339891,528.3347368917505
376.3,2.0016300414798116,2.0,6.470139538528167,41.956826981786094,37.0,50.588235294117645,444.130326734423,528.3624908071491
376.40000000000003,2.0016900877076287,2.0,6.475049183862411,41.96219424790809,37.0,50.588235294117645,444.09873627839454,528.3902654793253
376.5,2.001750076761367,2.0,6.480003461014514,41.96756321550822,37.0,50.588235294117645,444.06712205777853,528.4180609140204
376.6,2.0018100081360988,2.0,6.485002293907115,41.97293388538225,37.0,50.588235294117645,444.0354840644544,528.4458771169697
376.70000000000005,2.0018698813277513,2.0,6.490045606109838,41.9783062583262,37.0,50.588235294117645,444.00382229030583,528.4737140939018
376.8,2.00192969583311,2.0,6.495133320840401,41.983680335136455,37.0,50.588235294117645,443.9721367272207,528.5015718505393
376.90000000000003,2.0019894511498215,2.0,6.50026536096546,41.989056116609675,37.0,50.588235294117645,443.94042736709116,528.5294503925986
377.0,2.0020491467764,2.0,6.505441649001548,41.994433603542916,37.0,50.588235294117645,443.9086942018137,528.5573497257894
377.1,2.0021087822122294,2.0,6.510662107116037,41.99981279673341,37.0,50.588235294117645,443.8769372232891,528.5852698558153
377.20000000000005,2.002168356957569,2.0,6.515926657128104,42.005193696978836,37.0,50.588235294117645,443.84515642342217,528.6132107883736
377.3,2.0022278705135554,2.0,6.5212352205096344,42.01057630507711,37.0,50.588235294117645,443.8133517941221,528.6411725291554
377.40000000000003,2.002287322382209,2.0,6.526587718386134,42.01596062182659,37.0,50.588235294117645,443.78152332730224,528.6691550838453
377.5,2.0023467120664358,2.0,6.531984071537775,42.02134664802588,37.0,50.588235294117645,443.74967101487994,528.6971584581222
377.6,2.002406039070033,2.0,6.537424200400274,42.0267343844738,37.0,50.588235294117645,443.71779484877686,528.7251826576583
377.70000000000005,2.0024653028976926,2.0,6.542908025065845,42.03212383196961,37.0,50.588235294117645,443.68589482091875,528.7532276881195
377.8,2.002524503055004,2.0,6.548435465284193,42.037514991312946,37.0,50.588235294117645,443.6539709232354,528.7812935551664
377.90000000000003,2.0025836390484604,2.0,6.5540064404634,42.04290786330358,37.0,50.588235294117645,443.6220231476607,528.8093802644524
378.0,2.0026427103854614,2.0,6.5596208696709954,42.04830244874165,37.0,50.588235294117645,443.5900514861326,528.8374878216256
378.1,2.0027017165743164,2.0,6.565278671634871,42.053698748427735,37.0,50.588235294117645,443.55805593059307,528.8656162323272
378.20000000000005,2.0027606571242496,2.0,6.570979764744165,42.059096763162586,37.0,50.588235294117645,443.5260364729881,528.8937655021929
378.3,2.0028195315454043,2.0,6.576724067050336,42.064496493747356,37.0,50.588235294117645,443.49399310526775,528.921935636852
378.40000000000003,2.002878339348845,2.0,6.5825114962681575,42.06989794098354,37.0,50.588235294117645,443.4619258193859,528.9501266419279
378.5,2.002937080046563,2.0,6.588341969776535,42.07530110567279,37.0,50.588235294117645,443.42983460730056,528.9783385230378
378.6,2.0029957531514793,2.0,6.594215404619635,42.08070598861735,37.0,50.588235294117645,443.3977194609736,529.0065712857929
378.70000000000005,2.00305435817745,2.0,6.600131717507784,42.086112590619564,37.0,50.588235294117645,443.3655803723707,529.0348249357987
378.8,2.0031128946392687,2.0,6.606090824818534,42.09152091248211,37.0,50.588235294117645,443.3334173334616,529.0630994786541
378.90000000000003,2.00317136205267,2.0,6.612092642597546,42.09693095500813,37.0,50.588235294117645,443.3012303362198,529.0913949199523
379.0,2.0032297599343347,2.0,6.618137086559596,42.10234271900083,37.0,50.588235294117645,443.2690193726228,529.1197112652809
379.1,2.0032880878018946,2.0,6.624224072089572,42.107756205264025,37.0,50.588235294117645,443.2367844346516,529.1480485202208
379.20000000000005,2.003346345173932,2.0,6.630353514243634,42.11317141460165,37.0,50.588235294117645,443.2045255142915,529.1764066903474
379.3,2.003404531569989,2.0,6.636525327749811,42.118588347818104,37.0,50.588235294117645,443.1722426035311,529.2047857812304
379.40000000000003,2.003462646510567,2.0,6.642739427009412,42.12400700571794,37.0,50.588235294117645,443.13993569436303,529.2331857984332
379.5,2.0035206895171336,2.0,6.64899572609776,42.12942738910613,37.0,50.588235294117645,443.1076047787837,529.2616067475133
379.6,2.003578660112124,2.0,6.655294138765336,42.134849498788014,37.0,50.588235294117645,443.0752498487931,529.2900486340226
379.70000000000005,2.0036365578189463,2.0,6.661634578438711,42.140273335569134,37.0,50.588235294117645,443.04287089639496,529.3185114635071
379.8,2.003694382161986,2.0,6.668016958221516,42.145698900255354,37.0,50.588235294117645,443.0104679135967,529.3469952415069
379.90000000000003,2.003752132666606,2.0,6.674441190895654,42.151126193653056,37.0,50.588235294117645,442.97804089240947,529.3754999735564
380.0,2.0038098088591547,2.0,6.680907188921957,42.15655521656868,37.0,50.588235294117645,442.945589824848,529.4040256651839
380.1,2.003867410266968,2.0,6.68741486444148,42.161985969809166,37.0,50.588235294117645,442.91311470293067,529.4325723219123
380.20000000000005,2.003924936418373,2.0,6.693964129276499,42.16741845418164,37.0,50.588235294117645,442.8806155186794,529.4611399492583
380.3,2.0039823868426914,2.0,6.700554894931421,42.17285267049368,37.0,50.588235294117645,442.8480922641197,529.4897285527333
380.40000000000003,2.004039761070244,2.0,6.707187072593801,42.178288619553086,37.0,50.588235294117645,442.81554493128067,529.5183381378429
380.5,2.0040970586323525,2.0,6.713860573135487,42.183726302168054,37.0,50.588235294117645,442.7829735121948,529.5469687100868
380.6,2.004154279061347,2.0,6.720575307113454,42.18916571914701,37.0,50.588235294117645,442.7503779988984,529.5756202749592
380.70000000000005,2.0042114218905662,2.0,6.7273311847710655,42.19460687129873,37.0,50.588235294117645,442.7177583834309,529.6042928379484
380.8,2.004268486654362,2.0,6.734128116038909,42.20004975943243,37.0,50.588235294117645,442.68511465783547,529.6329864045372
380.90000000000003,2.004325472888104,2.0,6.740966010535902,42.20549438435745,37.0,50.588235294117645,442.65244681415857,529.6617009802028
381.0,2.004382380128182,2.0,6.747844777570373,42.21094074688352,37.0,50.588235294117645,442.6197548444502,529.6904365704169
381.1,2.0044392079120104,2.0,6.7547643261409585,42.21638884782084,37.0,50.588235294117645,442.58703874076355,529.7191931806452
381.20000000000005,2.0044959557780317,2.0,6.761724564937777,42.22183868797981,37.0,50.588235294117645,442.5542984951555,529.7479708163481
381.3,2.00455262326572,2.0,6.768725402343415,42.22729026817109,37.0,50.588235294117645,442.5215340996859,529.7767694829806
381.40000000000003,2.0046092099155843,2.0,6.775766746433942,42.23274358920577,37.0,50.588235294117645,442.48874554641833,529.8055891859918
381.5,2.0046657152691734,2.0,6.782848504980046,42.238198651895175,37.0,50.588235294117645,442.4559328274195,529.8344299308255
381.6,2.0047221388690764,2.0,6.789970585447971,42.24365545705098,37.0,50.588235294117645,442.42309593475926,529.8632917229199
381.70000000000005,2.004778480258931,2.0,6.797132895000551,42.24911400548535,37.0,50.588235294117645,442.390234860511,529.8921745677077
381.8,2.0048347389834222,2.0,6.804335340498477,42.25457429801037,37.0,50.588235294117645,442.3573495967512,529.9210784706163
381.90000000000003,2.0048909145882896,2.0,6.811577828501072,42.260036335438826,37.0,50.588235294117645,442.3244401355595,529.9500034370674
382.0,2.0049470066203283,2.0,6.818860265267505,42.2655001185837,37.0,50.588235294117645,442.291506469019,529.9789494724773
382.1,2.0050030146273943,2.0,6.826182556757804,42.27096564825831,37.0,50.588235294117645,442.2585485892157,530.0079165822572
382.20000000000005,2.0050589381584065,2.0,6.833544608633948,42.27643292527631,37.0,50.588235294117645,442.22556648823894,530.0369047718126
382.3,2.0051147767633517,2.0,6.840946326260871,42.28190195045147,37.0,50.588235294117645,442.19256015818104,530.0659140465438
382.40000000000003,2.0051705299932863,2.0,6.848387614707593,42.28737272459824,37.0,50.588235294117645,442.15952959113747,530.0949444118456
382.5,2.005226197400342,2.0,6.855868378748189,42.29284524853108,37.0,50.588235294117645,442.12647477920683,530.1239958731076
382.6,2.005281778537727,2.0,6.863388522863005,42.298319523065004,37.0,50.588235294117645,442.0933957144909,530.1530684357139
382.70000000000005,2.0053372729597307,2.0,6.870947951239582,42.30379554901515,37.0,50.588235294117645,442.06029238909423,530.1821621050435
382.8,2.0053926802217275,2.0,6.878546567773792,42.30927332719722,37.0,50.588235294117645,442.0271647951246,530.2112768864697
382.90000000000003,2.0054479998801793,2.0,6.886184276070904,42.314752858426914,37.0,50.588235294117645,441.99401292469264,530.2404127853613
383.0,2.0055032314926384,2.0,6.89386097944671,42.320234143520565,37.0,50.588235294117645,441.96083676991213,530.2695698070812
383.1,2.005558374617754,2.0,6.901576580928441,42.32571718329473,37.0,50.588235294117645,441.9276363228996,530.2987479569873
383.20000000000005,2.005613428815271,2.0,6.909330983256134,42.331201978566185,37.0,50.588235294117645,441.89441157577465,530.3279472404324
383.3,2.005668393646037,2.0,6.917124088883406,42.33668853015206,37.0,50.588235294117645,441.8611625206598,530.3571676627638
383.40000000000003,2.0057232686720035,2.0,6.924955799978679,42.34217683886999,37.0,50.588235294117645,441.8278891496803,530.3864092293238
383.5,2.0057780534562317,2.0,6.932826018426266,42.347666905537665,37.0,50.588235294117645,441.7945914549644,530.41567194545
383.6,2.005832747562893,2.0,6.9407346458275665,42.35315873097329,37.0,50.588235294117645,441.7612694286432,530.4449558164741
383.70000000000005,2.005887350557274,2.0,6.948681583501902,42.35865231599536,37.0,50.588235294117645,441.7279230628504,530.4742608477233
383.8,2.005941862005779,2.0,6.956666732487752,42.36414766142269,37.0,50.588235294117645,441.69455234972276,530.5035870445191
383.90000000000003,2.005996281475935,2.0,6.964689993543941,42.369644768074295,37.0,50.588235294117645,441.6611572813995,530.5329344121786
384.0,2.006050608536393,2.0,6.972751267150552,42.375143636769735,37.0,50.588235294117645,441.6277378500229,530.5623029560136
384.1,2.0061048427569315,2.0,6.980850453510155,42.380644268328695,37.0,50.588235294117645,441.59429404773783,530.5916926813304
384.20000000000005,2.006158983708462,2.0,6.988987452548818,42.38614666357137,37.0,50.588235294117645,441.56082586669174,530.621103593431
384.3,2.006213030963028,2.0,6.997162163917333,42.391650823318116,37.0,50.588235294117645,441.5273332990349,530.650535697612
384.40000000000003,2.006266984093813,2.0,7.005374486992074,42.397156748389705,37.0,50.588235294117645,441.4938163369202,530.6799889991652
384.5,2.0063208426751404,2.0,7.013624320876433,42.40266443960718,37.0,50.588235294117645,441.4602749725032,530.7094635033774
384.6,2.0063746062824794,2.0,7.021911564401599,42.408173897791926,37.0,50.588235294117645,441.4267091979419,530.7389592155303
384.70000000000005,2.006428274492444,2.0,7.03023611612804,42.41368512376579,37.0,50.588235294117645,441.39311900539695,530.7684761409009
384.8,2.006481846882801,2.0,7.038597874346124,42.419198118350664,37.0,50.588235294117645,441.35950438703156,530.7980142847613
384.90000000000003,2.006535323032471,2.0,7.0469967370777225,42.42471288236902,37.0,50.588235294117645,441.32586533501166,530.8275736523786
385.0,2.0065887025215305,2.0,7.055432602077011,42.43022941664361,37.0,50.588235294117645,441.29220184150535,530.857154249015
385.1,2.006641984931217,2.0,7.063905366831709,42.4357477219973,37.0,50.588235294117645,441.2585138986834,530.8867560799282
385.20000000000005,2.006695169843932,2.0,7.072414928564149,42.44126779925358,37.0,50.588235294117645,441.224801498719,530.9163791503707
385.3,2.006748256843241,2.0,7.080961184232463,42.446789649235996,37.0,50.588235294117645,441.19106463378785,530.9460234655903
385.40000000000003,2.0068012455138815,2.0,7.089544030531535,42.45231327276872,37.0,50.588235294117645,441.157303296068,530.97568903083
385.5,2.0068541354417624,2.0,7.098163363894394,42.45783867067604,37.0,50.588235294117645,441.12351747773977,531.0053758513284
385.6,2.00690692621397,2.0,7.10681908049306,42.463365843782526,37.0,50.588235294117645,441.08970717098606,531.0350839323189
385.70000000000005,2.006959617418768,2.0,7.115511076239947,42.46889479291326,37.0,50.588235294117645,441.0558723679919,531.0648132790304
385.8,2.0070122086456013,2.0,7.124239246788748,42.47442551889361,37.0,50.588235294117645,441.02201306094486,531.094563896687
385.90000000000003,2.007064699485102,2.0,7.133003487535589,42.47995802254911,37.0,50.588235294117645,440.98812924203463,531.1243357905081
386.0,2.0071170895290895,2.0,7.14180369362039,42.485492304705815,37.0,50.588235294117645,440.9542209034531,531.1541289657087
386.1,2.007169378370573,2.0,7.1506397599277784,42.49102836618994,37.0,50.588235294117645,440.92028803739476,531.1839434274989
386.20000000000005,2.0072215656037575,2.0,7.1595115810881955,42.49656620782815,37.0,50.588235294117645,440.88633063605585,531.2137791810844
386.3,2.007273650824044,2.0,7.168419051479296,42.50210583044742,37.0,50.588235294117645,440.85234869163514,531.2436362316661
386.40000000000003,2.0073256336280334,2.0,7.177362065226743,42.50764723487504,37.0,50.588235294117645,440.81834219633345,531.2735145844404
386.5,2.0073775136135317,2.0,7.186340516205557,42.51319042193853,37.0,50.588235294117645,440.7843111423537,531.3034142445993
386.6,2.007429290379548,2.0,7.195354298041368,42.518735392466,37.0,50.588235294117645,440.75025552190107,531.3333352173297
386.70000000000005,2.007480963526303,2.0,7.204403304111173,42.524282147285646,37.0,50.588235294117645,440.7161753271827,531.3632775078147
386.8,2.007532532655228,2.0,7.213487427544887,42.52983068722597,37.0,50.588235294117645,440.6820705504079,531.3932411212324
386.90000000000003,2.007583997368969,2.0,7.222606561226264,42.53538101311602,37.0,50.588235294117645,440.64794118378796,531.423226062757
387.0,2.0076353572713908,2.0,7.231760597794081,42.54093312578516,37.0,50.588235294117645,440.6137872195362,531.4532323375574
387.1,2.0076866119675785,2.0,7.2409494296432975,42.54648702606272,37.0,50.588235294117645,440.579608649868,531.4832599507989
387.20000000000005,2.00773776106384,2.0,7.250172948926284,42.552042714778736,37.0,50.588235294117645,440.54540546700065,531.513308907642
387.3,2.0077888041677108,2.0,7.2594310475537895,42.55760019276346,37.0,50.588235294117645,440.51117766315343,531.5433792132428
387.40000000000003,2.0078397408879547,2.0,7.268723617196293,42.56315946084749,37.0,50.588235294117645,440.47692523054747,531.573470872753
387.5,2.007890570834569,2.0,7.278050549285024,42.56872051986164,37.0,50.588235294117645,440.44264816140594,531.6035838913198
387.6,2.007941293618785,2.0,7.28741173501325,42.57428337063726,37.0,50.588235294117645,440.40834644795365,531.6337182740864
387.70000000000005,2.007991908853072,2.0,7.296807065337248,42.579848014005904,37.0,50.588235294117645,440.37402008241753,531.6638740261915
387.8,2.00804241615114,2.0,7.306236430977633,42.58541445079942,37.0,50.588235294117645,440.3396690570262,531.6940511527697
387.90000000000003,2.008092815127943,2.0,7.315699722420427,42.59098268184994,37.0,50.588235294117645,440.3052933640101,531.7242496589512
388.0,2.0081431053996806,2.0,7.325196829918315,42.59655270799021,37.0,50.588235294117645,440.2708929956014,531.7544695498618
388.1,2.0081932865838015,2.0,7.3347276434916635,42.602124530053004,37.0,50.588235294117645,440.23646794403413,531.7847108306233
388.20000000000005,2.0082433582990062,2.0,7.344292052929793,42.607698148871634,37.0,50.588235294117645,440.20201820154404,531.8149735063531
388.3,2.00829332016525,2.0,7.353889947792123,42.6132735652796,37.0,50.588235294117645,440.16754376036835,531.8452575821644
388.40000000000003,2.0083431718037454,2.0,7.363521217409336,42.61885078011079,37.0,50.588235294117645,440.13304461274635,531.8755630631667
388.5,2.0083929128369644,2.0,7.373185750884578,42.624429794199386,37.0,50.588235294117645,440.0985207509187,531.9058899544648
388.6,2.0084425428886425,2.0,7.382883437094523,42.63001060837996,37.0,50.588235294117645,440.0639721671277,531.9362382611595
388.70000000000005,2.0084920615837794,2.0,7.392614164690716,42.63559322348743,37.0,50.588235294117645,440.0293988536173,531.9666079883475
388.8,2.0085414685486445,2.0,7.402377822100535,42.64117764035706,37.0,50.588235294117645,439.9948008026331,531.9969991411216
388.90000000000003,2.0085907634107762,2.0,7.412174297528639,42.646763859824205,37.0,50.588235294117645,439.96017800642215,532.0274117245705
389.0,2.0086399457989876,2.0,7.422003478957834,42.65235188272487,37.0,50.588235294117645,439.92553045723315,532.0578457437786
389.1,2.008689015343367,2.0,7.4318652541505035,42.657941709895226,37.0,50.588235294117645,439.89085814731607,532.0883012038264
389.20000000000005,2.0087379716752816,2.0,7.441759510649637,42.66353334217189,37.0,50.588235294117645,439.8561610689226,532.1187781097907
389.3,2.0087868144273795,2.0,7.45168613578009,42.66912678039159,37.0,50.588235294117645,439.8214392143057,532.1492764667439
389.40000000000003,2.0088355432335936,2.0,7.461645016649703,42.67472202539176,37.0,50.588235294117645,439.78669257572,532.1797962797547
389.5,2.0088841577291427,2.0,7.471636040150585,42.68031907800969,37.0,50.588235294117645,439.7519211454212,532.2103375538874
389.6,2.008932657550534,2.0,7.4816590929602,42.68591793908337,37.0,50.588235294117645,439.71712491566666,532.2409002942031
389.70000000000005,2.0089810423355674,2.0,7.491714061542536,42.691518609451066,37.0,50.588235294117645,439.682303878715,532.2714845057587
389.8,2.009029311723336,2.0,7.501800832149401,42.697121089951224,37.0,50.588235294117645,439.6474580268261,532.3020901936068
389.90000000000003,2.00907746535423,2.0,7.511919290821539,42.70272538142274,37.0,50.588235294117645,439.6125873522611,532.3327173627968
390.0,2.0091255028699386,2.0,7.522069323389806,42.7083314847049,37.0,50.588235294117645,439.5776918472826,532.3633660183739
390.1,2.009173423913453,2.0,7.532250815476435,42.71393940063717,37.0,50.588235294117645,439.5427715041544,532.3940361653796
390.20000000000005,2.009221228129067,2.0,7.5424636524961075,42.71954913005942,37.0,50.588235294117645,439.5078263151414,532.4247278088516
390.3,2.0092689151623833,2.0,7.5527077196571994,42.7251606738119,37.0,50.588235294117645,439.47285627250983,532.4554409538238
390.40000000000003,2.009316484660312,2.0,7.562982901963112,42.7307740327351,37.0,50.588235294117645,439.4378613685269,532.4861756053261
390.5,2.0093639362710762,2.0,7.573289084213209,42.736389207670015,37.0,50.588235294117645,439.4028415954612,532.5169317683855
390.6,2.0094112696442115,2.0,7.58362615100428,42.74200619945782,37.0,50.588235294117645,439.36779694558237,532.5477094480242
390.70000000000005,2.0094584844305703,2.0,7.593993986731473,42.747625008940076,37.0,50.588235294117645,439.33272741116104,532.5785086492614
390.8,2.0095055802823247,2.0,7.6043924755896946,42.75324563695858,37.0,50.588235294117645,439.29763298446915,532.6093293771124
390.90000000000003,2.009552556852967,2.0,7.614821501574777,42.75886808435564,37.0,50.588235294117645,439.2625136577793,532.6401716365889
391.0,2.009599413797313,2.0,7.625280948484571,42.76449235197384,37.0,50.588235294117645,439.2273694233655,532.6710354326992
391.1,2.0096461507715055,2.0,7.635770699920212,42.770118440656006,37.0,50.588235294117645,439.19220027350246,532.7019207704476
391.20000000000005,2.0096927674330147,2.0,7.646290639287436,42.775746351245516,37.0,50.588235294117645,439.1570062004661,532.7328276548351
391.3,2.0097392634406415,2.0,7.656840649797565,42.78137608458576,37.0,50.588235294117645,439.12178719653315,532.7637560908591
391.40000000000003,2.0097856384545194,2.0,7.667420614468858,42.78700764152069,37.0,50.588235294117645,439.08654325398123,532.7947060835135
391.5,2.009831892136119,2.0,7.678030416127662,42.7926410228946,37.0,50.588235294117645,439.0512743650889,532.8256776377884
391.6,2.0098780241482457,2.0,7.688669937409742,42.79827622955207,37.0,50.588235294117645,439.0159805221356,532.8566707586707
391.70000000000005,2.0099240341550466,2.0,7.6993390607612175,42.80391326233797,37.0,50.588235294117645,438.98066171740146,532.8876854511437
391.8,2.0099699218220106,2.0,7.7100376684400524,42.80955212209767,37.0,50.588235294117645,438.94531794316777,532.9187217201875
391.90000000000003,2.010015686815971,2.0,7.720765642517132,42.81519280967666,37.0,50.588235294117645,438.9099491917163,532.9497795707781
392.0,2.0100613288051075,2.0,7.731522864877486,42.82083532592077,37.0,50.588235294117645,438.87455545532964,532.980859007889
392.1,2.0101068474589483,2.0,7.742309217221531,42.82647967167651,37.0,50.588235294117645,438.83913672629114,533.0119600364895
392.20000000000005,2.0101522424483735,2.0,7.753124581066182,42.83212584779034,37.0,50.588235294117645,438.8036929968849,533.0430826615462
392.3,2.0101975134456156,2.0,7.76396883774624,42.83777385510922,37.0,50.588235294117645,438.7682242593956,533.074226888022
392.40000000000003,2.0102426601242627,2.0,7.7748418684154235,42.84342369448052,37.0,50.588235294117645,438.73273050610874,533.1053927208765
392.5,2.010287682159261,2.0,7.785743554047708,42.84907536675178,37.0,50.588235294117645,438.69721172931037,533.1365801650658
392.6,2.0103325792269167,2.0,7.7966737754385305,42.85472887277098,37.0,50.588235294117645,438.66166792128706,533.1677892255431
392.70000000000005,2.010377351004896,2.0,7.807632413205976,42.86038421338645,37.0,50.588235294117645,438.6260990743261,533.199019907258
392.8,2.010421997172231,2.0,7.818619347791882,42.866041389446764,37.0,50.588235294117645,438.59050518071524,533.2302722151575
392.90000000000003,2.0104665174093195,2.0,7.829634459463334,42.87170040180098,37.0,50.588235294117645,438.5548862327427,533.2615461541845
393.0,2.010510911397928,2.0,7.84067762831363,42.87736125129834,37.0,50.588235294117645,438.51924222269736,533.2928417292794
393.1,2.0105551788211917,2.0,7.851748734263671,42.883023938788654,37.0,50.588235294117645,438.4835731428685,533.3241589453789
393.20000000000005,2.0105993193636196,2.0,7.862847657063015,42.888688465121675,37.0,50.588235294117645,438.44787898554586,533.3554978074171
393.3,2.0106433327110955,2.0,7.8739742762912215,42.89435483114789,37.0,50.588235294117645,438.4121597430196,533.3868583203244
393.40000000000003,2.010687218550878,2.0,7.885128471359136,42.90002303771803,37.0,50.588235294117645,438.3764154075802,533.4182404890287
393.5,2.0107309765716064,2.0,7.896310121509864,42.90569308568297,37.0,50.588235294117645,438.3406459715187,533.4496443184543
393.6,2.0107746064632974,2.0,7.907519105820297,42.91136497589423,37.0,50.588235294117645,438.30485142712627,533.4810698135225
393.70000000000005,2.010818107917354,2.0,7.918755303202026,42.91703870920344,37.0,50.588235294117645,438.2690317666946,533.5125169791518
393.8,2.010861480626561,2.0,7.930018592402971,42.92271428646262,37.0,50.588235294117645,438.23318698251546,533.5439858202575
393.90000000000003,2.0109047242850915,2.0,7.941308852008131,42.92839170852426,37.0,50.588235294117645,438.19731706688094,533.575476341752
394.0,2.010947838588505,2.0,7.952625960441269,42.934070976241,37.0,50.588235294117645,438.1614220120836,533.6069885485447
394.1,2.0109908232337537,2.0,7.963969795965723,42.93975209046596,37.0,50.588235294117645,438.125501810416,533.638522445542
394.20000000000005,2.01103367791918,2.0,7.975340236685988,42.94543505205246,37.0,50.588235294117645,438.0895564541708,533.6700780376475
394.3,2.0110764023445222,2.0,7.986737160548704,42.951119861854295,37.0,50.588235294117645,438.053585935641,533.7016553297616
394.40000000000003,2.011118996210914,2.0,7.9981604453439985,42.956806520725536,37.0,50.588235294117645,438.01759024711976,533.733254326782
394.5,2.0111614592208866,2.0,8.00960996870673,42.96249502952071,37.0,50.588235294117645,437.9815693809002,533.7648750336036
394.6,2.011203791078372,2.0,8.021085608117609,42.96818538909457,37.0,50.588235294117645,437.94552332927566,533.7965174551183
394.70000000000005,2.011245991488704,2.0,8.032587240904572,42.97387760030222,37.0,50.588235294117645,437.90945208453934,533.8281815962152
394.8,2.0112880601586194,2.0,8.044114744243917,42.97957166399908,37.0,50.588235294117645,437.8733556389847,533.8598674617808
394.90000000000003,2.0113299967962606,2.0,8.055667995161556,42.985267581040944,37.0,50.588235294117645,437.837233984905,533.8915750566985
395.0,2.0113718011111774,2.0,8.067246870534298,42.99096535228409,37.0,50.588235294117645,437.8010871145937,533.9233043858491
395.1,2.0114134728143287,2.0,8.078851247091006,42.99666497858493,37.0,50.588235294117645,437.764915020344,533.9550554541106
395.20000000000005,2.011455011618084,2.0,8.09048100141389,43.002366460800374,37.0,50.588235294117645,437.728717694449,533.9868282663584
395.3,2.0114964172362253,2.0,8.10213600993972,43.00806979978745,37.0,50.588235294117645,437.69249512920203,534.0186228274653
395.40000000000003,2.011537689383949,2.0,8.113816148961034,43.01377499640387,37.0,50.588235294117645,437.65624731689593,534.050439142301
395.5,2.011578827777868,2.0,8.12552129462745,43.01948205150745,37.0,50.588235294117645,437.61997424982354,534.0822772157329
395.6,2.011619832136012,2.0,8.137251322946833,43.02519096595637,37.0,50.588235294117645,437.58367592027747,534.1141370526258
395.70000000000005,2.0116607021778323,2.0,8.149006109786534,43.030901740609295,37.0,50.588235294117645,437.54735232055015,534.1460186578416
395.8,2.0117014376241995,2.0,8.160785530874774,43.036614376325076,37.0,50.588235294117645,437.51100344293377,534.17792203624
395.90000000000003,2.011742038197407,2.0,8.172589461801635,43.04232887396296,37.0,50.588235294117645,437.47462927972026,534.2098471926777
396.0,2.0117825036211743,2.0,8.184417778020407,43.04804523438247,37.0,50.588235294117645,437.43822982320137,534.2417941320092
396.1,2.011822833620646,2.0,8.196270354848988,43.05376345844371,37.0,50.588235294117645,437.40180506566827,534.2737628590862
396.20000000000005,2.0118630279223946,2.0,8.20814706747084,43.05948354700689,37.0,50.588235294117645,437.36535499941186,534.3057533787584
396.3,2.011903086254423,2.0,8.220047790936452,43.06520550093262,37.0,50.588235294117645,437.328879616723,534.3377656958723
396.40000000000003,2.0119430083461642,2.0,8.231972400164487,43.07092932108196,37.0,50.588235294117645,437.2923789098917,534.3697998152726
396.5,2.0119827939284844,2.0,8.243920769943028,43.07665500831621,37.0,50.588235294117645,437.2558528712079,534.4018557418012
396.6,2.012022442733684,2.0,8.255892774930816,43.08238256349705,37.0,50.588235294117645,437.2193014929608,534.4339334802977
396.70000000000005,2.0120619544954987,2.0,8.267888289658522,43.08811198748646,37.0,50.588235294117645,437.18272476743937,534.4660330355993
396.8,2.0121013289491034,2.0,8.279907188529965,43.09384328114686,37.0,50.588235294117645,437.14612268693196,534.4981544125405
396.90000000000003,2.01214056583111,2.0,8.29194934582343,43.09957644534097,37.0,50.588235294117645,437.1094952437264,534.5302976159544
397.0,2.012179664879571,2.0,8.304014635692731,43.10531148093179,37.0,50.588235294117645,437.07284243011003,534.5624626506707
397.1,2.0122186258339823,2.0,8.316102932168599,43.11104838878282,37.0,50.588235294117645,437.0361642383695,534.5946495215175
397.20000000000005,2.012257448435282,2.0,8.328214109159953,43.116787169757856,37.0,50.588235294117645,436.99946066079093,534.6268582333203
397.3,2.012296132425854,2.0,8.340348040455064,43.12252782472092,37.0,50.588235294117645,436.96273168965985,534.6590887909022
397.40000000000003,2.0123346775495277,2.0,8.352504599722769,43.12827035453648,37.0,50.588235294117645,436.9259773172609,534.6913411990843
397.5,2.0123730835515805,2.0,8.364683660513837,43.134014760069476,37.0,50.588235294117645,436.88919753587834,534.7236154626856
397.6,2.0124113501787404,2.0,8.376885096262061,43.139761042184944,37.0,50.588235294117645,436.85239233779544,534.7559115865231
397.70000000000005,2.0124494771791843,2.0,8.389108780285717,43.14550920174838,37.0,50.588235294117645,436.8155617152949,534.7882295754109
397.8,2.012487464302543,2.0,8.401354585788539,43.15125923962569,37.0,50.588235294117645,436.7787056606587,534.8205694341614
397.90000000000003,2.012525311299899,2.0,8.413622385861258,43.157011156683154,37.0,50.588235294117645,436.7418241661678,534.8529311675848
398.0,2.012563017923791,2.0,8.425912053482483,43.162764953787246,37.0,50.588235294117645,436.70491722410253,534.8853147804891
398.1,2.0126005839282133,2.0,8.438223461520408,43.168520631804824,37.0,50.588235294117645,436.66798482674227,534.9177202776806
398.20000000000005,2.0126380090686187,2.0,8.450556482733617,43.17427819160315,37.0,50.588235294117645,436.63102696636565,534.9501476639631
398.3,2.012675293101917,2.0,8.462910989772666,43.18003763404994,37.0,50.588235294117645,436.5940436352502,534.9825969441385
398.40000000000003,2.012712435786481,2.0,8.475286855181043,43.185798960013074,37.0,50.588235294117645,436.55703482567276,535.0150681230072
398.5,2.012749436882143,2.0,8.487683951396722,43.19156217036084,37.0,50.588235294117645,436.52000052990905,535.0475612053665
398.6,2.0127862961501974,2.0,8.500102150753111,43.19732726596203,37.0,50.588235294117645,436.4829407402338,535.0800761960127
398.70000000000005,2.012823013353406,2.0,8.512541325480477,43.2030942476855,37.0,50.588235294117645,436.4458554489207,535.1126130997397
398.8,2.0128595882559934,2.0,8.525001347707253,43.20886311640072,37.0,50.588235294117645,436.40874464824265,535.1451719213396
398.90000000000003,2.0128960206236512,2.0,8.537482089461083,43.21463387297729,37.0,50.588235294117645,436.37160833047125,535.1777526656025
399.0,2.0129323102235386,2.0,8.549983422670177,43.220406518285415,37.0,50.588235294117645,436.334446487877,535.2103553373165
399.1,2.012968456824285,2.0,8.562505219164542,43.22618105319543,37.0,50.588235294117645,436.29725911272953,535.2429799412683
399.20000000000005,2.013004460195989,2.0,8.575047350677343,43.23195747857807,37.0,50.588235294117645,436.260046197297,535.2756264822425
399.3,2.013040320110221,2.0,8.587609688845948,43.23773579530456,37.0,50.588235294117645,436.22280773384665,535.3082949650217
399.40000000000003,2.0130760363400246,2.0,8.600192105213345,43.24351600424632,37.0,50.588235294117645,436.1855437146444,535.3409853943867
399.5,2.013111608659916,2.0,8.612794471229286,43.24929810627515,37.0,50.588235294117645,436.1482541319549,535.373697775117
399.6,2.0131470368458872,2.0,8.625416658251588,43.25508210226326,37.0,50.588235294117645,436.11093897804176,535.4064321119897
399.70000000000005,2.013182320675406,2.0,8.638058537547362,43.26086799308325,37.0,50.588235294117645,436.0735982451671,535.4391884097807
399.8,2.0132174599274166,2.0,8.650719980294273,43.2666557796079,37.0,50.588235294117645,436.0362319255918,535.4719666732639
399.90000000000003,2.0132524543823425,2.0,8.663400857581781,43.27244546271055,37.0,50.588235294117645,435.99884001157545,535.5047669072117
400.0,2.013287303822086,2.0,8.676101040412354,43.27823704326471,37.0,50.588235294117645,435.96142249537627,535.5375891163944
400.1,2.01332200803003,2.0,8.688820399702825,43.284030522144405,37.0,50.588235294117645,435.923979369251,535.5704333055814
400.20000000000005,2.0133565667910385,2.0,8.70155880628548,43.289825900223946,37.0,50.588235294117645,435.88651062545523,535.6032994795399
400.3,2.013390979891459,2.0,8.714316130909463,43.295623178377866,37.0,50.588235294117645,435.84901625624275,535.6361876430354
400.40000000000003,2.0134252471191205,2.0,8.727092244241973,43.30142235748144,37.0,50.588235294117645,435.8114962538661,535.6690978008323
400.5,2.013459368263339,2.0,8.739887016869382,43.30722343840978,37.0,50.588235294117645,435.7739506105763,535.7020299576933
400.6,2.0134933431149133,2.0,8.752700319298734,43.313026422038774,37.0,50.588235294117645,435.73637931862294,535.7349841183793
400.70000000000005,2.013527171466132,2.0,8.76553202195868,43.3188313092445,37.0,50.588235294117645,435.69878237025387,535.7679602876498
400.8,2.0135608531107665,2.0,8.778381995201133,43.32463810090326,37.0,50.588235294117645,435.6611597577155,535.8009584702629
400.90000000000003,2.0135943878440816,2.0,8.791250109301991,43.330446797891966,37.0,50.588235294117645,435.6235114732526,535.8339786709755
401.0,2.013627775462828,2.0,8.80413623446297,43.33625740108778,37.0,50.588235294117645,435.5858375091084,535.8670208945425
401.1,2.013661015765248,2.0,8.817040240812311,43.34206991136813,37.0,50.588235294117645,435.54813785752424,535.9000851457176
401.20000000000005,2.0136941085510744,2.0,8.829961998406471,43.34788432961096,37.0,50.588235294117645,435.51041251073997,535.9331714292532
401.3,2.0137270536215333,2.0,8.84290137723097,43.3537006566944,37.0,50.588235294117645,435.4726614609938,535.9662797499003
401.40000000000003,2.013759850779342,2.0,8.85585824720205,43.359518893497125,37.0,50.588235294117645,435.43488470052193,535.9994101124084
401.5,2.013792499828712,2.0,8.868832478167544,43.36533904089805,37.0,50.588235294117645,435.3970822215592,536.0325625215257
401.6,2.0138250005753497,2.0,8.881823939908314,43.37116109977637,37.0,50.588235294117645,435.35925401633824,536.0657369819993
401.70000000000005,2.013857352826457,2.0,8.894832502139552,43.376985071011916,37.0,50.588235294117645,435.32140007709023,536.0989334985745
401.8,2.013889556390733,2.0,8.907858034511857,43.3828109554845,37.0,50.588235294117645,435.28352039604425,536.1321520759959
401.90000000000003,2.0139216110783718,2.0,8.920900406612668,43.388638754074634,37.0,50.588235294117645,435.24561496542765,536.1653927190067
402.0,2.0139535167010663,2.0,8.933959487967332,43.39446846766299,37.0,50.588235294117645,435.2076837774658,536.1986554323487
402.1,2.013985273072008,2.0,8.94703514804041,43.40030009713064,37.0,50.588235294117645,435.1697268243821,536.2319402207621
402.20000000000005,2.014016880005888,2.0,8.960127256236996,43.406133643359,37.0,50.588235294117645,435.13174409839826,536.265247088987
402.3,2.0140483373188967,2.0,8.973235681903883,43.41196910722999,37.0,50.588235294117645,435.09373559173383,536.2985760417615
402.40000000000003,2.0140796448287266,2.0,8.98636029433081,43.41780648962566,37.0,50.588235294117645,435.05570129660634,536.3319270838226
402.5,2.0141108023545704,2.0,8.9995009627518,43.42364579142861,37.0,50.588235294117645,435.0176412052312,536.3653002199065
402.6,2.014141809717123,2.0,9.012657556346223,43.42948701352162,37.0,50.588235294117645,434.9795553098221,536.3986954547482
402.70000000000005,2.0141726667385838,2.0,9.025829944240172,43.4353301567881,37.0,50.588235294117645,434.94144360259025,536.4321127930815
402.8,2.014203373242654,2.0,9.039017995507757,43.4411752221115,37.0,50.588235294117645,434.90330607574504,536.4655522396392
402.90000000000003,2.01423392905454,2.0,9.052221579172182,43.44702221037585,37.0,50.588235294117645,434.8651427214936,536.4990137991531
403.0,2.0142643340009525,2.0,9.065440564207135,43.45287112246541,37.0,50.588235294117645,434.8269535320409,536.532497476354
403.1,2.014294587910108,2.0,9.07867481953792,43.45872195926495,37.0,50.588235294117645,434.78873849958984,536.5660032759716
403.20000000000005,2.014324690611729,2.0,9.091924214042777,43.46457472165952,37.0,50.588235294117645,434.7504976163409,536.5995312027347
403.3,2.014354641937044,2.0,9.105188616554056,43.47042941053445,37.0,50.588235294117645,434.71223087449243,536.6330812613712
403.40000000000003,2.01438444171879,2.0,9.118467895859535,43.476286026775654,37.0,50.588235294117645,434.67393826624044,536.6666534566081
403.5,2.0144140897912113,2.0,9.131761920703653,43.48214457126909,37.0,50.588235294117645,434.63561978377885,536.7002477931711
403.6,2.01444358599006,2.0,9.145070559788637,43.48800504490134,37.0,50.588235294117645,434.597275419299,536.7338642757857
403.70000000000005,2.0144729301525977,2.0,9.158393681775886,43.49386744855923,37.0,50.588235294117645,434.55890516499,536.767502909176
403.8,2.014502122117594,2.0,9.171731155287112,43.49973178313002,37.0,50.588235294117645,434.5205090130387,536.8011636980652
403.90000000000003,2.014531161725331,2.0,9.185082848905559,43.50559804950126,37.0,50.588235294117645,434.4820869556293,536.8348466471764
404.0,2.0145600488175988,2.0,9.19844863117746,43.51146624856091,37.0,50.588235294117645,434.4436389849437,536.8685517612311
404.1,2.0145887832377,2.0,9.211828370612896,43.517336381197254,37.0,50.588235294117645,434.4051650931613,536.9022790449505
404.20000000000005,2.014617364830447,2.0,9.225221935687456,43.52320844829899,37.0,50.588235294117645,434.3666652724591,536.936028503055
404.3,2.014645793442165,2.0,9.238629194843107,43.52908245075514,37.0,50.588235294117645,434.3281395150115,536.9698001402639
404.40000000000003,2.0146740689206912,2.0,9.25205001648963,43.53495838945514,37.0,50.588235294117645,434.28958781299053,537.0035939612964
404.5,2.014702191115375,2.0,9.265484269005832,43.54083626528876,37.0,50.588235294117645,434.2510101585654,537.0374099708702
404.6,2.014730159877079,2.0,9.278931820740723,43.546716079145995,37.0,50.588235294117645,434.21240654390294,537.0712481737031
404.70000000000005,2.0147579750581794,2.0,9.292392540014827,43.55259783191747,37.0,50.588235294117645,434.17377696116716,537.105108574512
404.8,2.014785636512566,2.0,9.305866295121374,43.55848152449397,37.0,50.588235294117645,434.13512140251964,537.1389911780128
404.90000000000003,2.0148131440956427,2.0,9.319352954327483,43.56436715776675,37.0,50.588235294117645,434.0964398601192,537.1728959889214
405.0,2.0148404976643275,2.0,9.332852385875498,43.570254732627404,37.0,50.588235294117645,434.05773232612194,537.2068230119528
405.1,2.014867697077053,2.0,9.346364457984128,43.57614424996791,37.0,50.588235294117645,434.0189987926812,537.2407722518212
405.20000000000005,2.0148947421937686,2.0,9.359889038849719,43.5820357106806,37.0,50.588235294117645,433.9802392519477,537.2747437132408
405.3,2.014921632875937,2.0,9.373425996647562,43.587929115658085,37.0,50.588235294117645,433.9414536960693,537.3087374009251
405.40000000000003,2.0149483689865373,2.0,9.386975199532955,43.59382446579343,37.0,50.588235294117645,433.902642117191,537.3427533195868
405.5,2.0149749503900645,2.0,9.400536515642507,43.599721761980106,37.0,50.588235294117645,433.8638045074552,537.3767914739385
405.6,2.01500137695253,2.0,9.414109813095461,43.605621005111914,37.0,50.588235294117645,433.8249408590011,537.4108518686921
405.70000000000005,2.015027648541461,2.0,9.427694959994794,43.611522196082944,37.0,50.588235294117645,433.7860511639653,537.4449345085593
405.8,2.0150537650259017,2.0,9.441291824428477,43.61742533578774,37.0,50.588235294117645,433.74713541448125,537.4790393982508
405.90000000000003,2.0150797262764137,2.0,9.454900274470747,43.62333042512114,37.0,50.588235294117645,433.7081936026797,537.513166542478
406.0,2.015105532165074,2.0,9.468520178183311,43.62923746497847,37.0,50.588235294117645,433.6692257206884,537.5473159459509
406.1,2.0151311825654776,2.0,9.482151403616463,43.63514645625537,37.0,50.588235294117645,433.630231760632,537.5814876133796
406.20000000000005,2.015156677352738,2.0,9.495793818810503,43.641057399847796,37.0,50.588235294117645,433.59121171463204,537.6156815494738
406.3,2.0151820164034846,2.0,9.509447291796889,43.64697029665206,37.0,50.588235294117645,433.5521655748073,537.6498977589429
406.40000000000003,2.0152071995958654,2.0,9.523111690599329,43.652885147564916,37.0,50.588235294117645,433.5130933332733,537.684136246496
406.5,2.0152322268095455,2.0,9.536786883235209,43.658801953483476,37.0,50.588235294117645,433.4739949821425,537.718397016842
406.6,2.015257097925708,2.0,9.550472737716648,43.664720715305236,37.0,50.588235294117645,433.4348705135243,537.7526800746897
406.70000000000005,2.015281812827054,2.0,9.56416912205179,43.67064143392798,37.0,50.588235294117645,433.3957199195248,537.7869854247472
406.8,2.015306371397803,2.0,9.577875904246024,43.67656411025001,37.0,50.588235294117645,433.3565431922472,537.8213130717228
406.90000000000003,2.015330773523692,2.0,9.591592952303237,43.68248874516979,37.0,50.588235294117645,433.31734032379126,537.8556630203246
407.0,2.015355019091976,2.0,9.60532013422692,43.6884153395863,37.0,50.588235294117645,433.27811130625355,537.8900352752605
407.1,2.015379107991429,2.0,9.619057318021504,43.69434389439874,37.0,50.588235294117645,433.23885613172746,537.9244298412381
407.20000000000005,2.0154030401123424,2.0,9.632804371693512,43.70027441050695,37.0,50.588235294117645,433.199574792303,537.958846722965
407.3,2.0154268153465256,2.0,9.646561163252798,43.70620688881098,37.0,50.588235294117645,433.1602672800669,537.9932859251487
407.40000000000003,2.015450433587307,2.0,9.660327560713707,43.71214133021118,37.0,50.588235294117645,433.1209335871026,538.0277474524966
407.5,2.015473894729532,2.0,9.674103432096416,43.718077735608404,37.0,50.588235294117645,433.0815737054903,538.0622313097163
407.6,2.015497198669565,2.0,9.687888645427975,43.72401610590384,37.0,50.588235294117645,433.04218762730653,538.096737501515
407.70000000000005,2.0155203453052883,2.0,9.701683068743705,43.72995644199892,37.0,50.588235294117645,433.00277534462464,538.1312660326001
407.8,2.0155433345361016,2.0,9.715486570088228,43.735898744795634,37.0,50.588235294117645,432.9633368495144,538.165816907679
407.90000000000003,2.0155661662629227,2.0,9.729299017516803,43.74184301519631,37.0,50.588235294117645,432.92387213404226,538.2003901314589
408.0,2.015588840388187,2.0,9.743120279096491,43.747789254103566,37.0,50.588235294117645,432.884381190271,538.2349857086474
408.1,2.0156113568158482,2.0,9.756950222907342,43.75373746242042,37.0,50.588235294117645,432.84486401026,538.2696036439521
408.20000000000005,2.0156337154513775,2.0,9.770788717043649,43.75968764105028,37.0,50.588235294117645,432.80532058606514,538.3042439420805
408.3,2.0156559162017613,2.0,9.784635629615188,43.7656397908969,37.0,50.588235294117645,432.7657509097387,538.3389066077402
408.40000000000003,2.0156779589755067,2.0,9.798490828748173,43.77159391286443,37.0,50.588235294117645,432.72615497332913,538.3735916456393
408.5,2.015699843682635,2.0,9.812354182586919,43.77755000785737,37.0,50.588235294117645,432.6865327688817,538.4082990604855
408.6,2.015721570234685,2.0,9.826225559294551,43.78350807678066,37.0,50.588235294117645,432.64688428843766,538.4430288569873
408.70000000000005,2.015743138544713,2.0,9.84010482705451,43.789468120539595,37.0,50.588235294117645,432.6072095240348,538.477781039853
408.8,2.0157645485272915,2.0,9.853991854071754,43.7954301400398,37.0,50.588235294117645,432.567508467707,538.512555613791
408.90000000000003,2.015785800098508,2.0,9.867886508573793,43.80139413618724,37.0,50.588235294117645,432.5277811114846,538.5473525835105
409.0,2.015806893175967,2.0,9.881788658811976,43.80736010988841,37.0,50.588235294117645,432.4880274473942,538.5821719537203
409.1,2.0158278276787884,2.0,9.895698173062707,43.813328062050005,37.0,50.588235294117645,432.4482474674585,538.6170137291299
409.20000000000005,2.0158486035276075,2.0,9.909614919628652,43.81929799357914,37.0,50.588235294117645,432.4084411636964,538.6518779144491
409.3,2.015869220644575,2.0,9.923538766839862,43.82526990538338,37.0,50.588235294117645,432.3686085281231,538.6867645143876
409.40000000000003,2.0158896789533554,2.0,9.937469583055051,43.83124379837062,37.0,50.588235294117645,432.32874955274974,538.7216735336559
409.5,2.0159099783791286,2.0,9.95140723666269,43.837219673449056,37.0,50.588235294117645,432.28886422958385,538.7566049769648
409.6,2.0159301188485887,2.0,9.965351596082312,43.843197531527494,37.0,50.588235294117645,432.24895255062887,538.7915588490251
409.70000000000005,2.0159501002899427,2.0,9.979302529765665,43.84917737351486,37.0,50.588235294117645,432.20901450788426,538.8265351545487
409.8,2.015969922632912,2.0,9.993259906197794,43.855159200320486,37.0,50.588235294117645,432.1690500933457,538.8615338982473
409.90000000000003,2.0159895858087307,2.0,10.007223593898434,43.8611430128542,37.0,50.588235294117645,432.1290592990046,538.8965550848333
410.0,2.0160090897501446,2.0,10.021193461423035,43.86712881202618,37.0,50.588235294117645,432.0890421168487,538.9315987190192
410.1,2.0160284343914134,2.0,10.035169377363937,43.87311659874683,37.0,50.588235294117645,432.0489985388615,538.9666648055187
410.20000000000005,2.0160476196683077,2.0,10.049151210351749,43.8791063739273,37.0,50.588235294117645,432.0089285570225,539.0017533490457
410.3,2.01606664551811,2.0,10.063138829056303,43.885098138478725,37.0,50.588235294117645,431.968832163307,539.0368643543143
410.40000000000003,2.0160855118796124,2.0,10.077132102188008,43.89109189331276,37.0,50.588235294117645,431.92870934968647,539.0719978260394
410.5,2.0161042186931195,2.0,10.091130898498843,43.897087639341464,37.0,50.588235294117645,431.8885601081279,539.1071537689364
410.6,2.0161227659004446,2.0,10.105135086783815,43.903085377477225,37.0,50.588235294117645,431.84838443059425,539.1423321877214
410.70000000000005,2.0161411534449107,2.0,10.119144535881855,43.90908510863295,37.0,50.588235294117645,431.8081823090443,539.177533087111
410.8,2.0161593812713496,2.0,10.133159114677163,43.9150868337216,37.0,50.588235294117645,431.7679537354326,539.2127564718226
410.90000000000003,2.016177449326103,2.0,10.147178692100304,43.92109055365694,37.0,50.588235294117645,431.7276987017096,539.2480023465738
411.0,2.0161953575570184,2.0,10.161203137129522,43.92709626935289,37.0,50.588235294117645,431.68741719982114,539.2832707160834
411.1,2.016213105913452,2.0,10.175232318791693,43.933103981723605,37.0,50.588235294117645,431.64710922170906,539.3185615850707
411.20000000000005,2.0162306943462664,2.0,10.189266106163638,43.93911369168387,37.0,50.588235294117645,431.60677475931095,539.3538749582556
411.3,2.0162481228078315,2.0,10.203304368373342,43.945125400148754,37.0,50.588235294117645,431.5664138045596,539.3892108403587
411.40000000000003,2.016265391252021,2.0,10.217346974601014,43.951139108033715,37.0,50.588235294117645,431.5260263493839,539.4245692361015
411.5,2.0162824996342157,2.0,10.231393794080258,43.957154816254615,37.0,50.588235294117645,431.4856123857082,539.4599501502063
411.6,2.016299447911299,2.0,10.245444696099348,43.9631725257276,37.0,50.588235294117645,431.4451719054523,539.4953535873959
411.70000000000005,2.0163162360416593,2.0,10.259499550002259,43.96919223736927,37.0,50.588235294117645,431.4047049005317,539.5307795523942
411.8,2.0163328639851876,2.0,10.273558225189994,43.97521395209668,37.0,50.588235294117645,431.3642113628573,539.5662280499258
411.90000000000003,2.0163493317032786,2.0,10.28762059112152,43.98123767082711,37.0,50.588235294117645,431.32369128433567,539.6016990847163
412.0,2.0163656391588267,2.0,10.301686517315225,43.98726339447836,37.0,50.588235294117645,431.28314465686867,539.6371926614918
412.1,2.0163817863162294,2.0,10.315755873349747,43.993291123968504,37.0,50.588235294117645,431.24257147235375,539.6727087849797
412.20000000000005,2.0163977731413834,2.0,10.329828528865438,43.99932086021602,37.0,50.588235294117645,431.20197172268377,539.708247459908
412.3,2.016413599601686,2.0,10.343904353565293,44.005352604139944,37.0,50.588235294117645,431.16134539974684,539.7438086910057
412.40000000000003,2.0164292656660328,2.0,10.357983217216294,44.01138635665933,37.0,50.588235294117645,431.1206924954267,539.7793924830031
412.5,2.0164447713048177,2.0,10.372064989650358,44.01742211869396,37.0,50.588235294117645,431.08001300160214,539.8149988406309
412.6,2.016460116489933,2.0,10.386149540765693,44.02345989116384,37.0,50.588235294117645,431.0393069101475,539.850627768621
412.70000000000005,2.0164753011947667,2.0,10.400236740527873,44.02949967498938,37.0,50.588235294117645,430.9985742129324,539.8862792717066
412.8,2.016490325394203,2.0,10.41432645897088,44.035541471091335,37.0,50.588235294117645,430.9578149018217,539.9219533546212
412.90000000000003,2.016505189064621,2.0,10.428418566198435,44.04158528039096,37.0,50.588235294117645,430.91702896867537,539.9576500221002
413.0,2.0165198921838945,2.0,10.442512932385032,44.047631103809806,37.0,50.588235294117645,430.8762164053489,539.9933692788796
413.1,2.016534434731391,2.0,10.456609427777124,44.053678942269755,37.0,50.588235294117645,430.83537720369264,540.0291111296965
413.20000000000005,2.0165488166879695,2.0,10.470707922694249,44.05972879669321,37.0,50.588235294117645,430.7945113555524,540.0648755792893
413.3,2.0165630380359816,2.0,10.484808287530159,44.0657806680029,37.0,50.588235294117645,430.7536188527689,540.1006626323971
413.40000000000003,2.01657709875927,2.0,10.498910392754006,44.07183455712192,37.0,50.588235294117645,430.7126996871782,540.1364722937603
413.5,2.0165909988431676,2.0,10.513014108911484,44.077890464973734,37.0,50.588235294117645,430.6717538506112,540.1723045681208
413.6,2.016604738274496,2.0,10.527119306625973,44.08394839248223,37.0,50.588235294117645,430.63078133489415,540.2081594602213
413.70000000000005,2.0166183170415635,2.0,10.541225856599567,44.09000834057167,37.0,50.588235294117645,430.5897821318483,540.2440369748061
413.8,2.0166317351341685,2.0,10.555333629614271,44.09607031016668,37.0,50.588235294117645,430.54875623328974,540.2799371166203
413.90000000000003,2.016644992543594,2.0,10.56944249653328,44.102134302192326,37.0,50.588235294117645,430.5077036310297,540.3158598904105
414.0,2.016658089262609,2.0,10.58355232830188,44.108200317573846,37.0,50.588235294117645,430.4666243168744,540.3518053009241
414.1,2.0166710252854663,2.0,10.597662995948768,44.11426835723728,37.0,50.588235294117645,430.4255182826249,540.3877733529104
414.20000000000005,2.0166838006079026,2.0,10.611774370587005,44.12033842210866,37.0,50.588235294117645,430.3843855200773,540.4237640511195
414.3,2.0166964152271367,2.0,10.6258863234153,44.126410513114706,37.0,50.588235294117645,430.3432260210224,540.4597774003033
414.40000000000003,2.0167088691418704,2.0,10.639998725719032,44.13248463118231,37.0,50.588235294117645,430.30203977724614,540.4958134052147
414.5,2.0167211623522827,2.0,10.654111448871546,44.13856077723881,37.0,50.588235294117645,430.26082678052916,540.5318720706077
414.6,2.016733294860035,2.0,10.668224364334895,44.144638952212006,37.0,50.588235294117645,430.219587022647,540.5679534012384
414.70000000000005,2.016745266668266,2.0,10.682337343661455,44.15071915702987,37.0,50.588235294117645,430.1783204953698,540.6040574018635
414.8,2.0167570777815915,2.0,10.696450258494714,44.15680139262105,37.0,50.588235294117645,430.1370271904629,540.6401840772415
414.90000000000003,2.0167687282061033,2.0,10.710562980570469,44.16288565991442,37.0,50.588235294117645,430.09570709968597,540.6763334321324
415.0,2.0167802179493686,2.0,10.724675381717919,44.16897195983921,37.0,50.588235294117645,430.05436021479346,540.7125054712974
415.1,2.0167915470204285,2.0,10.738787333860865,44.17506029332509,37.0,50.588235294117645,430.01298652753474,540.7487001994992
415.20000000000005,2.016802715429797,2.0,10.752898709018751,44.1811506613023,37.0,50.588235294117645,429.97158602965374,540.7849176215025
415.3,2.0168137231894603,2.0,10.76700937930778,44.18724306470108,37.0,50.588235294117645,429.93015871288895,540.8211577420726
415.40000000000003,2.0168245703128735,2.0,10.781119216942098,44.19333750445247,37.0,50.588235294117645,429.88870456897365,540.8574205659771
415.5,2.0168352568149643,2.0,10.795228094234691,44.19943398148757,37.0,50.588235294117645,429.84722358963575,540.8937060979846
415.6,2.016845782712126,2.0,10.809335883598887,44.20553249673799,37.0,50.588235294117645,429.80571576659753,540.9300143428655
415.70000000000005,2.0168561480222187,2.0,10.823442457548978,44.21163305113578,37.0,50.588235294117645,429.76418109157595,540.9663453053919
415.8,2.0168663527645707,2.0,10.837547688701644,44.217735645613345,37.0,50.588235294117645,429.7226195562825,541.0026989903372
415.90000000000003,2.0168763969599737,2.0,10.851651449777012,44.22384028110349,37.0,50.588235294117645,429.6810311524232,541.0390754024766
416.0,2.016886280630682,2.0,10.86575361359968,44.22994695853947,37.0,50.588235294117645,429.6394158716984,541.0754745465867
416.1,2.0168960038004142,2.0,10.879854053099791,44.23605567885477,37.0,50.588235294117645,429.59777370580326,541.1118964274465
416.20000000000005,2.0169055664943483,2.0,10.893952641314279,44.24216644298326,37.0,50.588235294117645,429.556104646427,541.1483410498355
416.3,2.0169149687391217,2.0,10.90804925138782,44.24827925185946,37.0,50.588235294117645,429.5144086852534,541.1848084185357
416.40000000000003,2.016924210562832,2.0,10.922143756573917,44.25439410641803,37.0,50.588235294117645,429.4726858139607,541.2212985383306
416.5,2.016933291995032,2.0,10.93623603023617,44.260511007594175,37.0,50.588235294117645,429.4309360242214,541.2578114140053
416.6,2.0169422130667316,2.0,10.950325945849093,44.26662995632336,37.0,50.588235294117645,429.38915930770236,541.2943470503469
416.70000000000005,2.016950973810394,2.0,10.964413376999449,44.27275095354156,37.0,50.588235294117645,429.3473556560648,541.3309054521438
416.8,2.016959574259938,2.0,10.978498197387143,44.278874000185056,37.0,50.588235294117645,429.30552506096404,541.3674866241868
416.90000000000003,2.0169680144507316,2.0,10.992580280826555,44.284999097190564,37.0,50.588235294117645,429.2636675140499,541.4040905712678
417.0,2.0169762944195946,2.0,11.006659501247237,44.29112624549521,37.0,50.588235294117645,429.2217830069665,541.4407172981813
417.1,2.0169844142047952,2.0,11.020735732695389,44.297255446036445,37.0,50.588235294117645,429.1798715313519,541.4773668097229
417.20000000000005,2.0169923738460502,2.0,11.03480884933464,44.30338669975214,37.0,50.588235294117645,429.1379330788386,541.5140391106903
417.3,2.017000173384522,2.0,11.048878725447324,44.3095200075806,37.0,50.588235294117645,429.0959676410531,541.5507342058833
417.40000000000003,2.0170078128628193,2.0,11.062945235435429,44.31565537046049,37.0,50.588235294117645,429.05397520961617,541.5874521001031
417.5,2.017015292324992,2.0,11.07700825382176,44.321792789330914,37.0,50.588235294117645,429.01195577614254,541.6241927981534
417.6,2.0170226118165338,2.0,11.091067655250871,44.32793226513127,37.0,50.588235294117645,428.9699093322413,541.6609563048396
417.70000000000005,2.0170297713843786,2.0,11.105123314490294,44.33407379880151,37.0,50.588235294117645,428.9278358695154,541.6977426249686
417.8,2.0170367710768997,2.0,11.119175106431516,44.340217391281726,37.0,50.588235294117645,428.8857353795619,541.7345517633496
417.90000000000003,2.017043610943907,2.0,11.133222906091067,44.34636304351267,37.0,50.588235294117645,428.84360785397195,541.771383724794
418.0,2.0170502910366483,2.0,11.147266588611505,44.35251075643532,37.0,50.588235294117645,428.8014532843307,541.8082385141149
418.1,2.0170568114078047,2.0,11.161306029262631,44.358660530991244,37.0,50.588235294117645,428.7592716622172,541.8451161361272
418.20000000000005,2.017063172111491,2.0,11.175341103442406,44.36481236812216,37.0,50.588235294117645,428.71706297920446,541.8820165956485
418.3,2.0170693732032547,2.0,11.189371686678086,44.37096626877019,37.0,50.588235294117645,428.6748272268596,541.9189398974976
418.40000000000003,2.0170754147400713,2.0,11.203397654627281,44.37712223387814,37.0,50.588235294117645,428.6325643967434,541.955886046496
418.5,2.017081296780346,2.0,11.217418883078864,44.38328026438887,37.0,50.588235294117645,428.59027448041076,541.992855047467
418.6,2.0170870193839123,2.0,11.231435247954213,44.38944036124593,37.0,50.588235294117645,428.5479574694103,542.0298469052359
418.70000000000005,2.0170925826120274,2.0,11.245446625308224,44.39560252539309,37.0,50.588235294117645,428.5056133552844,542.0668616246304
418.8,2.017097986527372,2.0,11.259452891330241,44.40176675777445,37.0,50.588235294117645,428.4632421295696,542.1038992104802
418.90000000000003,2.0171032311940507,2.0,11.273453922345105,44.40793305933471,37.0,50.588235294117645,428.42084378379593,542.140959667617
419.0,2.0171083166775876,2.0,11.287449594814412,44.414101431018764,37.0,50.588235294117645,428.3784183094873,542.178043000875
419.1,2.0171132430449266,2.0,11.30143978533728,44.420271873772094,37.0,50.588235294117645,428.3359656981614,542.2151492150903
419.20000000000005,2.017118010364429,2.0,11.315424370651579,44.42644438854046,37.0,50.588235294117645,428.29348594132955,542.252278315101
419.3,2.01712261870587,2.0,11.329403227634891,44.43261897627002,37.0,50.588235294117645,428.25097903049686,542.2894303057478
419.40000000000003,2.0171270681404416,2.0,11.34337623330546,44.43879563790739,37.0,50.588235294117645,428.2084449571621,542.3266051918736
419.5,2.0171313587407464,2.0,11.357343264823399,44.44497437439958,37.0,50.588235294117645,428.1658837128177,542.3638029783233
419.6,2.017135490580798,2.0,11.371304199491622,44.45115518669394,37.0,50.588235294117645,428.1232952889497,542.4010236699444
419.70000000000005,2.0171394637360196,2.0,11.385258914756811,44.45733807573828,37.0,50.588235294117645,428.0806796770378,542.4382672715863
419.8,2.017143278283241,2.0,11.399207288210633,44.46352304248069,37.0,50.588235294117645,428.0380368685553,542.4755337881006
419.90000000000003,2.0171469343006985,2.0,11.413149197590492,44.469710087869885,37.0,50.588235294117645,427.995366854969,542.512823224342
420.0,2.0171504318680302,2.0,11.427084520780875,44.47589921285464,37.0,50.588235294117645,427.9526696277393,542.5501355851668
420.1,2.017153771066279,2.0,11.441013135813945,44.48209041838453,37.0,50.588235294117645,427.9099451783201,542.5874708754338
420.20000000000005,2.017156951977886,2.0,11.45493492087105,44.48828370540923,37.0,50.588235294117645,427.86719349815877,542.6248291000044
420.3,2.0171599746866917,2.0,11.468849754283363,44.49447907487888,37.0,50.588235294117645,427.8244145786963,542.662210263742
420.40000000000003,2.0171628392779337,2.0,11.482757514533061,44.50067652774402,37.0,50.588235294117645,427.7816084113669,542.6996143715127
420.5,2.0171655458382434,2.0,11.496658080254289,44.50687606495575,37.0,50.588235294117645,427.7387749875984,542.7370414281849
420.6,2.0171680944556463,2.0,11.510551330234136,44.51307768746534,37.0,50.588235294117645,427.695914298812,542.7744914386293
420.70000000000005,2.0171704852195593,2.0,11.52443714341376,44.519281396224585,37.0,50.588235294117645,427.65302633642233,542.8119644077193
420.8,2.0171727182207877,2.0,11.538315398889294,44.525487192185665,37.0,50.588235294117645,427.61011109183727,542.8494603403307
420.90000000000003,2.017174793551526,2.0,11.55218597591278,44.53169507630116,37.0,50.588235294117645,427.56716855645806,542.8869792413415
421.0,2.017176711305353,2.0,11.566048753893403,44.537905049524,37.0,50.588235294117645,427.52419872167934,542.9245211156326
421.1,2.0171784715772323,2.0,11.579903612398182,44.54411711280761,37.0,50.588235294117645,427.4812015788891,542.9620859680871
421.20000000000005,2.0171800744635093,2.0,11.593750431153255,44.55033126710572,37.0,50.588235294117645,427.43817711946843,542.9996738035908
421.3,2.0171815200619094,2.0,11.607589090044662,44.55654751337249,37.0,50.588235294117645,427.39512533479177,543.037284627032
421.40000000000003,2.0171828084715364,2.0,11.621419469119425,44.56276585256256,37.0,50.588235294117645,427.3520462162268,543.0749184433014
421.5,2.01718393979287,2.0,11.635241448586543,44.5689862856309,37.0,50.588235294117645,427.3089397551345,543.1125752572925
421.6,2.0171849141277645,2.0,11.649054908817915,44.57520881353281,37.0,50.588235294117645,427.2658059428687,543.1502550739015
421.70000000000005,2.0171857315794472,2.0,11.662859730349409,44.58143343722418,37.0,50.588235294117645,427.22264477077687,543.1879578980265
421.8,2.0171863922525146,2.0,11.676655793881817,44.58766015766105,37.0,50.588235294117645,427.17945623019926,543.2256837345691
421.90000000000003,2.017186896252933,2.0,11.690442980281716,44.5938889758001,37.0,50.588235294117645,427.1362403124695,543.263432588433
422.0,2.017187243688034,2.0,11.704221170582668,44.60011989259834,37.0,50.588235294117645,427.09299700891404,543.3012044645249
422.1,2.0171874346665146,2.0,11.717990245985993,44.60635290901314,37.0,50.588235294117645,427.04972631085263,543.3389993677538
422.20000000000005,2.017187469298434,2.0,11.731750087861833,44.61258802600224,37.0,50.588235294117645,427.00642820959814,543.3768173030317
422.3,2.0171873476952125,2.0,11.745500577750144,44.61882524452392,37.0,50.588235294117645,426.9631026964562,543.4146582752729
422.40000000000003,2.017187069969628,2.0,11.7592415973616,44.62506456553672,37.0,50.588235294117645,426.91974976272564,543.4525222893949
422.5,2.017186636235815,2.0,11.772973028578619,44.631305989999646,37.0,50.588235294117645,426.8763693996983,543.4904093503176
422.6,2.0171860466092624,2.0,11.786694753456182,44.63754951887205,37.0,50.588235294117645,426.832961598659,543.5283194629637
422.70000000000005,2.017185301206812,2.0,11.800406654223053,44.64379515311384,37.0,50.588235294117645,426.78952635088524,543.5662526322589
422.8,2.0171844001466552,2.0,11.814108613282496,44.65004289368528,37.0,50.588235294117645,426.74606364764793,543.6042088631311
422.90000000000003,2.0171833435483317,2.0,11.827800513213354,44.656292741546906,37.0,50.588235294117645,426.7025734802105,543.6421881605116
423.0,2.017182131532728,2.0,11.841482236770943,44.66254469765971,37.0,50.588235294117645,426.6590558398294,543.6801905293343
423.1,2.0171807642220734,2.0,11.85515366688809,44.66879876298515,37.0,50.588235294117645,426.6155107177539,543.7182159745357
423.20000000000005,2.0171792417399397,2.0,11.868814686675972,44.67505493848506,37.0,50.588235294117645,426.57193810522625,543.7562645010555
423.3,2.017177564211239,2.0,11.882465179425111,44.681313225121585,37.0,50.588235294117645,426.52833799348133,543.794336113836
423.40000000000003,2.017175731762219,2.0,11.89610502860638,44.68757362385753,37.0,50.588235294117645,426.4847103737469,543.8324308178223
423.5,2.0171737445204654,2.0,11.909734117871789,44.693836135655886,37.0,50.588235294117645,426.4410552372436,543.8705486179626
423.6,2.017171602614895,2.0,11.92335233105559,44.70010076148003,37.0,50.588235294117645,426.39737257518465,543.908689519208
423.70000000000005,2.0171693061757576,2.0,11.936959552175129,44.70636750229386,37.0,50.588235294117645,426.3536623787762,543.9468535265123
423.8,2.01716685533463,2.0,11.95055566543181,44.71263635906172,37.0,50.588235294117645,426.30992463921706,543.9850406448323
423.90000000000003,2.0171642502244165,2.0,11.96414055521194,44.71890733274813,37.0,50.588235294117645,426.26615934769865,544.0232508791278
424.0,2.0171614909793463,2.0,11.97771410608782,44.725180424318296,37.0,50.588235294117645,426.222366495405,544.0614842343615
424.1,2.017158577734971,2.0,11.991276202818518,44.73145563473764,37.0,50.588235294117645,426.178546073513,544.0997407154993
424.20000000000005,2.017155510628162,2.0,12.004826730350942,44.737732964972054,37.0,50.588235294117645,426.13469807319217,544.1380203275096
424.3,2.017152289797107,2.0,12.018365573820562,44.74401241598787,37.0,50.588235294117645,426.0908224856045,544.1763230753643
424.40000000000003,2.0171489153813114,2.0,12.031892618552508,44.750293988751764,37.0,50.588235294117645,426.04691930190455,544.2146489640379
424.5,2.017145387521593,2.0,12.045407750062408,44.75657768423082,37.0,50.588235294117645,426.00298851323964,544.2529979985081
424.6,2.0171417063600807,2.0,12.058910854057338,44.762863503392566,37.0,50.588235294117645,425.9590301107496,544.2913701837558
424.70000000000005,2.0171378720402116,2.0,12.072401816436745,44.76915144720488,37.0,50.588235294117645,425.91504408556665,544.3297655247646
424.8,2.0171338847067304,2.0,12.085880523293191,44.775441516636135,37.0,50.588235294117645,425.8710304288157,544.3681840265215
424.90000000000003,2.0171297445056844,2.0,12.099346860913586,44.78173371265507,37.0,50.588235294117645,425.8269891316139,544.4066256940163
425.0,2.017125451584424,2.0,12.112800715779725,44.788028036230855,37.0,50.588235294117645,425.78292018507113,544.445090532242
425.1,2.017121006091599,2.0,12.126241974569506,44.79432448833302,37.0,50.588235294117645,425.7388235802896,544.4835785461952
425.20000000000005,2.0171164081771553,2.0,12.13967052415764,44.80062306993153,37.0,50.588235294117645,425.69469930836397,544.5220897408748
425.3,2.017111657992334,2.0,12.153086251616545,44.80692378199677,37.0,50.588235294117645,425.65054736038127,544.560624121283
425.40000000000003,2.017106755689669,2.0,12.166489044217347,44.81322662549951,37.0,50.588235294117645,425.6063677274212,544.5991816924258
425.5,2.0171017014229844,2.0,12.179878789430767,44.8195316014108,37.0,50.588235294117645,425.5621604005553,544.6377624593116
425.6,2.0170964953473907,2.0,12.193255374927869,44.82583871070244,37.0,50.588235294117645,425.5179253708479,544.6763664269525
425.70000000000005,2.017091137619285,2.0,12.206618688581068,44.83214795434634,37.0,50.588235294117645,425.47366262935554,544.7149936003635
425.8,2.017085628396347,2.0,12.21996861846504,44.83845933331486,37.0,50.588235294117645,425.42937216712704,544.7536439845627
425.90000000000003,2.017079967837536,2.0,12.233305052857524,44.844772848580874,37.0,50.588235294117645,425.3850539752035,544.7923175845718
426.0,2.0170741561030905,2.0,12.246627880240162,44.85108850111766,37.0,50.588235294117645,425.34070804461834,544.8310144054155
426.1,2.0170681933545236,2.0,12.259936989299545,44.85740629189877,37.0,50.588235294117645,425.2963343663971,544.8697344521219
426.20000000000005,2.017062079754622,2.0,12.273232268927938,44.863726221898276,37.0,50.588235294117645,425.2519329315578,544.9084777297221
426.3,2.017055815467443,2.0,12.286513608224205,44.8700482920907,37.0,50.588235294117645,425.2075037311104,544.9472442432506
426.40000000000003,2.017049400658312,2.0,12.299780896494628,44.87637250345085,37.0,50.588235294117645,425.1630467560573,544.9860339977454
426.5,2.0170428354938204,2.0,12.3130340232539,44.88269885695405,37.0,50.588235294117645,425.1185619973929,545.0248469982473
426.6,2.0170361201418228,2.0,12.326272878225854,44.8890273535759,37.0,50.588235294117645,425.07404944610374,545.0636832498008
426.70000000000005,2.017029254771434,2.0,12.339497351344399,44.89535799429257,37.0,50.588235294117645,425.02950909316866,545.1025427574538
426.8,2.017022239553028,2.0,12.352707332754317,44.901690780080514,37.0,50.588235294117645,424.9849409295585,545.1414255262572
426.90000000000003,2.017015074658233,2.0,12.365902712812193,44.90802571191665,37.0,50.588235294117645,424.9403449462362,545.1803315612655
427.0,2.017007760259932,2.0,12.379083382087206,44.9143627907784,37.0,50.588235294117645,424.8957211341569,545.2192608675363
427.1,2.0170002965322573,2.0,12.392249231362012,44.92070201764341,37.0,50.588235294117645,424.8510694842675,545.2582134501308
427.20000000000005,2.016992683650591,2.0,12.40540015163361,44.92704339348978,37.0,50.588235294117645,424.80638998750726,545.2971893141137
427.3,2.0169849217915585,2.0,12.418536034114181,44.9333869192962,37.0,50.588235294117645,424.7616826348073,545.3361884645526
427.40000000000003,2.01697701113303,2.0,12.431656770231825,44.93973259604161,37.0,50.588235294117645,424.71694741709075,545.3752109065193
427.5,2.016968951854115,2.0,12.444762251631566,44.94608042470537,37.0,50.588235294117645,424.67218432527284,545.4142566450884
427.6,2.0169607441351607,2.0,12.457852370176102,44.9524304062673,37.0,50.588235294117645,424.62739335026055,545.453325685338
427.70000000000005,2.016952388157751,2.0,12.47092701794658,44.95878254170759,37.0,50.588235294117645,424.5825744829529,545.49241803235
427.8,2.0169438841047005,2.0,12.483986087243656,44.96513683200686,37.0,50.588235294117645,424.53772771424104,545.5315336912095
427.90000000000003,2.0169352321600553,2.0,12.497029470587968,44.97149327814611,37.0,50.588235294117645,424.49285303500767,545.5706726670047
428.0,2.0169264325090874,2.0,12.510057060721357,44.97785188110686,37.0,50.588235294117645,424.4479504361276,545.6098349648281
428.1,2.0169174853382947,2.0,12.523068750607326,44.9842126418709,37.0,50.588235294117645,424.40301990846746,545.6490205897752
428.20000000000005,2.0169083908353964,2.0,12.536064433432152,44.990575561420485,37.0,50.588235294117645,424.35806144288574,545.6882295469451
428.3,2.0168991491893307,2.0,12.549044002605514,44.99694064073839,37.0,50.588235294117645,424.3130750302328,545.7274618414402
428.40000000000003,2.0168897605902543,2.0,12.562007351761359,45.003307880807654,37.0,50.588235294117645,424.2680606613507,545.7667174783669
428.5,2.0168802252295355,2.0,12.574954374758875,45.00967728261173,37.0,50.588235294117645,424.2230183270735,545.8059964628349
428.6,2.016870543299756,2.0,12.587884965682951,45.01604884713453,37.0,50.588235294117645,424.17794801822674,545.8452987999573
428.70000000000005,2.0168607149947047,2.0,12.600799018845366,45.02242257536045,37.0,50.588235294117645,424.1328497256279,545.884624494851
428.8,2.0168507405093776,2.0,12.613696428785346,45.0287984682742,37.0,50.588235294117645,424.08772344008634,545.9239735526363
428.90000000000003,2.016840620039973,2.0,12.62657709027047,45.03517652686094,37.0,50.588235294117645,424.04256915240285,545.9633459784375
429.0,2.01683035378389,2.0,12.639440898297385,45.0415567521062,37.0,50.588235294117645,423.99738685337013,546.0027417773819
429.1,2.0168199419397252,2.0,12.652287748092732,45.04793914499612,37.0,50.588235294117645,423.95217653377244,546.0421609546008
429.20000000000005,2.0168093847072717,2.0,12.66511753511382,45.05432370651687,37.0,50.588235294117645,423.9069381843858,546.0816035152292
429.3,2.016798682287513,2.0,12.677930155049534,45.060710437655416,37.0,50.588235294117645,423.86167179597794,546.1210694644055
429.40000000000003,2.0167878348826216,2.0,12.69072550382096,45.06709933939891,37.0,50.588235294117645,423.8163773593081,546.1605588072717
429.5,2.0167768426959594,2.0,12.70350347758226,45.073490412735,37.0,50.588235294117645,423.7710548651271,546.2000715489739
429.6,2.01676570593207,2.0,12.716263972721585,45.07988365865174,37.0,50.588235294117645,423.7257043041775,546.2396076946613
429.70000000000005,2.0167544247966784,2.0,12.729006885861612,45.08627907813758,37.0,50.588235294117645,423.6803256671933,546.2791672494873
429.8,2.016742999496689,2.0,12.741732113860433,45.09267667218148,37.0,50.588235294117645,423.6349189449002,546.3187502186086
429.90000000000003,2.016731430240181,2.0,12.754439553812425,45.099076441772695,37.0,50.588235294117645,423.58948412801544,546.3583566071856
430.0,2.016719717236406,2.0,12.767129103048912,45.10547838790086,37.0,50.588235294117645,423.5440212072476,546.3979864203828
430.1,2.016707860695786,2.0,12.779800659138873,45.11188251155613,37.0,50.588235294117645,423.498530173297,546.4376396633681
430.20000000000005,2.0166958608299104,2.0,12.792454119889854,45.118288813729066,37.0,50.588235294117645,423.4530110168553,546.4773163413133
430.3,2.016683717851531,2.0,12.805089383348687,45.12469729541067,37.0,50.588235294117645,423.40746372860576,546.5170164593941
430.40000000000003,2.0166714319745633,2.0,12.817706347802119,45.131107957592235,37.0,50.588235294117645,423.361888299223,546.5567400227893
430.5,2.0166590034140803,2.0,12.83030491177782,45.13752080126551,37.0,50.588235294117645,423.3162847193731,546.5964870366823
430.6,2.01664643238631,2.0,12.842884974044951,45.14393582742275,37.0,50.588235294117645,423.27065297971353,546.6362575062597
430.70000000000005,2.016633719108633,2.0,12.855446433614908,45.150353037056504,37.0,50.588235294117645,423.22499307089333,546.676051436712
430.8,2.0166208637995817,2.0,12.86798918974214,45.15677243115988,37.0,50.588235294117645,423.17930498355275,546.7158688332339
430.90000000000003,2.0166078666788327,2.0,12.880513141924968,45.16319401072627,37.0,50.588235294117645,423.13358870832354,546.7557097010233
431.0,2.0165947279672083,2.0,12.893018189906122,45.16961777674942,37.0,50.588235294117645,423.0878442358287,546.7955740452825
431.1,2.016581447886672,2.0,12.905504233673666,45.176043730223796,37.0,50.588235294117645,423.0420715566827,546.8354618712171
431.20000000000005,2.0165680266603245,2.0,12.91797117346172,45.18247187214399,37.0,50.588235294117645,422.9962706614911,546.875373184037
431.3,2.0165544645124025,2.0,12.930418909751005,45.18890220350511,37.0,50.588235294117645,422.95044154085116,546.9153079889558
431.40000000000003,2.0165407616682747,2.0,12.942847343269861,45.19533472530276,37.0,50.588235294117645,422.904584185351,546.9552662911906
431.5,2.016526918354438,2.0,12.955256374994754,45.20176943853278,37.0,50.588235294117645,422.85869858557027,546.9952480959629
431.6,2.0165129347985187,2.0,12.967645906151022,45.20820634419141,37.0,50.588235294117645,422.8127847320799,547.0352534084977
431.70000000000005,2.016498811229263,2.0,12.980015838213843,45.214645443275515,37.0,50.588235294117645,422.76684261544176,547.0752822340244
431.8,2.01648454787654,2.0,12.992366072908567,45.2210867367823,37.0,50.588235294117645,422.72087222620934,547.1153345777756
431.90000000000003,2.016470144971335,2.0,13.00469651221172,45.227530225709415,37.0,50.588235294117645,422.6748735549273,547.1554104449881
432.0,2.016455602745748,2.0,13.017007058351673,45.233975911054756,37.0,50.588235294117645,422.62884659213114,547.1955098409029
432.1,2.01644092143299,2.0,13.029297613809245,45.240423793816774,37.0,50.588235294117645,422.5827913283478,547.2356327707646
432.20000000000005,2.0164261012673825,2.0,13.041568081318449,45.24687387499432,37.0,50.588235294117645,422.5367077540954,547.2757792398221
432.3,2.0164111424843494,2.0,13.0538183638674,45.25332615558682,37.0,50.588235294117645,422.4905958598831,547.3159492533277
432.40000000000003,2.016396045320419,2.0,13.066048364698634,45.259780636593746,37.0,50.588235294117645,422.4444556362113,547.3561428165383
432.5,2.0163808100132186,2.0,13.078257987310163,45.26623731901526,37.0,50.588235294117645,422.39828707357134,547.396359934714
432.6,2.016365436801471,2.0,13.090447135456024,45.27269620385192,37.0,50.588235294117645,422.35209016244585,547.4366006131197
432.70000000000005,2.0163499259249926,2.0,13.102615713146871,45.27915729210457,37.0,50.588235294117645,422.30586489330847,547.4768648570235
432.8,2.016334277624691,2.0,13.114763624650859,45.285620584774506,37.0,50.588235294117645,422.2596112566239,547.5171526716979
432.90000000000003,2.0163184921425588,2.0,13.12689077449427,45.29208608286359,37.0,50.588235294117645,422.2133292428478,547.5574640624197
433.0,2.0163025697216748,2.0,13.138997067462089,45.298553787373976,37.0,50.588235294117645,422.16701884242707,547.5977990344692
433.1,2.0162865106061982,2.0,13.151082408598871,45.30502369930832,37.0,50.588235294117645,422.1206800457993,547.6381575931308
433.20000000000005,2.016270315041365,2.0,13.163146703209312,45.31149581966946,37.0,50.588235294117645,422.07431284339356,547.6785397436932
433.3,2.0162539832734865,2.0,13.175189856858843,45.31797014946096,37.0,50.588235294117645,422.02791722562955,547.718945491449
433.40000000000003,2.016237515549946,2.0,13.187211775374468,45.324446689686624,37.0,50.588235294117645,421.98149318291803,547.7593748416947
433.5,2.0162209121191954,2.0,13.199212364845385,45.330925441350644,37.0,50.588235294117645,421.93504070566075,547.7998277997309
433.6,2.016204173230752,2.0,13.211191531623594,45.33740640545784,37.0,50.588235294117645,421.8885597842504,547.8403043708624
433.70000000000005,2.016187299135194,2.0,13.22314918232467,45.343889583013265,37.0,50.588235294117645,421.84205040907045,547.880804560398
433.8,2.01617029008416,2.0,13.235085223828186,45.35037497502242,37.0,50.588235294117645,421.7955125704956,547.9213283736506
433.90000000000003,2.016153146330345,2.0,13.246999563278727,45.3568625824912,37.0,50.588235294117645,421.7489462588911,547.9618758159371
434.0,2.016135868127496,2.0,13.258892108086275,45.36335240642603,37.0,50.588235294117645,421.7023514646135,548.0024468925786
434.1,2.016118455730409,2.0,13.270762765927,45.36984444783354,37.0,50.588235294117645,421.65572817800984,548.0430416089004
434.20000000000005,2.0161009093949285,2.0,13.282611444743736,45.37633870772106,37.0,50.588235294117645,421.6090763894181,548.0836599702315
434.3,2.016083229377941,2.0,13.294438052746909,45.38283518709608,37.0,50.588235294117645,421.5623960891671,548.1243019819054
434.40000000000003,2.0160654159373723,2.0,13.306242498414955,45.389333886966654,37.0,50.588235294117645,421.5156872675767,548.1649676492597
434.5,2.0160474693321873,2.0,13.318024690494907,45.39583480834125,37.0,50.588235294117645,421.46894991495736,548.205656977636
434.6,2.016029389822383,2.0,13.329784538003391,45.40233795222872,37.0,50.588235294117645,421.42218402161035,548.24636997238
434.70000000000005,2.016011177668987,2.0,13.341521950226841,45.40884331963821,37.0,50.588235294117645,421.3753895778277,548.2871066388417
434.8,2.0159928331340544,2.0,13.353236836722353,45.415350911579594,37.0,50.588235294117645,421.3285665738923,548.3278669823752
434.90000000000003,2.015974356480666,2.0,13.364929107318286,45.42186072906287,37.0,50.588235294117645,421.2817150000779,548.3686510083388
435.0,2.01595574797292,2.0,13.376598672114941,45.42837277309866,37.0,50.588235294117645,421.2348348466487,548.409458722095
435.1,2.0159370078759355,2.0,13.388245441484955,45.4348870446978,37.0,50.588235294117645,421.18792610385987,548.4502901290101
435.20000000000005,2.015918136455844,2.0,13.399869326074251,45.441403544871605,37.0,50.588235294117645,421.1409887619571,548.4911452344551
435.3,2.0158991339797896,2.0,13.411470236802366,45.447922274631935,37.0,50.588235294117645,421.0940228111769,548.5320240438051
435.40000000000003,2.015880000715923,2.0,13.4230480848633,45.45444323499106,37.0,50.588235294117645,421.04702824174655,548.5729265624391
435.5,2.0158607369334,2.0,13.43460278172592,45.460966426961534,37.0,50.588235294117645,421.00000504388385,548.6138527957404
435.6,2.0158413429023776,2.0,13.4461342391347,45.46749185155636,37.0,50.588235294117645,420.95295320779724,548.6548027490967
435.70000000000005,2.0158218188940107,2.0,13.45764236911026,45.474019509789,37.0,50.588235294117645,420.90587272368595,548.6957764279
435.8,2.0158021651804496,2.0,13.46912708395001,45.48054940267332,37.0,50.588235294117645,420.8587635817397,548.7367738375461
435.90000000000003,2.0157823820348355,2.0,13.480588296228763,45.487081531223566,37.0,50.588235294117645,420.81162577213894,548.7777949834356
436.0,2.015762469731298,2.0,13.492025918799254,45.49361589645446,37.0,50.588235294117645,420.76445928505467,548.8188398709726
436.1,2.015742428544951,2.0,13.503439864792801,45.5001524993811,37.0,50.588235294117645,420.71726411064844,548.8599085055662
436.20000000000005,2.0157222587518913,2.0,13.514830047619855,45.506691341019064,37.0,50.588235294117645,420.67004023907236,548.9010008926292
436.3,2.015701960629192,2.0,13.526196380970655,45.513232422384306,37.0,50.588235294117645,420.6227876604692,548.9421170375791
436.40000000000003,2.015681534454903,2.0,13.53753877881567,45.51977574449319,37.0,50.588235294117645,420.57550636497234,548.9832569458374
436.5,2.015660980508044,2.0,13.548857155406331,45.526321308362526,37.0,50.588235294117645,420.5281963427055,549.0244206228297
436.6,2.015640299068605,2.0,13.560151425275546,45.53286911500959,37.0,50.588235294117645,420.480857583783,549.0656080739861
436.70000000000005,2.0156194904175386,2.0,13.571421503238271,45.539419165451875,37.0,50.588235294117645,420.4334900783097,549.1068193047413
436.8,2.0155985548367608,2.0,13.582667304392057,45.545971460707506,37.0,50.588235294117645,420.386093816381,549.1480543205337
436.90000000000003,2.0155774926091437,2.0,13.593888744117677,45.552526001794945,37.0,50.588235294117645,420.33866878808277,549.1893131268063
437.0,2.0155563040185163,2.0,13.605085738079573,45.559082789733054,37.0,50.588235294117645,420.2912149834913,549.2305957290062
437.1,2.015534989349659,2.0,13.61625820222664,45.56564182554109,37.0,50.588235294117645,420.2437323926733,549.2719021325852
437.20000000000005,2.0155135488882974,2.0,13.627406052792619,45.572203110238945,37.0,50.588235294117645,420.1962210056861,549.3132323429992
437.3,2.015491982921105,2.0,13.638529206296532,45.578766644846496,37.0,50.588235294117645,420.14868081257725,549.3545863657083
437.40000000000003,2.0154702917356953,2.0,13.649627579543555,45.58533243038448,37.0,50.588235294117645,420.1011118033849,549.395964206177
437.5,2.0154484756206195,2.0,13.660701089625363,45.59190046787393,37.0,50.588235294117645,420.05351396813757,549.4373658698742
437.6,2.0154265348653633,2.0,13.67174965392065,45.59847075833608,37.0,50.588235294117645,420.0058872968541,549.478791362273
437.70000000000005,2.0154044697603433,2.0,13.682773190095764,45.60504330279275,37.0,50.588235294117645,419.9582317795437,549.5202406888509
437.8,2.015382280596904,2.0,13.693771616105199,45.61161810226628,37.0,50.588235294117645,419.9105474062062,549.5617138550898
437.90000000000003,2.015359967667315,2.0,13.704744850192187,45.61819515777921,37.0,50.588235294117645,419.8628341668316,549.6032108664759
438.0,2.015337531264765,2.0,13.715692810889177,45.62477447035462,37.0,50.588235294117645,419.81509205140014,549.6447317284999
438.1,2.01531497168336,2.0,13.726615417018378,45.63135604101598,37.0,50.588235294117645,419.7673210498826,549.6862764466566
438.20000000000005,2.015292289218122,2.0,13.737512587692235,45.63793987078725,37.0,50.588235294117645,419.71952115224,549.7278450264453
438.3,2.0152694841649814,2.0,13.748384242314117,45.64452596069276,37.0,50.588235294117645,419.67169234842373,549.7694374733696
438.40000000000003,2.015246556820777,2.0,13.759230300578643,45.65111431175711,37.0,50.588235294117645,419.6238346283755,549.8110537929376
438.5,2.01522350748325,2.0,13.770050682472354,45.65770492500559,37.0,50.588235294117645,419.57594798202723,549.8526939906617
438.6,2.0152003364510422,2.0,13.780845308274106,45.66429780146376,37.0,50.588235294117645,419.528032399301,549.8943580720588
438.70000000000005,2.015177044023692,2.0,13.791614098555677,45.670892942157536,37.0,50.588235294117645,419.48008787010957,549.9360460426498
438.8,2.01515363050163,2.0,13.802356974182175,45.67749034811334,37.0,50.588235294117645,419.43211438435554,549.9777579079606
438.90000000000003,2.015130096186178,2.0,13.813073856312672,45.6840900203581,37.0,50.588235294117645,419.38411193193195,550.019493673521
439.0,2.0151064413795443,2.0,13.82376466640059,45.69069195991892,37.0,50.588235294117645,419.3360805027221,550.0612533448651
439.1,2.015082666384817,2.0,13.834429326194371,45.697296167823595,37.0,50.588235294117645,419.28802008659943,550.1030369275321
439.20000000000005,2.015058771505966,2.0,13.845067757737663,45.703902645100015,37.0,50.588235294117645,419.2399306734277,550.1448444270649
439.3,2.015034757047836,2.0,13.85567988337013,45.71051139277682,37.0,50.588235294117645,419.1918122530606,550.186675849011
439.40000000000003,2.0150106233161433,2.0,13.866265625727806,45.71712241188294,37.0,50.588235294117645,419.1436648153424,550.2285311989225
439.5,2.0149863706174744,2.0,13.876824907743536,45.72373570344757,37.0,50.588235294117645,419.0954883501073,550.2704104823559
439.6,2.0149619992592798,2.0,13.88735765264762,45.730351268500556,37.0,50.588235294117645,419.04728284717976,550.312313704872
439.70000000000005,2.0149375095498714,2.0,13.897863783968106,45.736969108071946,37.0,50.588235294117645,418.9990482963744,550.3542408720363
439.8,2.014912901798419,2.0,13.908343225531361,45.74358922319249,37.0,50.588235294117645,418.95078468749585,550.3961919894181
439.90000000000003,2.014888176314948,2.0,13.918795901462504,45.750211614893146,37.0,50.588235294117645,418.9024920103392,550.4381670625916
440.0,2.0148633334103336,2.0,13.929221736186026,45.75683628420529,37.0,50.588235294117645,418.8541702546894,550.4801660971355
440.1,2.014838373396299,2.0,13.939620654425998,45.76346323216069,37.0,50.588235294117645,418.8058194103214,550.5221890986326
440.20000000000005,2.0148132965854115,2.0,13.94999258120675,45.77009245979167,37.0,50.588235294117645,418.7574394670007,550.5642360726705
440.3,2.0147881032910786,2.0,13.96033744185331,45.776723968130966,37.0,50.588235294117645,418.7090304144826,550.606307024841
440.40000000000003,2.014762793827544,2.0,13.970655161991743,45.78335775821148,37.0,50.588235294117645,418.66059224251245,550.6484019607406
440.5,2.014737368509885,2.0,13.980945667549674,45.78999383106685,37.0,50.588235294117645,418.61212494082577,550.6905208859696
440.6,2.0147118276540086,2.0,13.991208884756812,45.79663218773095,37.0,50.588235294117645,418.5636284991482,550.7326638061336
440.70000000000005,2.0146861715766478,2.0,14.001444740145255,45.80327282923815,37.0,50.588235294117645,418.5151029071954,550.7748307268424
440.8,2.014660400595358,2.0,14.011653160550079,45.80991575662313,37.0,50.588235294117645,418.46654815467303,550.8170216537101
440.90000000000003,2.0146345150285128,2.0,14.021834073109684,45.8165609709211,37.0,50.588235294117645,418.41796423127676,550.8592365923553
441.0,2.0146085151953024,2.0,14.031987405266236,45.82320847316771,37.0,50.588235294117645,418.36935112669244,550.901475548401
441.1,2.014582401415728,2.0,14.0421130847662,45.82985826439892,37.0,50.588235294117645,418.3207088305958,550.9437385274748
441.20000000000005,2.014556174010598,2.0,14.052211039660687,45.83651034565111,37.0,50.588235294117645,418.27203733265264,550.9860255352087
441.3,2.0145298333015274,2.0,14.062281198305815,45.84316471796109,37.0,50.588235294117645,418.22333662251884,551.0283365772392
441.40000000000003,2.0145033796109297,2.0,14.072323489363377,45.84982138236609,37.0,50.588235294117645,418.1746066898401,551.070671659207
441.5,2.014476813262017,2.0,14.082337841800996,45.85648033990384,37.0,50.588235294117645,418.12584752425226,551.113030786758
441.6,2.0144501345787944,2.0,14.092324184892695,45.863141591612475,37.0,50.588235294117645,418.07705911538113,551.1554139655418
441.70000000000005,2.0144233438860577,2.0,14.102282448219276,45.86980513853041,37.0,50.588235294117645,418.0282414528423,551.1978212012127
441.8,2.0143964415093882,2.0,14.11221256166878,45.87647098169663,37.0,50.588235294117645,417.9793945262415,551.2402524994299
441.90000000000003,2.0143694277751503,2.0,14.122114455436794,45.88313912215034,37.0,50.588235294117645,417.9305183251744,551.2827078658565
442.0,2.0143423030104883,2.0,14.13198806002695,45.88980956093138,37.0,50.588235294117645,417.8816128392265,551.3251873061605
442.1,2.0143150675433206,2.0,14.141833306251385,45.89648229907982,37.0,50.588235294117645,417.8326780579733,551.3676908260142
442.20000000000005,2.014287721702338,2.0,14.151650125230917,45.90315733763629,37.0,50.588235294117645,417.7837139709802,551.4102184310943
442.3,2.0142602658169992,2.0,14.161438448395673,45.90983467764181,37.0,50.588235294117645,417.7347205678025,551.4527701270823
442.40000000000003,2.0142327002175278,2.0,14.171198207485398,45.916514320137765,37.0,50.588235294117645,417.6856978379856,551.4953459196638
442.5,2.0142050252349075,2.0,14.180929334549802,45.92319626616603,37.0,50.588235294117645,417.6366457710644,551.537945814529
442.6,2.0141772412008803,2.0,14.190631761949026,45.92988051676872,37.0,50.588235294117645,417.58756435656414,551.5805698173729
442.70000000000005,2.0141493484479405,2.0,14.200305422354026,45.93656707298857,37.0,50.588235294117645,417.53845358399957,551.6232179338947
442.8,2.014121347309333,2.0,14.209950248746864,45.94325593586865,37.0,50.588235294117645,417.48931344287547,551.6658901697982
442.90000000000003,2.0140932381190493,2.0,14.219566174421214,45.94994710645233,37.0,50.588235294117645,417.44014392268656,551.7085865307914
443.0,2.0140650212118216,2.0,14.229153132982658,45.956640585783646,37.0,50.588235294117645,417.3909450129173,551.7513070225874
443.1,2.0140366969231223,2.0,14.238711058349018,45.96333637490682,37.0,50.588235294117645,417.341716703042,551.7940516509033
443.20000000000005,2.0140082655891587,2.0,14.248239884750838,45.970034474866566,37.0,50.588235294117645,417.29245898252486,551.8368204214609
443.3,2.013979727546869,2.0,14.257739546731708,45.97673488670813,37.0,50.588235294117645,417.2431718408199,551.8796133399863
443.40000000000003,2.013951083133919,2.0,14.267209979148557,45.983437611476916,37.0,50.588235294117645,417.19385526737096,551.9224304122105
443.5,2.0139223326886997,2.0,14.276651117172086,45.99014265021901,37.0,50.588235294117645,417.1445092516118,551.9652716438685
443.6,2.013893476550321,2.0,14.286062896287202,45.99685000398074,37.0,50.588235294117645,417.0951337829657,552.0081370407
443.70000000000005,2.01386451505861,2.0,14.295445252293138,46.00355967380892,37.0,50.588235294117645,417.04572885084605,552.0510266084494
443.8,2.0138354485541066,2.0,14.304798121304039,46.01027166075073,37.0,50.588235294117645,416.9962944446559,552.0939403528655
443.90000000000003,2.01380627737806,2.0,14.314121439749204,46.01698596585379,37.0,50.588235294117645,416.9468305537882,552.1368782797014
444.0,2.0137770018724246,2.0,14.323415144373413,46.02370259016618,37.0,50.588235294117645,416.8973371676255,552.1798403947147
444.1,2.013747622379856,2.0,14.332679172237352,46.03042153473626,37.0,50.588235294117645,416.84781427554026,552.2228267036678
444.20000000000005,2.01371813924371,2.0,14.341913460717793,46.03714280061291,37.0,50.588235294117645,416.7982618668946,552.2658372123275
444.3,2.013688552808033,2.0,14.351117947508207,46.0438663888454,37.0,50.588235294117645,416.74867993104056,552.3088719264648
444.40000000000003,2.013658863417565,2.0,14.36029257061871,46.0505923004834,37.0,50.588235294117645,416.69906845731975,552.3519308518554
444.5,2.013629071417731,2.0,14.36943726837678,46.05732053657704,37.0,50.588235294117645,416.6494274350637,552.3950139942798
444.6,2.0135991771546404,2.0,14.378551979427279,46.06405109817689,37.0,50.588235294117645,416.5997568535936,552.4381213595225
444.70000000000005,2.013569180975081,2.0,14.387636642732977,46.070783986333765,37.0,50.588235294117645,416.5500567022203,552.4812529533726
444.8,2.013539083226517,2.0,14.396691197574796,46.07751920209904,37.0,50.588235294117645,416.50032697024443,552.5244087816242
444.90000000000003,2.0135088842570825,2.0,14.405715583552116,46.08425674652449,37.0,50.588235294117645,416.45056764695653,552.567588850075
445.0,2.0134785844155823,2.0,14.41470974058301,46.090996620662224,37.0,50.588235294117645,416.40077872163664,552.6107931645281
445.1,2.013448184051483,2.0,14.423673608904803,46.09773882556476,37.0,50.588235294117645,416.3509601835546,552.6540217307904
445.20000000000005,2.0134176835149136,2.0,14.432607129074032,46.10448336228512,37.0,50.588235294117645,416.3011120219698,552.6972745546736
445.3,2.0133870831566583,2.0,14.441510241967109,46.11123023187673,37.0,50.588235294117645,416.25123422613154,552.7405516419941
445.40000000000003,2.013356383328156,2.0,14.450382888780256,46.11797943539335,37.0,50.588235294117645,416.2013267852787,552.783852998572
445.5,2.0133255843814926,2.0,14.459225011030162,46.1247309738892,37.0,50.588235294117645,416.1513896886398,552.827178630233
445.6,2.013294686669402,2.0,14.468036550553952,46.13148484841889,37.0,50.588235294117645,416.10142292543316,552.8705285428064
445.70000000000005,2.0132636905452577,2.0,14.476817449509763,46.1382410600375,37.0,50.588235294117645,416.05142648486674,552.9139027421262
445.8,2.0132325963630726,2.0,14.485567650376776,46.14499960980038,37.0,50.588235294117645,416.0014003561381,552.9573012340311
445.90000000000003,2.013201404477493,2.0,14.494287095955723,46.15176049876345,37.0,50.588235294117645,415.95134452843456,553.0007240243642
446.0,2.013170115243795,2.0,14.502975729368984,46.15852372798304,37.0,50.588235294117645,415.9012589909331,553.044171118973
446.1,2.013138729017882,2.0,14.511633494060973,46.165289298515745,37.0,50.588235294117645,415.8511437328002,553.0876425237095
446.20000000000005,2.0131072461562804,2.0,14.520260333798355,46.172057211418576,37.0,50.588235294117645,415.80099874319217,553.13113824443
446.3,2.013075667016136,2.0,14.52885619267039,46.178827467749045,37.0,50.588235294117645,415.7508240112549,553.1746582869955
446.40000000000003,2.013043991955207,2.0,14.53742101508919,46.18560006856512,37.0,50.588235294117645,415.7006195261239,553.2182026572715
446.5,2.013012221331867,2.0,14.545954745789784,46.19237501492506,37.0,50.588235294117645,415.6503852769242,553.2617713611278
446.6,2.0129803555050936,2.0,14.554457329830756,46.19915230788763,37.0,50.588235294117645,415.6001212527708,553.3053644044386
446.70000000000005,2.01294839483447,2.0,14.562928712594104,46.20593194851199,37.0,50.588235294117645,415.54982744276793,553.3489817930829
446.8,2.0129163396801797,2.0,14.571368839785777,46.212713937857586,37.0,50.588235294117645,415.49950383600975,553.3926235329438
446.90000000000003,2.012884190403001,2.0,14.57977765743582,46.219498276984325,37.0,50.588235294117645,415.44915042157976,553.4362896299092
447.0,2.012851947364306,2.0,14.588155111898619,46.226284966952676,37.0,50.588235294117645,415.3987671885513,553.4799800898709
447.1,2.012819610926054,2.0,14.596501149853202,46.23307400882322,37.0,50.588235294117645,415.34835412598716,553.5236949187257
447.20000000000005,2.0127871814507903,2.0,14.604815718303357,46.239865403657234,37.0,50.588235294117645,415.2979112229399,553.5674341223746
447.3,2.012754659301639,2.0,14.61309876457804,46.246659152516315,37.0,50.588235294117645,415.2474384684515,553.6111977067231
447.40000000000003,2.0127220448423047,2.0,14.621350236331416,46.25345525646247,37.0,50.588235294117645,415.19693585155363,553.6549856776811
447.5,2.0126893384370623,2.0,14.629570081543353,46.260253716558,37.0,50.588235294117645,415.14640336126746,553.698798041163
447.6,2.0126565404507573,2.0,14.637758248519383,46.26705453386569,37.0,50.588235294117645,415.09584098660395,553.7426348030874
447.70000000000005,2.0126236512488003,2.0,14.645914685891057,46.273857709448635,37.0,50.588235294117645,415.0452487165634,553.7864959693778
447.8,2.0125906711971653,2.0,14.654039342616159,46.28066324437066,37.0,50.588235294117645,414.9946265401358,553.8303815459617
447.90000000000003,2.0125576006623818,2.0,14.662132167979014,46.28747113969558,37.0,50.588235294117645,414.9439744463008,553.8742915387711
448.0,2.012524440011535,2.0,14.670193111590422,46.29428139648792,37.0,50.588235294117645,414.8932924240274,553.9182259537425
448.1,2.0124911896122613,2.0,14.678222123388224,46.30109401581251,37.0,50.588235294117645,414.8425804622743,553.9621847968169
448.20000000000005,2.0124578498327406,2.0,14.686219153637323,46.30790899873455,37.0,50.588235294117645,414.79183854998985,554.0061680739393
448.3,2.012424421041698,2.0,14.694184152929807,46.31472634631962,37.0,50.588235294117645,414.74106667611187,554.0501757910598
448.40000000000003,2.012390903608397,2.0,14.702117072185406,46.32154605963382,37.0,50.588235294117645,414.69026482956775,554.0942079541322
448.5,2.0123572979026343,2.0,14.710017862651458,46.328368139743475,37.0,50.588235294117645,414.63943299927433,554.1382645691152
448.6,2.0123236042947403,2.0,14.717886475903196,46.33519258771548,37.0,50.588235294117645,414.58857117413817,554.1823456419716
448.70000000000005,2.0122898231555713,2.0,14.725722863844036,46.342019404617076,37.0,50.588235294117645,414.53767934305523,554.2264511786685
448.8,2.012255954856506,2.0,14.733526978705598,46.348848591516,37.0,50.588235294117645,414.4867574949111,554.2705811851778
448.90000000000003,2.0122219997694444,2.0,14.741298773047923,46.355680149480236,37.0,50.588235294117645,414.435805618581,554.3147356674755
449.0,2.012187958266802,2.0,14.74903819975982,46.36251407957826,37.0,50.588235294117645,414.3848237029295,554.358914631542
449.1,2.012153830721505,2.0,14.7567452120589,46.36935038287879,37.0,50.588235294117645,414.3338117368109,554.4031180833621
449.20000000000005,2.0121196175069884,2.0,14.764419763491748,46.376189060451225,37.0,50.588235294117645,414.28276970906876,554.4473460289248
449.3,2.012085318997192,2.0,14.772061807934149,46.38303011336518,37.0,50.588235294117645,414.2316976085365,554.4915984742237
449.40000000000003,2.012050935566555,2.0,14.779671299591328,46.38987354269068,37.0,50.588235294117645,414.1805954240368,554.5358754252567
449.5,2.012016467590012,2.0,14.787248192997922,46.3967193494982,37.0,50.588235294117645,414.12946314438216,554.5801768880257
449.6,2.0119819154429925,2.0,14.794792443018313,46.40356753485867,37.0,50.588235294117645,414.0783007583742,554.6245028685374
449.70000000000005,2.0119472795014137,2.0,14.802304004846768,46.410418099843355,37.0,50.588235294117645,414.02710825480443,554.6688533728028
449.8,2.011912560141677,2.0,14.809782834007578,46.41727104552382,37.0,50.588235294117645,413.97588562245375,554.7132284068371
449.90000000000003,2.011877757740666,2.0,14.817228886355151,46.42412637297218,37.0,50.588235294117645,413.92463285009256,554.7576279766597
450.0,2.0118428726757407,2.0,14.824642118074259,46.43098408326091,37.0,50.588235294117645,413.87334992648084,554.8020520882945
450.1,2.011807905324734,2.0,14.832022485680199,46.437844177462864,37.0,50.588235294117645,413.82203684036796,554.8465007477697
450.20000000000005,2.0117728560659485,2.0,14.839369946018769,46.44470665665136,37.0,50.588235294117645,413.77069358049295,554.8909739611177
450.3,2.0117377252781536,2.0,14.846684456266608,46.45157152190001,37.0,50.588235294117645,413.7193201355843,554.9354717343753
450.40000000000003,2.0117025133405786,2.0,14.853965973931349,46.45843877428291,37.0,50.588235294117645,413.66791649436004,554.9799940735835
450.5,2.0116672206329116,2.0,14.861214456851506,46.465308414874414,37.0,50.588235294117645,413.61648264552764,555.0245409847878
450.6,2.0116318475352943,2.0,14.868429863196898,46.472180444749426,37.0,50.588235294117645,413.5650185777841,555.0691124740376
450.70000000000005,2.0115963944283184,2.0,14.875612151468594,46.47905486498331,37.0,50.588235294117645,413.5135242798159,555.1137085473871
450.8,2.0115608616930216,2.0,14.882761280499107,46.485931676651546,37.0,50.588235294117645,413.4619997402992,555.1583292108943
450.90000000000003,2.011525249710884,2.0,14.889877209452507,46.49281088083029,37.0,50.588235294117645,413.41044494789946,555.2029744706218
451.0,2.0114895588638255,2.0,14.896959897824564,46.499692478596046,37.0,50.588235294117645,413.3588598912718,555.2476443326361
451.1,2.011453789534198,2.0,14.90400930544289,46.50657647102554,37.0,50.588235294117645,413.3072445590608,555.2923388030082
451.20000000000005,2.011417942104786,2.0,14.911025392466907,46.51346285919607,37.0,50.588235294117645,413.25559893990044,555.3370578878134
451.3,2.0113820169588004,2.0,14.918008119388173,46.52035164418521,37.0,50.588235294117645,413.20392302241436,555.3818015931312
451.40000000000003,2.0113460144798747,2.0,14.92495744703034,46.52724282707112,37.0,50.588235294117645,413.1522167952157,555.4265699250451
451.5,2.0113099350520622,2.0,14.931873336549298,46.534136408932056,37.0,50.588235294117645,413.1004802469069,555.4713628896429
451.6,2.01127377905983,2.0,14.938755749433332,46.54103239084691,37.0,50.588235294117645,413.04871336608016,555.5161804930168
451.70000000000005,2.0112375468880583,2.0,14.94560464750307,46.547930773894905,37.0,50.588235294117645,412.996916141317,555.5610227412632
451.8,2.0112012389220326,2.0,14.952419992911818,46.55483155915573,37.0,50.588235294117645,412.94508856118847,555.6058896404822
451.90000000000003,2.0111648555474435,2.0,14.95920174814536,46.56173474770924,37.0,50.588235294117645,412.8932306142553,555.650781196779
452.0,2.0111283971503817,2.0,14.965949876022332,46.56864034063591,37.0,50.588235294117645,412.8413422890675,555.6956974162621
452.1,2.011091864117332,2.0,14.972664339694205,46.575548339016564,37.0,50.588235294117645,412.7894235741647,555.7406383050446
452.20000000000005,2.011055256835172,2.0,14.979345102645198,46.58245874393231,37.0,50.588235294117645,412.737474458076,555.7856038692437
452.3,2.011018575691168,2.0,14.985992128692647,46.589371556464755,37.0,50.588235294117645,412.68549492932004,555.8305941149808
452.40000000000003,2.010981821072969,2.0,14.9926053819869,46.596286777695866,37.0,50.588235294117645,412.633484976405,555.8756090483814
452.5,2.010944993368605,2.0,14.999184827011373,46.60320440870805,37.0,50.588235294117645,412.5814445878284,555.9206486755754
452.6,2.010908092966482,2.0,15.005730428582776,46.610124450583896,37.0,50.588235294117645,412.52937375207745,555.9657130026964
452.70000000000005,2.01087112025538,2.0,15.012242151851005,46.61704690440666,37.0,50.588235294117645,412.4772724576288,556.0108020358824
452.8,2.010834075624446,2.0,15.018719962299397,46.62397177125979,37.0,50.588235294117645,412.4251406929486,556.0559157812753
452.90000000000003,2.0107969594631916,2.0,15.025163825744569,46.630899052227335,37.0,50.588235294117645,412.3729784464925,556.1010542450213
453.0,2.01075977216149,2.0,15.03157370833667,46.63782874839359,37.0,50.588235294117645,412.3207857067057,556.1462174332705
453.1,2.0107225141095713,2.0,15.037949576559296,46.644760860843064,37.0,50.588235294117645,412.26856246202277,556.1914053521776
453.20000000000005,2.010685185698018,2.0,15.044291397229653,46.651695390661075,37.0,50.588235294117645,412.2163087008682,556.2366180079007
453.3,2.010647787317763,2.0,15.05059913749852,46.65863233893293,37.0,50.588235294117645,412.1640244116555,556.2818554066026
453.40000000000003,2.010610319360084,2.0,15.056872764850425,46.66557170674457,37.0,50.588235294117645,412.11170958278797,556.3271175544495
453.5,2.010572782216599,2.0,15.063112247103504,46.67251349518227,37.0,50.588235294117645,412.05936420265834,556.3724044576122
453.6,2.010535176279265,2.0,15.069317552409617,46.67945770533265,37.0,50.588235294117645,412.0069882596489,556.4177161222653
453.70000000000005,2.0104975019403724,2.0,15.075488649254504,46.68640433828273,37.0,50.588235294117645,411.9545817421314,556.4630525545878
453.8,2.0104597595925413,2.0,15.081625506457662,46.693353395119914,37.0,50.588235294117645,411.90214463846723,556.5084137607618
453.90000000000003,2.0104219496287175,2.0,15.087728093172446,46.700304876931966,37.0,50.588235294117645,411.8496769370072,556.5537997469744
454.0,2.0103840724421684,2.0,15.093796378886061,46.707258784807095,37.0,50.588235294117645,411.79717862609164,556.5992105194163
454.1,2.0103461284264807,2.0,15.099830333419604,46.71421511983385,37.0,50.588235294117645,411.74464969405057,556.6446460842823
454.20000000000005,2.010308117975554,2.0,15.105829926928141,46.7211738831013,37.0,50.588235294117645,411.6920901292034,556.6901064477709
454.3,2.0102700414836,2.0,15.111795129900589,46.72813507569862,37.0,50.588235294117645,411.63949991985913,556.7355916160848
454.40000000000003,2.0102318993451345,2.0,15.11772591315995,46.7350986987156,37.0,50.588235294117645,411.5868790543162,556.781101595431
454.5,2.0101936919549788,2.0,15.123622247863018,46.7420647532424,37.0,50.588235294117645,411.53422752086277,556.82663639202
454.6,2.01015541970825,2.0,15.129484105500756,46.749033240369386,37.0,50.588235294117645,411.4815453077763,556.8721960120662
454.70000000000005,2.0101170830003623,2.0,15.135311457897906,46.75600416118749,37.0,50.588235294117645,411.428832403324,556.9177804617882
454.8,2.01007868222702,2.0,15.141104277213337,46.762977516788,37.0,50.588235294117645,411.37608879576266,556.9633897474085
454.90000000000003,2.0100402177842143,2.0,15.146862535939857,46.76995330826247,37.0,50.588235294117645,411.3233144733384,557.0090238751534
455.0,2.010001690068221,2.0,15.152586206904267,46.77693153670299,37.0,50.588235294117645,411.27050942428707,557.0546828512531
455.1,2.0099630994755935,2.0,15.158275263267381,46.78391220320185,37.0,50.588235294117645,411.21767363683404,557.1003666819416
455.20000000000005,2.009924446403161,2.0,15.16392967852385,46.79089530885193,37.0,50.588235294117645,411.16480709919415,557.146075373457
455.3,2.009885731248025,2.0,15.169549426502376,46.79788085474638,37.0,50.588235294117645,411.1119097995719,557.1918089320413
455.40000000000003,2.009846954407555,2.0,15.175134481365603,46.804868841978646,37.0,50.588235294117645,411.05898172616145,557.2375673639401
455.5,2.009808116279383,2.0,15.180684817610096,46.811859271642675,37.0,50.588235294117645,411.00602286714627,557.283350675403
455.6,2.009769217261402,2.0,15.186200410066284,46.81885214483276,37.0,50.588235294117645,410.95303321069963,557.3291588726836
455.70000000000005,2.0097302577517615,2.0,15.191681233898457,46.825847462643594,37.0,50.588235294117645,410.90001274498434,557.3749919620388
455.8,2.0096912381488625,2.0,15.197127264604832,46.83284522617021,37.0,50.588235294117645,410.8469614581528,557.4208499497299
455.90000000000003,2.009652158851354,2.0,15.2025384780174,46.839845436508085,37.0,50.588235294117645,410.7938793383468,557.4667328420219
456.0,2.0096130202581306,2.0,15.207914850301865,46.84684809475294,37.0,50.588235294117645,410.7407663736981,557.5126406451832
456.1,2.0095738227683273,2.0,15.21325635795783,46.85385320200095,37.0,50.588235294117645,410.6876225523276,557.5585733654863
456.20000000000005,2.0095345667813147,2.0,15.218562977818493,46.860860759348725,37.0,50.588235294117645,410.6344478623462,557.6045310092073
456.3,2.009495252696699,2.0,15.223834687050697,46.86787076789312,37.0,50.588235294117645,410.5812422918541,557.6505135826264
456.40000000000003,2.009455880914312,2.0,15.229071463155076,46.87488322873145,37.0,50.588235294117645,410.52800582894133,557.6965210920272
456.5,2.0094164518342135,2.0,15.23427328396561,46.881898142961404,37.0,50.588235294117645,410.4747384616875,557.7425535436969
456.6,2.009376965856683,2.0,15.239440127649942,46.888915511681034,37.0,50.588235294117645,410.42144017816173,557.7886109439269
456.70000000000005,2.0093374233822185,2.0,15.244571972709151,46.89593533598878,37.0,50.588235294117645,410.36811096642276,557.8346932990119
456.8,2.009297824811531,2.0,15.249668797977709,46.90295761698343,37.0,50.588235294117645,410.31475081451913,557.8808006152503
456.90000000000003,2.0092581705455417,2.0,15.254730582623464,46.90998235576404,37.0,50.588235294117645,410.26135971048876,557.9269328989445
457.0,2.009218460985377,2.0,15.259757306147506,46.91700955343032,37.0,50.588235294117645,410.2079376423595,557.9730901564002
457.1,2.009178696532367,2.0,15.264748948384185,46.92403921108212,37.0,50.588235294117645,410.15448459814866,558.019272393927
457.20000000000005,2.0091388775880374,2.0,15.269705489500998,46.9310713298197,37.0,50.588235294117645,410.10100056586316,558.0654796178382
457.3,2.009099004554111,2.0,15.274626909998476,46.93810591074367,37.0,50.588235294117645,410.0474855334997,558.1117118344504
457.40000000000003,2.0090590778324997,2.0,15.279513190710198,46.945142954955145,37.0,50.588235294117645,409.9939394890446,558.157969050084
457.5,2.0090190978253015,2.0,15.284364312802683,46.952182463555346,37.0,50.588235294117645,409.9403624204738,558.2042512710632
457.6,2.0089790649347985,2.0,15.289180257775165,46.959224437646185,37.0,50.588235294117645,409.8867543157529,558.2505585037151
457.70000000000005,2.008938979563451,2.0,15.293961007459773,46.966268878329686,37.0,50.588235294117645,409.8331151628373,558.2968907543712
457.8,2.008898842113895,2.0,15.298706544021233,46.97331578670827,37.0,50.588235294117645,409.77944494967187,558.3432480293662
457.90000000000003,2.0088586529889367,2.0,15.303416849956905,46.980365163884926,37.0,50.588235294117645,409.7257436641914,558.3896303350383
458.0,2.0088184125915514,2.0,15.308091908096543,46.98741701096287,37.0,50.588235294117645,409.6720112943202,558.4360376777295
458.1,2.0087781213248768,2.0,15.312731701602388,46.994471329045666,37.0,50.588235294117645,409.6182478279724,558.4824700637845
458.20000000000005,2.008737779592211,2.0,15.317336213968922,47.00152811923721,37.0,50.588235294117645,409.5644532530518,558.5289274995525
458.3,2.008697387797007,2.0,15.32190542902282,47.00858738264185,37.0,50.588235294117645,409.51062755745187,558.5754099913858
458.40000000000003,2.008656946342872,2.0,15.32643933092283,47.01564912036429,37.0,50.588235294117645,409.45677072905573,558.62191754564
458.5,2.0086164556335584,2.0,15.330937904159693,47.02271333350956,37.0,50.588235294117645,409.4028827557365,558.6684501686746
458.6,2.0085759160729664,2.0,15.335401133555951,47.02978002318304,37.0,50.588235294117645,409.3489636253569,558.7150078668518
458.70000000000005,2.0085353280651352,2.0,15.339829004266017,47.036849190490386,37.0,50.588235294117645,409.29501332576916,558.761590646538
458.8,2.008494692014241,2.0,15.344221501775866,47.04392083653795,37.0,50.588235294117645,409.24103184481544,558.8081985141027
458.90000000000003,2.0084540083245916,2.0,15.348578611902958,47.05099496243213,37.0,50.588235294117645,409.1870191703278,558.8548314759188
459.0,2.008413277400627,2.0,15.352900320796136,47.058071569279775,37.0,50.588235294117645,409.13297529012783,558.9014895383624
459.1,2.0083724996469092,2.0,15.3571866149356,47.06515065818803,37.0,50.588235294117645,409.078900192027,558.9481727078132
459.20000000000005,2.008331675468125,2.0,15.361437481132535,47.07223223026443,37.0,50.588235294117645,409.0247938638265,558.9948809906543
459.3,2.0082908052690764,2.0,15.365652906529322,47.079316286617086,37.0,50.588235294117645,408.9706562933174,559.0416143932723
459.40000000000003,2.0082498894546807,2.0,15.36983287859902,47.08640282835421,37.0,50.588235294117645,408.91648746828054,559.0883729220564
459.5,2.0082089284299647,2.0,15.373977385145551,47.09349185658442,37.0,50.588235294117645,408.8622873764864,559.1351565833996
459.6,2.008167922600062,2.0,15.378086414303356,47.10058337241662,37.0,50.588235294117645,408.8080560056954,559.1819653836985
459.70000000000005,2.008126872370208,2.0,15.382159954537375,47.10767737696028,37.0,50.588235294117645,408.75379334365783,559.2287993293525
459.8,2.008085778145738,2.0,15.386197994642789,47.11477387132504,37.0,50.588235294117645,408.69949937811367,559.2756584267642
459.90000000000003,2.00804464033208,2.0,15.390200523745023,47.121872856620996,37.0,50.588235294117645,408.64517409679274,559.32254268234
460.0,2.008003459334756,2.0,15.394167531299342,47.12897433395847,37.0,50.588235294117645,408.5908174874148,559.3694521024888
460.1,2.0079622355593734,2.0,15.39809900709103,47.13607830444835,37.0,50.588235294117645,408.53642953768946,559.4163866936235
460.20000000000005,2.0079209694116233,2.0,15.401994941234987,47.14318476920175,37.0,50.588235294117645,408.48201023531607,559.4633464621594
460.3,2.0078796612972765,2.0,15.405855324175612,47.150293729330144,37.0,50.588235294117645,408.4275595679839,559.5103314145155
460.40000000000003,2.0078383116221814,2.0,15.40968014668665,47.15740518594532,37.0,50.588235294117645,408.3730775233721,559.5573415571139
460.5,2.0077969207922566,2.0,15.413469399871211,47.16451914015954,37.0,50.588235294117645,408.31856408914973,559.6043768963797
460.6,2.0077554892134892,2.0,15.417223075161228,47.171635593085114,37.0,50.588235294117645,408.26401925297563,559.6514374387411
460.70000000000005,2.0077140172919328,2.0,15.420941164317554,47.17875454583509,37.0,50.588235294117645,408.20944300249863,559.6985231906298
460.8,2.0076725054336992,2.0,15.424623659429821,47.18587599952269,37.0,50.588235294117645,408.15483532535745,559.74563415848
460.90000000000003,2.0076309540449597,2.0,15.428270552915999,47.192999955261485,37.0,50.588235294117645,408.1001962091807,559.7927703487293
461.0,2.0075893635319373,2.0,15.431881837522536,47.200126414165425,37.0,50.588235294117645,408.04552564158706,559.8399317678185
461.1,2.0075477343009047,2.0,15.43545750632391,47.2072553773487,37.0,50.588235294117645,407.99082361018486,559.8871184221912
461.20000000000005,2.0075060667581814,2.0,15.43899755272258,47.2143868459259,37.0,50.588235294117645,407.9360901025727,559.9343303182941
461.3,2.0074643613101277,2.0,15.44250197044882,47.221520821012064,37.0,50.588235294117645,407.8813251063388,559.9815674625771
461.40000000000003,2.007422618363143,2.0,15.445970753560395,47.22865730372246,37.0,50.588235294117645,407.8265286090616,560.0288298614928
461.5,2.0073808383236607,2.0,15.449403896442512,47.23579629517275,37.0,50.588235294117645,407.77170059830956,560.0761175214968
461.6,2.007339021598145,2.0,15.452801393807526,47.242937796479,37.0,50.588235294117645,407.7168410616409,560.1234304490479
461.70000000000005,2.007297168593087,2.0,15.45616324069477,47.250081808757386,37.0,50.588235294117645,407.6619499866038,560.1707686506076
461.8,2.007255279715002,2.0,15.459489432470331,47.25722833312466,37.0,50.588235294117645,407.6070273607367,560.2181321326402
461.90000000000003,2.007213355370424,2.0,15.462779964826971,47.2643773706979,37.0,50.588235294117645,407.55207317156794,560.2655209016133
462.0,2.0071713959659023,2.0,15.466034833783688,47.27152892259437,37.0,50.588235294117645,407.4970874066158,560.3129349639971
462.1,2.007129401907999,2.0,15.469254035685681,47.27868298993184,37.0,50.588235294117645,407.4420700533886,560.3603743262648
462.20000000000005,2.007087373603284,2.0,15.47243756720405,47.285839573828355,37.0,50.588235294117645,407.38702109938487,560.4078389948926
462.3,2.007045311458333,2.0,15.475585425335687,47.2929986754022,37.0,50.588235294117645,407.33194053209303,560.455328976359
462.40000000000003,2.007003215879721,2.0,15.478697607402927,47.30016029577223,37.0,50.588235294117645,407.2768283389917,560.5028442771459
462.5,2.0069610872740204,2.0,15.481774111053358,47.3073244360574,37.0,50.588235294117645,407.2216845075495,560.5503849037374
462.6,2.0069189260477973,2.0,15.484814934259667,47.314491097377015,37.0,50.588235294117645,407.16650902522514,560.5979508626209
462.70000000000005,2.006876732607608,2.0,15.48782007531929,47.32166028085095,37.0,50.588235294117645,407.11130187946736,560.6455421602864
462.8,2.006834507359994,2.0,15.490789532854357,47.32883198759919,37.0,50.588235294117645,407.0560630577151,560.6931588032264
462.90000000000003,2.0067922507114795,2.0,15.493723305811265,47.33600621874217,37.0,50.588235294117645,407.00079254739745,560.7408007979365
463.0,2.006749963068567,2.0,15.496621393460572,47.34318297540062,37.0,50.588235294117645,406.9454903359335,560.7884681509145
463.1,2.006707644837733,2.0,15.499483795396682,47.3503622586955,37.0,50.588235294117645,406.8901564107326,560.8361608686613
463.20000000000005,2.0066652964254277,2.0,15.50231051153763,47.35754406974826,37.0,50.588235294117645,406.8347907591941,560.8838789576804
463.3,2.006622918238066,2.0,15.505101542124937,47.36472840968065,37.0,50.588235294117645,406.77939336870793,560.9316224244778
463.40000000000003,2.0065805106820283,2.0,15.507856887723136,47.37191527961471,37.0,50.588235294117645,406.72396422665366,560.9793912755623
463.5,2.006538074163654,2.0,15.51057654921972,47.37910468067281,37.0,50.588235294117645,406.6685033204014,561.0271855174448
463.6,2.0064956090892396,2.0,15.513260527824812,47.38629661397766,37.0,50.588235294117645,406.6130106373113,561.0750051566395
463.70000000000005,2.0064531158650336,2.0,15.515908825070955,47.393491080652325,37.0,50.588235294117645,406.5574861647338,561.1228501996625
463.8,2.006410594897235,2.0,15.518521442812702,47.400688081820135,37.0,50.588235294117645,406.5019298900096,561.1707206530328
463.90000000000003,2.006368046591986,2.0,15.521098383226636,47.407887618604775,37.0,50.588235294117645,406.4463418004695,561.2186165232721
464.0,2.006325471355372,2.0,15.523639648810793,47.41508969213032,37.0,50.588235294117645,406.39072188343476,561.2665378169039
464.1,2.006282869593417,2.0,15.526145242384601,47.42229430352103,37.0,50.588235294117645,406.33507012621664,561.314484540455
464.20000000000005,2.006240241712077,2.0,15.52861516708862,47.42950145390171,37.0,50.588235294117645,406.279386516117,561.3624567004543
464.3,2.0061975881172414,2.0,15.53104942638404,47.43671114439718,37.0,50.588235294117645,406.2236710404276,561.4104543034326
464.40000000000003,2.006154909214724,2.0,15.533448024052733,47.44392337613283,37.0,50.588235294117645,406.1679236864308,561.4584773559238
464.5,2.0061122054102642,2.0,15.53581096419665,47.45113815023433,37.0,50.588235294117645,406.11214444139927,561.5065258644643
464.6,2.0060694771095204,2.0,15.538138251237857,47.45835546782757,37.0,50.588235294117645,406.05633329259575,561.5545998355923
464.70000000000005,2.0060267247180668,2.0,15.540429889918004,47.46557533003886,37.0,50.588235294117645,406.0004902272736,561.6026992758486
464.8,2.0059839486413895,2.0,15.542685885298138,47.47279773799471,37.0,50.588235294117645,405.9446152326764,561.6508241917765
464.90000000000003,2.005941149284885,2.0,15.54490624275838,47.48002269282216,37.0,50.588235294117645,405.8887082960382,561.6989745899211
465.0,2.005898327053854,2.0,15.547090967997736,47.48725019564836,37.0,50.588235294117645,405.8327694045833,561.7471504768305
465.1,2.005855482353499,2.0,15.5492400670337,47.494480247600904,37.0,50.588235294117645,405.77679854552645,561.7953518590546
465.20000000000005,2.00581261558892,2.0,15.551353546201952,47.501712849807575,37.0,50.588235294117645,405.7207957060728,561.8435787431456
465.3,2.005769727165112,2.0,15.553431412156119,47.508948003396654,37.0,50.588235294117645,405.6647608734179,561.8918311356579
465.40000000000003,2.0057268174869605,2.0,15.555473671867441,47.5161857094966,37.0,50.588235294117645,405.6086940347479,561.9401090431481
465.5,2.005683886959238,2.0,15.557480332624479,47.5234259692362,37.0,50.588235294117645,405.55259517723914,561.9884124721751
465.6,2.0056409359866,2.0,15.559451402032806,47.530668783744545,37.0,50.588235294117645,405.4964642880586,562.0367414292998
465.70000000000005,2.0055979649735827,2.0,15.561386888014647,47.53791415415111,37.0,50.588235294117645,405.4403013543637,562.0850959210854
465.8,2.0055549743245984,2.0,15.56328679880869,47.5451620815856,37.0,50.588235294117645,405.38410636330235,562.1334759540971
465.90000000000003,2.005511964443932,2.0,15.56515114296964,47.55241256717807,37.0,50.588235294117645,405.32787930201295,562.181881534902
466.0,2.0054689357357374,2.0,15.566979929367989,47.55966561205889,37.0,50.588235294117645,405.27162015762434,562.2303126700697
466.1,2.0054258886040346,2.0,15.56877316718961,47.566921217358754,37.0,50.588235294117645,405.2153289172561,562.2787693661713
466.20000000000005,2.0053828234527047,2.0,15.57053086593559,47.57417938420866,37.0,50.588235294117645,405.1590055680183,562.3272516297804
466.3,2.005339740685488,2.0,15.572253035421689,47.5814401137398,37.0,50.588235294117645,405.10265009701146,562.3757594674723
466.40000000000003,2.005296640705978,2.0,15.573939685778196,47.588703407083756,37.0,50.588235294117645,405.0462624913268,562.4242928858245
466.5,2.005253523917622,2.0,15.575590827449462,47.595969265372446,37.0,50.588235294117645,404.989842738046,562.472851891416
466.6,2.005210390723713,2.0,15.57720647119373,47.60323768973808,37.0,50.588235294117645,404.9333908242414,562.5214364908283
466.70000000000005,2.005167241527389,2.0,15.578786628082629,47.61050868131315,37.0,50.588235294117645,404.8769067369761,562.5700466906444
466.8,2.005124076731627,2.0,15.580331309500952,47.617782241230486,37.0,50.588235294117645,404.82039046330374,562.6186824974494
466.90000000000003,2.005080896739244,2.0,15.581840527146172,47.625058370623094,37.0,50.588235294117645,404.76384199026853,562.6673439178301
467.0,2.005037701952888,2.0,15.583314293028373,47.63233707062449,37.0,50.588235294117645,404.7072613049056,562.7160309583752
467.1,2.004994492775038,2.0,15.584752619469583,47.63961834236835,37.0,50.588235294117645,404.6506483942405,562.7647436256751
467.20000000000005,2.0049512696079987,2.0,15.586155519103679,47.6469021869886,37.0,50.588235294117645,404.5940032452896,562.813481926322
467.3,2.004908032853898,2.0,15.587523004875825,47.654188605619595,37.0,50.588235294117645,404.53732584506,562.86224586691
467.40000000000003,2.0048647829146837,2.0,15.588855090042298,47.66147759939588,37.0,50.588235294117645,404.4806161805497,562.9110354540351
467.5,2.004821520192119,2.0,15.59015178817004,47.668769169452446,37.0,50.588235294117645,404.42387423874703,562.9598506942943
467.6,2.004778245087779,2.0,15.59141311313634,47.6760633169244,37.0,50.588235294117645,404.36710000663146,563.0086915942873
467.70000000000005,2.0047349580030476,2.0,15.592639079128414,47.68336004294713,37.0,50.588235294117645,404.3102934711731,563.0575581606143
467.8,2.0046916593391146,2.0,15.59382970064306,47.690659348656425,37.0,50.588235294117645,404.25345461933296,563.1064503998782
467.90000000000003,2.0046483494969722,2.0,15.59498499248636,47.69796123518847,37.0,50.588235294117645,404.1965834380627,563.1553683186828
468.0,2.0046050288774087,2.0,15.596104969773297,47.70526570367957,37.0,50.588235294117645,404.13967991430496,563.2043119236338
468.1,2.0045616978810097,2.0,15.597189647927198,47.71257275526625,37.0,50.588235294117645,404.0827440349931,563.2532812213383
468.20000000000005,2.0045183569081497,2.0,15.598239042679714,47.719882391085605,37.0,50.588235294117645,404.02577578705154,563.302276218405
468.3,2.0044750063589936,2.0,15.599253170070025,47.727194612274786,37.0,50.588235294117645,403.9687751573955,563.3512969214444
468.40000000000003,2.004431646633489,2.0,15.600232046444887,47.73450941997123,37.0,50.588235294117645,403.91174213293095,563.4003433370677
468.5,2.004388278131364,2.0,15.60117568845791,47.741826815312834,37.0,50.588235294117645,403.854676700555,563.4494154718885
468.6,2.004344901252126,2.0,15.602084113069326,47.7491467994376,37.0,50.588235294117645,403.79757884715565,563.4985133325214
468.70000000000005,2.004301516395054,2.0,15.602957337545593,47.75646937348387,37.0,50.588235294117645,403.74044855961176,563.547636925582
468.8,2.0042581239592,2.0,15.603795379458994,47.763794538590275,37.0,50.588235294117645,403.6832858247933,563.596786257688
468.90000000000003,2.004214724343382,2.0,15.604598256687273,47.77112229589585,37.0,50.588235294117645,403.62609062956113,563.645961335458
469.0,2.00417131794618,2.0,15.605365987413261,47.77845264653973,37.0,50.588235294117645,403.56886296076715,563.695162165512
469.1,2.004127905165937,2.0,15.606098590124251,47.78578559166135,37.0,50.588235294117645,403.5116028052542,563.7443887544715
469.20000000000005,2.0040844864007505,2.0,15.606796083612,47.79312113240047,37.0,50.588235294117645,403.45431014985627,563.7936411089592
469.3,2.004041062048473,2.0,15.60745848697199,47.8004592698972,37.0,50.588235294117645,403.39698498139836,563.8429192355985
469.40000000000003,2.0039976325067057,2.0,15.608085819603202,47.80780000529177,37.0,50.588235294117645,403.3396272866967,563.8922231410149
469.5,2.0039541981727966,2.0,15.608678101207632,47.81514333972484,37.0,50.588235294117645,403.2822370525585,563.9415528318347
469.6,2.0039107594438366,2.0,15.609235351789907,47.822489274337215,37.0,50.588235294117645,403.224814265782,563.9909083146853
469.70000000000005,2.0038673167166574,2.0,15.609757591656862,47.829837810270135,37.0,50.588235294117645,403.16735891315665,564.0402895961952
469.8,2.003823870387825,2.0,15.610244841417249,47.8371889486649,37.0,50.588235294117645,403.10987098146313,564.089696682994
469.90000000000003,2.0037804208536403,2.0,15.610697121981035,47.844542690663275,37.0,50.588235294117645,403.05235045747315,564.139129581713
470.0,2.0037369685101316,2.0,15.611114454559337,47.85189903740712,37.0,50.588235294117645,402.99479732794987,564.1885882989836
470.1,2.0036935137530554,2.0,15.611496860663681,47.859257990038714,37.0,50.588235294117645,402.93721157964734,564.2380728414389
470.20000000000005,2.0036500569778886,2.0,15.611844362105877,47.866619549700545,37.0,50.588235294117645,402.8795931993111,564.2875832157127
470.3,2.00360659857983,2.0,15.612156980997273,47.87398371753534,37.0,50.588235294117645,402.82194217367777,564.33711942844
470.40000000000003,2.003563138953792,2.0,15.612434739748718,47.88135049468616,37.0,50.588235294117645,402.76425848947525,564.3866814862565
470.5,2.0035196784944005,2.0,15.61267766106965,47.8887198822963,37.0,50.588235294117645,402.7065421334229,564.436269395799
470.6,2.0034762175959915,2.0,15.612885767968164,47.896091881509335,37.0,50.588235294117645,402.64879309223113,564.4858831637051
470.70000000000005,2.003432756652606,2.0,15.61305908375024,47.90346649346901,37.0,50.588235294117645,402.5910113526019,564.5355227966133
470.8,2.0033892960579873,2.0,15.613197632019432,47.910843719319416,37.0,50.588235294117645,402.5331969012285,564.5851883011632
470.90000000000003,2.0033458362055785,2.0,15.61330143667637,47.91822356020492,37.0,50.588235294117645,402.4753497247955,564.6348796839945
471.0,2.003302377488518,2.0,15.613370521918402,47.92560601727007,37.0,50.588235294117645,402.4174698099788,564.6845969517484
471.1,2.003258920299637,2.0,15.613404912239064,47.9329910916598,37.0,50.588235294117645,402.35955714344584,564.7343401110667
471.20000000000005,2.0032154650314555,2.0,15.613404632427727,47.940378784519226,37.0,50.588235294117645,402.3016117118555,564.7841091685917
471.3,2.0031720120761807,2.0,15.613369707568985,47.94776909699368,37.0,50.588235294117645,402.2436335018581,564.8339041309663
471.40000000000003,2.0031285618257013,2.0,15.613300163042506,47.955162030228735,37.0,50.588235294117645,402.1856225000953,564.8837250048346
471.5,2.0030851146715842,2.0,15.61319602452226,47.96255758537035,37.0,50.588235294117645,402.12757869320035,564.9335717968406
471.6,2.003041671005075,2.0,15.613057317976125,47.96995576356471,37.0,50.588235294117645,402.06950206779794,564.9834445136298
471.70000000000005,2.0029982312170898,2.0,15.612884069665718,47.97735656595802,37.0,50.588235294117645,402.01139261050434,565.0333431618477
471.8,2.0029547956982148,2.0,15.612676306145506,47.984759993697025,37.0,50.588235294117645,401.9532503079274,565.0832677481401
471.90000000000003,2.0029113648387016,2.0,15.612434054262684,47.992166047928606,37.0,50.588235294117645,401.8950751466666,565.1332182791539
472.0,2.0028679390284667,2.0,15.612157341156472,47.999574729799974,37.0,50.588235294117645,401.8368671133129,565.1831947615362
472.1,2.002824518657083,2.0,15.611846194257936,48.0069860404584,37.0,50.588235294117645,401.7786261944489,565.2331972019348
472.20000000000005,2.002781104113782,2.0,15.61150064128909,48.01439998105161,37.0,50.588235294117645,401.72035237664886,565.2832256069977
472.3,2.0027376957874488,2.0,15.611120710262897,48.02181655272733,37.0,50.588235294117645,401.66204564647876,565.3332799833732
472.40000000000003,2.0026942940666155,2.0,15.610706429482525,48.02923575663374,37.0,50.588235294117645,401.6037059904961,565.3833603377104
472.5,2.0026508993394625,2.0,15.610257827540822,48.036657593919244,37.0,50.588235294117645,401.5453333952502,565.4334666766582
472.6,2.002607511993814,2.0,15.609774933320017,48.04408206573237,37.0,50.588235294117645,401.48692784728206,565.483599006866
472.70000000000005,2.0025641324171324,2.0,15.609257775991189,48.05150917322197,37.0,50.588235294117645,401.4284893331245,565.5337573349841
472.8,2.002520760996519,2.0,15.608706385013683,48.058938917537205,37.0,50.588235294117645,401.3700178393021,565.583941667662
472.90000000000003,2.0024773981187076,2.0,15.60812079013479,48.066371299827324,37.0,50.588235294117645,401.3115133523311,565.63415201155
473.0,2.0024340441700623,2.0,15.607501021389076,48.07380632124182,37.0,50.588235294117645,401.2529758587196,565.6843883732986
473.1,2.0023906995365746,2.0,15.606847109098071,48.08124398293063,37.0,50.588235294117645,401.1944053449676,565.7346507595582
473.20000000000005,2.0023473646038603,2.0,15.60615908386964,48.0886842860437,37.0,50.588235294117645,401.13580179756696,565.7849391769797
473.3,2.002304039757155,2.0,15.605436976597609,48.0961272317312,37.0,50.588235294117645,401.0771652030014,565.835253632214
473.40000000000003,2.0022607253813134,2.0,15.604680818461102,48.10357282114376,37.0,50.588235294117645,401.01849554774657,565.8855941319118
473.5,2.002217421860803,2.0,15.603890640924295,48.11102105543205,37.0,50.588235294117645,400.95979281826993,565.9359606827239
473.6,2.002174129579703,2.0,15.603066475735634,48.118471935746925,37.0,50.588235294117645,400.90105700103106,565.9863532913016
473.70000000000005,2.0021308489217016,2.0,15.602208354927498,48.12592546323964,37.0,50.588235294117645,400.84228808248133,566.0367719642954
473.8,2.0020875802700906,2.0,15.601316310815754,48.133381639061724,37.0,50.588235294117645,400.78348604906415,566.0872167083563
473.90000000000003,2.0020443240077643,2.0,15.600390375999075,48.1408404643646,37.0,50.588235294117645,400.72465088721503,566.137687530135
474.0,2.002001080517215,2.0,15.599430583358558,48.1483019403002,37.0,50.588235294117645,400.66578258336165,566.188184436282
474.1,2.001957850180531,2.0,15.598436966057141,48.155766068020625,37.0,50.588235294117645,400.60688112392336,566.2387074334476
474.20000000000005,2.001914633379393,2.0,15.597409557539166,48.16323284867809,37.0,50.588235294117645,400.547946495312,566.2892565282825
474.3,2.00187143049507,2.0,15.596348391529883,48.17070228342516,37.0,50.588235294117645,400.4889786839312,566.3398317274366
474.40000000000003,2.0018282419084183,2.0,15.595253502034712,48.17817437341455,37.0,50.588235294117645,400.4299776761769,566.3904330375595
474.5,2.001785067999875,2.0,15.594124923339047,48.18564911979928,37.0,50.588235294117645,400.37094345843724,566.4410604653009
474.6,2.0017419091494593,2.0,15.59296269000743,48.193126523732474,37.0,50.588235294117645,400.31187601709246,566.4917140173098
474.70000000000005,2.001698765736765,2.0,15.59176683688333,48.200606586367485,37.0,50.588235294117645,400.25277533851505,566.5423937002352
474.8,2.0016556381409614,2.0,15.59053739908829,48.20808930885801,37.0,50.588235294117645,400.1936414090696,566.5930995207253
474.90000000000003,2.001612526740787,2.0,15.589274412021759,48.21557469235779,37.0,50.588235294117645,400.13447421511313,566.6438314854283
475.0,2.001569431914549,2.0,15.587977911360229,48.22306273802087,37.0,50.588235294117645,400.0752737429949,566.694589600992
475.1,2.001526354040117,2.0,15.586647933056936,48.23055344700151,37.0,50.588235294117645,400.0160399790565,566.7453738740631
475.20000000000005,2.001483293494923,2.0,15.58528451334117,48.238046820454144,37.0,50.588235294117645,399.9567729096317,566.7961843112886
475.3,2.0014402506559574,2.0,15.583887688717851,48.24554285953337,37.0,50.588235294117645,399.8974725210467,566.8470209193143
475.40000000000003,2.001397225899765,2.0,15.58245749596697,48.253041565394085,37.0,50.588235294117645,399.83813879962025,566.8978837047858
475.5,2.001354219602444,2.0,15.580993972142966,48.26054293919128,37.0,50.588235294117645,399.7787717316632,566.9487726743478
475.6,2.0013112321396394,2.0,15.579497154574366,48.268046982080364,37.0,50.588235294117645,399.71937130347914,566.9996878346445
475.70000000000005,2.0012682638865438,2.0,15.577967080862974,48.27555369521673,37.0,50.588235294117645,399.65993750136397,567.0506291923195
475.8,2.001225315217892,2.0,15.576403788883564,48.283063079756005,37.0,50.588235294117645,399.60047031160593,567.1015967540159
475.90000000000003,2.0011823865079594,2.0,15.574807316783213,48.290575136854216,37.0,50.588235294117645,399.540969720486,567.1525905263752
476.0,2.0011394781305585,2.0,15.573177702980814,48.29808986766733,37.0,50.588235294117645,399.4814357142775,567.2036105160389
476.1,2.0010965904590337,2.0,15.57151498616652,48.30560727335154,37.0,50.588235294117645,399.4218682792465,567.2546567296478
476.20000000000005,2.001053723866262,2.0,15.56981920530102,48.31312735506344,37.0,50.588235294117645,399.36226740165154,567.3057291738409
476.3,2.0010108787246486,2.0,15.568090399615247,48.32065011395957,37.0,50.588235294117645,399.30263306774384,567.3568278552573
476.40000000000003,2.000968055406123,2.0,15.566328608609757,48.32817555119692,37.0,50.588235294117645,399.24296526376713,567.4079527805346
476.5,2.000925254282136,2.0,15.564533872054007,48.33570366793242,37.0,50.588235294117645,399.1832639759579,567.4591039563098
476.6,2.0008824757236576,2.0,15.562706229985862,48.34323446532329,37.0,50.588235294117645,399.12352919054536,567.5102813892188
476.70000000000005,2.0008397201011743,2.0,15.560845722711186,48.350767944527036,37.0,50.588235294117645,399.0637608937513,567.561485085896
476.8,2.000796987784685,2.0,15.558952390803071,48.358304106701155,37.0,50.588235294117645,399.00395907179035,567.6127150529755
476.90000000000003,2.0007542791436994,2.0,15.5570262751014,48.36584295300355,37.0,50.588235294117645,398.94412371086986,567.6639712970899
477.0,2.000711594547233,2.0,15.555067416712266,48.373384484592066,37.0,50.588235294117645,398.88425479719,567.7152538248707
477.1,2.000668934363807,2.0,15.553075857007268,48.38092870262494,37.0,50.588235294117645,398.8243523169439,567.7665626429484
477.20000000000005,2.0006262989614414,2.0,15.55105163762314,48.388475608260535,37.0,50.588235294117645,398.76441625631725,567.817897757952
477.3,2.000583688707658,2.0,15.54899480046097,48.39602520265737,37.0,50.588235294117645,398.7044466014888,567.8692591765096
477.40000000000003,2.0005411039694696,2.0,15.5469053876859,48.403577486974086,37.0,50.588235294117645,398.64444333863025,567.9206469052475
477.5,2.000498545113386,2.0,15.544783441726139,48.41113246236961,37.0,50.588235294117645,398.58440645390607,567.9720609507913
477.6,2.0004560125054023,2.0,15.542629005272868,48.41869013000297,37.0,50.588235294117645,398.52433593347376,568.0235013197648
477.70000000000005,2.000413506511004,2.0,15.540442121279177,48.42625049103344,37.0,50.588235294117645,398.46423176348384,568.0749680187907
477.8,2.000371027495157,2.0,15.53822283295992,48.4338135466204,37.0,50.588235294117645,398.40409393007974,568.1264610544904
477.90000000000003,2.00032857582231,2.0,15.535971183790767,48.44137929792339,37.0,50.588235294117645,398.34392241939804,568.1779804334834
478.0,2.0002861518563892,2.0,15.533687217507776,48.448947746102135,37.0,50.588235294117645,398.2837172175684,568.2295261623881
478.1,2.0002437559607964,2.0,15.531370978106912,48.45651889231664,37.0,50.588235294117645,398.2234783107135,568.281098247821
478.20000000000005,2.0002013884984042,2.0,15.529022509843255,48.46409273772696,37.0,50.588235294117645,398.16320568494916,568.3326966963973
478.3,2.0001590498315562,2.0,15.526641857230455,48.47166928349327,37.0,50.588235294117645,398.1028993263844,568.3843215147308
478.40000000000003,2.000116740322061,2.0,15.524229065040263,48.479248530775976,37.0,50.588235294117645,398.04255922112134,568.4359727094334
478.5,2.0000744603311924,2.0,15.52178417830174,48.48683048073565,37.0,50.588235294117645,397.9821853552554,568.487650287115
478.6,2.0000322102196835,2.0,15.519307242300826,48.49441513453314,37.0,50.588235294117645,397.92177771487513,568.5393542543845
478.70000000000005,1.999989990347727,2.0,15.516798302579636,48.502002493329314,37.0,50.588235294117645,397.8613362860624,568.5910846178487
478.8,1.999947801074969,2.0,15.51425740493595,48.509592558285135,37.0,50.588235294117645,397.80086105489244,568.6428413841121
478.90000000000003,1.999905642760509,2.0,15.51168459542243,48.51718533056186,37.0,50.588235294117645,397.7403520074337,568.6946245597784
479.0,1.9998635157628968,2.0,15.509079920346226,48.524780811320795,37.0,50.588235294117645,397.67980912974804,568.7464341514485
479.1,1.9998214204401275,2.0,15.506443426268282,48.53237900172354,37.0,50.588235294117645,397.6192324078907,568.7982701657221
479.20000000000005,1.9997793571496412,2.0,15.503775160002654,48.53997990293169,37.0,50.588235294117645,397.55862182791026,568.8501326091967
479.3,1.999737326248318,2.0,15.501075168616019,48.54758351610707,37.0,50.588235294117645,397.4979773758488,568.9020214884677
479.40000000000003,1.9996953280924779,2.0,15.498343499426918,48.55518984241172,37.0,50.588235294117645,397.4372990377419,568.9539368101285
479.5,1.9996533630378757,2.0,15.495580200005318,48.5627988830077,37.0,50.588235294117645,397.3765867996187,569.0058785807709
479.6,1.999611431439699,2.0,15.492785318171867,48.570410639057286,37.0,50.588235294117645,397.3158406475015,569.057846806984
479.70000000000005,1.9995695336525665,2.0,15.489958901997287,48.578025111722866,37.0,50.588235294117645,397.25506056740664,569.109841495355
479.8,1.999527670030523,2.0,15.487100999801825,48.585642302167,37.0,50.588235294117645,397.1942465453438,569.1618626524689
479.90000000000003,1.9994858409270384,2.0,15.484211660154516,48.59326221155237,37.0,50.588235294117645,397.13339856731636,569.2139102849087
480.0,1.9994440466950045,2.0,15.481290931872671,48.60088484104182,37.0,50.588235294117645,397.0725166193212,569.2659843992548
480.1,1.9994022876867332,2.0,15.478338864021147,48.608510191798416,37.0,50.588235294117645,397.01160068734913,569.3180850020856
480.20000000000005,1.9993605642539516,2.0,15.475355505911882,48.61613826498507,37.0,50.588235294117645,396.9506507573844,569.3702120999773
480.3,1.9993188767478012,2.0,15.472340907103042,48.62376906176519,37.0,50.588235294117645,396.8896668154051,569.4223656995034
480.40000000000003,1.9992772255188342,2.0,15.46929511739857,48.63140258330202,37.0,50.588235294117645,396.8286488473833,569.4745458072354
480.5,1.9992356109170117,2.0,15.466218186847454,48.63903883075915,37.0,50.588235294117645,396.76759683928447,569.5267524297418
480.6,1.9991940332917004,2.0,15.46311016574316,48.646677805300214,37.0,50.588235294117645,396.7065107770682,569.5789855735891
480.70000000000005,1.9991524929916695,2.0,15.459971104622952,48.65431950808892,37.0,50.588235294117645,396.64539064668793,569.631245245341
480.8,1.9991109903650888,2.0,15.45680105426724,48.66196394028913,37.0,50.588235294117645,396.5842364340908,569.6835314515589
480.90000000000003,1.9990695257595261,2.0,15.453600065698966,48.66961110306494,37.0,50.588235294117645,396.5230481252181,569.7358441988014
481.0,1.9990280995219438,2.0,15.450368190183008,48.67726099758056,37.0,50.588235294117645,396.461825706005,569.7881834936244
481.1,1.9989867119986973,2.0,15.447105479225428,48.68491362500015,37.0,50.588235294117645,396.4005691623805,569.8405493425813
481.20000000000005,1.9989453635355312,2.0,15.443811984572948,48.692568986488084,37.0,50.588235294117645,396.3392784802679,569.892941752223
481.3,1.9989040544775771,2.0,15.440487758212214,48.700227083208915,37.0,50.588235294117645,396.27795364558426,569.945360729097
481.40000000000003,1.9988627851693512,2.0,15.437132852369153,48.70788791632725,37.0,50.588235294117645,396.21659464424096,569.9978062797487
481.5,1.9988215559547522,2.0,15.433747319508361,48.7155514870077,37.0,50.588235294117645,396.1552014621434,570.0502784107202
481.6,1.9987803671770576,2.0,15.430331212332492,48.72321779641533,37.0,50.588235294117645,396.09377408519117,570.1027771285509
481.70000000000005,1.9987392191789213,2.0,15.42688458378151,48.73088684571502,37.0,50.588235294117645,396.0323124992778,570.1553024397773
481.8,1.9986981123023713,2.0,15.423407487032044,48.73855863607184,37.0,50.588235294117645,395.9708166902914,570.2078543509328
481.90000000000003,1.998657046888808,2.0,15.419899975496806,48.74623316865092,37.0,50.588235294117645,395.90928664411405,570.2604328685479
482.0,1.9986160232789993,2.0,15.416362102823928,48.75391044461759,37.0,50.588235294117645,395.84772234662216,570.3130379991501
482.1,1.9985750418130808,2.0,15.412793922896148,48.7615904651372,37.0,50.588235294117645,395.7861237836866,570.3656697492635
482.20000000000005,1.998534102830551,2.0,15.409195489830399,48.76927323137534,37.0,50.588235294117645,395.72449094117235,570.4183281254097
482.3,1.9984932066702699,2.0,15.405566857976943,48.776958744497506,37.0,50.588235294117645,395.66282380493885,570.4710131341068
482.40000000000003,1.9984523536704566,2.0,15.401908081918776,48.784647005669456,37.0,50.588235294117645,395.60112236084007,570.5237247818694
482.5,1.9984115441686856,2.0,15.398219216471023,48.79233801605699,37.0,50.588235294117645,395.5393865947242,570.5764630752093
482.6,1.9983707785018856,2.0,15.394500316680137,48.80003177682596,37.0,50.588235294117645,395.47761649243404,570.6292280206349
482.70000000000005,1.9983300570063358,2.0,15.390751437823354,48.8077282891424,37.0,50.588235294117645,395.41581203980684,570.6820196246509
482.8,1.9982893800176653,2.0,15.386972635407938,48.8154275541724,37.0,50.588235294117645,395.3539732226744,570.7348378937593
482.90000000000003,1.9982487478708484,2.0,15.383163965170635,48.8231295730821,37.0,50.588235294117645,395.2921000268632,570.787682834458
483.0,1.998208160900202,2.0,15.379325483076833,48.83083434703781,37.0,50.588235294117645,395.230192438194,570.8405544532419
483.1,1.998167619439386,2.0,15.375457245319918,48.83854187720584,37.0,50.588235294117645,395.16825044248264,570.8934527566024
483.20000000000005,1.9981271238213978,2.0,15.371559308320771,48.846252164752684,37.0,50.588235294117645,395.1062740255394,570.946377751027
483.3,1.9980866743785712,2.0,15.367631728726874,48.85396521084482,37.0,50.588235294117645,395.04426317316916,570.9993294429997
483.40000000000003,1.9980462714425742,2.0,15.363674563411754,48.8616810166489,37.0,50.588235294117645,394.98221787117166,571.0523078390014
483.5,1.9980059153444047,2.0,15.359687869474286,48.869399583331585,37.0,50.588235294117645,394.92013810534144,571.1053129455088
483.6,1.997965606414391,2.0,15.35567170423792,48.87712091205958,37.0,50.588235294117645,394.8580238614678,571.1583447689948
483.70000000000005,1.9979253449821868,2.0,15.35162612525016,48.88484500399983,37.0,50.588235294117645,394.79587512533493,571.211403315929
483.8,1.9978851313767698,2.0,15.347551190281756,48.89257186031921,37.0,50.588235294117645,394.7336918827217,571.264488592777
483.90000000000003,1.9978449659264397,2.0,15.343446957326027,48.90030148218466,37.0,50.588235294117645,394.6714741194021,571.3176006060004
484.0,1.9978048489588145,2.0,15.339313484598238,48.90803387076335,37.0,50.588235294117645,394.609221821145,571.3707393620571
484.1,1.9977647808008294,2.0,15.335150830534825,48.91576902722244,37.0,50.588235294117645,394.5469349737143,571.4239048674011
484.20000000000005,1.9977247617787344,2.0,15.330959053792785,48.92350695272904,37.0,50.588235294117645,394.4846135628689,571.4770971284822
484.3,1.99768479221809,2.0,15.32673821324897,48.93124764845055,37.0,50.588235294117645,394.4222575743625,571.5303161517464
484.40000000000003,1.9976448724437672,2.0,15.322488367999291,48.938991115554245,37.0,50.588235294117645,394.35986699394437,571.5835619436356
484.5,1.9976050027799443,2.0,15.31820957735815,48.94673735520746,37.0,50.588235294117645,394.29744180735844,571.6368345105874
484.6,1.9975651835501034,2.0,15.313901900857733,48.954486368577705,37.0,50.588235294117645,394.234982000344,571.6901338590357
484.70000000000005,1.9975254150770296,2.0,15.309565398247177,48.9622381568326,37.0,50.588235294117645,394.17248755863557,571.7434599954096
484.8,1.9974856976828088,2.0,15.305200129492047,48.96999272113959,37.0,50.588235294117645,394.10995846796277,571.7968129261344
484.90000000000003,1.9974460316888234,2.0,15.300806154773575,48.97775006266636,37.0,50.588235294117645,394.04739471405054,571.8501926576312
485.0,1.9974064174157513,2.0,15.29638353448786,48.98551018258064,37.0,50.588235294117645,393.9847962826191,571.9035991963163
485.1,1.9973668551835646,2.0,15.29193232924527,48.993273082050166,37.0,50.588235294117645,393.922163159384,571.9570325486022
485.20000000000005,1.9973273453115246,2.0,15.287452599869773,49.00103876224273,37.0,50.588235294117645,393.85949533005623,572.0104927208964
485.3,1.9972878881181826,2.0,15.282944407398057,49.00880722432612,37.0,50.588235294117645,393.7967927803422,572.0639797196027
485.40000000000003,1.9972484839213744,2.0,15.278407813079065,49.01657846946836,37.0,50.588235294117645,393.73405549594344,572.1174935511195
485.5,1.9972091330382211,2.0,15.273842878373014,49.02435249883723,37.0,50.588235294117645,393.6712834625573,572.1710342218413
485.6,1.9971698357851246,2.0,15.26924966495094,49.032129313600706,37.0,50.588235294117645,393.6084766658767,572.2246017381577
485.70000000000005,1.9971305924777665,2.0,15.26462823469382,49.03990891492691,37.0,50.588235294117645,393.5456350915897,572.278196106454
485.8,1.9970914034311051,2.0,15.259978649691924,49.047691303983925,37.0,50.588235294117645,393.48275872538034,572.3318173331103
485.90000000000003,1.997052268959373,2.0,15.255300972244097,49.055476481939706,37.0,50.588235294117645,393.4198475529281,572.3854654245024
486.0,1.9970131893760767,2.0,15.250595264856962,49.063264449962446,37.0,50.588235294117645,393.3569015599081,572.4391403870012
486.1,1.9969741649939918,2.0,15.245861590244402,49.07105520922033,37.0,50.588235294117645,393.29392073199125,572.4928422269728
486.20000000000005,1.9969351961251622,2.0,15.241100011326616,49.078848760881556,37.0,50.588235294117645,393.23090505484413,572.5465709507782
486.3,1.9968962830808983,2.0,15.236310591229524,49.086645106114304,37.0,50.588235294117645,393.1678545141291,572.600326564774
486.40000000000003,1.996857426171773,2.0,15.23149339328406,49.09444424608682,37.0,50.588235294117645,393.1047690955043,572.6541090753115
486.5,1.9968186257076217,2.0,15.226648481025356,49.102246181967416,37.0,50.588235294117645,393.0416487846239,572.7079184887368
486.6,1.9967798819975378,2.0,15.221775918192105,49.11005091492433,37.0,50.588235294117645,392.9784935671376,572.7617548113913
486.70000000000005,1.996741195349873,2.0,15.216875768725775,49.11785844612592,37.0,50.588235294117645,392.91530342869135,572.815618049611
486.8,1.9967025660722333,2.0,15.211948096769982,49.125668776740554,37.0,50.588235294117645,392.8520783549268,572.8695082097272
486.90000000000003,1.9966639944714766,2.0,15.206992966669635,49.133481907936584,37.0,50.588235294117645,392.7888183314818,572.9234252980657
487.0,1.9966254808537125,2.0,15.202010442970243,49.14129784088232,37.0,50.588235294117645,392.7255233439902,572.977369320947
487.1,1.9965870255242986,2.0,15.197000590417296,49.14911657674617,37.0,50.588235294117645,392.66219337808167,573.0313402846865
487.20000000000005,1.9965486287878382,2.0,15.1919634739554,49.15693811669661,37.0,50.588235294117645,392.59882841938236,573.0853381955942
487.3,1.9965102909481793,2.0,15.186899158727586,49.164762461901944,37.0,50.588235294117645,392.5354284535143,573.1393630599747
487.40000000000003,1.9964720123084114,2.0,15.181807710074612,49.17258961353065,37.0,50.588235294117645,392.4719934660959,573.1934148841274
487.5,1.9964337931708636,2.0,15.176689193534175,49.18041957275108,37.0,50.588235294117645,392.40852344274157,573.2474936743457
487.6,1.9963956338371036,2.0,15.171543674840194,49.18825234073171,37.0,50.588235294117645,392.34501836906213,573.3015994369181
487.70000000000005,1.9963575346079339,2.0,15.166371219922159,49.19608791864101,37.0,50.588235294117645,392.2814782306647,573.3557321781271
487.8,1.9963194957833907,2.0,15.161171894904223,49.20392630764724,37.0,50.588235294117645,392.2179030131527,573.4098919042499
487.90000000000003,1.9962815176627415,2.0,15.155945766104615,49.211767508919024,37.0,50.588235294117645,392.15429270212593,573.4640786215574
488.0,1.9962436005444837,2.0,15.150692900034796,49.21961152362462,37.0,50.588235294117645,392.09064728318066,573.5182923363159
488.1,1.9962057447263413,2.0,15.145413363398825,49.2274583529325,37.0,50.588235294117645,392.0269667419095,573.5725330547849
488.20000000000005,1.9961679505052634,2.0,15.140107223092507,49.235307998011024,37.0,50.588235294117645,391.96325106390174,573.6268007832188
488.3,1.9961302181774228,2.0,15.134774546202692,49.243160460028605,37.0,50.588235294117645,391.8995002347429,573.6810955278656
488.40000000000003,1.9960925480382132,2.0,15.129415400006563,49.251015740153605,37.0,50.588235294117645,391.8357142400154,573.7354172949679
488.5,1.9960549403822472,2.0,15.124029851970874,49.2588738395545,37.0,50.588235294117645,391.77189306529806,573.789766090762
488.6,1.9960173955033547,2.0,15.118617969751142,49.26673475939947,37.0,50.588235294117645,391.70803669616646,573.8441419214784
488.70000000000005,1.9959799136945806,2.0,15.11317982119101,49.27459850085688,37.0,50.588235294117645,391.6441451181929,573.8985447933411
488.8,1.9959424952481832,2.0,15.107715474321417,49.282465065095096,37.0,50.588235294117645,391.58021831694623,573.9529747125687
488.90000000000003,1.9959051404556305,2.0,15.102224997359887,49.29033445328241,37.0,50.588235294117645,391.5162562779923,574.0074316853734
489.0,1.9958678496076006,2.0,15.096708458709674,49.298206666586964,37.0,50.588235294117645,391.45225898689364,574.0619157179608
489.1,1.9958306229939786,2.0,15.091165926959183,49.306081706177,37.0,50.588235294117645,391.3882264292097,574.1164268165309
489.20000000000005,1.9957934609038546,2.0,15.085597470881131,49.31395957322087,37.0,50.588235294117645,391.32415859049667,574.170964987277
489.3,1.9957563636255211,2.0,15.080003159431751,49.32184026888655,37.0,50.588235294117645,391.2600554563079,574.2255302363862
489.40000000000003,1.9957193314464727,2.0,15.074383061750067,49.329723794342385,37.0,50.588235294117645,391.19591701219355,574.2801225700392
489.5,1.9956823646534032,2.0,15.068737247157193,49.337610150756234,37.0,50.588235294117645,391.13174324370084,574.3347419944103
489.6,1.9956454635322023,2.0,15.063065785155533,49.345499339296225,37.0,50.588235294117645,391.0675341363741,574.389388515667
489.70000000000005,1.9956086283679568,2.0,15.057368745427926,49.353391361130434,37.0,50.588235294117645,391.0032896757546,574.4440621399707
489.8,1.9955718594449463,2.0,15.051646197837119,49.36128621742688,37.0,50.588235294117645,390.9390098473811,574.498762873476
489.90000000000003,1.995535157046641,2.0,15.045898212424794,49.36918390935335,37.0,50.588235294117645,390.87469463678906,574.5534907223309
490.0,1.995498521455702,2.0,15.040124859410845,49.37708443807776,37.0,50.588235294117645,390.81034402951144,574.6082456926767
490.1,1.9954619529539774,2.0,15.034326209192717,49.38498780476806,37.0,50.588235294117645,390.74595801107847,574.6630277906481
490.20000000000005,1.995425451822501,2.0,15.028502332344575,49.39289401059193,37.0,50.588235294117645,390.68153656701764,574.7178370223727
490.3,1.9953890183414906,2.0,15.02265329961647,49.40080305671705,37.0,50.588235294117645,390.6170796828538,574.7726733939714
490.40000000000003,1.9953526527903462,2.0,15.016779181933703,49.408714944311214,37.0,50.588235294117645,390.5525873441091,574.8275369115585
490.5,1.9953163554476485,2.0,15.010880050395976,49.41662967454198,37.0,50.588235294117645,390.48805953630307,574.8824275812408
490.6,1.9952801265911555,2.0,15.004955976276698,49.42454724857686,37.0,50.588235294117645,390.423496244953,574.9373454091188
490.70000000000005,1.9952439664978028,2.0,14.999007031022089,49.43246766758341,37.0,50.588235294117645,390.35889745557347,574.9922904012853
490.8,1.9952078754436995,2.0,14.993033286250569,49.44039093272909,37.0,50.588235294117645,390.29426315367664,575.0472625638264
490.90000000000003,1.9951718537041283,2.0,14.987034813751825,49.44831704518111,37.0,50.588235294117645,390.2295933247721,575.1022619028212
491.0,1.9951359015535433,2.0,14.981011685486177,49.456246006106824,37.0,50.588235294117645,390.1648879543675,575.1572884243409
491.1,1.9951000192655672,2.0,14.974963973583769,49.4641778166735,37.0,50.588235294117645,390.10014702796775,575.2123421344503
491.20000000000005,1.99506420711299,2.0,14.968891750343754,49.47211247804819,37.0,50.588235294117645,390.0353705310757,575.2674230392064
491.3,1.9950284653677681,2.0,14.962795088233502,49.48004999139812,37.0,50.588235294117645,389.970558449192,575.3225311446589
491.40000000000003,1.9949927943010208,2.0,14.956674059887954,49.48799035789017,37.0,50.588235294117645,389.9057107678149,575.3776664568503
491.5,1.9949571941830304,2.0,14.950528738108678,49.49593357869128,37.0,50.588235294117645,389.8408274724407,575.4328289818156
491.6,1.9949216652832387,2.0,14.944359195863246,49.503879654968216,37.0,50.588235294117645,389.77590854856356,575.488018725582
491.70000000000005,1.9948862078702467,2.0,14.938165506284319,49.51182858788786,37.0,50.588235294117645,389.7109539816754,575.5432356941695
491.8,1.9948508222118118,2.0,14.931947742669,49.519780378616815,37.0,50.588235294117645,389.6459637572663,575.5984798935906
491.90000000000003,1.9948155085748467,2.0,14.925705978477918,49.52773502832156,37.0,50.588235294117645,389.5809378608244,575.6537513298497
492.0,1.9947802672254182,2.0,14.91944028733459,49.535692538168576,37.0,50.588235294117645,389.51587627783584,575.7090500089436
492.1,1.9947450984287434,2.0,14.913150743024584,49.54365290932435,37.0,50.588235294117645,389.4507789937848,575.7643759368616
492.20000000000005,1.9947100024491897,2.0,14.906837419494622,49.55161614295503,37.0,50.588235294117645,389.38564599415355,575.819729119585
492.3,1.9946749795502734,2.0,14.900500390851967,49.559582240226916,37.0,50.588235294117645,389.32047726442283,575.8751095630873
492.40000000000003,1.9946400299946572,2.0,14.89413973136358,49.56755120230605,37.0,50.588235294117645,389.2552727900714,575.9305172733341
492.5,1.9946051540441483,2.0,14.887755515455332,49.575523030358454,37.0,50.588235294117645,389.1900325565763,575.9859522562829
492.6,1.9945703519596971,2.0,14.881347817711193,49.583497725549876,37.0,50.588235294117645,389.124756549413,576.0414145178833
492.70000000000005,1.9945356240013956,2.0,14.874916712872455,49.59147528904623,37.0,50.588235294117645,389.05944475405545,576.0969040640767
492.8,1.994500970428476,2.0,14.868462275836979,49.59945572201315,37.0,50.588235294117645,388.99409715597574,576.1524209007963
492.90000000000003,1.9944663914993082,2.0,14.861984581658401,49.607439025616145,37.0,50.588235294117645,388.92871374064464,576.2079650339676
493.0,1.994431887471399,2.0,14.855483705545296,49.61542520102063,37.0,50.588235294117645,388.86329449353127,576.2635364695072
493.1,1.9943974586013904,2.0,14.84895972286046,49.62341424939194,37.0,50.588235294117645,388.79783940010344,576.319135213324
493.20000000000005,1.9943631051450574,2.0,14.842412709120055,49.631406171895264,37.0,50.588235294117645,388.7323484458274,576.3747612713182
493.3,1.9943288273573068,2.0,14.835842739992879,49.63940096969566,37.0,50.588235294117645,388.6668216161681,576.4304146493819
493.40000000000003,1.9942946254921756,2.0,14.829249891299508,49.64739864395807,37.0,50.588235294117645,388.6012588965893,576.4860953533982
493.5,1.9942604998028295,2.0,14.822634239011572,49.65539919584734,37.0,50.588235294117645,388.5356602725533,576.5418033892423
493.6,1.9942264505415603,2.0,14.815995859250918,49.66340262652807,37.0,50.588235294117645,388.4700257295213,576.5975387627806
493.70000000000005,1.9941924779597864,2.0,14.809334828288788,49.67140893716498,37.0,50.588235294117645,388.4043552529533,576.6533014798704
493.8,1.9941585823080494,2.0,14.802651222545133,49.67941812892229,37.0,50.588235294117645,388.3386488283081,576.7090915463612
493.90000000000003,1.9941247638360133,2.0,14.795945118587726,49.687430202964435,37.0,50.588235294117645,388.2729064410435,576.7649089680934
494.0,1.9940910227924629,2.0,14.78921659313138,49.695445160455506,37.0,50.588235294117645,388.2071280766163,576.8207537508983
494.1,1.994057359425302,2.0,14.782465723037179,49.70346300255943,37.0,50.588235294117645,388.141313720482,576.8766259005992
494.20000000000005,1.994023773981552,2.0,14.77569258531166,49.711483730440136,37.0,50.588235294117645,388.07546335809553,576.9325254230093
494.3,1.9939902667073506,2.0,14.76889725710602,49.71950734526132,37.0,50.588235294117645,388.0095769749107,576.9884523239342
494.40000000000003,1.9939568378479504,2.0,14.762079815715296,49.727533848186624,37.0,50.588235294117645,387.94365455638047,577.0444066091695
494.5,1.9939234876477165,2.0,14.75524033857766,49.73556324037929,37.0,50.588235294117645,387.877696087957,577.1003882845023
494.6,1.993890216350126,2.0,14.748378903273462,49.74359552300268,37.0,50.588235294117645,387.8117015550917,577.1563973557103
494.70000000000005,1.9938570241977658,2.0,14.741495587524563,49.75163069721998,37.0,50.588235294117645,387.7456709432353,577.2124338285622
494.8,1.9938239114323326,2.0,14.734590469193467,49.759668764193975,37.0,50.588235294117645,387.67960423783785,577.2684977088173
494.90000000000003,1.9937908782946288,2.0,14.727663626282613,49.767709725087514,37.0,50.588235294117645,387.6135014243486,577.324589002226
495.0,1.9937579250245632,2.0,14.720715136933379,49.77575358106316,37.0,50.588235294117645,387.5473624882165,577.3807077145291
495.1,1.993725051861149,2.0,14.713745079425475,49.783800333283466,37.0,50.588235294117645,387.4811874148896,577.4368538514578
495.20000000000005,1.9936922590425021,2.0,14.70675353217605,49.79184998291066,37.0,50.588235294117645,387.41497618981583,577.4930274187345
495.3,1.9936595468058407,2.0,14.699740573738922,49.799902531106795,37.0,50.588235294117645,387.34872879844244,577.5492284220717
495.40000000000003,1.9936269153874817,2.0,14.692706282803758,49.80795797903386,37.0,50.588235294117645,387.28244522621634,577.6054568671722
495.5,1.993594365022841,2.0,14.685650738195232,49.81601632785362,37.0,50.588235294117645,387.2161254585842,577.6617127597293
495.6,1.9935618959464323,2.0,14.678574018872236,49.82407757872761,37.0,50.588235294117645,387.1497694809923,577.7179961054269
495.70000000000005,1.9935295083918647,2.0,14.671476203927186,49.832141732817206,37.0,50.588235294117645,387.0833772788866,577.7743069099391
495.8,1.9934972025918412,2.0,14.664357372585034,49.840208791283715,37.0,50.588235294117645,387.0169488377129,577.83064517893
495.90000000000003,1.9934649787781589,2.0,14.657217604202534,49.848278755288106,37.0,50.588235294117645,386.9504841429168,577.887010918054
496.0,1.9934328371817054,2.0,14.650056978267537,49.85635162599124,37.0,50.588235294117645,386.883983179944,577.9434041329556
496.1,1.9934007780324603,2.0,14.64287557439798,49.86442740455368,37.0,50.588235294117645,386.8174459342398,577.9998248292698
496.20000000000005,1.9933688015594908,2.0,14.635673472341328,49.87250609213595,37.0,50.588235294117645,386.7508723912498,578.0562730126206
496.3,1.9933369079909518,2.0,14.628450751973507,49.88058768989828,37.0,50.588235294117645,386.6842625364194,578.112748688623
496.40000000000003,1.9933050975540851,2.0,14.621207493298227,49.888672199000666,37.0,50.588235294117645,386.61761635519423,578.1692518628813
496.5,1.9932733704752175,2.0,14.613943776446224,49.89675962060301,37.0,50.588235294117645,386.55093383301994,578.2257825409898
496.6,1.9932417269797587,2.0,14.606659681674326,49.90484995586496,37.0,50.588235294117645,386.4842149553424,578.2823407285324
496.70000000000005,1.9932101672922016,2.0,14.599355289364695,49.91294320594591,37.0,50.588235294117645,386.4174597076077,578.338926431083
496.8,1.99317869163612,2.0,14.592030680024049,49.92103937200517,37.0,50.588235294117645,386.3506680752623,578.395539654205
496.90000000000003,1.9931473002341673,2.0,14.584685934282806,49.92913845520167,37.0,50.588235294117645,386.2838400437529,578.4521804034513
497.0,1.9931159933080762,2.0,14.577321132894264,49.93724045669421,37.0,50.588235294117645,386.21697559852635,578.5088486843647
497.1,1.9930847710786554,2.0,14.569936356733876,49.945345377641445,37.0,50.588235294117645,386.1500747250303,578.5655445024771
497.20000000000005,1.9930536337657907,2.0,14.562531686798257,49.95345321920166,37.0,50.588235294117645,386.0831374087127,578.62226786331
497.3,1.9930225815884426,2.0,14.555107204204566,49.961563982532994,37.0,50.588235294117645,386.0161636350218,578.6790187723744
497.40000000000003,1.9929916147646445,2.0,14.5476629901896,49.96967766879334,37.0,50.588235294117645,385.94915338940694,578.7357972351704
497.5,1.9929607335115018,2.0,14.540199126108927,49.977794279140426,37.0,50.588235294117645,385.88210665731765,578.7926032571871
497.6,1.9929299380451926,2.0,14.532715693436124,49.985913814731646,37.0,50.588235294117645,385.81502342420407,578.8494368439036
497.70000000000005,1.9928992285809632,2.0,14.525212773762057,49.994036276724216,37.0,50.588235294117645,385.7479036755175,578.9062980007875
497.8,1.9928686053331297,2.0,14.517690448793866,50.002161666275185,37.0,50.588235294117645,385.6807473967094,578.9631867332957
497.90000000000003,1.992838068515075,2.0,14.510148800354317,50.01028998454126,37.0,50.588235294117645,385.61355457323265,579.0201030468743
498.0,1.9928076183392494,2.0,14.502587910380887,50.018421232678804,37.0,50.588235294117645,385.5463251905406,579.0770469469579
498.1,1.9927772550171663,2.0,14.495007860925032,50.0265554118443,37.0,50.588235294117645,385.4790592340875,579.1340184389703
498.20000000000005,1.992746978759405,2.0,14.48740873415121,50.034692523193485,37.0,50.588235294117645,385.4117566893288,579.1910175283241
498.3,1.9927167897756066,2.0,14.479790612336274,50.04283256788233,37.0,50.588235294117645,385.3444175417208,579.2480442204208
498.40000000000003,1.9926866882744745,2.0,14.472153577868488,50.05097554706623,37.0,50.588235294117645,385.277041776721,579.3050985206503
498.5,1.992656674463772,2.0,14.4644977132468,50.05912146190042,37.0,50.588235294117645,385.2096293797877,579.3621804343916
498.6,1.992626748550322,2.0,14.456823101079959,50.06727031353989,37.0,50.588235294117645,385.1421803363808,579.419289967012
498.70000000000005,1.9925969107400057,2.0,14.449129824085745,50.07542210313932,37.0,50.588235294117645,385.07469463196105,579.4764271238676
498.8,1.992567161237762,2.0,14.441417965090107,50.08357683185318,37.0,50.588235294117645,385.00717225199065,579.5335919103028
498.90000000000003,1.9925375002475854,2.0,14.433687607026425,50.0917345008358,37.0,50.588235294117645,384.93961318193305,579.5907843316505
499.0,1.992507927972525,2.0,14.425938832934563,50.09989511124087,37.0,50.588235294117645,384.8720174072531,579.648004393232
499.1,1.9924784446146846,2.0,14.418171725960129,50.1080586642222,37.0,50.588235294117645,384.80438491341704,579.7052521003569
499.20000000000005,1.9924490503752201,2.0,14.410386369353649,50.116225160933084,37.0,50.588235294117645,384.7367156858926,579.7625274583231
499.3,1.9924197454543393,2.0,14.402582846469716,50.12439460252659,37.0,50.588235294117645,384.66900971014894,579.8198304724165
499.40000000000003,1.992390530051302,2.0,14.394761240766174,50.13256699015557,37.0,50.588235294117645,384.60126697165686,579.8771611479115
499.5,1.9923614043644158,2.0,14.386921635803418,50.140742324972564,37.0,50.588235294117645,384.5334874558888,579.9345194900699
499.6,1.9923323685910375,2.0,14.379064115243285,50.1489206081298,37.0,50.588235294117645,384.465671148319,579.9919055041422
499.70000000000005,1.9923034229275725,2.0,14.371188762848494,50.15710184077915,37.0,50.588235294117645,384.3978180344231,580.0493191953668
499.8,1.9922745675694715,2.0,14.363295662481786,50.165286024072316,37.0,50.588235294117645,384.32992809967874,580.10676056897
499.90000000000003,1.9922458027112315,2.0,14.355384898104948,50.17347315916072,37.0,50.588235294117645,384.2620013295653,580.1642296301653
