Time_s,Level_PV_m,Level_SP_m,Level_OP_pct,Temp_PV_C,Temp_SP_C,Temp_OP_pct,CA_PV_mol/m3,CC_PV_mol/m3
0.0,2.014203373242654,2.0,9.039017995507757,43.4411752221115,37.0,50.588235294117645,434.90330607574504,536.4655522396392
0.1,2.01423392905454,2.0,9.052221579172182,43.44702221037585,37.0,50.588235294117645,434.8651427214936,536.4990137991531
0.2,2.0142643340009525,2.0,9.065440564207135,43.45287112246541,37.0,50.588235294117645,434.8269535320409,536.532497476354
0.30000000000000004,2.014294587910108,2.0,9.07867481953792,43.45872195926495,37.0,50.588235294117645,434.78873849958984,536.5660032759716
0.4,2.014324690611729,2.0,9.091924214042777,43.46457472165952,37.0,50.588235294117645,434.7504976163409,536.5995312027347
0.5,2.014354641937044,2.0,9.105188616554056,43.47042941053445,37.0,50.588235294117645,434.71223087449243,536.6330812613712
0.6000000000000001,2.01438444171879,2.0,9.118467895859535,43.476286026775654,37.0,50.588235294117645,434.67393826624044,536.6666534566081
0.7000000000000001,2.0144140897912113,2.0,9.131761920703653,43.48214457126909,37.0,50.588235294117645,434.63561978377885,536.7002477931711
0.8,2.01444358599006,2.0,9.145070559788637,43.48800504490134,37.0,50.588235294117645,434.597275419299,536.7338642757857
0.9,2.0144729301525977,2.0,9.158393681775886,43.49386744855923,37.0,50.588235294117645,434.55890516499,536.767502909176
1.0,2.014502122117594,2.0,9.171731155287112,43.49973178313002,37.0,50.588235294117645,434.5205090130387,536.8011636980652
1.1,2.014531161725331,2.0,9.185082848905559,43.50559804950126,37.0,50.588235294117645,434.4820869556293,536.8348466471764
1.2000000000000002,2.0145600488175988,2.0,9.19844863117746,43.51146624856091,37.0,50.588235294117645,434.4436389849437,536.8685517612311
1.3,2.0145887832377,2.0,9.211828370612896,43.517336381197254,37.0,50.588235294117645,434.4051650931613,536.9022790449505
1.4000000000000001,2.014617364830447,2.0,9.225221935687456,43.52320844829899,37.0,50.588235294117645,434.3666652724591,536.936028503055
1.5,2.014645793442165,2.0,9.238629194843107,43.52908245075514,37.0,50.588235294117645,434.3281395150115,536.9698001402639
1.6,2.0146740689206912,2.0,9.25205001648963,43.53495838945514,37.0,50.588235294117645,434.28958781299053,537.0035939612964
1.7000000000000002,2.014702191115375,2.0,9.265484269005832,43.54083626528876,37.0,50.588235294117645,434.2510101585654,537.0374099708702
1.8,2.014730159877079,2.0,9.278931820740723,43.546716079145995,37.0,50.588235294117645,434.21240654390294,537.0712481737031
1.9000000000000001,2.0147579750581794,2.0,9.292392540014827,43.55259783191747,37.0,50.588235294117645,434.17377696116716,537.105108574512
2.0,2.014785636512566,2.0,9.305866295121374,43.55848152449397,37.0,50.588235294117645,434.13512140251964,537.1389911780128
2.1,2.0148131440956427,2.0,9.319352954327483,43.56436715776675,37.0,50.588235294117645,434.0964398601192,537.1728959889214
2.2,2.0148404976643275,2.0,9.332852385875498,43.570254732627404,37.0,50.588235294117645,434.05773232612194,537.2068230119528
2.3000000000000003,2.014867697077053,2.0,9.346364457984128,43.57614424996791,37.0,50.588235294117645,434.0189987926812,537.2407722518212
2.4000000000000004,2.0148947421937686,2.0,9.359889038849719,43.5820357106806,37.0,50.588235294117645,433.9802392519477,537.2747437132408
2.5,2.014921632875937,2.0,9.373425996647562,43.587929115658085,37.0,50.588235294117645,433.9414536960693,537.3087374009251
2.6,2.0149483689865373,2.0,9.386975199532955,43.59382446579343,37.0,50.588235294117645,433.902642117191,537.3427533195868
2.7,2.0149749503900645,2.0,9.400536515642507,43.599721761980106,37.0,50.588235294117645,433.8638045074552,537.3767914739385
2.8000000000000003,2.01500137695253,2.0,9.414109813095461,43.605621005111914,37.0,50.588235294117645,433.8249408590011,537.4108518686921
2.9000000000000004,2.015027648541461,2.0,9.427694959994794,43.611522196082944,37.0,50.588235294117645,433.7860511639653,537.4449345085593
3.0,2.0150537650259017,2.0,9.441291824428477,43.61742533578774,37.0,50.588235294117645,433.74713541448125,537.4790393982508
3.1,2.0150797262764137,2.0,9.454900274470747,43.62333042512114,37.0,50.588235294117645,433.7081936026797,537.513166542478
3.2,2.015105532165074,2.0,9.468520178183311,43.62923746497847,37.0,50.588235294117645,433.6692257206884,537.5473159459509
3.3000000000000003,2.0151311825654776,2.0,9.482151403616463,43.63514645625537,37.0,50.588235294117645,433.630231760632,537.5814876133796
3.4000000000000004,2.015156677352738,2.0,9.495793818810503,43.641057399847796,37.0,50.588235294117645,433.59121171463204,537.6156815494738
3.5,2.0151820164034846,2.0,9.509447291796889,43.64697029665206,37.0,50.588235294117645,433.5521655748073,537.6498977589429
3.6,2.0152071995958654,2.0,9.523111690599329,43.652885147564916,37.0,50.588235294117645,433.5130933332733,537.684136246496
3.7,2.0152322268095455,2.0,9.536786883235209,43.658801953483476,37.0,50.588235294117645,433.4739949821425,537.718397016842
3.8000000000000003,2.015257097925708,2.0,9.550472737716648,43.664720715305236,37.0,50.588235294117645,433.4348705135243,537.7526800746897
3.9000000000000004,2.015281812827054,2.0,9.56416912205179,43.67064143392798,37.0,50.588235294117645,433.3957199195248,537.7869854247472
4.0,2.015306371397803,2.0,9.577875904246024,43.67656411025001,37.0,50.588235294117645,433.3565431922472,537.8213130717228
4.1000000000000005,2.015330773523692,2.0,9.591592952303237,43.68248874516979,37.0,50.588235294117645,433.31734032379126,537.8556630203246
4.2,2.015355019091976,2.0,9.60532013422692,43.6884153395863,37.0,50.588235294117645,433.27811130625355,537.8900352752605
4.3,2.015379107991429,2.0,9.619057318021504,43.69434389439874,37.0,50.588235294117645,433.23885613172746,537.9244298412381
4.4,2.0154030401123424,2.0,9.632804371693512,43.70027441050695,37.0,50.588235294117645,433.199574792303,537.958846722965
4.5,2.0154268153465256,2.0,9.646561163252798,43.70620688881098,37.0,50.588235294117645,433.1602672800669,537.9932859251487
4.6000000000000005,2.015450433587307,2.0,9.660327560713707,43.71214133021118,37.0,50.588235294117645,433.1209335871026,538.0277474524966
4.7,2.015473894729532,2.0,9.674103432096416,43.718077735608404,37.0,50.588235294117645,433.0815737054903,538.0622313097163
4.800000000000001,2.015497198669565,2.0,9.687888645427975,43.72401610590384,37.0,50.588235294117645,433.04218762730653,538.096737501515
4.9,2.0155203453052883,2.0,9.701683068743705,43.72995644199892,37.0,50.588235294117645,433.00277534462464,538.1312660326001
5.0,2.0155433345361016,2.0,9.715486570088228,43.735898744795634,37.0,50.588235294117645,432.9633368495144,538.165816907679
5.1000000000000005,2.0155661662629227,2.0,9.729299017516803,43.74184301519631,37.0,50.588235294117645,432.92387213404226,538.2003901314589
5.2,2.015588840388187,2.0,9.743120279096491,43.747789254103566,37.0,50.588235294117645,432.884381190271,538.2349857086474
5.300000000000001,2.0156113568158482,2.0,9.756950222907342,43.75373746242042,37.0,50.588235294117645,432.84486401026,538.2696036439521
5.4,2.0156337154513775,2.0,9.770788717043649,43.75968764105028,37.0,50.588235294117645,432.80532058606514,538.3042439420805
5.5,2.0156559162017613,2.0,9.784635629615188,43.7656397908969,37.0,50.588235294117645,432.7657509097387,538.3389066077402
5.6000000000000005,2.0156779589755067,2.0,9.798490828748173,43.77159391286443,37.0,50.588235294117645,432.72615497332913,538.3735916456393
5.7,2.015699843682635,2.0,9.812354182586919,43.77755000785737,37.0,50.588235294117645,432.6865327688817,538.4082990604855
5.800000000000001,2.015721570234685,2.0,9.826225559294551,43.78350807678066,37.0,50.588235294117645,432.64688428843766,538.4430288569873
5.9,2.015743138544713,2.0,9.84010482705451,43.789468120539595,37.0,50.588235294117645,432.6072095240348,538.477781039853
6.0,2.0157645485272915,2.0,9.853991854071754,43.7954301400398,37.0,50.588235294117645,432.567508467707,538.512555613791
6.1000000000000005,2.015785800098508,2.0,9.867886508573793,43.80139413618724,37.0,50.588235294117645,432.5277811114846,538.5473525835105
6.2,2.015806893175967,2.0,9.881788658811976,43.80736010988841,37.0,50.588235294117645,432.4880274473942,538.5821719537203
6.300000000000001,2.0158278276787884,2.0,9.895698173062707,43.813328062050005,37.0,50.588235294117645,432.4482474674585,538.6170137291299
6.4,2.0158486035276075,2.0,9.909614919628652,43.81929799357914,37.0,50.588235294117645,432.4084411636964,538.6518779144491
6.5,2.015869220644575,2.0,9.923538766839862,43.82526990538338,37.0,50.588235294117645,432.3686085281231,538.6867645143876
6.6000000000000005,2.0158896789533554,2.0,9.937469583055051,43.83124379837062,37.0,50.588235294117645,432.32874955274974,538.7216735336559
6.7,2.0159099783791286,2.0,9.95140723666269,43.837219673449056,37.0,50.588235294117645,432.28886422958385,538.7566049769648
6.800000000000001,2.0159301188485887,2.0,9.965351596082312,43.843197531527494,37.0,50.588235294117645,432.24895255062887,538.7915588490251
6.9,2.0159501002899427,2.0,9.979302529765665,43.84917737351486,37.0,50.588235294117645,432.20901450788426,538.8265351545487
7.0,2.015969922632912,2.0,9.993259906197794,43.855159200320486,37.0,50.588235294117645,432.1690500933457,538.8615338982473
7.1000000000000005,2.0159895858087307,2.0,10.007223593898434,43.8611430128542,37.0,50.588235294117645,432.1290592990046,538.8965550848333
7.2,2.0160090897501446,2.0,10.021193461423035,43.86712881202618,37.0,50.588235294117645,432.0890421168487,538.9315987190192
7.300000000000001,2.0160284343914134,2.0,10.035169377363937,43.87311659874683,37.0,50.588235294117645,432.0489985388615,538.9666648055187
7.4,2.0160476196683077,2.0,10.049151210351749,43.8791063739273,37.0,50.588235294117645,432.0089285570225,539.0017533490457
7.5,2.01606664551811,2.0,10.063138829056303,43.885098138478725,37.0,50.588235294117645,431.968832163307,539.0368643543143
7.6000000000000005,2.0160855118796124,2.0,10.077132102188008,43.89109189331276,37.0,50.588235294117645,431.92870934968647,539.0719978260394
7.7,2.0161042186931195,2.0,10.091130898498843,43.897087639341464,37.0,50.588235294117645,431.8885601081279,539.1071537689364
7.800000000000001,2.0161227659004446,2.0,10.105135086783815,43.903085377477225,37.0,50.588235294117645,431.84838443059425,539.1423321877214
7.9,2.0161411534449107,2.0,10.119144535881855,43.90908510863295,37.0,50.588235294117645,431.8081823090443,539.177533087111
8.0,2.0161593812713496,2.0,10.133159114677163,43.9150868337216,37.0,50.588235294117645,431.7679537354326,539.2127564718226
8.1,2.016177449326103,2.0,10.147178692100304,43.92109055365694,37.0,50.588235294117645,431.7276987017096,539.2480023465738
8.200000000000001,2.0161953575570184,2.0,10.161203137129522,43.92709626935289,37.0,50.588235294117645,431.68741719982114,539.2832707160834
8.3,2.016213105913452,2.0,10.175232318791693,43.933103981723605,37.0,50.588235294117645,431.64710922170906,539.3185615850707
8.4,2.0162306943462664,2.0,10.189266106163638,43.93911369168387,37.0,50.588235294117645,431.60677475931095,539.3538749582556
8.5,2.0162481228078315,2.0,10.203304368373342,43.945125400148754,37.0,50.588235294117645,431.5664138045596,539.3892108403587
8.6,2.016265391252021,2.0,10.217346974601014,43.951139108033715,37.0,50.588235294117645,431.5260263493839,539.4245692361015
8.700000000000001,2.0162824996342157,2.0,10.231393794080258,43.957154816254615,37.0,50.588235294117645,431.4856123857082,539.4599501502063
8.8,2.016299447911299,2.0,10.245444696099348,43.9631725257276,37.0,50.588235294117645,431.4451719054523,539.4953535873959
8.9,2.0163162360416593,2.0,10.259499550002259,43.96919223736927,37.0,50.588235294117645,431.4047049005317,539.5307795523942
9.0,2.0163328639851876,2.0,10.273558225189994,43.97521395209668,37.0,50.588235294117645,431.3642113628573,539.5662280499258
9.1,2.0163493317032786,2.0,10.28762059112152,43.98123767082711,37.0,50.588235294117645,431.32369128433567,539.6016990847163
9.200000000000001,2.0163656391588267,2.0,10.301686517315225,43.98726339447836,37.0,50.588235294117645,431.28314465686867,539.6371926614918
9.3,2.0163817863162294,2.0,10.315755873349747,43.993291123968504,37.0,50.588235294117645,431.24257147235375,539.6727087849797
9.4,2.0163977731413834,2.0,10.329828528865438,43.99932086021602,37.0,50.588235294117645,431.20197172268377,539.708247459908
9.5,2.016413599601686,2.0,10.343904353565293,44.005352604139944,37.0,50.588235294117645,431.16134539974684,539.7438086910057
9.600000000000001,2.0164292656660328,2.0,10.357983217216294,44.01138635665933,37.0,50.588235294117645,431.1206924954267,539.7793924830031
9.700000000000001,2.0164447713048177,2.0,10.372064989650358,44.01742211869396,37.0,50.588235294117645,431.08001300160214,539.8149988406309
9.8,2.016460116489933,2.0,10.386149540765693,44.02345989116384,37.0,50.588235294117645,431.0393069101475,539.850627768621
9.9,2.0164753011947667,2.0,10.400236740527873,44.02949967498938,37.0,50.588235294117645,430.9985742129324,539.8862792717066
10.0,2.016490325394203,2.0,10.41432645897088,44.035541471091335,37.0,50.588235294117645,430.9578149018217,539.9219533546212
10.100000000000001,2.016505189064621,2.0,10.428418566198435,44.04158528039096,37.0,50.588235294117645,430.91702896867537,539.9576500221002
10.200000000000001,2.0165198921838945,2.0,10.442512932385032,44.047631103809806,37.0,50.588235294117645,430.8762164053489,539.9933692788796
10.3,2.016534434731391,2.0,10.456609427777124,44.053678942269755,37.0,50.588235294117645,430.83537720369264,540.0291111296965
10.4,2.0165488166879695,2.0,10.470707922694249,44.05972879669321,37.0,50.588235294117645,430.7945113555524,540.0648755792893
10.5,2.0165630380359816,2.0,10.484808287530159,44.0657806680029,37.0,50.588235294117645,430.7536188527689,540.1006626323971
10.600000000000001,2.01657709875927,2.0,10.498910392754006,44.07183455712192,37.0,50.588235294117645,430.7126996871782,540.1364722937603
10.700000000000001,2.0165909988431676,2.0,10.513014108911484,44.077890464973734,37.0,50.588235294117645,430.6717538506112,540.1723045681208
10.8,2.016604738274496,2.0,10.527119306625973,44.08394839248223,37.0,50.588235294117645,430.63078133489415,540.2081594602213
10.9,2.0166183170415635,2.0,10.541225856599567,44.09000834057167,37.0,50.588235294117645,430.5897821318483,540.2440369748061
11.0,2.0166317351341685,2.0,10.555333629614271,44.09607031016668,37.0,50.588235294117645,430.54875623328974,540.2799371166203
11.100000000000001,2.016644992543594,2.0,10.56944249653328,44.102134302192326,37.0,50.588235294117645,430.5077036310297,540.3158598904105
11.200000000000001,2.016658089262609,2.0,10.58355232830188,44.108200317573846,37.0,50.588235294117645,430.4666243168744,540.3518053009241
11.3,2.0166710252854663,2.0,10.597662995948768,44.11426835723728,37.0,50.588235294117645,430.4255182826249,540.3877733529104
11.4,2.0166838006079026,2.0,10.611774370587005,44.12033842210866,37.0,50.588235294117645,430.3843855200773,540.4237640511195
11.5,2.0166964152271367,2.0,10.6258863234153,44.126410513114706,37.0,50.588235294117645,430.3432260210224,540.4597774003033
11.600000000000001,2.0167088691418704,2.0,10.639998725719032,44.13248463118231,37.0,50.588235294117645,430.30203977724614,540.4958134052147
11.700000000000001,2.0167211623522827,2.0,10.654111448871546,44.13856077723881,37.0,50.588235294117645,430.26082678052916,540.5318720706077
11.8,2.016733294860035,2.0,10.668224364334895,44.144638952212006,37.0,50.588235294117645,430.219587022647,540.5679534012384
11.9,2.016745266668266,2.0,10.682337343661455,44.15071915702987,37.0,50.588235294117645,430.1783204953698,540.6040574018635
12.0,2.0167570777815915,2.0,10.696450258494714,44.15680139262105,37.0,50.588235294117645,430.1370271904629,540.6401840772415
12.100000000000001,2.0167687282061033,2.0,10.710562980570469,44.16288565991442,37.0,50.588235294117645,430.09570709968597,540.6763334321324
12.200000000000001,2.0167802179493686,2.0,10.724675381717919,44.16897195983921,37.0,50.588235294117645,430.05436021479346,540.7125054712974
12.3,2.0167915470204285,2.0,10.738787333860865,44.17506029332509,37.0,50.588235294117645,430.01298652753474,540.7487001994992
12.4,2.016802715429797,2.0,10.752898709018751,44.1811506613023,37.0,50.588235294117645,429.97158602965374,540.7849176215025
12.5,2.0168137231894603,2.0,10.76700937930778,44.18724306470108,37.0,50.588235294117645,429.93015871288895,540.8211577420726
12.600000000000001,2.0168245703128735,2.0,10.781119216942098,44.19333750445247,37.0,50.588235294117645,429.88870456897365,540.8574205659771
12.700000000000001,2.0168352568149643,2.0,10.795228094234691,44.19943398148757,37.0,50.588235294117645,429.84722358963575,540.8937060979846
12.8,2.016845782712126,2.0,10.809335883598887,44.20553249673799,37.0,50.588235294117645,429.80571576659753,540.9300143428655
12.9,2.0168561480222187,2.0,10.823442457548978,44.21163305113578,37.0,50.588235294117645,429.76418109157595,540.9663453053919
13.0,2.0168663527645707,2.0,10.837547688701644,44.217735645613345,37.0,50.588235294117645,429.7226195562825,541.0026989903372
13.100000000000001,2.0168763969599737,2.0,10.851651449777012,44.22384028110349,37.0,50.588235294117645,429.6810311524232,541.0390754024766
13.200000000000001,2.016886280630682,2.0,10.86575361359968,44.22994695853947,37.0,50.588235294117645,429.6394158716984,541.0754745465867
13.3,2.0168960038004142,2.0,10.879854053099791,44.23605567885477,37.0,50.588235294117645,429.59777370580326,541.1118964274465
13.4,2.0169055664943483,2.0,10.893952641314279,44.24216644298326,37.0,50.588235294117645,429.556104646427,541.1483410498355
13.5,2.0169149687391217,2.0,10.90804925138782,44.24827925185946,37.0,50.588235294117645,429.5144086852534,541.1848084185357
13.600000000000001,2.016924210562832,2.0,10.922143756573917,44.25439410641803,37.0,50.588235294117645,429.4726858139607,541.2212985383306
13.700000000000001,2.016933291995032,2.0,10.93623603023617,44.260511007594175,37.0,50.588235294117645,429.4309360242214,541.2578114140053
13.8,2.0169422130667316,2.0,10.950325945849093,44.26662995632336,37.0,50.588235294117645,429.38915930770236,541.2943470503469
13.9,2.016950973810394,2.0,10.964413376999449,44.27275095354156,37.0,50.588235294117645,429.3473556560648,541.3309054521438
14.0,2.016959574259938,2.0,10.978498197387143,44.278874000185056,37.0,50.588235294117645,429.30552506096404,541.3674866241868
14.100000000000001,2.0169680144507316,2.0,10.992580280826555,44.284999097190564,37.0,50.588235294117645,429.2636675140499,541.4040905712678
14.200000000000001,2.0169762944195946,2.0,11.006659501247237,44.29112624549521,37.0,50.588235294117645,429.2217830069665,541.4407172981813
14.3,2.0169844142047952,2.0,11.020735732695389,44.297255446036445,37.0,50.588235294117645,429.1798715313519,541.4773668097229
14.4,2.0169923738460502,2.0,11.03480884933464,44.30338669975214,37.0,50.588235294117645,429.1379330788386,541.5140391106903
14.5,2.017000173384522,2.0,11.048878725447324,44.3095200075806,37.0,50.588235294117645,429.0959676410531,541.5507342058833
14.600000000000001,2.0170078128628193,2.0,11.062945235435429,44.31565537046049,37.0,50.588235294117645,429.05397520961617,541.5874521001031
14.700000000000001,2.017015292324992,2.0,11.07700825382176,44.321792789330914,37.0,50.588235294117645,429.01195577614254,541.6241927981534
14.8,2.0170226118165338,2.0,11.091067655250871,44.32793226513127,37.0,50.588235294117645,428.9699093322413,541.6609563048396
14.9,2.0170297713843786,2.0,11.105123314490294,44.33407379880151,37.0,50.588235294117645,428.9278358695154,541.6977426249686
15.0,2.0170367710768997,2.0,11.119175106431516,44.340217391281726,37.0,50.588235294117645,428.8857353795619,541.7345517633496
15.100000000000001,2.017043610943907,2.0,11.133222906091067,44.34636304351267,37.0,50.588235294117645,428.84360785397195,541.771383724794
15.200000000000001,2.0170502910366483,2.0,11.147266588611505,44.35251075643532,37.0,50.588235294117645,428.8014532843307,541.8082385141149
15.3,2.0170568114078047,2.0,11.161306029262631,44.358660530991244,37.0,50.588235294117645,428.7592716622172,541.8451161361272
15.4,2.017063172111491,2.0,11.175341103442406,44.36481236812216,37.0,50.588235294117645,428.71706297920446,541.8820165956485
15.5,2.0170693732032547,2.0,11.189371686678086,44.37096626877019,37.0,50.588235294117645,428.6748272268596,541.9189398974976
15.600000000000001,2.0170754147400713,2.0,11.203397654627281,44.37712223387814,37.0,50.588235294117645,428.6325643967434,541.955886046496
15.700000000000001,2.017081296780346,2.0,11.217418883078864,44.38328026438887,37.0,50.588235294117645,428.59027448041076,541.992855047467
15.8,2.0170870193839123,2.0,11.231435247954213,44.38944036124593,37.0,50.588235294117645,428.5479574694103,542.0298469052359
15.9,2.0170925826120274,2.0,11.245446625308224,44.39560252539309,37.0,50.588235294117645,428.5056133552844,542.0668616246304
16.0,2.017097986527372,2.0,11.259452891330241,44.40176675777445,37.0,50.588235294117645,428.4632421295696,542.1038992104802
16.1,2.0171032311940507,2.0,11.273453922345105,44.40793305933471,37.0,50.588235294117645,428.42084378379593,542.140959667617
16.2,2.0171083166775876,2.0,11.287449594814412,44.414101431018764,37.0,50.588235294117645,428.3784183094873,542.178043000875
16.3,2.0171132430449266,2.0,11.30143978533728,44.420271873772094,37.0,50.588235294117645,428.3359656981614,542.2151492150903
16.400000000000002,2.017118010364429,2.0,11.315424370651579,44.42644438854046,37.0,50.588235294117645,428.29348594132955,542.252278315101
16.5,2.01712261870587,2.0,11.329403227634891,44.43261897627002,37.0,50.588235294117645,428.25097903049686,542.2894303057478
16.6,2.0171270681404416,2.0,11.34337623330546,44.43879563790739,37.0,50.588235294117645,428.2084449571621,542.3266051918736
16.7,2.0171313587407464,2.0,11.357343264823399,44.44497437439958,37.0,50.588235294117645,428.1658837128177,542.3638029783233
16.8,2.017135490580798,2.0,11.371304199491622,44.45115518669394,37.0,50.588235294117645,428.1232952889497,542.4010236699444
16.900000000000002,2.0171394637360196,2.0,11.385258914756811,44.45733807573828,37.0,50.588235294117645,428.0806796770378,542.4382672715863
17.0,2.017143278283241,2.0,11.399207288210633,44.46352304248069,37.0,50.588235294117645,428.0380368685553,542.4755337881006
17.1,2.0171469343006985,2.0,11.413149197590492,44.469710087869885,37.0,50.588235294117645,427.995366854969,542.512823224342
17.2,2.0171504318680302,2.0,11.427084520780875,44.47589921285464,37.0,50.588235294117645,427.9526696277393,542.5501355851668
17.3,2.017153771066279,2.0,11.441013135813945,44.48209041838453,37.0,50.588235294117645,427.9099451783201,542.5874708754338
17.400000000000002,2.017156951977886,2.0,11.45493492087105,44.48828370540923,37.0,50.588235294117645,427.86719349815877,542.6248291000044
17.5,2.0171599746866917,2.0,11.468849754283363,44.49447907487888,37.0,50.588235294117645,427.8244145786963,542.662210263742
17.6,2.0171628392779337,2.0,11.482757514533061,44.50067652774402,37.0,50.588235294117645,427.7816084113669,542.6996143715127
17.7,2.0171655458382434,2.0,11.496658080254289,44.50687606495575,37.0,50.588235294117645,427.7387749875984,542.7370414281849
17.8,2.0171680944556463,2.0,11.510551330234136,44.51307768746534,37.0,50.588235294117645,427.695914298812,542.7744914386293
17.900000000000002,2.0171704852195593,2.0,11.52443714341376,44.519281396224585,37.0,50.588235294117645,427.65302633642233,542.8119644077193
18.0,2.0171727182207877,2.0,11.538315398889294,44.525487192185665,37.0,50.588235294117645,427.61011109183727,542.8494603403307
18.1,2.017174793551526,2.0,11.55218597591278,44.53169507630116,37.0,50.588235294117645,427.56716855645806,542.8869792413415
18.2,2.017176711305353,2.0,11.566048753893403,44.537905049524,37.0,50.588235294117645,427.52419872167934,542.9245211156326
18.3,2.0171784715772323,2.0,11.579903612398182,44.54411711280761,37.0,50.588235294117645,427.4812015788891,542.9620859680871
18.400000000000002,2.0171800744635093,2.0,11.593750431153255,44.55033126710572,37.0,50.588235294117645,427.43817711946843,542.9996738035908
18.5,2.0171815200619094,2.0,11.607589090044662,44.55654751337249,37.0,50.588235294117645,427.39512533479177,543.037284627032
18.6,2.0171828084715364,2.0,11.621419469119425,44.56276585256256,37.0,50.588235294117645,427.3520462162268,543.0749184433014
18.7,2.01718393979287,2.0,11.635241448586543,44.5689862856309,37.0,50.588235294117645,427.3089397551345,543.1125752572925
18.8,2.0171849141277645,2.0,11.649054908817915,44.57520881353281,37.0,50.588235294117645,427.2658059428687,543.1502550739015
18.900000000000002,2.0171857315794472,2.0,11.662859730349409,44.58143343722418,37.0,50.588235294117645,427.22264477077687,543.1879578980265
19.0,2.0171863922525146,2.0,11.676655793881817,44.58766015766105,37.0,50.588235294117645,427.17945623019926,543.2256837345691
19.1,2.017186896252933,2.0,11.690442980281716,44.5938889758001,37.0,50.588235294117645,427.1362403124695,543.263432588433
19.200000000000003,2.017187243688034,2.0,11.704221170582668,44.60011989259834,37.0,50.588235294117645,427.09299700891404,543.3012044645249
19.3,2.0171874346665146,2.0,11.717990245985993,44.60635290901314,37.0,50.588235294117645,427.04972631085263,543.3389993677538
19.400000000000002,2.017187469298434,2.0,11.731750087861833,44.61258802600224,37.0,50.588235294117645,427.00642820959814,543.3768173030317
19.5,2.0171873476952125,2.0,11.745500577750144,44.61882524452392,37.0,50.588235294117645,426.9631026964562,543.4146582752729
19.6,2.017187069969628,2.0,11.7592415973616,44.62506456553672,37.0,50.588235294117645,426.91974976272564,543.4525222893949
19.700000000000003,2.017186636235815,2.0,11.772973028578619,44.631305989999646,37.0,50.588235294117645,426.8763693996983,543.4904093503176
19.8,2.0171860466092624,2.0,11.786694753456182,44.63754951887205,37.0,50.588235294117645,426.832961598659,543.5283194629637
19.900000000000002,2.017185301206812,2.0,11.800406654223053,44.64379515311384,37.0,50.588235294117645,426.78952635088524,543.5662526322589
20.0,2.0171844001466552,2.0,11.814108613282496,44.65004289368528,37.0,50.588235294117645,426.74606364764793,543.6042088631311
20.1,2.0171833435483317,2.0,11.827800513213354,44.656292741546906,37.0,50.588235294117645,426.7025734802105,543.6421881605116
20.200000000000003,2.017182131532728,2.0,11.841482236770943,44.66254469765971,37.0,50.588235294117645,426.6590558398294,543.6801905293343
20.3,2.0171807642220734,2.0,11.85515366688809,44.66879876298515,37.0,50.588235294117645,426.6155107177539,543.7182159745357
20.400000000000002,2.0171792417399397,2.0,11.868814686675972,44.67505493848506,37.0,50.588235294117645,426.57193810522625,543.7562645010555
20.5,2.017177564211239,2.0,11.882465179425111,44.681313225121585,37.0,50.588235294117645,426.52833799348133,543.794336113836
20.6,2.017175731762219,2.0,11.89610502860638,44.68757362385753,37.0,50.588235294117645,426.4847103737469,543.8324308178223
20.700000000000003,2.0171737445204654,2.0,11.909734117871789,44.693836135655886,37.0,50.588235294117645,426.4410552372436,543.8705486179626
20.8,2.017171602614895,2.0,11.92335233105559,44.70010076148003,37.0,50.588235294117645,426.39737257518465,543.908689519208
20.900000000000002,2.0171693061757576,2.0,11.936959552175129,44.70636750229386,37.0,50.588235294117645,426.3536623787762,543.9468535265123
21.0,2.01716685533463,2.0,11.95055566543181,44.71263635906172,37.0,50.588235294117645,426.30992463921706,543.9850406448323
21.1,2.0171642502244165,2.0,11.96414055521194,44.71890733274813,37.0,50.588235294117645,426.26615934769865,544.0232508791278
21.200000000000003,2.0171614909793463,2.0,11.97771410608782,44.725180424318296,37.0,50.588235294117645,426.222366495405,544.0614842343615
21.3,2.017158577734971,2.0,11.991276202818518,44.73145563473764,37.0,50.588235294117645,426.178546073513,544.0997407154993
21.400000000000002,2.017155510628162,2.0,12.004826730350942,44.737732964972054,37.0,50.588235294117645,426.13469807319217,544.1380203275096
21.5,2.017152289797107,2.0,12.018365573820562,44.74401241598787,37.0,50.588235294117645,426.0908224856045,544.1763230753643
21.6,2.0171489153813114,2.0,12.031892618552508,44.750293988751764,37.0,50.588235294117645,426.04691930190455,544.2146489640379
21.700000000000003,2.017145387521593,2.0,12.045407750062408,44.75657768423082,37.0,50.588235294117645,426.00298851323964,544.2529979985081
21.8,2.0171417063600807,2.0,12.058910854057338,44.762863503392566,37.0,50.588235294117645,425.9590301107496,544.2913701837558
21.900000000000002,2.0171378720402116,2.0,12.072401816436745,44.76915144720488,37.0,50.588235294117645,425.91504408556665,544.3297655247646
22.0,2.0171338847067304,2.0,12.085880523293191,44.775441516636135,37.0,50.588235294117645,425.8710304288157,544.3681840265215
22.1,2.0171297445056844,2.0,12.099346860913586,44.78173371265507,37.0,50.588235294117645,425.8269891316139,544.4066256940163
22.200000000000003,2.017125451584424,2.0,12.112800715779725,44.788028036230855,37.0,50.588235294117645,425.78292018507113,544.445090532242
22.3,2.017121006091599,2.0,12.126241974569506,44.79432448833302,37.0,50.588235294117645,425.7388235802896,544.4835785461952
22.400000000000002,2.0171164081771553,2.0,12.13967052415764,44.80062306993153,37.0,50.588235294117645,425.69469930836397,544.5220897408748
22.5,2.017111657992334,2.0,12.153086251616545,44.80692378199677,37.0,50.588235294117645,425.65054736038127,544.560624121283
22.6,2.017106755689669,2.0,12.166489044217347,44.81322662549951,37.0,50.588235294117645,425.6063677274212,544.5991816924258
22.700000000000003,2.0171017014229844,2.0,12.179878789430767,44.8195316014108,37.0,50.588235294117645,425.5621604005553,544.6377624593116
22.8,2.0170964953473907,2.0,12.193255374927869,44.82583871070244,37.0,50.588235294117645,425.5179253708479,544.6763664269525
22.900000000000002,2.017091137619285,2.0,12.206618688581068,44.83214795434634,37.0,50.588235294117645,425.47366262935554,544.7149936003635
23.0,2.017085628396347,2.0,12.21996861846504,44.83845933331486,37.0,50.588235294117645,425.42937216712704,544.7536439845627
23.1,2.017079967837536,2.0,12.233305052857524,44.844772848580874,37.0,50.588235294117645,425.3850539752035,544.7923175845718
23.200000000000003,2.0170741561030905,2.0,12.246627880240162,44.85108850111766,37.0,50.588235294117645,425.34070804461834,544.8310144054155
23.3,2.0170681933545236,2.0,12.259936989299545,44.85740629189877,37.0,50.588235294117645,425.2963343663971,544.8697344521219
23.400000000000002,2.017062079754622,2.0,12.273232268927938,44.863726221898276,37.0,50.588235294117645,425.2519329315578,544.9084777297221
23.5,2.017055815467443,2.0,12.286513608224205,44.8700482920907,37.0,50.588235294117645,425.2075037311104,544.9472442432506
23.6,2.017049400658312,2.0,12.299780896494628,44.87637250345085,37.0,50.588235294117645,425.1630467560573,544.9860339977454
23.700000000000003,2.0170428354938204,2.0,12.3130340232539,44.88269885695405,37.0,50.588235294117645,425.1185619973929,545.0248469982473
23.8,2.0170361201418228,2.0,12.326272878225854,44.8890273535759,37.0,50.588235294117645,425.07404944610374,545.0636832498008
23.900000000000002,2.017029254771434,2.0,12.339497351344399,44.89535799429257,37.0,50.588235294117645,425.02950909316866,545.1025427574538
24.0,2.017022239553028,2.0,12.352707332754317,44.901690780080514,37.0,50.588235294117645,424.9849409295585,545.1414255262572
24.1,2.017015074658233,2.0,12.365902712812193,44.90802571191665,37.0,50.588235294117645,424.9403449462362,545.1803315612655
24.200000000000003,2.017007760259932,2.0,12.379083382087206,44.9143627907784,37.0,50.588235294117645,424.8957211341569,545.2192608675363
24.3,2.0170002965322573,2.0,12.392249231362012,44.92070201764341,37.0,50.588235294117645,424.8510694842675,545.2582134501308
24.400000000000002,2.016992683650591,2.0,12.40540015163361,44.92704339348978,37.0,50.588235294117645,424.80638998750726,545.2971893141137
24.5,2.0169849217915585,2.0,12.418536034114181,44.9333869192962,37.0,50.588235294117645,424.7616826348073,545.3361884645526
24.6,2.01697701113303,2.0,12.431656770231825,44.93973259604161,37.0,50.588235294117645,424.71694741709075,545.3752109065193
24.700000000000003,2.016968951854115,2.0,12.444762251631566,44.94608042470537,37.0,50.588235294117645,424.67218432527284,545.4142566450884
24.8,2.0169607441351607,2.0,12.457852370176102,44.9524304062673,37.0,50.588235294117645,424.62739335026055,545.453325685338
24.900000000000002,2.016952388157751,2.0,12.47092701794658,44.95878254170759,37.0,50.588235294117645,424.5825744829529,545.49241803235
25.0,2.0169438841047005,2.0,12.483986087243656,44.96513683200686,37.0,50.588235294117645,424.53772771424104,545.5315336912095
25.1,2.0169352321600553,2.0,12.497029470587968,44.97149327814611,37.0,50.588235294117645,424.49285303500767,545.5706726670047
25.200000000000003,2.0169264325090874,2.0,12.510057060721357,44.97785188110686,37.0,50.588235294117645,424.4479504361276,545.6098349648281
25.3,2.0169174853382947,2.0,12.523068750607326,44.9842126418709,37.0,50.588235294117645,424.40301990846746,545.6490205897752
25.400000000000002,2.0169083908353964,2.0,12.536064433432152,44.990575561420485,37.0,50.588235294117645,424.35806144288574,545.6882295469451
25.5,2.0168991491893307,2.0,12.549044002605514,44.99694064073839,37.0,50.588235294117645,424.3130750302328,545.7274618414402
25.6,2.0168897605902543,2.0,12.562007351761359,45.003307880807654,37.0,50.588235294117645,424.2680606613507,545.7667174783669
25.700000000000003,2.0168802252295355,2.0,12.574954374758875,45.00967728261173,37.0,50.588235294117645,424.2230183270735,545.8059964628349
25.8,2.016870543299756,2.0,12.587884965682951,45.01604884713453,37.0,50.588235294117645,424.17794801822674,545.8452987999573
25.900000000000002,2.0168607149947047,2.0,12.600799018845366,45.02242257536045,37.0,50.588235294117645,424.1328497256279,545.884624494851
26.0,2.0168507405093776,2.0,12.613696428785346,45.0287984682742,37.0,50.588235294117645,424.08772344008634,545.9239735526363
26.1,2.016840620039973,2.0,12.62657709027047,45.03517652686094,37.0,50.588235294117645,424.04256915240285,545.9633459784375
26.200000000000003,2.01683035378389,2.0,12.639440898297385,45.0415567521062,37.0,50.588235294117645,423.99738685337013,546.0027417773819
26.3,2.0168199419397252,2.0,12.652287748092732,45.04793914499612,37.0,50.588235294117645,423.95217653377244,546.0421609546008
26.400000000000002,2.0168093847072717,2.0,12.66511753511382,45.05432370651687,37.0,50.588235294117645,423.9069381843858,546.0816035152292
26.5,2.016798682287513,2.0,12.677930155049534,45.060710437655416,37.0,50.588235294117645,423.86167179597794,546.1210694644055
26.6,2.0167878348826216,2.0,12.69072550382096,45.06709933939891,37.0,50.588235294117645,423.8163773593081,546.1605588072717
26.700000000000003,2.0167768426959594,2.0,12.70350347758226,45.073490412735,37.0,50.588235294117645,423.7710548651271,546.2000715489739
26.8,2.01676570593207,2.0,12.716263972721585,45.07988365865174,37.0,50.588235294117645,423.7257043041775,546.2396076946613
26.900000000000002,2.0167544247966784,2.0,12.729006885861612,45.08627907813758,37.0,50.588235294117645,423.6803256671933,546.2791672494873
27.0,2.016742999496689,2.0,12.741732113860433,45.09267667218148,37.0,50.588235294117645,423.6349189449002,546.3187502186086
27.1,2.016731430240181,2.0,12.754439553812425,45.099076441772695,37.0,50.588235294117645,423.58948412801544,546.3583566071856
27.200000000000003,2.016719717236406,2.0,12.767129103048912,45.10547838790086,37.0,50.588235294117645,423.5440212072476,546.3979864203828
27.3,2.016707860695786,2.0,12.779800659138873,45.11188251155613,37.0,50.588235294117645,423.498530173297,546.4376396633681
27.400000000000002,2.0166958608299104,2.0,12.792454119889854,45.118288813729066,37.0,50.588235294117645,423.4530110168553,546.4773163413133
27.5,2.016683717851531,2.0,12.805089383348687,45.12469729541067,37.0,50.588235294117645,423.40746372860576,546.5170164593941
27.6,2.0166714319745633,2.0,12.817706347802119,45.131107957592235,37.0,50.588235294117645,423.361888299223,546.5567400227893
27.700000000000003,2.0166590034140803,2.0,12.83030491177782,45.13752080126551,37.0,50.588235294117645,423.3162847193731,546.5964870366823
27.8,2.01664643238631,2.0,12.842884974044951,45.14393582742275,37.0,50.588235294117645,423.27065297971353,546.6362575062597
27.900000000000002,2.016633719108633,2.0,12.855446433614908,45.150353037056504,37.0,50.588235294117645,423.22499307089333,546.676051436712
28.0,2.0166208637995817,2.0,12.86798918974214,45.15677243115988,37.0,50.588235294117645,423.17930498355275,546.7158688332339
28.1,2.0166078666788327,2.0,12.880513141924968,45.16319401072627,37.0,50.588235294117645,423.13358870832354,546.7557097010233
28.200000000000003,2.0165947279672083,2.0,12.893018189906122,45.16961777674942,37.0,50.588235294117645,423.0878442358287,546.7955740452825
28.3,2.016581447886672,2.0,12.905504233673666,45.176043730223796,37.0,50.588235294117645,423.0420715566827,546.8354618712171
28.400000000000002,2.0165680266603245,2.0,12.91797117346172,45.18247187214399,37.0,50.588235294117645,422.9962706614911,546.875373184037
28.5,2.0165544645124025,2.0,12.930418909751005,45.18890220350511,37.0,50.588235294117645,422.95044154085116,546.9153079889558
28.6,2.0165407616682747,2.0,12.942847343269861,45.19533472530276,37.0,50.588235294117645,422.904584185351,546.9552662911906
28.700000000000003,2.016526918354438,2.0,12.955256374994754,45.20176943853278,37.0,50.588235294117645,422.85869858557027,546.9952480959629
28.8,2.0165129347985187,2.0,12.967645906151022,45.20820634419141,37.0,50.588235294117645,422.8127847320799,547.0352534084977
28.900000000000002,2.016498811229263,2.0,12.980015838213843,45.214645443275515,37.0,50.588235294117645,422.76684261544176,547.0752822340244
29.0,2.01648454787654,2.0,12.992366072908567,45.2210867367823,37.0,50.588235294117645,422.72087222620934,547.1153345777756
29.1,2.016470144971335,2.0,13.00469651221172,45.227530225709415,37.0,50.588235294117645,422.6748735549273,547.1554104449881
29.200000000000003,2.016455602745748,2.0,13.017007058351673,45.233975911054756,37.0,50.588235294117645,422.62884659213114,547.1955098409029
29.3,2.01644092143299,2.0,13.029297613809245,45.240423793816774,37.0,50.588235294117645,422.5827913283478,547.2356327707646
29.400000000000002,2.0164261012673825,2.0,13.041568081318449,45.24687387499432,37.0,50.588235294117645,422.5367077540954,547.2757792398221
29.5,2.0164111424843494,2.0,13.0538183638674,45.25332615558682,37.0,50.588235294117645,422.4905958598831,547.3159492533277
29.6,2.016396045320419,2.0,13.066048364698634,45.259780636593746,37.0,50.588235294117645,422.4444556362113,547.3561428165383
29.700000000000003,2.0163808100132186,2.0,13.078257987310163,45.26623731901526,37.0,50.588235294117645,422.39828707357134,547.396359934714
29.8,2.016365436801471,2.0,13.090447135456024,45.27269620385192,37.0,50.588235294117645,422.35209016244585,547.4366006131197
29.900000000000002,2.0163499259249926,2.0,13.102615713146871,45.27915729210457,37.0,50.588235294117645,422.30586489330847,547.4768648570235
30.0,2.016334277624691,2.0,13.114763624650859,45.285620584774506,37.0,50.588235294117645,422.2596112566239,547.5171526716979
30.1,2.0163184921425588,2.0,13.12689077449427,45.29208608286359,37.0,50.588235294117645,422.2133292428478,547.5574640624197
30.200000000000003,2.0163025697216748,2.0,13.138997067462089,45.298553787373976,37.0,50.588235294117645,422.16701884242707,547.5977990344692
30.3,2.0162865106061982,2.0,13.151082408598871,45.30502369930832,37.0,50.588235294117645,422.1206800457993,547.6381575931308
30.400000000000002,2.016270315041365,2.0,13.163146703209312,45.31149581966946,37.0,50.588235294117645,422.07431284339356,547.6785397436932
30.5,2.0162539832734865,2.0,13.175189856858843,45.31797014946096,37.0,50.588235294117645,422.02791722562955,547.718945491449
30.6,2.016237515549946,2.0,13.187211775374468,45.324446689686624,37.0,50.588235294117645,421.98149318291803,547.7593748416947
30.700000000000003,2.0162209121191954,2.0,13.199212364845385,45.330925441350644,37.0,50.588235294117645,421.93504070566075,547.7998277997309
30.8,2.016204173230752,2.0,13.211191531623594,45.33740640545784,37.0,50.588235294117645,421.8885597842504,547.8403043708624
30.900000000000002,2.016187299135194,2.0,13.22314918232467,45.343889583013265,37.0,50.588235294117645,421.84205040907045,547.880804560398
31.0,2.01617029008416,2.0,13.235085223828186,45.35037497502242,37.0,50.588235294117645,421.7955125704956,547.9213283736506
31.1,2.016153146330345,2.0,13.246999563278727,45.3568625824912,37.0,50.588235294117645,421.7489462588911,547.9618758159371
31.200000000000003,2.016135868127496,2.0,13.258892108086275,45.36335240642603,37.0,50.588235294117645,421.7023514646135,548.0024468925786
31.3,2.016118455730409,2.0,13.270762765927,45.36984444783354,37.0,50.588235294117645,421.65572817800984,548.0430416089004
31.400000000000002,2.0161009093949285,2.0,13.282611444743736,45.37633870772106,37.0,50.588235294117645,421.6090763894181,548.0836599702315
31.5,2.016083229377941,2.0,13.294438052746909,45.38283518709608,37.0,50.588235294117645,421.5623960891671,548.1243019819054
31.6,2.0160654159373723,2.0,13.306242498414955,45.389333886966654,37.0,50.588235294117645,421.5156872675767,548.1649676492597
31.700000000000003,2.0160474693321873,2.0,13.318024690494907,45.39583480834125,37.0,50.588235294117645,421.46894991495736,548.205656977636
31.8,2.016029389822383,2.0,13.329784538003391,45.40233795222872,37.0,50.588235294117645,421.42218402161035,548.24636997238
31.900000000000002,2.016011177668987,2.0,13.341521950226841,45.40884331963821,37.0,50.588235294117645,421.3753895778277,548.2871066388417
32.0,2.0159928331340544,2.0,13.353236836722353,45.415350911579594,37.0,50.588235294117645,421.3285665738923,548.3278669823752
32.1,2.015974356480666,2.0,13.364929107318286,45.42186072906287,37.0,50.588235294117645,421.2817150000779,548.3686510083388
32.2,2.01595574797292,2.0,13.376598672114941,45.42837277309866,37.0,50.588235294117645,421.2348348466487,548.409458722095
32.300000000000004,2.0159370078759355,2.0,13.388245441484955,45.4348870446978,37.0,50.588235294117645,421.18792610385987,548.4502901290101
32.4,2.015918136455844,2.0,13.399869326074251,45.441403544871605,37.0,50.588235294117645,421.1409887619571,548.4911452344551
32.5,2.0158991339797896,2.0,13.411470236802366,45.447922274631935,37.0,50.588235294117645,421.0940228111769,548.5320240438051
32.6,2.015880000715923,2.0,13.4230480848633,45.45444323499106,37.0,50.588235294117645,421.04702824174655,548.5729265624391
32.7,2.0158607369334,2.0,13.43460278172592,45.460966426961534,37.0,50.588235294117645,421.00000504388385,548.6138527957404
32.800000000000004,2.0158413429023776,2.0,13.4461342391347,45.46749185155636,37.0,50.588235294117645,420.95295320779724,548.6548027490967
32.9,2.0158218188940107,2.0,13.45764236911026,45.474019509789,37.0,50.588235294117645,420.90587272368595,548.6957764279
33.0,2.0158021651804496,2.0,13.46912708395001,45.48054940267332,37.0,50.588235294117645,420.8587635817397,548.7367738375461
33.1,2.0157823820348355,2.0,13.480588296228763,45.487081531223566,37.0,50.588235294117645,420.81162577213894,548.7777949834356
33.2,2.015762469731298,2.0,13.492025918799254,45.49361589645446,37.0,50.588235294117645,420.76445928505467,548.8188398709726
33.300000000000004,2.015742428544951,2.0,13.503439864792801,45.5001524993811,37.0,50.588235294117645,420.71726411064844,548.8599085055662
33.4,2.0157222587518913,2.0,13.514830047619855,45.506691341019064,37.0,50.588235294117645,420.67004023907236,548.9010008926292
33.5,2.015701960629192,2.0,13.526196380970655,45.513232422384306,37.0,50.588235294117645,420.6227876604692,548.9421170375791
33.6,2.015681534454903,2.0,13.53753877881567,45.51977574449319,37.0,50.588235294117645,420.57550636497234,548.9832569458374
33.7,2.015660980508044,2.0,13.548857155406331,45.526321308362526,37.0,50.588235294117645,420.5281963427055,549.0244206228297
33.800000000000004,2.015640299068605,2.0,13.560151425275546,45.53286911500959,37.0,50.588235294117645,420.480857583783,549.0656080739861
33.9,2.0156194904175386,2.0,13.571421503238271,45.539419165451875,37.0,50.588235294117645,420.4334900783097,549.1068193047413
34.0,2.0155985548367608,2.0,13.582667304392057,45.545971460707506,37.0,50.588235294117645,420.386093816381,549.1480543205337
34.1,2.0155774926091437,2.0,13.593888744117677,45.552526001794945,37.0,50.588235294117645,420.33866878808277,549.1893131268063
34.2,2.0155563040185163,2.0,13.605085738079573,45.559082789733054,37.0,50.588235294117645,420.2912149834913,549.2305957290062
34.300000000000004,2.015534989349659,2.0,13.61625820222664,45.56564182554109,37.0,50.588235294117645,420.2437323926733,549.2719021325852
34.4,2.0155135488882974,2.0,13.627406052792619,45.572203110238945,37.0,50.588235294117645,420.1962210056861,549.3132323429992
34.5,2.015491982921105,2.0,13.638529206296532,45.578766644846496,37.0,50.588235294117645,420.14868081257725,549.3545863657083
34.6,2.0154702917356953,2.0,13.649627579543555,45.58533243038448,37.0,50.588235294117645,420.1011118033849,549.395964206177
34.7,2.0154484756206195,2.0,13.660701089625363,45.59190046787393,37.0,50.588235294117645,420.05351396813757,549.4373658698742
34.800000000000004,2.0154265348653633,2.0,13.67174965392065,45.59847075833608,37.0,50.588235294117645,420.0058872968541,549.478791362273
34.9,2.0154044697603433,2.0,13.682773190095764,45.60504330279275,37.0,50.588235294117645,419.9582317795437,549.5202406888509
35.0,2.015382280596904,2.0,13.693771616105199,45.61161810226628,37.0,50.588235294117645,419.9105474062062,549.5617138550898
35.1,2.015359967667315,2.0,13.704744850192187,45.61819515777921,37.0,50.588235294117645,419.8628341668316,549.6032108664759
35.2,2.015337531264765,2.0,13.715692810889177,45.62477447035462,37.0,50.588235294117645,419.81509205140014,549.6447317284999
35.300000000000004,2.01531497168336,2.0,13.726615417018378,45.63135604101598,37.0,50.588235294117645,419.7673210498826,549.6862764466566
35.4,2.015292289218122,2.0,13.737512587692235,45.63793987078725,37.0,50.588235294117645,419.71952115224,549.7278450264453
35.5,2.0152694841649814,2.0,13.748384242314117,45.64452596069276,37.0,50.588235294117645,419.67169234842373,549.7694374733696
35.6,2.015246556820777,2.0,13.759230300578643,45.65111431175711,37.0,50.588235294117645,419.6238346283755,549.8110537929376
35.7,2.01522350748325,2.0,13.770050682472354,45.65770492500559,37.0,50.588235294117645,419.57594798202723,549.8526939906617
35.800000000000004,2.0152003364510422,2.0,13.780845308274106,45.66429780146376,37.0,50.588235294117645,419.528032399301,549.8943580720588
35.9,2.015177044023692,2.0,13.791614098555677,45.670892942157536,37.0,50.588235294117645,419.48008787010957,549.9360460426498
36.0,2.01515363050163,2.0,13.802356974182175,45.67749034811334,37.0,50.588235294117645,419.43211438435554,549.9777579079606
36.1,2.015130096186178,2.0,13.813073856312672,45.6840900203581,37.0,50.588235294117645,419.38411193193195,550.019493673521
36.2,2.0151064413795443,2.0,13.82376466640059,45.69069195991892,37.0,50.588235294117645,419.3360805027221,550.0612533448651
36.300000000000004,2.015082666384817,2.0,13.834429326194371,45.697296167823595,37.0,50.588235294117645,419.28802008659943,550.1030369275321
36.4,2.015058771505966,2.0,13.845067757737663,45.703902645100015,37.0,50.588235294117645,419.2399306734277,550.1448444270649
36.5,2.015034757047836,2.0,13.85567988337013,45.71051139277682,37.0,50.588235294117645,419.1918122530606,550.186675849011
36.6,2.0150106233161433,2.0,13.866265625727806,45.71712241188294,37.0,50.588235294117645,419.1436648153424,550.2285311989225
36.7,2.0149863706174744,2.0,13.876824907743536,45.72373570344757,37.0,50.588235294117645,419.0954883501073,550.2704104823559
36.800000000000004,2.0149619992592798,2.0,13.88735765264762,45.730351268500556,37.0,50.588235294117645,419.04728284717976,550.312313704872
36.9,2.0149375095498714,2.0,13.897863783968106,45.736969108071946,37.0,50.588235294117645,418.9990482963744,550.3542408720363
37.0,2.014912901798419,2.0,13.908343225531361,45.74358922319249,37.0,50.588235294117645,418.95078468749585,550.3961919894181
37.1,2.014888176314948,2.0,13.918795901462504,45.750211614893146,37.0,50.588235294117645,418.9024920103392,550.4381670625916
37.2,2.0148633334103336,2.0,13.929221736186026,45.75683628420529,37.0,50.588235294117645,418.8541702546894,550.4801660971355
37.300000000000004,2.014838373396299,2.0,13.939620654425998,45.76346323216069,37.0,50.588235294117645,418.8058194103214,550.5221890986326
37.4,2.0148132965854115,2.0,13.94999258120675,45.77009245979167,37.0,50.588235294117645,418.7574394670007,550.5642360726705
37.5,2.0147881032910786,2.0,13.96033744185331,45.776723968130966,37.0,50.588235294117645,418.7090304144826,550.606307024841
37.6,2.014762793827544,2.0,13.970655161991743,45.78335775821148,37.0,50.588235294117645,418.66059224251245,550.6484019607406
37.7,2.014737368509885,2.0,13.980945667549674,45.78999383106685,37.0,50.588235294117645,418.61212494082577,550.6905208859696
37.800000000000004,2.0147118276540086,2.0,13.991208884756812,45.79663218773095,37.0,50.588235294117645,418.5636284991482,550.7326638061336
37.9,2.0146861715766478,2.0,14.001444740145255,45.80327282923815,37.0,50.588235294117645,418.5151029071954,550.7748307268424
38.0,2.014660400595358,2.0,14.011653160550079,45.80991575662313,37.0,50.588235294117645,418.46654815467303,550.8170216537101
38.1,2.0146345150285128,2.0,14.021834073109684,45.8165609709211,37.0,50.588235294117645,418.41796423127676,550.8592365923553
38.2,2.0146085151953024,2.0,14.031987405266236,45.82320847316771,37.0,50.588235294117645,418.36935112669244,550.901475548401
38.300000000000004,2.014582401415728,2.0,14.0421130847662,45.82985826439892,37.0,50.588235294117645,418.3207088305958,550.9437385274748
38.400000000000006,2.014556174010598,2.0,14.052211039660687,45.83651034565111,37.0,50.588235294117645,418.27203733265264,550.9860255352087
38.5,2.0145298333015274,2.0,14.062281198305815,45.84316471796109,37.0,50.588235294117645,418.22333662251884,551.0283365772392
38.6,2.0145033796109297,2.0,14.072323489363377,45.84982138236609,37.0,50.588235294117645,418.1746066898401,551.070671659207
38.7,2.014476813262017,2.0,14.082337841800996,45.85648033990384,37.0,50.588235294117645,418.12584752425226,551.113030786758
38.800000000000004,2.0144501345787944,2.0,14.092324184892695,45.863141591612475,37.0,50.588235294117645,418.07705911538113,551.1554139655418
38.900000000000006,2.0144233438860577,2.0,14.102282448219276,45.86980513853041,37.0,50.588235294117645,418.0282414528423,551.1978212012127
39.0,2.0143964415093882,2.0,14.11221256166878,45.87647098169663,37.0,50.588235294117645,417.9793945262415,551.2402524994299
39.1,2.0143694277751503,2.0,14.122114455436794,45.88313912215034,37.0,50.588235294117645,417.9305183251744,551.2827078658565
39.2,2.0143423030104883,2.0,14.13198806002695,45.88980956093138,37.0,50.588235294117645,417.8816128392265,551.3251873061605
39.300000000000004,2.0143150675433206,2.0,14.141833306251385,45.89648229907982,37.0,50.588235294117645,417.8326780579733,551.3676908260142
39.400000000000006,2.014287721702338,2.0,14.151650125230917,45.90315733763629,37.0,50.588235294117645,417.7837139709802,551.4102184310943
39.5,2.0142602658169992,2.0,14.161438448395673,45.90983467764181,37.0,50.588235294117645,417.7347205678025,551.4527701270823
39.6,2.0142327002175278,2.0,14.171198207485398,45.916514320137765,37.0,50.588235294117645,417.6856978379856,551.4953459196638
39.7,2.0142050252349075,2.0,14.180929334549802,45.92319626616603,37.0,50.588235294117645,417.6366457710644,551.537945814529
39.800000000000004,2.0141772412008803,2.0,14.190631761949026,45.92988051676872,37.0,50.588235294117645,417.58756435656414,551.5805698173729
39.900000000000006,2.0141493484479405,2.0,14.200305422354026,45.93656707298857,37.0,50.588235294117645,417.53845358399957,551.6232179338947
40.0,2.014121347309333,2.0,14.209950248746864,45.94325593586865,37.0,50.588235294117645,417.48931344287547,551.6658901697982
40.1,2.0140932381190493,2.0,14.219566174421214,45.94994710645233,37.0,50.588235294117645,417.44014392268656,551.7085865307914
40.2,2.0140650212118216,2.0,14.229153132982658,45.956640585783646,37.0,50.588235294117645,417.3909450129173,551.7513070225874
40.300000000000004,2.0140366969231223,2.0,14.238711058349018,45.96333637490682,37.0,50.588235294117645,417.341716703042,551.7940516509033
40.400000000000006,2.0140082655891587,2.0,14.248239884750838,45.970034474866566,37.0,50.588235294117645,417.29245898252486,551.8368204214609
40.5,2.013979727546869,2.0,14.257739546731708,45.97673488670813,37.0,50.588235294117645,417.2431718408199,551.8796133399863
40.6,2.013951083133919,2.0,14.267209979148557,45.983437611476916,37.0,50.588235294117645,417.19385526737096,551.9224304122105
40.7,2.0139223326886997,2.0,14.276651117172086,45.99014265021901,37.0,50.588235294117645,417.1445092516118,551.9652716438685
40.800000000000004,2.013893476550321,2.0,14.286062896287202,45.99685000398074,37.0,50.588235294117645,417.0951337829657,552.0081370407
40.900000000000006,2.01386451505861,2.0,14.295445252293138,46.00355967380892,37.0,50.588235294117645,417.04572885084605,552.0510266084494
41.0,2.0138354485541066,2.0,14.304798121304039,46.01027166075073,37.0,50.588235294117645,416.9962944446559,552.0939403528655
41.1,2.01380627737806,2.0,14.314121439749204,46.01698596585379,37.0,50.588235294117645,416.9468305537882,552.1368782797014
41.2,2.0137770018724246,2.0,14.323415144373413,46.02370259016618,37.0,50.588235294117645,416.8973371676255,552.1798403947147
41.300000000000004,2.013747622379856,2.0,14.332679172237352,46.03042153473626,37.0,50.588235294117645,416.84781427554026,552.2228267036678
41.400000000000006,2.01371813924371,2.0,14.341913460717793,46.03714280061291,37.0,50.588235294117645,416.7982618668946,552.2658372123275
41.5,2.013688552808033,2.0,14.351117947508207,46.0438663888454,37.0,50.588235294117645,416.74867993104056,552.3088719264648
41.6,2.013658863417565,2.0,14.36029257061871,46.0505923004834,37.0,50.588235294117645,416.69906845731975,552.3519308518554
41.7,2.013629071417731,2.0,14.36943726837678,46.05732053657704,37.0,50.588235294117645,416.6494274350637,552.3950139942798
41.800000000000004,2.0135991771546404,2.0,14.378551979427279,46.06405109817689,37.0,50.588235294117645,416.5997568535936,552.4381213595225
41.900000000000006,2.013569180975081,2.0,14.387636642732977,46.070783986333765,37.0,50.588235294117645,416.5500567022203,552.4812529533726
42.0,2.013539083226517,2.0,14.396691197574796,46.07751920209904,37.0,50.588235294117645,416.50032697024443,552.5244087816242
42.1,2.0135088842570825,2.0,14.405715583552116,46.08425674652449,37.0,50.588235294117645,416.45056764695653,552.567588850075
42.2,2.0134785844155823,2.0,14.41470974058301,46.090996620662224,37.0,50.588235294117645,416.40077872163664,552.6107931645281
42.300000000000004,2.013448184051483,2.0,14.423673608904803,46.09773882556476,37.0,50.588235294117645,416.3509601835546,552.6540217307904
42.400000000000006,2.0134176835149136,2.0,14.432607129074032,46.10448336228512,37.0,50.588235294117645,416.3011120219698,552.6972745546736
42.5,2.0133870831566583,2.0,14.441510241967109,46.11123023187673,37.0,50.588235294117645,416.25123422613154,552.7405516419941
42.6,2.013356383328156,2.0,14.450382888780256,46.11797943539335,37.0,50.588235294117645,416.2013267852787,552.783852998572
42.7,2.0133255843814926,2.0,14.459225011030162,46.1247309738892,37.0,50.588235294117645,416.1513896886398,552.827178630233
42.800000000000004,2.013294686669402,2.0,14.468036550553952,46.13148484841889,37.0,50.588235294117645,416.10142292543316,552.8705285428064
42.900000000000006,2.0132636905452577,2.0,14.476817449509763,46.1382410600375,37.0,50.588235294117645,416.05142648486674,552.9139027421262
43.0,2.0132325963630726,2.0,14.485567650376776,46.14499960980038,37.0,50.588235294117645,416.0014003561381,552.9573012340311
43.1,2.013201404477493,2.0,14.494287095955723,46.15176049876345,37.0,50.588235294117645,415.95134452843456,553.0007240243642
43.2,2.013170115243795,2.0,14.502975729368984,46.15852372798304,37.0,50.588235294117645,415.9012589909331,553.044171118973
43.300000000000004,2.013138729017882,2.0,14.511633494060973,46.165289298515745,37.0,50.588235294117645,415.8511437328002,553.0876425237095
43.400000000000006,2.0131072461562804,2.0,14.520260333798355,46.172057211418576,37.0,50.588235294117645,415.80099874319217,553.13113824443
43.5,2.013075667016136,2.0,14.52885619267039,46.178827467749045,37.0,50.588235294117645,415.7508240112549,553.1746582869955
43.6,2.013043991955207,2.0,14.53742101508919,46.18560006856512,37.0,50.588235294117645,415.7006195261239,553.2182026572715
43.7,2.013012221331867,2.0,14.545954745789784,46.19237501492506,37.0,50.588235294117645,415.6503852769242,553.2617713611278
43.800000000000004,2.0129803555050936,2.0,14.554457329830756,46.19915230788763,37.0,50.588235294117645,415.6001212527708,553.3053644044386
43.900000000000006,2.01294839483447,2.0,14.562928712594104,46.20593194851199,37.0,50.588235294117645,415.54982744276793,553.3489817930829
44.0,2.0129163396801797,2.0,14.571368839785777,46.212713937857586,37.0,50.588235294117645,415.49950383600975,553.3926235329438
44.1,2.012884190403001,2.0,14.57977765743582,46.219498276984325,37.0,50.588235294117645,415.44915042157976,553.4362896299092
44.2,2.012851947364306,2.0,14.588155111898619,46.226284966952676,37.0,50.588235294117645,415.3987671885513,553.4799800898709
44.300000000000004,2.012819610926054,2.0,14.596501149853202,46.23307400882322,37.0,50.588235294117645,415.34835412598716,553.5236949187257
44.400000000000006,2.0127871814507903,2.0,14.604815718303357,46.239865403657234,37.0,50.588235294117645,415.2979112229399,553.5674341223746
44.5,2.012754659301639,2.0,14.61309876457804,46.246659152516315,37.0,50.588235294117645,415.2474384684515,553.6111977067231
44.6,2.0127220448423047,2.0,14.621350236331416,46.25345525646247,37.0,50.588235294117645,415.19693585155363,553.6549856776811
44.7,2.0126893384370623,2.0,14.629570081543353,46.260253716558,37.0,50.588235294117645,415.14640336126746,553.698798041163
44.800000000000004,2.0126565404507573,2.0,14.637758248519383,46.26705453386569,37.0,50.588235294117645,415.09584098660395,553.7426348030874
44.900000000000006,2.0126236512488003,2.0,14.645914685891057,46.273857709448635,37.0,50.588235294117645,415.0452487165634,553.7864959693778
45.0,2.0125906711971653,2.0,14.654039342616159,46.28066324437066,37.0,50.588235294117645,414.9946265401358,553.8303815459617
45.1,2.0125576006623818,2.0,14.662132167979014,46.28747113969558,37.0,50.588235294117645,414.9439744463008,553.8742915387711
45.2,2.012524440011535,2.0,14.670193111590422,46.29428139648792,37.0,50.588235294117645,414.8932924240274,553.9182259537425
45.300000000000004,2.0124911896122613,2.0,14.678222123388224,46.30109401581251,37.0,50.588235294117645,414.8425804622743,553.9621847968169
45.400000000000006,2.0124578498327406,2.0,14.686219153637323,46.30790899873455,37.0,50.588235294117645,414.79183854998985,554.0061680739393
45.5,2.012424421041698,2.0,14.694184152929807,46.31472634631962,37.0,50.588235294117645,414.74106667611187,554.0501757910598
45.6,2.012390903608397,2.0,14.702117072185406,46.32154605963382,37.0,50.588235294117645,414.69026482956775,554.0942079541322
45.7,2.0123572979026343,2.0,14.710017862651458,46.328368139743475,37.0,50.588235294117645,414.63943299927433,554.1382645691152
45.800000000000004,2.0123236042947403,2.0,14.717886475903196,46.33519258771548,37.0,50.588235294117645,414.58857117413817,554.1823456419716
45.900000000000006,2.0122898231555713,2.0,14.725722863844036,46.342019404617076,37.0,50.588235294117645,414.53767934305523,554.2264511786685
46.0,2.012255954856506,2.0,14.733526978705598,46.348848591516,37.0,50.588235294117645,414.4867574949111,554.2705811851778
46.1,2.0122219997694444,2.0,14.741298773047923,46.355680149480236,37.0,50.588235294117645,414.435805618581,554.3147356674755
46.2,2.012187958266802,2.0,14.74903819975982,46.36251407957826,37.0,50.588235294117645,414.3848237029295,554.358914631542
46.300000000000004,2.012153830721505,2.0,14.7567452120589,46.36935038287879,37.0,50.588235294117645,414.3338117368109,554.4031180833621
46.400000000000006,2.0121196175069884,2.0,14.764419763491748,46.376189060451225,37.0,50.588235294117645,414.28276970906876,554.4473460289248
46.5,2.012085318997192,2.0,14.772061807934149,46.38303011336518,37.0,50.588235294117645,414.2316976085365,554.4915984742237
46.6,2.012050935566555,2.0,14.779671299591328,46.38987354269068,37.0,50.588235294117645,414.1805954240368,554.5358754252567
46.7,2.012016467590012,2.0,14.787248192997922,46.3967193494982,37.0,50.588235294117645,414.12946314438216,554.5801768880257
46.800000000000004,2.0119819154429925,2.0,14.794792443018313,46.40356753485867,37.0,50.588235294117645,414.0783007583742,554.6245028685374
46.900000000000006,2.0119472795014137,2.0,14.802304004846768,46.410418099843355,37.0,50.588235294117645,414.02710825480443,554.6688533728028
47.0,2.011912560141677,2.0,14.809782834007578,46.41727104552382,37.0,50.588235294117645,413.97588562245375,554.7132284068371
47.1,2.011877757740666,2.0,14.817228886355151,46.42412637297218,37.0,50.588235294117645,413.92463285009256,554.7576279766597
47.2,2.0118428726757407,2.0,14.824642118074259,46.43098408326091,37.0,50.588235294117645,413.87334992648084,554.8020520882945
47.300000000000004,2.011807905324734,2.0,14.832022485680199,46.437844177462864,37.0,50.588235294117645,413.82203684036796,554.8465007477697
47.400000000000006,2.0117728560659485,2.0,14.839369946018769,46.44470665665136,37.0,50.588235294117645,413.77069358049295,554.8909739611177
47.5,2.0117377252781536,2.0,14.846684456266608,46.45157152190001,37.0,50.588235294117645,413.7193201355843,554.9354717343753
47.6,2.0117025133405786,2.0,14.853965973931349,46.45843877428291,37.0,50.588235294117645,413.66791649436004,554.9799940735835
47.7,2.0116672206329116,2.0,14.861214456851506,46.465308414874414,37.0,50.588235294117645,413.61648264552764,555.0245409847878
47.800000000000004,2.0116318475352943,2.0,14.868429863196898,46.472180444749426,37.0,50.588235294117645,413.5650185777841,555.0691124740376
47.900000000000006,2.0115963944283184,2.0,14.875612151468594,46.47905486498331,37.0,50.588235294117645,413.5135242798159,555.1137085473871
48.0,2.0115608616930216,2.0,14.882761280499107,46.485931676651546,37.0,50.588235294117645,413.4619997402992,555.1583292108943
48.1,2.011525249710884,2.0,14.889877209452507,46.49281088083029,37.0,50.588235294117645,413.41044494789946,555.2029744706218
48.2,2.0114895588638255,2.0,14.896959897824564,46.499692478596046,37.0,50.588235294117645,413.3588598912718,555.2476443326361
48.300000000000004,2.011453789534198,2.0,14.90400930544289,46.50657647102554,37.0,50.588235294117645,413.3072445590608,555.2923388030082
48.400000000000006,2.011417942104786,2.0,14.911025392466907,46.51346285919607,37.0,50.588235294117645,413.25559893990044,555.3370578878134
48.5,2.0113820169588004,2.0,14.918008119388173,46.52035164418521,37.0,50.588235294117645,413.20392302241436,555.3818015931312
48.6,2.0113460144798747,2.0,14.92495744703034,46.52724282707112,37.0,50.588235294117645,413.1522167952157,555.4265699250451
48.7,2.0113099350520622,2.0,14.931873336549298,46.534136408932056,37.0,50.588235294117645,413.1004802469069,555.4713628896429
48.800000000000004,2.01127377905983,2.0,14.938755749433332,46.54103239084691,37.0,50.588235294117645,413.04871336608016,555.5161804930168
48.900000000000006,2.0112375468880583,2.0,14.94560464750307,46.547930773894905,37.0,50.588235294117645,412.996916141317,555.5610227412632
49.0,2.0112012389220326,2.0,14.952419992911818,46.55483155915573,37.0,50.588235294117645,412.94508856118847,555.6058896404822
49.1,2.0111648555474435,2.0,14.95920174814536,46.56173474770924,37.0,50.588235294117645,412.8932306142553,555.650781196779
49.2,2.0111283971503817,2.0,14.965949876022332,46.56864034063591,37.0,50.588235294117645,412.8413422890675,555.6956974162621
49.300000000000004,2.011091864117332,2.0,14.972664339694205,46.575548339016564,37.0,50.588235294117645,412.7894235741647,555.7406383050446
49.400000000000006,2.011055256835172,2.0,14.979345102645198,46.58245874393231,37.0,50.588235294117645,412.737474458076,555.7856038692437
49.5,2.011018575691168,2.0,14.985992128692647,46.589371556464755,37.0,50.588235294117645,412.68549492932004,555.8305941149808
49.6,2.010981821072969,2.0,14.9926053819869,46.596286777695866,37.0,50.588235294117645,412.633484976405,555.8756090483814
49.7,2.010944993368605,2.0,14.999184827011373,46.60320440870805,37.0,50.588235294117645,412.5814445878284,555.9206486755754
49.800000000000004,2.010908092966482,2.0,15.005730428582776,46.610124450583896,37.0,50.588235294117645,412.52937375207745,555.9657130026964
49.900000000000006,2.01087112025538,2.0,15.012242151851005,46.61704690440666,37.0,50.588235294117645,412.4772724576288,556.0108020358824
50.0,2.010834075624446,2.0,15.018719962299397,46.62397177125979,37.0,50.588235294117645,412.4251406929486,556.0559157812753
50.1,2.0107969594631916,2.0,15.025163825744569,46.630899052227335,37.0,50.588235294117645,412.3729784464925,556.1010542450213
50.2,2.01075977216149,2.0,15.03157370833667,46.63782874839359,37.0,50.588235294117645,412.3207857067057,556.1462174332705
50.300000000000004,2.0107225141095713,2.0,15.037949576559296,46.644760860843064,37.0,50.588235294117645,412.26856246202277,556.1914053521776
50.400000000000006,2.010685185698018,2.0,15.044291397229653,46.651695390661075,37.0,50.588235294117645,412.2163087008682,556.2366180079007
50.5,2.010647787317763,2.0,15.05059913749852,46.65863233893293,37.0,50.588235294117645,412.1640244116555,556.2818554066026
50.6,2.010610319360084,2.0,15.056872764850425,46.66557170674457,37.0,50.588235294117645,412.11170958278797,556.3271175544495
50.7,2.010572782216599,2.0,15.063112247103504,46.67251349518227,37.0,50.588235294117645,412.05936420265834,556.3724044576122
50.800000000000004,2.010535176279265,2.0,15.069317552409617,46.67945770533265,37.0,50.588235294117645,412.0069882596489,556.4177161222653
50.900000000000006,2.0104975019403724,2.0,15.075488649254504,46.68640433828273,37.0,50.588235294117645,411.9545817421314,556.4630525545878
51.0,2.0104597595925413,2.0,15.081625506457662,46.693353395119914,37.0,50.588235294117645,411.90214463846723,556.5084137607618
51.1,2.0104219496287175,2.0,15.087728093172446,46.700304876931966,37.0,50.588235294117645,411.8496769370072,556.5537997469744
51.2,2.0103840724421684,2.0,15.093796378886061,46.707258784807095,37.0,50.588235294117645,411.79717862609164,556.5992105194163
51.300000000000004,2.0103461284264807,2.0,15.099830333419604,46.71421511983385,37.0,50.588235294117645,411.74464969405057,556.6446460842823
51.400000000000006,2.010308117975554,2.0,15.105829926928141,46.7211738831013,37.0,50.588235294117645,411.6920901292034,556.6901064477709
51.5,2.0102700414836,2.0,15.111795129900589,46.72813507569862,37.0,50.588235294117645,411.63949991985913,556.7355916160848
51.6,2.0102318993451345,2.0,15.11772591315995,46.7350986987156,37.0,50.588235294117645,411.5868790543162,556.781101595431
51.7,2.0101936919549788,2.0,15.123622247863018,46.7420647532424,37.0,50.588235294117645,411.53422752086277,556.82663639202
51.800000000000004,2.01015541970825,2.0,15.129484105500756,46.749033240369386,37.0,50.588235294117645,411.4815453077763,556.8721960120662
51.900000000000006,2.0101170830003623,2.0,15.135311457897906,46.75600416118749,37.0,50.588235294117645,411.428832403324,556.9177804617882
52.0,2.01007868222702,2.0,15.141104277213337,46.762977516788,37.0,50.588235294117645,411.37608879576266,556.9633897474085
52.1,2.0100402177842143,2.0,15.146862535939857,46.76995330826247,37.0,50.588235294117645,411.3233144733384,557.0090238751534
52.2,2.010001690068221,2.0,15.152586206904267,46.77693153670299,37.0,50.588235294117645,411.27050942428707,557.0546828512531
52.300000000000004,2.0099630994755935,2.0,15.158275263267381,46.78391220320185,37.0,50.588235294117645,411.21767363683404,557.1003666819416
52.400000000000006,2.009924446403161,2.0,15.16392967852385,46.79089530885193,37.0,50.588235294117645,411.16480709919415,557.146075373457
52.5,2.009885731248025,2.0,15.169549426502376,46.79788085474638,37.0,50.588235294117645,411.1119097995719,557.1918089320413
52.6,2.009846954407555,2.0,15.175134481365603,46.804868841978646,37.0,50.588235294117645,411.05898172616145,557.2375673639401
52.7,2.009808116279383,2.0,15.180684817610096,46.811859271642675,37.0,50.588235294117645,411.00602286714627,557.283350675403
52.800000000000004,2.009769217261402,2.0,15.186200410066284,46.81885214483276,37.0,50.588235294117645,410.95303321069963,557.3291588726836
52.900000000000006,2.0097302577517615,2.0,15.191681233898457,46.825847462643594,37.0,50.588235294117645,410.90001274498434,557.3749919620388
53.0,2.0096912381488625,2.0,15.197127264604832,46.83284522617021,37.0,50.588235294117645,410.8469614581528,557.4208499497299
53.1,2.009652158851354,2.0,15.2025384780174,46.839845436508085,37.0,50.588235294117645,410.7938793383468,557.4667328420219
53.2,2.0096130202581306,2.0,15.207914850301865,46.84684809475294,37.0,50.588235294117645,410.7407663736981,557.5126406451832
53.300000000000004,2.0095738227683273,2.0,15.21325635795783,46.85385320200095,37.0,50.588235294117645,410.6876225523276,557.5585733654863
53.400000000000006,2.0095345667813147,2.0,15.218562977818493,46.860860759348725,37.0,50.588235294117645,410.6344478623462,557.6045310092073
53.5,2.009495252696699,2.0,15.223834687050697,46.86787076789312,37.0,50.588235294117645,410.5812422918541,557.6505135826264
53.6,2.009455880914312,2.0,15.229071463155076,46.87488322873145,37.0,50.588235294117645,410.52800582894133,557.6965210920272
53.7,2.0094164518342135,2.0,15.23427328396561,46.881898142961404,37.0,50.588235294117645,410.4747384616875,557.7425535436969
53.800000000000004,2.009376965856683,2.0,15.239440127649942,46.888915511681034,37.0,50.588235294117645,410.42144017816173,557.7886109439269
53.900000000000006,2.0093374233822185,2.0,15.244571972709151,46.89593533598878,37.0,50.588235294117645,410.36811096642276,557.8346932990119
54.0,2.009297824811531,2.0,15.249668797977709,46.90295761698343,37.0,50.588235294117645,410.31475081451913,557.8808006152503
54.1,2.0092581705455417,2.0,15.254730582623464,46.90998235576404,37.0,50.588235294117645,410.26135971048876,557.9269328989445
54.2,2.009218460985377,2.0,15.259757306147506,46.91700955343032,37.0,50.588235294117645,410.2079376423595,557.9730901564002
54.300000000000004,2.009178696532367,2.0,15.264748948384185,46.92403921108212,37.0,50.588235294117645,410.15448459814866,558.019272393927
54.400000000000006,2.0091388775880374,2.0,15.269705489500998,46.9310713298197,37.0,50.588235294117645,410.10100056586316,558.0654796178382
54.5,2.009099004554111,2.0,15.274626909998476,46.93810591074367,37.0,50.588235294117645,410.0474855334997,558.1117118344504
54.6,2.0090590778324997,2.0,15.279513190710198,46.945142954955145,37.0,50.588235294117645,409.9939394890446,558.157969050084
54.7,2.0090190978253015,2.0,15.284364312802683,46.952182463555346,37.0,50.588235294117645,409.9403624204738,558.2042512710632
54.800000000000004,2.0089790649347985,2.0,15.289180257775165,46.959224437646185,37.0,50.588235294117645,409.8867543157529,558.2505585037151
54.900000000000006,2.008938979563451,2.0,15.293961007459773,46.966268878329686,37.0,50.588235294117645,409.8331151628373,558.2968907543712
55.0,2.008898842113895,2.0,15.298706544021233,46.97331578670827,37.0,50.588235294117645,409.77944494967187,558.3432480293662
55.1,2.0088586529889367,2.0,15.303416849956905,46.980365163884926,37.0,50.588235294117645,409.7257436641914,558.3896303350383
55.2,2.0088184125915514,2.0,15.308091908096543,46.98741701096287,37.0,50.588235294117645,409.6720112943202,558.4360376777295
55.300000000000004,2.0087781213248768,2.0,15.312731701602388,46.994471329045666,37.0,50.588235294117645,409.6182478279724,558.4824700637845
55.400000000000006,2.008737779592211,2.0,15.317336213968922,47.00152811923721,37.0,50.588235294117645,409.5644532530518,558.5289274995525
55.5,2.008697387797007,2.0,15.32190542902282,47.00858738264185,37.0,50.588235294117645,409.51062755745187,558.5754099913858
55.6,2.008656946342872,2.0,15.32643933092283,47.01564912036429,37.0,50.588235294117645,409.45677072905573,558.62191754564
55.7,2.0086164556335584,2.0,15.330937904159693,47.02271333350956,37.0,50.588235294117645,409.4028827557365,558.6684501686746
55.800000000000004,2.0085759160729664,2.0,15.335401133555951,47.02978002318304,37.0,50.588235294117645,409.3489636253569,558.7150078668518
55.900000000000006,2.0085353280651352,2.0,15.339829004266017,47.036849190490386,37.0,50.588235294117645,409.29501332576916,558.761590646538
56.0,2.008494692014241,2.0,15.344221501775866,47.04392083653795,37.0,50.588235294117645,409.24103184481544,558.8081985141027
56.1,2.0084540083245916,2.0,15.348578611902958,47.05099496243213,37.0,50.588235294117645,409.1870191703278,558.8548314759188
56.2,2.008413277400627,2.0,15.352900320796136,47.058071569279775,37.0,50.588235294117645,409.13297529012783,558.9014895383624
56.300000000000004,2.0083724996469092,2.0,15.3571866149356,47.06515065818803,37.0,50.588235294117645,409.078900192027,558.9481727078132
56.400000000000006,2.008331675468125,2.0,15.361437481132535,47.07223223026443,37.0,50.588235294117645,409.0247938638265,558.9948809906543
56.5,2.0082908052690764,2.0,15.365652906529322,47.079316286617086,37.0,50.588235294117645,408.9706562933174,559.0416143932723
56.6,2.0082498894546807,2.0,15.36983287859902,47.08640282835421,37.0,50.588235294117645,408.91648746828054,559.0883729220564
56.7,2.0082089284299647,2.0,15.373977385145551,47.09349185658442,37.0,50.588235294117645,408.8622873764864,559.1351565833996
56.800000000000004,2.008167922600062,2.0,15.378086414303356,47.10058337241662,37.0,50.588235294117645,408.8080560056954,559.1819653836985
56.900000000000006,2.008126872370208,2.0,15.382159954537375,47.10767737696028,37.0,50.588235294117645,408.75379334365783,559.2287993293525
57.0,2.008085778145738,2.0,15.386197994642789,47.11477387132504,37.0,50.588235294117645,408.69949937811367,559.2756584267642
57.1,2.00804464033208,2.0,15.390200523745023,47.121872856620996,37.0,50.588235294117645,408.64517409679274,559.32254268234
57.2,2.008003459334756,2.0,15.394167531299342,47.12897433395847,37.0,50.588235294117645,408.5908174874148,559.3694521024888
57.300000000000004,2.0079622355593734,2.0,15.39809900709103,47.13607830444835,37.0,50.588235294117645,408.53642953768946,559.4163866936235
57.400000000000006,2.0079209694116233,2.0,15.401994941234987,47.14318476920175,37.0,50.588235294117645,408.48201023531607,559.4633464621594
57.5,2.0078796612972765,2.0,15.405855324175612,47.150293729330144,37.0,50.588235294117645,408.4275595679839,559.5103314145155
57.6,2.0078383116221814,2.0,15.40968014668665,47.15740518594532,37.0,50.588235294117645,408.3730775233721,559.5573415571139
57.7,2.0077969207922566,2.0,15.413469399871211,47.16451914015954,37.0,50.588235294117645,408.31856408914973,559.6043768963797
57.800000000000004,2.0077554892134892,2.0,15.417223075161228,47.171635593085114,37.0,50.588235294117645,408.26401925297563,559.6514374387411
57.900000000000006,2.0077140172919328,2.0,15.420941164317554,47.17875454583509,37.0,50.588235294117645,408.20944300249863,559.6985231906298
58.0,2.0076725054336992,2.0,15.424623659429821,47.18587599952269,37.0,50.588235294117645,408.15483532535745,559.74563415848
58.1,2.0076309540449597,2.0,15.428270552915999,47.192999955261485,37.0,50.588235294117645,408.1001962091807,559.7927703487293
58.2,2.0075893635319373,2.0,15.431881837522536,47.200126414165425,37.0,50.588235294117645,408.04552564158706,559.8399317678185
58.300000000000004,2.0075477343009047,2.0,15.43545750632391,47.2072553773487,37.0,50.588235294117645,407.99082361018486,559.8871184221912
58.400000000000006,2.0075060667581814,2.0,15.43899755272258,47.2143868459259,37.0,50.588235294117645,407.9360901025727,559.9343303182941
58.5,2.0074643613101277,2.0,15.44250197044882,47.221520821012064,37.0,50.588235294117645,407.8813251063388,559.9815674625771
58.6,2.007422618363143,2.0,15.445970753560395,47.22865730372246,37.0,50.588235294117645,407.8265286090616,560.0288298614928
58.7,2.0073808383236607,2.0,15.449403896442512,47.23579629517275,37.0,50.588235294117645,407.77170059830956,560.0761175214968
58.800000000000004,2.007339021598145,2.0,15.452801393807526,47.242937796479,37.0,50.588235294117645,407.7168410616409,560.1234304490479
58.900000000000006,2.007297168593087,2.0,15.45616324069477,47.250081808757386,37.0,50.588235294117645,407.6619499866038,560.1707686506076
59.0,2.007255279715002,2.0,15.459489432470331,47.25722833312466,37.0,50.588235294117645,407.6070273607367,560.2181321326402
59.1,2.007213355370424,2.0,15.462779964826971,47.2643773706979,37.0,50.588235294117645,407.55207317156794,560.2655209016133
59.2,2.0071713959659023,2.0,15.466034833783688,47.27152892259437,37.0,50.588235294117645,407.4970874066158,560.3129349639971
59.300000000000004,2.007129401907999,2.0,15.469254035685681,47.27868298993184,37.0,50.588235294117645,407.4420700533886,560.3603743262648
59.400000000000006,2.007087373603284,2.0,15.47243756720405,47.285839573828355,37.0,50.588235294117645,407.38702109938487,560.4078389948926
59.5,2.007045311458333,2.0,15.475585425335687,47.2929986754022,37.0,50.588235294117645,407.33194053209303,560.455328976359
59.6,2.007003215879721,2.0,15.478697607402927,47.30016029577223,37.0,50.588235294117645,407.2768283389917,560.5028442771459
59.7,2.0069610872740204,2.0,15.481774111053358,47.3073244360574,37.0,50.588235294117645,407.2216845075495,560.5503849037374
59.800000000000004,2.0069189260477973,2.0,15.484814934259667,47.314491097377015,37.0,50.588235294117645,407.16650902522514,560.5979508626209
59.900000000000006,2.006876732607608,2.0,15.48782007531929,47.32166028085095,37.0,50.588235294117645,407.11130187946736,560.6455421602864
60.0,2.006834507359994,2.0,15.490789532854357,47.32883198759919,37.0,50.588235294117645,407.0560630577151,560.6931588032264
60.1,2.0067922507114795,2.0,15.493723305811265,47.33600621874217,37.0,50.588235294117645,407.00079254739745,560.7408007979365
60.2,2.006749963068567,2.0,15.496621393460572,47.34318297540062,37.0,50.588235294117645,406.9454903359335,560.7884681509145
60.300000000000004,2.006707644837733,2.0,15.499483795396682,47.3503622586955,37.0,50.588235294117645,406.8901564107326,560.8361608686613
60.400000000000006,2.0066652964254277,2.0,15.50231051153763,47.35754406974826,37.0,50.588235294117645,406.8347907591941,560.8838789576804
60.5,2.006622918238066,2.0,15.505101542124937,47.36472840968065,37.0,50.588235294117645,406.77939336870793,560.9316224244778
60.6,2.0065805106820283,2.0,15.507856887723136,47.37191527961471,37.0,50.588235294117645,406.72396422665366,560.9793912755623
60.7,2.006538074163654,2.0,15.51057654921972,47.37910468067281,37.0,50.588235294117645,406.6685033204014,561.0271855174448
60.800000000000004,2.0064956090892396,2.0,15.513260527824812,47.38629661397766,37.0,50.588235294117645,406.6130106373113,561.0750051566395
60.900000000000006,2.0064531158650336,2.0,15.515908825070955,47.393491080652325,37.0,50.588235294117645,406.5574861647338,561.1228501996625
61.0,2.006410594897235,2.0,15.518521442812702,47.400688081820135,37.0,50.588235294117645,406.5019298900096,561.1707206530328
61.1,2.006368046591986,2.0,15.521098383226636,47.407887618604775,37.0,50.588235294117645,406.4463418004695,561.2186165232721
61.2,2.006325471355372,2.0,15.523639648810793,47.41508969213032,37.0,50.588235294117645,406.39072188343476,561.2665378169039
61.300000000000004,2.006282869593417,2.0,15.526145242384601,47.42229430352103,37.0,50.588235294117645,406.33507012621664,561.314484540455
61.400000000000006,2.006240241712077,2.0,15.52861516708862,47.42950145390171,37.0,50.588235294117645,406.279386516117,561.3624567004543
61.5,2.0061975881172414,2.0,15.53104942638404,47.43671114439718,37.0,50.588235294117645,406.2236710404276,561.4104543034326
61.6,2.006154909214724,2.0,15.533448024052733,47.44392337613283,37.0,50.588235294117645,406.1679236864308,561.4584773559238
61.7,2.0061122054102642,2.0,15.53581096419665,47.45113815023433,37.0,50.588235294117645,406.11214444139927,561.5065258644643
61.800000000000004,2.0060694771095204,2.0,15.538138251237857,47.45835546782757,37.0,50.588235294117645,406.05633329259575,561.5545998355923
61.900000000000006,2.0060267247180668,2.0,15.540429889918004,47.46557533003886,37.0,50.588235294117645,406.0004902272736,561.6026992758486
62.0,2.0059839486413895,2.0,15.542685885298138,47.47279773799471,37.0,50.588235294117645,405.9446152326764,561.6508241917765
62.1,2.005941149284885,2.0,15.54490624275838,47.48002269282216,37.0,50.588235294117645,405.8887082960382,561.6989745899211
62.2,2.005898327053854,2.0,15.547090967997736,47.48725019564836,37.0,50.588235294117645,405.8327694045833,561.7471504768305
62.300000000000004,2.005855482353499,2.0,15.5492400670337,47.494480247600904,37.0,50.588235294117645,405.77679854552645,561.7953518590546
62.400000000000006,2.00581261558892,2.0,15.551353546201952,47.501712849807575,37.0,50.588235294117645,405.7207957060728,561.8435787431456
62.5,2.005769727165112,2.0,15.553431412156119,47.508948003396654,37.0,50.588235294117645,405.6647608734179,561.8918311356579
62.6,2.0057268174869605,2.0,15.555473671867441,47.5161857094966,37.0,50.588235294117645,405.6086940347479,561.9401090431481
62.7,2.005683886959238,2.0,15.557480332624479,47.5234259692362,37.0,50.588235294117645,405.55259517723914,561.9884124721751
62.800000000000004,2.0056409359866,2.0,15.559451402032806,47.530668783744545,37.0,50.588235294117645,405.4964642880586,562.0367414292998
62.900000000000006,2.0055979649735827,2.0,15.561386888014647,47.53791415415111,37.0,50.588235294117645,405.4403013543637,562.0850959210854
63.0,2.0055549743245984,2.0,15.56328679880869,47.5451620815856,37.0,50.588235294117645,405.38410636330235,562.1334759540971
63.1,2.005511964443932,2.0,15.56515114296964,47.55241256717807,37.0,50.588235294117645,405.32787930201295,562.181881534902
63.2,2.0054689357357374,2.0,15.566979929367989,47.55966561205889,37.0,50.588235294117645,405.27162015762434,562.2303126700697
63.300000000000004,2.0054258886040346,2.0,15.56877316718961,47.566921217358754,37.0,50.588235294117645,405.2153289172561,562.2787693661713
63.400000000000006,2.0053828234527047,2.0,15.57053086593559,47.57417938420866,37.0,50.588235294117645,405.1590055680183,562.3272516297804
63.5,2.005339740685488,2.0,15.572253035421689,47.5814401137398,37.0,50.588235294117645,405.10265009701146,562.3757594674723
63.6,2.005296640705978,2.0,15.573939685778196,47.588703407083756,37.0,50.588235294117645,405.0462624913268,562.4242928858245
63.7,2.005253523917622,2.0,15.575590827449462,47.595969265372446,37.0,50.588235294117645,404.989842738046,562.472851891416
63.800000000000004,2.005210390723713,2.0,15.57720647119373,47.60323768973808,37.0,50.588235294117645,404.9333908242414,562.5214364908283
63.900000000000006,2.005167241527389,2.0,15.578786628082629,47.61050868131315,37.0,50.588235294117645,404.8769067369761,562.5700466906444
64.0,2.005124076731627,2.0,15.580331309500952,47.617782241230486,37.0,50.588235294117645,404.82039046330374,562.6186824974494
64.10000000000001,2.005080896739244,2.0,15.581840527146172,47.625058370623094,37.0,50.588235294117645,404.76384199026853,562.6673439178301
64.2,2.005037701952888,2.0,15.583314293028373,47.63233707062449,37.0,50.588235294117645,404.7072613049056,562.7160309583752
64.3,2.004994492775038,2.0,15.584752619469583,47.63961834236835,37.0,50.588235294117645,404.6506483942405,562.7647436256751
64.4,2.0049512696079987,2.0,15.586155519103679,47.6469021869886,37.0,50.588235294117645,404.5940032452896,562.813481926322
64.5,2.004908032853898,2.0,15.587523004875825,47.654188605619595,37.0,50.588235294117645,404.53732584506,562.86224586691
64.60000000000001,2.0048647829146837,2.0,15.588855090042298,47.66147759939588,37.0,50.588235294117645,404.4806161805497,562.9110354540351
64.7,2.004821520192119,2.0,15.59015178817004,47.668769169452446,37.0,50.588235294117645,404.42387423874703,562.9598506942943
64.8,2.004778245087779,2.0,15.59141311313634,47.6760633169244,37.0,50.588235294117645,404.36710000663146,563.0086915942873
64.9,2.0047349580030476,2.0,15.592639079128414,47.68336004294713,37.0,50.588235294117645,404.3102934711731,563.0575581606143
65.0,2.0046916593391146,2.0,15.59382970064306,47.690659348656425,37.0,50.588235294117645,404.25345461933296,563.1064503998782
65.10000000000001,2.0046483494969722,2.0,15.59498499248636,47.69796123518847,37.0,50.588235294117645,404.1965834380627,563.1553683186828
65.2,2.0046050288774087,2.0,15.596104969773297,47.70526570367957,37.0,50.588235294117645,404.13967991430496,563.2043119236338
65.3,2.0045616978810097,2.0,15.597189647927198,47.71257275526625,37.0,50.588235294117645,404.0827440349931,563.2532812213383
65.4,2.0045183569081497,2.0,15.598239042679714,47.719882391085605,37.0,50.588235294117645,404.02577578705154,563.302276218405
65.5,2.0044750063589936,2.0,15.599253170070025,47.727194612274786,37.0,50.588235294117645,403.9687751573955,563.3512969214444
65.60000000000001,2.004431646633489,2.0,15.600232046444887,47.73450941997123,37.0,50.588235294117645,403.91174213293095,563.4003433370677
65.7,2.004388278131364,2.0,15.60117568845791,47.741826815312834,37.0,50.588235294117645,403.854676700555,563.4494154718885
65.8,2.004344901252126,2.0,15.602084113069326,47.7491467994376,37.0,50.588235294117645,403.79757884715565,563.4985133325214
65.9,2.004301516395054,2.0,15.602957337545593,47.75646937348387,37.0,50.588235294117645,403.74044855961176,563.547636925582
66.0,2.0042581239592,2.0,15.603795379458994,47.763794538590275,37.0,50.588235294117645,403.6832858247933,563.596786257688
66.10000000000001,2.004214724343382,2.0,15.604598256687273,47.77112229589585,37.0,50.588235294117645,403.62609062956113,563.645961335458
66.2,2.00417131794618,2.0,15.605365987413261,47.77845264653973,37.0,50.588235294117645,403.56886296076715,563.695162165512
66.3,2.004127905165937,2.0,15.606098590124251,47.78578559166135,37.0,50.588235294117645,403.5116028052542,563.7443887544715
66.4,2.0040844864007505,2.0,15.606796083612,47.79312113240047,37.0,50.588235294117645,403.45431014985627,563.7936411089592
66.5,2.004041062048473,2.0,15.60745848697199,47.8004592698972,37.0,50.588235294117645,403.39698498139836,563.8429192355985
66.60000000000001,2.0039976325067057,2.0,15.608085819603202,47.80780000529177,37.0,50.588235294117645,403.3396272866967,563.8922231410149
66.7,2.0039541981727966,2.0,15.608678101207632,47.81514333972484,37.0,50.588235294117645,403.2822370525585,563.9415528318347
66.8,2.0039107594438366,2.0,15.609235351789907,47.822489274337215,37.0,50.588235294117645,403.224814265782,563.9909083146853
66.9,2.0038673167166574,2.0,15.609757591656862,47.829837810270135,37.0,50.588235294117645,403.16735891315665,564.0402895961952
67.0,2.003823870387825,2.0,15.610244841417249,47.8371889486649,37.0,50.588235294117645,403.10987098146313,564.089696682994
67.10000000000001,2.0037804208536403,2.0,15.610697121981035,47.844542690663275,37.0,50.588235294117645,403.05235045747315,564.139129581713
67.2,2.0037369685101316,2.0,15.611114454559337,47.85189903740712,37.0,50.588235294117645,402.99479732794987,564.1885882989836
67.3,2.0036935137530554,2.0,15.611496860663681,47.859257990038714,37.0,50.588235294117645,402.93721157964734,564.2380728414389
67.4,2.0036500569778886,2.0,15.611844362105877,47.866619549700545,37.0,50.588235294117645,402.8795931993111,564.2875832157127
67.5,2.00360659857983,2.0,15.612156980997273,47.87398371753534,37.0,50.588235294117645,402.82194217367777,564.33711942844
67.60000000000001,2.003563138953792,2.0,15.612434739748718,47.88135049468616,37.0,50.588235294117645,402.76425848947525,564.3866814862565
67.7,2.0035196784944005,2.0,15.61267766106965,47.8887198822963,37.0,50.588235294117645,402.7065421334229,564.436269395799
67.8,2.0034762175959915,2.0,15.612885767968164,47.896091881509335,37.0,50.588235294117645,402.64879309223113,564.4858831637051
67.9,2.003432756652606,2.0,15.61305908375024,47.90346649346901,37.0,50.588235294117645,402.5910113526019,564.5355227966133
68.0,2.0033892960579873,2.0,15.613197632019432,47.910843719319416,37.0,50.588235294117645,402.5331969012285,564.5851883011632
68.10000000000001,2.0033458362055785,2.0,15.61330143667637,47.91822356020492,37.0,50.588235294117645,402.4753497247955,564.6348796839945
68.2,2.003302377488518,2.0,15.613370521918402,47.92560601727007,37.0,50.588235294117645,402.4174698099788,564.6845969517484
68.3,2.003258920299637,2.0,15.613404912239064,47.9329910916598,37.0,50.588235294117645,402.35955714344584,564.7343401110667
68.4,2.0032154650314555,2.0,15.613404632427727,47.940378784519226,37.0,50.588235294117645,402.3016117118555,564.7841091685917
68.5,2.0031720120761807,2.0,15.613369707568985,47.94776909699368,37.0,50.588235294117645,402.2436335018581,564.8339041309663
68.60000000000001,2.0031285618257013,2.0,15.613300163042506,47.955162030228735,37.0,50.588235294117645,402.1856225000953,564.8837250048346
68.7,2.0030851146715842,2.0,15.61319602452226,47.96255758537035,37.0,50.588235294117645,402.12757869320035,564.9335717968406
68.8,2.003041671005075,2.0,15.613057317976125,47.96995576356471,37.0,50.588235294117645,402.06950206779794,564.9834445136298
68.9,2.0029982312170898,2.0,15.612884069665718,47.97735656595802,37.0,50.588235294117645,402.01139261050434,565.0333431618477
69.0,2.0029547956982148,2.0,15.612676306145506,47.984759993697025,37.0,50.588235294117645,401.9532503079274,565.0832677481401
69.10000000000001,2.0029113648387016,2.0,15.612434054262684,47.992166047928606,37.0,50.588235294117645,401.8950751466666,565.1332182791539
69.2,2.0028679390284667,2.0,15.612157341156472,47.999574729799974,37.0,50.588235294117645,401.8368671133129,565.1831947615362
69.3,2.002824518657083,2.0,15.611846194257936,48.0069860404584,37.0,50.588235294117645,401.7786261944489,565.2331972019348
69.4,2.002781104113782,2.0,15.61150064128909,48.01439998105161,37.0,50.588235294117645,401.72035237664886,565.2832256069977
69.5,2.0027376957874488,2.0,15.611120710262897,48.02181655272733,37.0,50.588235294117645,401.66204564647876,565.3332799833732
69.60000000000001,2.0026942940666155,2.0,15.610706429482525,48.02923575663374,37.0,50.588235294117645,401.6037059904961,565.3833603377104
69.7,2.0026508993394625,2.0,15.610257827540822,48.036657593919244,37.0,50.588235294117645,401.5453333952502,565.4334666766582
69.8,2.002607511993814,2.0,15.609774933320017,48.04408206573237,37.0,50.588235294117645,401.48692784728206,565.483599006866
69.9,2.0025641324171324,2.0,15.609257775991189,48.05150917322197,37.0,50.588235294117645,401.4284893331245,565.5337573349841
70.0,2.002520760996519,2.0,15.608706385013683,48.058938917537205,37.0,50.588235294117645,401.3700178393021,565.583941667662
70.10000000000001,2.0024773981187076,2.0,15.60812079013479,48.066371299827324,37.0,50.588235294117645,401.3115133523311,565.63415201155
70.2,2.0024340441700623,2.0,15.607501021389076,48.07380632124182,37.0,50.588235294117645,401.2529758587196,565.6843883732986
70.3,2.0023906995365746,2.0,15.606847109098071,48.08124398293063,37.0,50.588235294117645,401.1944053449676,565.7346507595582
70.4,2.0023473646038603,2.0,15.60615908386964,48.0886842860437,37.0,50.588235294117645,401.13580179756696,565.7849391769797
70.5,2.002304039757155,2.0,15.605436976597609,48.0961272317312,37.0,50.588235294117645,401.0771652030014,565.835253632214
70.60000000000001,2.0022607253813134,2.0,15.604680818461102,48.10357282114376,37.0,50.588235294117645,401.01849554774657,565.8855941319118
70.7,2.002217421860803,2.0,15.603890640924295,48.11102105543205,37.0,50.588235294117645,400.95979281826993,565.9359606827239
70.8,2.002174129579703,2.0,15.603066475735634,48.118471935746925,37.0,50.588235294117645,400.90105700103106,565.9863532913016
70.9,2.0021308489217016,2.0,15.602208354927498,48.12592546323964,37.0,50.588235294117645,400.84228808248133,566.0367719642954
71.0,2.0020875802700906,2.0,15.601316310815754,48.133381639061724,37.0,50.588235294117645,400.78348604906415,566.0872167083563
71.10000000000001,2.0020443240077643,2.0,15.600390375999075,48.1408404643646,37.0,50.588235294117645,400.72465088721503,566.137687530135
71.2,2.002001080517215,2.0,15.599430583358558,48.1483019403002,37.0,50.588235294117645,400.66578258336165,566.188184436282
71.3,2.001957850180531,2.0,15.598436966057141,48.155766068020625,37.0,50.588235294117645,400.60688112392336,566.2387074334476
71.4,2.001914633379393,2.0,15.597409557539166,48.16323284867809,37.0,50.588235294117645,400.547946495312,566.2892565282825
71.5,2.00187143049507,2.0,15.596348391529883,48.17070228342516,37.0,50.588235294117645,400.4889786839312,566.3398317274366
71.60000000000001,2.0018282419084183,2.0,15.595253502034712,48.17817437341455,37.0,50.588235294117645,400.4299776761769,566.3904330375595
71.7,2.001785067999875,2.0,15.594124923339047,48.18564911979928,37.0,50.588235294117645,400.37094345843724,566.4410604653009
71.8,2.0017419091494593,2.0,15.59296269000743,48.193126523732474,37.0,50.588235294117645,400.31187601709246,566.4917140173098
71.9,2.001698765736765,2.0,15.59176683688333,48.200606586367485,37.0,50.588235294117645,400.25277533851505,566.5423937002352
72.0,2.0016556381409614,2.0,15.59053739908829,48.20808930885801,37.0,50.588235294117645,400.1936414090696,566.5930995207253
72.10000000000001,2.001612526740787,2.0,15.589274412021759,48.21557469235779,37.0,50.588235294117645,400.13447421511313,566.6438314854283
72.2,2.001569431914549,2.0,15.587977911360229,48.22306273802087,37.0,50.588235294117645,400.0752737429949,566.694589600992
72.3,2.001526354040117,2.0,15.586647933056936,48.23055344700151,37.0,50.588235294117645,400.0160399790565,566.7453738740631
72.4,2.001483293494923,2.0,15.58528451334117,48.238046820454144,37.0,50.588235294117645,399.9567729096317,566.7961843112886
72.5,2.0014402506559574,2.0,15.583887688717851,48.24554285953337,37.0,50.588235294117645,399.8974725210467,566.8470209193143
72.60000000000001,2.001397225899765,2.0,15.58245749596697,48.253041565394085,37.0,50.588235294117645,399.83813879962025,566.8978837047858
72.7,2.001354219602444,2.0,15.580993972142966,48.26054293919128,37.0,50.588235294117645,399.7787717316632,566.9487726743478
72.8,2.0013112321396394,2.0,15.579497154574366,48.268046982080364,37.0,50.588235294117645,399.71937130347914,566.9996878346445
72.9,2.0012682638865438,2.0,15.577967080862974,48.27555369521673,37.0,50.588235294117645,399.65993750136397,567.0506291923195
73.0,2.001225315217892,2.0,15.576403788883564,48.283063079756005,37.0,50.588235294117645,399.60047031160593,567.1015967540159
73.10000000000001,2.0011823865079594,2.0,15.574807316783213,48.290575136854216,37.0,50.588235294117645,399.540969720486,567.1525905263752
73.2,2.0011394781305585,2.0,15.573177702980814,48.29808986766733,37.0,50.588235294117645,399.4814357142775,567.2036105160389
73.3,2.0010965904590337,2.0,15.57151498616652,48.30560727335154,37.0,50.588235294117645,399.4218682792465,567.2546567296478
73.4,2.001053723866262,2.0,15.56981920530102,48.31312735506344,37.0,50.588235294117645,399.36226740165154,567.3057291738409
73.5,2.0010108787246486,2.0,15.568090399615247,48.32065011395957,37.0,50.588235294117645,399.30263306774384,567.3568278552573
73.60000000000001,2.000968055406123,2.0,15.566328608609757,48.32817555119692,37.0,50.588235294117645,399.24296526376713,567.4079527805346
73.7,2.000925254282136,2.0,15.564533872054007,48.33570366793242,37.0,50.588235294117645,399.1832639759579,567.4591039563098
73.8,2.0008824757236576,2.0,15.562706229985862,48.34323446532329,37.0,50.588235294117645,399.12352919054536,567.5102813892188
73.9,2.0008397201011743,2.0,15.560845722711186,48.350767944527036,37.0,50.588235294117645,399.0637608937513,567.561485085896
74.0,2.000796987784685,2.0,15.558952390803071,48.358304106701155,37.0,50.588235294117645,399.00395907179035,567.6127150529755
74.10000000000001,2.0007542791436994,2.0,15.5570262751014,48.36584295300355,37.0,50.588235294117645,398.94412371086986,567.6639712970899
74.2,2.000711594547233,2.0,15.555067416712266,48.373384484592066,37.0,50.588235294117645,398.88425479719,567.7152538248707
74.3,2.000668934363807,2.0,15.553075857007268,48.38092870262494,37.0,50.588235294117645,398.8243523169439,567.7665626429484
74.4,2.0006262989614414,2.0,15.55105163762314,48.388475608260535,37.0,50.588235294117645,398.76441625631725,567.817897757952
74.5,2.000583688707658,2.0,15.54899480046097,48.39602520265737,37.0,50.588235294117645,398.7044466014888,567.8692591765096
74.60000000000001,2.0005411039694696,2.0,15.5469053876859,48.403577486974086,37.0,50.588235294117645,398.64444333863025,567.9206469052475
74.7,2.000498545113386,2.0,15.544783441726139,48.41113246236961,37.0,50.588235294117645,398.58440645390607,567.9720609507913
74.8,2.0004560125054023,2.0,15.542629005272868,48.41869013000297,37.0,50.588235294117645,398.52433593347376,568.0235013197648
74.9,2.000413506511004,2.0,15.540442121279177,48.42625049103344,37.0,50.588235294117645,398.46423176348384,568.0749680187907
75.0,2.000371027495157,2.0,15.53822283295992,48.4338135466204,37.0,50.588235294117645,398.40409393007974,568.1264610544904
75.10000000000001,2.00032857582231,2.0,15.535971183790767,48.44137929792339,37.0,50.588235294117645,398.34392241939804,568.1779804334834
75.2,2.0002861518563892,2.0,15.533687217507776,48.448947746102135,37.0,50.588235294117645,398.2837172175684,568.2295261623881
75.3,2.0002437559607964,2.0,15.531370978106912,48.45651889231664,37.0,50.588235294117645,398.2234783107135,568.281098247821
75.4,2.0002013884984042,2.0,15.529022509843255,48.46409273772696,37.0,50.588235294117645,398.16320568494916,568.3326966963973
75.5,2.0001590498315562,2.0,15.526641857230455,48.47166928349327,37.0,50.588235294117645,398.1028993263844,568.3843215147308
75.60000000000001,2.000116740322061,2.0,15.524229065040263,48.479248530775976,37.0,50.588235294117645,398.04255922112134,568.4359727094334
75.7,2.0000744603311924,2.0,15.52178417830174,48.48683048073565,37.0,50.588235294117645,397.9821853552554,568.487650287115
75.8,2.0000322102196835,2.0,15.519307242300826,48.49441513453314,37.0,50.588235294117645,397.92177771487513,568.5393542543845
75.9,1.999989990347727,2.0,15.516798302579636,48.502002493329314,37.0,50.588235294117645,397.8613362860624,568.5910846178487
76.0,1.999947801074969,2.0,15.51425740493595,48.509592558285135,37.0,50.588235294117645,397.80086105489244,568.6428413841121
76.10000000000001,1.999905642760509,2.0,15.51168459542243,48.51718533056186,37.0,50.588235294117645,397.7403520074337,568.6946245597784
76.2,1.9998635157628968,2.0,15.509079920346226,48.524780811320795,37.0,50.588235294117645,397.67980912974804,568.7464341514485
76.3,1.9998214204401275,2.0,15.506443426268282,48.53237900172354,37.0,50.588235294117645,397.6192324078907,568.7982701657221
76.4,1.9997793571496412,2.0,15.503775160002654,48.53997990293169,37.0,50.588235294117645,397.55862182791026,568.8501326091967
76.5,1.999737326248318,2.0,15.501075168616019,48.54758351610707,37.0,50.588235294117645,397.4979773758488,568.9020214884677
76.60000000000001,1.9996953280924779,2.0,15.498343499426918,48.55518984241172,37.0,50.588235294117645,397.4372990377419,568.9539368101285
76.7,1.9996533630378757,2.0,15.495580200005318,48.5627988830077,37.0,50.588235294117645,397.3765867996187,569.0058785807709
76.80000000000001,1.999611431439699,2.0,15.492785318171867,48.570410639057286,37.0,50.588235294117645,397.3158406475015,569.057846806984
76.9,1.9995695336525665,2.0,15.489958901997287,48.578025111722866,37.0,50.588235294117645,397.25506056740664,569.109841495355
77.0,1.999527670030523,2.0,15.487100999801825,48.585642302167,37.0,50.588235294117645,397.1942465453438,569.1618626524689
77.10000000000001,1.9994858409270384,2.0,15.484211660154516,48.59326221155237,37.0,50.588235294117645,397.13339856731636,569.2139102849087
77.2,1.9994440466950045,2.0,15.481290931872671,48.60088484104182,37.0,50.588235294117645,397.0725166193212,569.2659843992548
77.30000000000001,1.9994022876867332,2.0,15.478338864021147,48.608510191798416,37.0,50.588235294117645,397.01160068734913,569.3180850020856
77.4,1.9993605642539516,2.0,15.475355505911882,48.61613826498507,37.0,50.588235294117645,396.9506507573844,569.3702120999773
77.5,1.9993188767478012,2.0,15.472340907103042,48.62376906176519,37.0,50.588235294117645,396.8896668154051,569.4223656995034
77.60000000000001,1.9992772255188342,2.0,15.46929511739857,48.63140258330202,37.0,50.588235294117645,396.8286488473833,569.4745458072354
77.7,1.9992356109170117,2.0,15.466218186847454,48.63903883075915,37.0,50.588235294117645,396.76759683928447,569.5267524297418
77.80000000000001,1.9991940332917004,2.0,15.46311016574316,48.646677805300214,37.0,50.588235294117645,396.7065107770682,569.5789855735891
77.9,1.9991524929916695,2.0,15.459971104622952,48.65431950808892,37.0,50.588235294117645,396.64539064668793,569.631245245341
78.0,1.9991109903650888,2.0,15.45680105426724,48.66196394028913,37.0,50.588235294117645,396.5842364340908,569.6835314515589
78.10000000000001,1.9990695257595261,2.0,15.453600065698966,48.66961110306494,37.0,50.588235294117645,396.5230481252181,569.7358441988014
78.2,1.9990280995219438,2.0,15.450368190183008,48.67726099758056,37.0,50.588235294117645,396.461825706005,569.7881834936244
78.30000000000001,1.9989867119986973,2.0,15.447105479225428,48.68491362500015,37.0,50.588235294117645,396.4005691623805,569.8405493425813
78.4,1.9989453635355312,2.0,15.443811984572948,48.692568986488084,37.0,50.588235294117645,396.3392784802679,569.892941752223
78.5,1.9989040544775771,2.0,15.440487758212214,48.700227083208915,37.0,50.588235294117645,396.27795364558426,569.945360729097
78.60000000000001,1.9988627851693512,2.0,15.437132852369153,48.70788791632725,37.0,50.588235294117645,396.21659464424096,569.9978062797487
78.7,1.9988215559547522,2.0,15.433747319508361,48.7155514870077,37.0,50.588235294117645,396.1552014621434,570.0502784107202
78.80000000000001,1.9987803671770576,2.0,15.430331212332492,48.72321779641533,37.0,50.588235294117645,396.09377408519117,570.1027771285509
78.9,1.9987392191789213,2.0,15.42688458378151,48.73088684571502,37.0,50.588235294117645,396.0323124992778,570.1553024397773
79.0,1.9986981123023713,2.0,15.423407487032044,48.73855863607184,37.0,50.588235294117645,395.9708166902914,570.2078543509328
79.10000000000001,1.998657046888808,2.0,15.419899975496806,48.74623316865092,37.0,50.588235294117645,395.90928664411405,570.2604328685479
79.2,1.9986160232789993,2.0,15.416362102823928,48.75391044461759,37.0,50.588235294117645,395.84772234662216,570.3130379991501
79.30000000000001,1.9985750418130808,2.0,15.412793922896148,48.7615904651372,37.0,50.588235294117645,395.7861237836866,570.3656697492635
79.4,1.998534102830551,2.0,15.409195489830399,48.76927323137534,37.0,50.588235294117645,395.72449094117235,570.4183281254097
79.5,1.9984932066702699,2.0,15.405566857976943,48.776958744497506,37.0,50.588235294117645,395.66282380493885,570.4710131341068
79.60000000000001,1.9984523536704566,2.0,15.401908081918776,48.784647005669456,37.0,50.588235294117645,395.60112236084007,570.5237247818694
79.7,1.9984115441686856,2.0,15.398219216471023,48.79233801605699,37.0,50.588235294117645,395.5393865947242,570.5764630752093
79.80000000000001,1.9983707785018856,2.0,15.394500316680137,48.80003177682596,37.0,50.588235294117645,395.47761649243404,570.6292280206349
79.9,1.9983300570063358,2.0,15.390751437823354,48.8077282891424,37.0,50.588235294117645,395.41581203980684,570.6820196246509
80.0,1.9982893800176653,2.0,15.386972635407938,48.8154275541724,37.0,50.588235294117645,395.3539732226744,570.7348378937593
80.10000000000001,1.9982487478708484,2.0,15.383163965170635,48.8231295730821,37.0,50.588235294117645,395.2921000268632,570.787682834458
80.2,1.998208160900202,2.0,15.379325483076833,48.83083434703781,37.0,50.588235294117645,395.230192438194,570.8405544532419
80.30000000000001,1.998167619439386,2.0,15.375457245319918,48.83854187720584,37.0,50.588235294117645,395.16825044248264,570.8934527566024
80.4,1.9981271238213978,2.0,15.371559308320771,48.846252164752684,37.0,50.588235294117645,395.1062740255394,570.946377751027
80.5,1.9980866743785712,2.0,15.367631728726874,48.85396521084482,37.0,50.588235294117645,395.04426317316916,570.9993294429997
80.60000000000001,1.9980462714425742,2.0,15.363674563411754,48.8616810166489,37.0,50.588235294117645,394.98221787117166,571.0523078390014
80.7,1.9980059153444047,2.0,15.359687869474286,48.869399583331585,37.0,50.588235294117645,394.92013810534144,571.1053129455088
80.80000000000001,1.997965606414391,2.0,15.35567170423792,48.87712091205958,37.0,50.588235294117645,394.8580238614678,571.1583447689948
80.9,1.9979253449821868,2.0,15.35162612525016,48.88484500399983,37.0,50.588235294117645,394.79587512533493,571.211403315929
81.0,1.9978851313767698,2.0,15.347551190281756,48.89257186031921,37.0,50.588235294117645,394.7336918827217,571.264488592777
81.10000000000001,1.9978449659264397,2.0,15.343446957326027,48.90030148218466,37.0,50.588235294117645,394.6714741194021,571.3176006060004
81.2,1.9978048489588145,2.0,15.339313484598238,48.90803387076335,37.0,50.588235294117645,394.609221821145,571.3707393620571
81.30000000000001,1.9977647808008294,2.0,15.335150830534825,48.91576902722244,37.0,50.588235294117645,394.5469349737143,571.4239048674011
81.4,1.9977247617787344,2.0,15.330959053792785,48.92350695272904,37.0,50.588235294117645,394.4846135628689,571.4770971284822
81.5,1.99768479221809,2.0,15.32673821324897,48.93124764845055,37.0,50.588235294117645,394.4222575743625,571.5303161517464
81.60000000000001,1.9976448724437672,2.0,15.322488367999291,48.938991115554245,37.0,50.588235294117645,394.35986699394437,571.5835619436356
81.7,1.9976050027799443,2.0,15.31820957735815,48.94673735520746,37.0,50.588235294117645,394.29744180735844,571.6368345105874
81.80000000000001,1.9975651835501034,2.0,15.313901900857733,48.954486368577705,37.0,50.588235294117645,394.234982000344,571.6901338590357
81.9,1.9975254150770296,2.0,15.309565398247177,48.9622381568326,37.0,50.588235294117645,394.17248755863557,571.7434599954096
82.0,1.9974856976828088,2.0,15.305200129492047,48.96999272113959,37.0,50.588235294117645,394.10995846796277,571.7968129261344
82.10000000000001,1.9974460316888234,2.0,15.300806154773575,48.97775006266636,37.0,50.588235294117645,394.04739471405054,571.8501926576312
82.2,1.9974064174157513,2.0,15.29638353448786,48.98551018258064,37.0,50.588235294117645,393.9847962826191,571.9035991963163
82.30000000000001,1.9973668551835646,2.0,15.29193232924527,48.993273082050166,37.0,50.588235294117645,393.922163159384,571.9570325486022
82.4,1.9973273453115246,2.0,15.287452599869773,49.00103876224273,37.0,50.588235294117645,393.85949533005623,572.0104927208964
82.5,1.9972878881181826,2.0,15.282944407398057,49.00880722432612,37.0,50.588235294117645,393.7967927803422,572.0639797196027
82.60000000000001,1.9972484839213744,2.0,15.278407813079065,49.01657846946836,37.0,50.588235294117645,393.73405549594344,572.1174935511195
82.7,1.9972091330382211,2.0,15.273842878373014,49.02435249883723,37.0,50.588235294117645,393.6712834625573,572.1710342218413
82.80000000000001,1.9971698357851246,2.0,15.26924966495094,49.032129313600706,37.0,50.588235294117645,393.6084766658767,572.2246017381577
82.9,1.9971305924777665,2.0,15.26462823469382,49.03990891492691,37.0,50.588235294117645,393.5456350915897,572.278196106454
83.0,1.9970914034311051,2.0,15.259978649691924,49.047691303983925,37.0,50.588235294117645,393.48275872538034,572.3318173331103
83.10000000000001,1.997052268959373,2.0,15.255300972244097,49.055476481939706,37.0,50.588235294117645,393.4198475529281,572.3854654245024
83.2,1.9970131893760767,2.0,15.250595264856962,49.063264449962446,37.0,50.588235294117645,393.3569015599081,572.4391403870012
83.30000000000001,1.9969741649939918,2.0,15.245861590244402,49.07105520922033,37.0,50.588235294117645,393.29392073199125,572.4928422269728
83.4,1.9969351961251622,2.0,15.241100011326616,49.078848760881556,37.0,50.588235294117645,393.23090505484413,572.5465709507782
83.5,1.9968962830808983,2.0,15.236310591229524,49.086645106114304,37.0,50.588235294117645,393.1678545141291,572.600326564774
83.60000000000001,1.996857426171773,2.0,15.23149339328406,49.09444424608682,37.0,50.588235294117645,393.1047690955043,572.6541090753115
83.7,1.9968186257076217,2.0,15.226648481025356,49.102246181967416,37.0,50.588235294117645,393.0416487846239,572.7079184887368
83.80000000000001,1.9967798819975378,2.0,15.221775918192105,49.11005091492433,37.0,50.588235294117645,392.9784935671376,572.7617548113913
83.9,1.996741195349873,2.0,15.216875768725775,49.11785844612592,37.0,50.588235294117645,392.91530342869135,572.815618049611
84.0,1.9967025660722333,2.0,15.211948096769982,49.125668776740554,37.0,50.588235294117645,392.8520783549268,572.8695082097272
84.10000000000001,1.9966639944714766,2.0,15.206992966669635,49.133481907936584,37.0,50.588235294117645,392.7888183314818,572.9234252980657
84.2,1.9966254808537125,2.0,15.202010442970243,49.14129784088232,37.0,50.588235294117645,392.7255233439902,572.977369320947
84.30000000000001,1.9965870255242986,2.0,15.197000590417296,49.14911657674617,37.0,50.588235294117645,392.66219337808167,573.0313402846865
84.4,1.9965486287878382,2.0,15.1919634739554,49.15693811669661,37.0,50.588235294117645,392.59882841938236,573.0853381955942
84.5,1.9965102909481793,2.0,15.186899158727586,49.164762461901944,37.0,50.588235294117645,392.5354284535143,573.1393630599747
84.60000000000001,1.9964720123084114,2.0,15.181807710074612,49.17258961353065,37.0,50.588235294117645,392.4719934660959,573.1934148841274
84.7,1.9964337931708636,2.0,15.176689193534175,49.18041957275108,37.0,50.588235294117645,392.40852344274157,573.2474936743457
84.80000000000001,1.9963956338371036,2.0,15.171543674840194,49.18825234073171,37.0,50.588235294117645,392.34501836906213,573.3015994369181
84.9,1.9963575346079339,2.0,15.166371219922159,49.19608791864101,37.0,50.588235294117645,392.2814782306647,573.3557321781271
85.0,1.9963194957833907,2.0,15.161171894904223,49.20392630764724,37.0,50.588235294117645,392.2179030131527,573.4098919042499
85.10000000000001,1.9962815176627415,2.0,15.155945766104615,49.211767508919024,37.0,50.588235294117645,392.15429270212593,573.4640786215574
85.2,1.9962436005444837,2.0,15.150692900034796,49.21961152362462,37.0,50.588235294117645,392.09064728318066,573.5182923363159
85.30000000000001,1.9962057447263413,2.0,15.145413363398825,49.2274583529325,37.0,50.588235294117645,392.0269667419095,573.5725330547849
85.4,1.9961679505052634,2.0,15.140107223092507,49.235307998011024,37.0,50.588235294117645,391.96325106390174,573.6268007832188
85.5,1.9961302181774228,2.0,15.134774546202692,49.243160460028605,37.0,50.588235294117645,391.8995002347429,573.6810955278656
85.60000000000001,1.9960925480382132,2.0,15.129415400006563,49.251015740153605,37.0,50.588235294117645,391.8357142400154,573.7354172949679
85.7,1.9960549403822472,2.0,15.124029851970874,49.2588738395545,37.0,50.588235294117645,391.77189306529806,573.789766090762
85.80000000000001,1.9960173955033547,2.0,15.118617969751142,49.26673475939947,37.0,50.588235294117645,391.70803669616646,573.8441419214784
85.9,1.9959799136945806,2.0,15.11317982119101,49.27459850085688,37.0,50.588235294117645,391.6441451181929,573.8985447933411
86.0,1.9959424952481832,2.0,15.107715474321417,49.282465065095096,37.0,50.588235294117645,391.58021831694623,573.9529747125687
86.10000000000001,1.9959051404556305,2.0,15.102224997359887,49.29033445328241,37.0,50.588235294117645,391.5162562779923,574.0074316853734
86.2,1.9958678496076006,2.0,15.096708458709674,49.298206666586964,37.0,50.588235294117645,391.45225898689364,574.0619157179608
86.30000000000001,1.9958306229939786,2.0,15.091165926959183,49.306081706177,37.0,50.588235294117645,391.3882264292097,574.1164268165309
86.4,1.9957934609038546,2.0,15.085597470881131,49.31395957322087,37.0,50.588235294117645,391.32415859049667,574.170964987277
86.5,1.9957563636255211,2.0,15.080003159431751,49.32184026888655,37.0,50.588235294117645,391.2600554563079,574.2255302363862
86.60000000000001,1.9957193314464727,2.0,15.074383061750067,49.329723794342385,37.0,50.588235294117645,391.19591701219355,574.2801225700392
86.7,1.9956823646534032,2.0,15.068737247157193,49.337610150756234,37.0,50.588235294117645,391.13174324370084,574.3347419944103
86.80000000000001,1.9956454635322023,2.0,15.063065785155533,49.345499339296225,37.0,50.588235294117645,391.0675341363741,574.389388515667
86.9,1.9956086283679568,2.0,15.057368745427926,49.353391361130434,37.0,50.588235294117645,391.0032896757546,574.4440621399707
87.0,1.9955718594449463,2.0,15.051646197837119,49.36128621742688,37.0,50.588235294117645,390.9390098473811,574.498762873476
87.10000000000001,1.995535157046641,2.0,15.045898212424794,49.36918390935335,37.0,50.588235294117645,390.87469463678906,574.5534907223309
87.2,1.995498521455702,2.0,15.040124859410845,49.37708443807776,37.0,50.588235294117645,390.81034402951144,574.6082456926767
87.30000000000001,1.9954619529539774,2.0,15.034326209192717,49.38498780476806,37.0,50.588235294117645,390.74595801107847,574.6630277906481
87.4,1.995425451822501,2.0,15.028502332344575,49.39289401059193,37.0,50.588235294117645,390.68153656701764,574.7178370223727
87.5,1.9953890183414906,2.0,15.02265329961647,49.40080305671705,37.0,50.588235294117645,390.6170796828538,574.7726733939714
87.60000000000001,1.9953526527903462,2.0,15.016779181933703,49.408714944311214,37.0,50.588235294117645,390.5525873441091,574.8275369115585
87.7,1.9953163554476485,2.0,15.010880050395976,49.41662967454198,37.0,50.588235294117645,390.48805953630307,574.8824275812408
87.80000000000001,1.9952801265911555,2.0,15.004955976276698,49.42454724857686,37.0,50.588235294117645,390.423496244953,574.9373454091188
87.9,1.9952439664978028,2.0,14.999007031022089,49.43246766758341,37.0,50.588235294117645,390.35889745557347,574.9922904012853
88.0,1.9952078754436995,2.0,14.993033286250569,49.44039093272909,37.0,50.588235294117645,390.29426315367664,575.0472625638264
88.10000000000001,1.9951718537041283,2.0,14.987034813751825,49.44831704518111,37.0,50.588235294117645,390.2295933247721,575.1022619028212
88.2,1.9951359015535433,2.0,14.981011685486177,49.456246006106824,37.0,50.588235294117645,390.1648879543675,575.1572884243409
88.30000000000001,1.9951000192655672,2.0,14.974963973583769,49.4641778166735,37.0,50.588235294117645,390.10014702796775,575.2123421344503
88.4,1.99506420711299,2.0,14.968891750343754,49.47211247804819,37.0,50.588235294117645,390.0353705310757,575.2674230392064
88.5,1.9950284653677681,2.0,14.962795088233502,49.48004999139812,37.0,50.588235294117645,389.970558449192,575.3225311446589
88.60000000000001,1.9949927943010208,2.0,14.956674059887954,49.48799035789017,37.0,50.588235294117645,389.9057107678149,575.3776664568503
88.7,1.9949571941830304,2.0,14.950528738108678,49.49593357869128,37.0,50.588235294117645,389.8408274724407,575.4328289818156
88.80000000000001,1.9949216652832387,2.0,14.944359195863246,49.503879654968216,37.0,50.588235294117645,389.77590854856356,575.488018725582
88.9,1.9948862078702467,2.0,14.938165506284319,49.51182858788786,37.0,50.588235294117645,389.7109539816754,575.5432356941695
89.0,1.9948508222118118,2.0,14.931947742669,49.519780378616815,37.0,50.588235294117645,389.6459637572663,575.5984798935906
89.10000000000001,1.9948155085748467,2.0,14.925705978477918,49.52773502832156,37.0,50.588235294117645,389.5809378608244,575.6537513298497
89.2,1.9947802672254182,2.0,14.91944028733459,49.535692538168576,37.0,50.588235294117645,389.51587627783584,575.7090500089436
89.30000000000001,1.9947450984287434,2.0,14.913150743024584,49.54365290932435,37.0,50.588235294117645,389.4507789937848,575.7643759368616
89.4,1.9947100024491897,2.0,14.906837419494622,49.55161614295503,37.0,50.588235294117645,389.38564599415355,575.819729119585
89.5,1.9946749795502734,2.0,14.900500390851967,49.559582240226916,37.0,50.588235294117645,389.32047726442283,575.8751095630873
89.60000000000001,1.9946400299946572,2.0,14.89413973136358,49.56755120230605,37.0,50.588235294117645,389.2552727900714,575.9305172733341
89.7,1.9946051540441483,2.0,14.887755515455332,49.575523030358454,37.0,50.588235294117645,389.1900325565763,575.9859522562829
89.80000000000001,1.9945703519596971,2.0,14.881347817711193,49.583497725549876,37.0,50.588235294117645,389.124756549413,576.0414145178833
89.9,1.9945356240013956,2.0,14.874916712872455,49.59147528904623,37.0,50.588235294117645,389.05944475405545,576.0969040640767
90.0,1.994500970428476,2.0,14.868462275836979,49.59945572201315,37.0,50.588235294117645,388.99409715597574,576.1524209007963
90.10000000000001,1.9944663914993082,2.0,14.861984581658401,49.607439025616145,37.0,50.588235294117645,388.92871374064464,576.2079650339676
90.2,1.994431887471399,2.0,14.855483705545296,49.61542520102063,37.0,50.588235294117645,388.86329449353127,576.2635364695072
90.30000000000001,1.9943974586013904,2.0,14.84895972286046,49.62341424939194,37.0,50.588235294117645,388.79783940010344,576.319135213324
90.4,1.9943631051450574,2.0,14.842412709120055,49.631406171895264,37.0,50.588235294117645,388.7323484458274,576.3747612713182
90.5,1.9943288273573068,2.0,14.835842739992879,49.63940096969566,37.0,50.588235294117645,388.6668216161681,576.4304146493819
90.60000000000001,1.9942946254921756,2.0,14.829249891299508,49.64739864395807,37.0,50.588235294117645,388.6012588965893,576.4860953533982
90.7,1.9942604998028295,2.0,14.822634239011572,49.65539919584734,37.0,50.588235294117645,388.5356602725533,576.5418033892423
90.80000000000001,1.9942264505415603,2.0,14.815995859250918,49.66340262652807,37.0,50.588235294117645,388.4700257295213,576.5975387627806
90.9,1.9941924779597864,2.0,14.809334828288788,49.67140893716498,37.0,50.588235294117645,388.4043552529533,576.6533014798704
91.0,1.9941585823080494,2.0,14.802651222545133,49.67941812892229,37.0,50.588235294117645,388.3386488283081,576.7090915463612
91.10000000000001,1.9941247638360133,2.0,14.795945118587726,49.687430202964435,37.0,50.588235294117645,388.2729064410435,576.7649089680934
91.2,1.9940910227924629,2.0,14.78921659313138,49.695445160455506,37.0,50.588235294117645,388.2071280766163,576.8207537508983
91.30000000000001,1.994057359425302,2.0,14.782465723037179,49.70346300255943,37.0,50.588235294117645,388.141313720482,576.8766259005992
91.4,1.994023773981552,2.0,14.77569258531166,49.711483730440136,37.0,50.588235294117645,388.07546335809553,576.9325254230093
91.5,1.9939902667073506,2.0,14.76889725710602,49.71950734526132,37.0,50.588235294117645,388.0095769749107,576.9884523239342
91.60000000000001,1.9939568378479504,2.0,14.762079815715296,49.727533848186624,37.0,50.588235294117645,387.94365455638047,577.0444066091695
91.7,1.9939234876477165,2.0,14.75524033857766,49.73556324037929,37.0,50.588235294117645,387.877696087957,577.1003882845023
91.80000000000001,1.993890216350126,2.0,14.748378903273462,49.74359552300268,37.0,50.588235294117645,387.8117015550917,577.1563973557103
91.9,1.9938570241977658,2.0,14.741495587524563,49.75163069721998,37.0,50.588235294117645,387.7456709432353,577.2124338285622
92.0,1.9938239114323326,2.0,14.734590469193467,49.759668764193975,37.0,50.588235294117645,387.67960423783785,577.2684977088173
92.10000000000001,1.9937908782946288,2.0,14.727663626282613,49.767709725087514,37.0,50.588235294117645,387.6135014243486,577.324589002226
92.2,1.9937579250245632,2.0,14.720715136933379,49.77575358106316,37.0,50.588235294117645,387.5473624882165,577.3807077145291
92.30000000000001,1.993725051861149,2.0,14.713745079425475,49.783800333283466,37.0,50.588235294117645,387.4811874148896,577.4368538514578
92.4,1.9936922590425021,2.0,14.70675353217605,49.79184998291066,37.0,50.588235294117645,387.41497618981583,577.4930274187345
92.5,1.9936595468058407,2.0,14.699740573738922,49.799902531106795,37.0,50.588235294117645,387.34872879844244,577.5492284220717
92.60000000000001,1.9936269153874817,2.0,14.692706282803758,49.80795797903386,37.0,50.588235294117645,387.28244522621634,577.6054568671722
92.7,1.993594365022841,2.0,14.685650738195232,49.81601632785362,37.0,50.588235294117645,387.2161254585842,577.6617127597293
92.80000000000001,1.9935618959464323,2.0,14.678574018872236,49.82407757872761,37.0,50.588235294117645,387.1497694809923,577.7179961054269
92.9,1.9935295083918647,2.0,14.671476203927186,49.832141732817206,37.0,50.588235294117645,387.0833772788866,577.7743069099391
93.0,1.9934972025918412,2.0,14.664357372585034,49.840208791283715,37.0,50.588235294117645,387.0169488377129,577.83064517893
93.10000000000001,1.9934649787781589,2.0,14.657217604202534,49.848278755288106,37.0,50.588235294117645,386.9504841429168,577.887010918054
93.2,1.9934328371817054,2.0,14.650056978267537,49.85635162599124,37.0,50.588235294117645,386.883983179944,577.9434041329556
93.30000000000001,1.9934007780324603,2.0,14.64287557439798,49.86442740455368,37.0,50.588235294117645,386.8174459342398,577.9998248292698
93.4,1.9933688015594908,2.0,14.635673472341328,49.87250609213595,37.0,50.588235294117645,386.7508723912498,578.0562730126206
93.5,1.9933369079909518,2.0,14.628450751973507,49.88058768989828,37.0,50.588235294117645,386.6842625364194,578.112748688623
93.60000000000001,1.9933050975540851,2.0,14.621207493298227,49.888672199000666,37.0,50.588235294117645,386.61761635519423,578.1692518628813
93.7,1.9932733704752175,2.0,14.613943776446224,49.89675962060301,37.0,50.588235294117645,386.55093383301994,578.2257825409898
93.80000000000001,1.9932417269797587,2.0,14.606659681674326,49.90484995586496,37.0,50.588235294117645,386.4842149553424,578.2823407285324
93.9,1.9932101672922016,2.0,14.599355289364695,49.91294320594591,37.0,50.588235294117645,386.4174597076077,578.338926431083
94.0,1.99317869163612,2.0,14.592030680024049,49.92103937200517,37.0,50.588235294117645,386.3506680752623,578.395539654205
94.10000000000001,1.9931473002341673,2.0,14.584685934282806,49.92913845520167,37.0,50.588235294117645,386.2838400437529,578.4521804034513
94.2,1.9931159933080762,2.0,14.577321132894264,49.93724045669421,37.0,50.588235294117645,386.21697559852635,578.5088486843647
94.30000000000001,1.9930847710786554,2.0,14.569936356733876,49.945345377641445,37.0,50.588235294117645,386.1500747250303,578.5655445024771
94.4,1.9930536337657907,2.0,14.562531686798257,49.95345321920166,37.0,50.588235294117645,386.0831374087127,578.62226786331
94.5,1.9930225815884426,2.0,14.555107204204566,49.961563982532994,37.0,50.588235294117645,386.0161636350218,578.6790187723744
94.60000000000001,1.9929916147646445,2.0,14.5476629901896,49.96967766879334,37.0,50.588235294117645,385.94915338940694,578.7357972351704
94.7,1.9929607335115018,2.0,14.540199126108927,49.977794279140426,37.0,50.588235294117645,385.88210665731765,578.7926032571871
94.80000000000001,1.9929299380451926,2.0,14.532715693436124,49.985913814731646,37.0,50.588235294117645,385.81502342420407,578.8494368439036
94.9,1.9928992285809632,2.0,14.525212773762057,49.994036276724216,37.0,50.588235294117645,385.7479036755175,578.9062980007875
95.0,1.9928686053331297,2.0,14.517690448793866,50.002161666275185,37.0,50.588235294117645,385.6807473967094,578.9631867332957
95.10000000000001,1.992838068515075,2.0,14.510148800354317,50.01028998454126,37.0,50.588235294117645,385.61355457323265,579.0201030468743
95.2,1.9928076183392494,2.0,14.502587910380887,50.018421232678804,37.0,50.588235294117645,385.5463251905406,579.0770469469579
95.30000000000001,1.9927772550171663,2.0,14.495007860925032,50.0265554118443,37.0,50.588235294117645,385.4790592340875,579.1340184389703
95.4,1.992746978759405,2.0,14.48740873415121,50.034692523193485,37.0,50.588235294117645,385.4117566893288,579.1910175283241
95.5,1.9927167897756066,2.0,14.479790612336274,50.04283256788233,37.0,50.588235294117645,385.3444175417208,579.2480442204208
95.60000000000001,1.9926866882744745,2.0,14.472153577868488,50.05097554706623,37.0,50.588235294117645,385.277041776721,579.3050985206503
95.7,1.992656674463772,2.0,14.4644977132468,50.05912146190042,37.0,50.588235294117645,385.2096293797877,579.3621804343916
95.80000000000001,1.992626748550322,2.0,14.456823101079959,50.06727031353989,37.0,50.588235294117645,385.1421803363808,579.419289967012
95.9,1.9925969107400057,2.0,14.449129824085745,50.07542210313932,37.0,50.588235294117645,385.07469463196105,579.4764271238676
96.0,1.992567161237762,2.0,14.441417965090107,50.08357683185318,37.0,50.588235294117645,385.00717225199065,579.5335919103028
96.10000000000001,1.9925375002475854,2.0,14.433687607026425,50.0917345008358,37.0,50.588235294117645,384.93961318193305,579.5907843316505
96.2,1.992507927972525,2.0,14.425938832934563,50.09989511124087,37.0,50.588235294117645,384.8720174072531,579.648004393232
96.30000000000001,1.9924784446146846,2.0,14.418171725960129,50.1080586642222,37.0,50.588235294117645,384.80438491341704,579.7052521003569
96.4,1.9924490503752201,2.0,14.410386369353649,50.116225160933084,37.0,50.588235294117645,384.7367156858926,579.7625274583231
96.5,1.9924197454543393,2.0,14.402582846469716,50.12439460252659,37.0,50.588235294117645,384.66900971014894,579.8198304724165
96.60000000000001,1.992390530051302,2.0,14.394761240766174,50.13256699015557,37.0,50.588235294117645,384.60126697165686,579.8771611479115
96.7,1.9923614043644158,2.0,14.386921635803418,50.140742324972564,37.0,50.588235294117645,384.5334874558888,579.9345194900699
96.80000000000001,1.9923323685910375,2.0,14.379064115243285,50.1489206081298,37.0,50.588235294117645,384.465671148319,579.9919055041422
96.9,1.9923034229275725,2.0,14.371188762848494,50.15710184077915,37.0,50.588235294117645,384.3978180344231,580.0493191953668
97.0,1.9922745675694715,2.0,14.363295662481786,50.165286024072316,37.0,50.588235294117645,384.32992809967874,580.10676056897
97.10000000000001,1.9922458027112315,2.0,14.355384898104948,50.17347315916072,37.0,50.588235294117645,384.2620013295653,580.1642296301653
97.2,1.9922171285463939,2.0,14.347456553778144,50.18166324719539,37.0,50.588235294117645,384.19403770956404,580.2217263841547
97.30000000000001,1.9921885452675434,2.0,14.339510713659024,50.189856289327,37.0,50.588235294117645,384.1260372251583,580.2792508361276
97.4,1.9921600530663075,2.0,14.331547462001902,50.19805228670606,37.0,50.588235294117645,384.05799986183325,580.3368029912609
97.5,1.992131652133356,2.0,14.323566883156941,50.20625124048286,37.0,50.588235294117645,383.989925605076,580.3943828547197
97.60000000000001,1.9921033426583985,2.0,14.315569061569386,50.214453151807106,37.0,50.588235294117645,383.921814440376,580.4519904316556
97.7,1.9920751248301842,2.0,14.307554081778587,50.22265802182824,37.0,50.588235294117645,383.85366635322464,580.5096257272089
97.80000000000001,1.9920469988365024,2.0,14.29952202841731,50.230865851695626,37.0,50.588235294117645,383.78548132911556,580.5672887465065
97.9,1.9920189648641784,2.0,14.291472986210925,50.23907664255813,37.0,50.588235294117645,383.71725935354465,580.6249794946629
98.0,1.9919910230990758,2.0,14.283407039976407,50.24729039556422,37.0,50.588235294117645,383.6490004120101,580.6826979767797
98.10000000000001,1.9919631737260939,2.0,14.275324274621727,50.2555071118623,37.0,50.588235294117645,383.58070449001247,580.7404441979459
98.2,1.9919354169291663,2.0,14.267224775144893,50.26372679260021,37.0,50.588235294117645,383.5123715730547,580.7982181632376
98.30000000000001,1.9919077528912623,2.0,14.259108626633116,50.27194943892539,37.0,50.588235294117645,383.44400164664216,580.856019877718
98.4,1.991880181794383,2.0,14.250975914262122,50.28017505198528,37.0,50.588235294117645,383.37559469628275,580.9138493464375
98.5,1.9918527038195633,2.0,14.242826723295117,50.28840363292676,37.0,50.588235294117645,383.3071507074869,580.9717065744334
98.60000000000001,1.9918253191468682,2.0,14.23466113908218,50.29663518289641,37.0,50.588235294117645,383.2386696657677,581.0295915667298
98.7,1.9917980279553944,2.0,14.226479247059219,50.30486970304054,37.0,50.588235294117645,383.17015155664086,581.0875043283377
98.80000000000001,1.9917708304232684,2.0,14.218281132747318,50.313107194504994,37.0,50.588235294117645,383.1015963656249,581.1454448642548
98.9,1.991743726727645,2.0,14.210066881751851,50.321347658435286,37.0,50.588235294117645,383.03300407824094,581.2034131794659
99.0,1.9917167170447079,2.0,14.201836579761586,50.32959109597658,37.0,50.588235294117645,382.9643746800131,581.261409278942
99.10000000000001,1.9916898015496678,2.0,14.193590312547988,50.33783750827388,37.0,50.588235294117645,382.8957081564683,581.3194331676411
99.2,1.9916629804167618,2.0,14.185328165964288,50.34608689647155,37.0,50.588235294117645,382.8270044931364,581.3774848505074
99.30000000000001,1.9916362538192527,2.0,14.177050225944681,50.354339261713676,37.0,50.588235294117645,382.7582636755502,581.4355643324718
99.4,1.991609621929429,2.0,14.168756578503503,50.36259460514407,37.0,50.588235294117645,382.6894856892458,581.4936716184516
99.5,1.991583084918603,2.0,14.16044730973448,50.370852927906185,37.0,50.588235294117645,382.620670519762,581.5518067133504
99.60000000000001,1.9915566429571092,2.0,14.152122505809773,50.37911423114292,37.0,50.588235294117645,382.5518181526409,581.609969622058
99.7,1.9915302962143058,2.0,14.143782252979161,50.38737851599706,37.0,50.588235294117645,382.48292857342807,581.6681603494507
99.80000000000001,1.9915040448585728,2.0,14.135426637569303,50.3956457836108,37.0,50.588235294117645,382.41400176767195,581.7263789003906
99.9,1.9914778890573108,2.0,14.127055745982886,50.40391603512603,37.0,50.588235294117645,382.34503772092444,581.7846252797262
100.0,1.9914518289769418,2.0,14.118669664697725,50.41218927168438,37.0,50.588235294117645,382.27603641874083,581.842899492292
100.10000000000001,1.9914258647829055,2.0,14.11026848026607,50.42046549442682,37.0,50.588235294117645,382.2069978466799,581.9012015429084
100.2,1.9913999966396618,2.0,14.10185227931354,50.42874470449431,37.0,50.588235294117645,382.13792199030377,581.9595314363817
100.30000000000001,1.9913742247106891,2.0,14.093421148538578,50.43702690302706,37.0,50.588235294117645,382.0688088351783,582.0178891775042
100.4,1.991348549158482,2.0,14.084975174711477,50.44531209116508,37.0,50.588235294117645,381.99965836687267,582.0762747710538
100.5,1.9913229701445525,2.0,14.076514444673487,50.4536002700479,37.0,50.588235294117645,381.9304705709598,582.1346882217941
100.60000000000001,1.991297487829429,2.0,14.06803904533614,50.461891440814725,37.0,50.588235294117645,381.8612454330164,582.1931295344746
100.7,1.9912721023726545,2.0,14.059549063680327,50.47018560460435,37.0,50.588235294117645,381.79198293862277,582.2515987138302
100.80000000000001,1.991246813932787,2.0,14.051044586755477,50.47848276255513,37.0,50.588235294117645,381.7226830733632,582.3100957645811
100.9,1.9912216226673993,2.0,14.042525701678725,50.48678291580495,37.0,50.588235294117645,381.6533458228258,582.3686206914335
101.0,1.9911965287330764,2.0,14.033992495634182,50.495086065491364,37.0,50.588235294117645,381.5839711726025,582.4271734990789
101.10000000000001,1.9911715322854162,2.0,14.025445055871916,50.503392212751635,37.0,50.588235294117645,381.51455910828923,582.4857541921937
101.2,1.9911466334790298,2.0,14.016883469707265,50.511701358722235,37.0,50.588235294117645,381.44510961548605,582.5443627754399
101.30000000000001,1.9911218324675388,2.0,14.008307824520038,50.52001350453958,37.0,50.588235294117645,381.375622679797,582.6029992534646
101.4,1.9910971294035764,2.0,13.999718207753567,50.528328651339564,37.0,50.588235294117645,381.3060982868303,582.6616636309003
101.5,1.9910725244387852,2.0,13.991114706913969,50.53664680025753,37.0,50.588235294117645,381.23653642219836,582.7203559123643
101.60000000000001,1.991048017723818,2.0,13.98249740956924,50.54496795242852,37.0,50.588235294117645,381.1669370715179,582.7790761024588
101.7,1.991023609408337,2.0,13.973866403348492,50.55329210898708,37.0,50.588235294117645,381.0973002204099,582.8378242057712
101.80000000000001,1.990999299641012,2.0,13.965221775941163,50.5616192710674,37.0,50.588235294117645,381.0276258544996,582.8966002268739
101.9,1.9909750885695219,2.0,13.956563615096037,50.56994943980311,37.0,50.588235294117645,380.95791395941694,582.9554041703238
102.0,1.9909509763405522,2.0,13.947892008620599,50.578282616327385,37.0,50.588235294117645,380.88816452079607,583.0142360406628
102.10000000000001,1.9909269630997952,2.0,13.939207044380062,50.58661880177311,37.0,50.588235294117645,380.81837752427583,583.0730958424174
102.2,1.99090304899195,2.0,13.930508810296608,50.594957997272616,37.0,50.588235294117645,380.7485529554995,583.1319835800987
102.30000000000001,1.9908792341607204,2.0,13.921797394348568,50.603300203957815,37.0,50.588235294117645,380.67869080011525,583.1908992582023
102.4,1.990855518748817,2.0,13.913072884569534,50.61164542296018,37.0,50.588235294117645,380.60879104377574,583.2498428812082
102.5,1.990831902897954,2.0,13.904335369047645,50.61999365541061,37.0,50.588235294117645,380.5388536721386,583.3088144535814
102.60000000000001,1.99080838674885,2.0,13.895584935924628,50.628344902439665,37.0,50.588235294117645,380.468878670866,583.3678139797705
102.7,1.990784970441227,2.0,13.886821673395058,50.63669916517733,37.0,50.588235294117645,380.3988660256252,583.4268414642088
102.80000000000001,1.9907616541138116,2.0,13.878045669705475,50.645056444753266,37.0,50.588235294117645,380.3288157220883,583.485896911314
102.9,1.9907384379043314,2.0,13.86925701315367,50.653416742296486,37.0,50.588235294117645,380.2587277459325,583.5449803254872
103.0,1.9907153219495173,2.0,13.860455792087675,50.66178005893573,37.0,50.588235294117645,380.18860208284,583.6040917111147
103.10000000000001,1.9906923063851019,2.0,13.851642094905104,50.67014639579901,37.0,50.588235294117645,380.11843871849806,583.6632310725661
103.2,1.9906693913458182,2.0,13.84281601005225,50.678515754014086,37.0,50.588235294117645,380.0482376385991,583.7223984141949
103.30000000000001,1.9906465769654014,2.0,13.833977626023202,50.686888134708,37.0,50.588235294117645,379.9779988288409,583.7815937403388
103.4,1.9906238633765871,2.0,13.82512703135918,50.69526353900761,37.0,50.588235294117645,379.90772227492636,583.8408170553195
103.5,1.9906012507111102,2.0,13.816264314647622,50.703641968038994,37.0,50.588235294117645,379.83740796256376,583.900068363442
103.60000000000001,1.9905787390997058,2.0,13.807389564521266,50.712023422927984,37.0,50.588235294117645,379.7670558774669,583.9593476689951
103.7,1.9905563286721077,2.0,13.798502869657495,50.72040790479963,37.0,50.588235294117645,379.69666600535487,584.0186549762515
103.80000000000001,1.9905340195570491,2.0,13.789604318777359,50.72879541477863,37.0,50.588235294117645,379.6262383319524,584.0779902894674
103.9,1.9905118118822613,2.0,13.780694000644877,50.73718595398935,37.0,50.588235294117645,379.5557728429896,584.1373536128823
104.0,1.990489705774474,2.0,13.771772004066126,50.74557952355531,37.0,50.588235294117645,379.4852695242025,584.1967449507192
104.10000000000001,1.9904677013594139,2.0,13.762838417888467,50.7539761245996,37.0,50.588235294117645,379.41472836133266,584.2561643071847
104.2,1.9904457987618056,2.0,13.753893330999666,50.76237575824513,37.0,50.588235294117645,379.3441493401273,584.3156116864682
104.30000000000001,1.990423998105371,2.0,13.744936832327134,50.7707784256138,37.0,50.588235294117645,379.2735324463396,584.3750870927425
104.4,1.990402299512828,2.0,13.735969010837096,50.779184127827364,37.0,50.588235294117645,379.20287766572847,584.4345905301641
104.5,1.990380703105891,2.0,13.726989955533696,50.78759286600683,37.0,50.588235294117645,379.13218498405894,584.4941220028721
104.60000000000001,1.9903592090052706,2.0,13.717999755458251,50.796004641272816,37.0,50.588235294117645,379.06145438710183,584.5536815149885
104.7,1.990337817330673,2.0,13.708998499688404,50.80441945474524,37.0,50.588235294117645,378.99068586063413,584.6132690706186
104.80000000000001,1.990316528200799,2.0,13.699986277337306,50.8128373075437,37.0,50.588235294117645,378.91987939043895,584.6728846738504
104.9,1.9902953417333458,2.0,13.690963177552753,50.821258200786986,37.0,50.588235294117645,378.8490349623053,584.7325283287548
105.0,1.9902742580450041,2.0,13.681929289516438,50.82968213559366,37.0,50.588235294117645,378.77815256202877,584.7922000393854
105.10000000000001,1.9902532772514598,2.0,13.672884702443058,50.83810911308137,37.0,50.588235294117645,378.707232175411,584.8518998097786
105.2,1.9902323994673934,2.0,13.663829505579544,50.84653913436762,37.0,50.588235294117645,378.63627378826004,584.9116276439532
105.30000000000001,1.9902116248064778,2.0,13.65476378820425,50.854972200568966,37.0,50.588235294117645,378.5652773863903,584.9713835459106
105.4,1.9901909533813813,2.0,13.645687639626008,50.863408312801766,37.0,50.588235294117645,378.4942429556228,585.031167519635
105.5,1.9901703853037642,2.0,13.636601149183512,50.87184747218157,37.0,50.588235294117645,378.4231704817849,585.0909795690927
105.60000000000001,1.9901499206842816,2.0,13.627504406244293,50.88028967982342,37.0,50.588235294117645,378.3520599507106,585.1508196982325
105.7,1.9901295596325803,2.0,13.618397500204109,50.88873493684184,37.0,50.588235294117645,378.2809113482406,585.2106879109853
105.80000000000001,1.9901093022573,2.0,13.609280520485905,50.89718324435074,37.0,50.588235294117645,378.2097246602221,585.2705842112642
105.9,1.990089148666074,2.0,13.600153556539135,50.90563460346351,37.0,50.588235294117645,378.1384998725094,585.3305086029648
106.0,1.9900690989655263,2.0,13.591016697838972,50.91408901529297,37.0,50.588235294117645,378.0672369709633,585.3904610899643
106.10000000000001,1.9900491532612747,2.0,13.581870033885323,50.922546480951155,37.0,50.588235294117645,377.99593594145165,585.4504416761223
106.2,1.9900293116579275,2.0,13.572713654202209,50.931007001549744,37.0,50.588235294117645,377.92459676984913,585.51045036528
106.30000000000001,1.990009574259086,2.0,13.56354764833676,50.939470578199746,37.0,50.588235294117645,377.8532194420375,585.5704871612606
106.4,1.989989941167342,2.0,13.554372105858596,50.947937212011595,37.0,50.588235294117645,377.78180394390574,585.6305520678692
106.5,1.9899704124842803,2.0,13.545187116358811,50.956406904095104,37.0,50.588235294117645,377.7103502613496,585.6906450888924
106.60000000000001,1.989950988310476,2.0,13.53599276944935,50.96487965555946,37.0,50.588235294117645,377.63885838027227,585.7507662280988
106.7,1.9899316687454953,2.0,13.526789154762048,50.973355467513386,37.0,50.588235294117645,377.56732828658414,585.8109154892383
106.80000000000001,1.989912453887896,2.0,13.517576361947839,50.98183434106471,37.0,50.588235294117645,377.49575996620285,585.8710928760422
106.9,1.9898933438352262,2.0,13.508354480676015,50.99031627732097,37.0,50.588235294117645,377.42415340505346,585.9312983922237
107.0,1.9898743386840252,2.0,13.499123600633297,50.99880127738908,37.0,50.588235294117645,377.35250858906835,585.991532041477
107.10000000000001,1.9898554385298233,2.0,13.489883811523146,51.00728934237503,37.0,50.588235294117645,377.2808255041877,586.0517938274776
107.2,1.989836643467141,2.0,13.480635203064882,51.01578047338438,37.0,50.588235294117645,377.2091041363588,586.1120837538824
107.30000000000001,1.98981795358949,2.0,13.471377864992858,51.02427467152211,37.0,50.588235294117645,377.1373444715369,586.1724018243295
107.4,1.9897993689893712,2.0,13.462111887055698,51.032771937892505,37.0,50.588235294117645,377.0655464956847,586.2327480424381
107.5,1.989780889758277,2.0,13.452837359015387,51.04127227359919,37.0,50.588235294117645,376.9937101947728,586.2931224118082
107.60000000000001,1.98976251598669,2.0,13.443554370646602,51.04977567974521,37.0,50.588235294117645,376.9218355547796,586.3535249360209
107.7,1.9897442477640828,2.0,13.434263011735817,51.0582821574331,37.0,50.588235294117645,376.84992256169113,586.4139556186384
107.80000000000001,1.9897260851789182,2.0,13.42496337208044,51.06679170776442,37.0,50.588235294117645,376.77797120150166,586.4744144632033
107.9,1.9897080283186495,2.0,13.415655541488132,51.07530433184036,37.0,50.588235294117645,376.7059814602132,586.5349014732392
108.0,1.9896900772697201,2.0,13.40633960977588,51.08382003076139,37.0,50.588235294117645,376.633953323836,586.5954166522502
108.10000000000001,1.9896722321175635,2.0,13.397015666769292,51.09233880562721,37.0,50.588235294117645,376.5618867783883,586.6559600037212
108.2,1.9896544929466031,2.0,13.387683802301671,51.100860657537055,37.0,50.588235294117645,376.4897818098965,586.7165315311178
108.30000000000001,1.9896368598402532,2.0,13.378344106213293,51.10938558758943,37.0,50.588235294117645,376.4176384043953,586.7771312378856
108.4,1.9896193328809173,2.0,13.368996668350604,51.11791359688203,37.0,50.588235294117645,376.34545654792754,586.8377591274508
108.5,1.9896019121499904,2.0,13.359641578565327,51.12644468651206,37.0,50.588235294117645,376.2732362265447,586.8984152032199
108.60000000000001,1.9895845977278563,2.0,13.350278926713793,51.134978857576016,37.0,50.588235294117645,376.2009774263065,586.9590994685799
108.7,1.9895673896938901,2.0,13.340908802655964,51.14351611116973,37.0,50.588235294117645,376.1286801332811,587.0198119268978
108.80000000000001,1.989550288126457,2.0,13.33153129625478,51.152056448388294,37.0,50.588235294117645,376.05634433354527,587.0805525815205
108.9,1.9895332931029122,2.0,13.322146497375295,51.16059987032605,37.0,50.588235294117645,375.98397001318443,587.141321435775
109.0,1.9895164046996012,2.0,13.312754495883812,51.169146378076846,37.0,50.588235294117645,375.9115571582927,587.2021184929685
109.10000000000001,1.9894996229918611,2.0,13.303355381647176,51.177695972733716,37.0,50.588235294117645,375.8391057549727,587.2629437563879
109.2,1.9894829480540182,2.0,13.293949244531968,51.18624865538902,37.0,50.588235294117645,375.76661578933624,587.3237972293002
109.30000000000001,1.9894663799593906,2.0,13.284536174403575,51.19480442713444,37.0,50.588235294117645,375.6940872475037,587.3846789149518
109.4,1.9894499187802857,2.0,13.275116261125588,51.20336328906092,37.0,50.588235294117645,375.62152011560454,587.4455888165688
109.5,1.9894335645880037,2.0,13.265689594558747,51.2119252422587,37.0,50.588235294117645,375.54891437977705,587.5065269373574
109.60000000000001,1.989417317452834,2.0,13.256256264560463,51.22049028781731,37.0,50.588235294117645,375.4762700261687,587.5674932805025
109.7,1.9894011774440585,2.0,13.246816360983672,51.22905842682559,37.0,50.588235294117645,375.4035870409361,587.6284878491691
109.80000000000001,1.9893851446299498,2.0,13.237369973676332,51.23762966037168,37.0,50.588235294117645,375.33086541024477,587.6895106465016
109.9,1.9893692190777714,2.0,13.227917192480433,51.24620398954295,37.0,50.588235294117645,375.25810512026993,587.7505616756232
110.0,1.989353400853779,2.0,13.218458107231253,51.254781415426066,37.0,50.588235294117645,375.1853061571958,587.8116409396368
110.10000000000001,1.9893376900232196,2.0,13.20899280775659,51.26336193910697,37.0,50.588235294117645,375.112468507216,587.8727484416245
110.2,1.9893220866503325,2.0,13.199521383875933,51.27194556167086,37.0,50.588235294117645,375.0395921565336,587.9338841846472
110.30000000000001,1.9893065907983485,2.0,13.190043925399696,51.280532284202195,37.0,50.588235294117645,374.96667709136136,587.995048171745
110.4,1.9892912025294907,2.0,13.180560522128363,51.28912210778469,37.0,50.588235294117645,374.8937232979214,588.0562404059368
110.5,1.989275921904975,2.0,13.171071263851747,51.29771503350139,37.0,50.588235294117645,374.8207307624454,588.1174608902207
110.60000000000001,1.9892607489850094,2.0,13.161576240348204,51.30631106243453,37.0,50.588235294117645,374.74769947117505,588.1787096275733
110.7,1.9892456838287953,2.0,13.15207554138378,51.31491019566556,37.0,50.588235294117645,374.6746294103615,588.2399866209502
110.80000000000001,1.9892307264945261,2.0,13.142569256711488,51.323512434275244,37.0,50.588235294117645,374.60152056626583,588.3012918732854
110.9,1.98921587703939,2.0,13.13305747607041,51.33211777934338,37.0,50.588235294117645,374.52837292515903,588.3626253874918
111.0,1.9892011355195673,2.0,13.12354028918508,51.34072623194936,37.0,50.588235294117645,374.45518647332193,588.4239871664604
111.10000000000001,1.9891865019902328,2.0,13.114017785764512,51.34933779317146,37.0,50.588235294117645,374.3819611970456,588.4853772130609
111.2,1.9891719765055549,2.0,13.104490055501511,51.35795246408753,37.0,50.588235294117645,374.3086970826311,588.5467955301415
111.30000000000001,1.9891575591186965,2.0,13.094957188071842,51.366570245774255,37.0,50.588235294117645,374.2353941163896,588.6082421205284
111.4,1.9891432498818153,2.0,13.085419273133493,51.3751911393079,37.0,50.588235294117645,374.16205228464247,588.6697169870263
111.5,1.9891290488460625,2.0,13.075876400325846,51.383815145763776,37.0,50.588235294117645,374.0886715737213,588.7312201324179
111.60000000000001,1.989114956061586,2.0,13.066328659268807,51.39244226621639,37.0,50.588235294117645,374.0152519699683,588.792751559464
111.7,1.989100971577528,2.0,13.056776139562249,51.40107250173952,37.0,50.588235294117645,373.9417934597358,588.8543112709034
111.80000000000001,1.9890870954420272,2.0,13.047218930784986,51.409705853406024,37.0,50.588235294117645,373.86829602938667,588.9158992694529
111.9,1.9890733277022177,2.0,13.037657122494126,51.41834232228808,37.0,50.588235294117645,373.7947596652944,588.9775155578071
112.0,1.9890596684042297,2.0,13.028090804224242,51.42698190945714,37.0,50.588235294117645,373.72118435384306,589.0391601386384
112.10000000000001,1.9890461175931904,2.0,13.01852006548656,51.43562461598361,37.0,50.588235294117645,373.64757008142743,589.1008330145967
112.2,1.9890326753132244,2.0,13.008944995768243,51.44427044293735,37.0,50.588235294117645,373.573916834453,589.1625341883099
112.30000000000001,1.9890193416074526,2.0,12.999365684531593,51.452919391387184,37.0,50.588235294117645,373.5002245993359,589.2242636623835
112.4,1.9890061165179946,2.0,12.989782221213195,51.46157146240131,37.0,50.588235294117645,373.4264933625035,589.2860214393997
112.5,1.9889930000859677,2.0,12.980194695223249,51.47022665704685,37.0,50.588235294117645,373.35272311039375,589.3478075219192
112.60000000000001,1.9888675021039561,2.0,22.941176470588236,51.454866862925826,50.0,0.0,373.279011144556,589.4095389488675
112.7,1.9887420122877084,2.0,22.941176470588236,51.43949026258389,50.0,0.0,373.20550326533146,589.4710914321264
112.80000000000001,1.988616530636951,2.0,22.941176470588236,51.42409687893144,50.0,0.0,373.13219919543496,589.5324652313002
112.9,1.9884910571514103,2.0,22.941176470588236,51.40868673486739,50.0,0.0,373.05909865773117,589.5936606057618
113.0,1.988365591830812,2.0,22.941176470588236,51.393259853278835,50.0,0.0,372.9862013752359,589.6546778146521
113.10000000000001,1.9882401346748826,2.0,22.941176470588236,51.37781625704122,50.0,0.0,372.9135070711166,589.7155171168799
113.2,1.9881146856833487,2.0,22.941176470588236,51.36235596901798,50.0,0.0,372.8410154686934,589.7761787711206
113.30000000000001,1.9879892448559362,2.0,22.941176470588236,51.346879012060754,50.0,0.0,372.76872629144015,589.8366630358165
113.4,1.9878638121923715,2.0,22.941176470588236,51.331385409009215,50.0,0.0,372.6966392629851,589.8969701691758
113.5,1.9877383876923806,2.0,22.941176470588236,51.315875182691,50.0,0.0,372.62475410711187,589.9571004291729
113.60000000000001,1.9876129713556903,2.0,22.941176470588236,51.30034835592147,50.0,0.0,372.5530705477601,590.0170540735464
113.7,1.987487563182026,2.0,22.941176470588236,51.28480495150387,50.0,0.0,372.48158830902673,590.0768313598006
113.80000000000001,1.9873621631711145,2.0,22.941176470588236,51.26924499222912,50.0,0.0,372.41030711516646,590.1364325452037
113.9,1.987236771322682,2.0,22.941176470588236,51.25366850087585,50.0,0.0,372.33922669059285,590.1958578867873
114.0,1.9871113876364543,2.0,22.941176470588236,51.23807550021013,50.0,0.0,372.2683467598791,590.2551076413473
114.10000000000001,1.9869860121121579,2.0,22.941176470588236,51.22246601298576,50.0,0.0,372.1976670477586,590.3141820654417
114.2,1.9868606447495187,2.0,22.941176470588236,51.20684006194375,50.0,0.0,372.12718727912653,590.3730814153914
114.30000000000001,1.986735285548263,2.0,22.941176470588236,51.191197669812425,50.0,0.0,372.05690717903985,590.431805947279
114.4,1.9866099345081167,2.0,22.941176470588236,51.175538859307665,50.0,0.0,371.9868264727185,590.4903559169493
114.5,1.986484591628806,2.0,22.941176470588236,51.15986365313228,50.0,0.0,371.91694488554646,590.5487315800075
114.60000000000001,1.9863592569100574,2.0,22.941176470588236,51.14417207397639,50.0,0.0,371.84726214307204,590.6069331918201
114.7,1.9862339303515968,2.0,22.941176470588236,51.128464144517125,50.0,0.0,371.7777779710091,590.664961007514
114.80000000000001,1.9861086119531504,2.0,22.941176470588236,51.11273988741874,50.0,0.0,371.7084920952376,590.7228152819756
114.9,1.9859833017144441,2.0,22.941176470588236,51.09699932533232,50.0,0.0,371.6394042418047,590.780496269851
115.0,1.9858579996352044,2.0,22.941176470588236,51.08124248089564,50.0,0.0,371.5705141369252,590.8380042255458
115.10000000000001,1.985732705715157,2.0,22.941176470588236,51.06546937673363,50.0,0.0,371.5018215069828,590.8953394032237
115.2,1.9856074199540277,2.0,22.941176470588236,51.049680035457754,50.0,0.0,371.43332607853034,590.952502056807
115.30000000000001,1.9854821423515432,2.0,22.941176470588236,51.03387447966605,50.0,0.0,371.36502757829095,591.0094924399759
115.4,1.9853568729074296,2.0,22.941176470588236,51.018052731943385,50.0,0.0,371.29692573315884,591.0663108061681
115.5,1.9852316116214124,2.0,22.941176470588236,51.002214814860906,50.0,0.0,371.2290202701998,591.1229574085786
115.60000000000001,1.9850864677850093,2.0,24.705882352941178,50.98636065094382,50.0,0.0,371.161311086095,591.1794323408803
115.7,1.9849413341287865,2.0,24.705882352941178,50.97049011257843,50.0,0.0,371.09379816377856,591.2357356157243
115.80000000000001,1.9847962106524017,2.0,24.705882352941178,50.954603222114315,50.0,0.0,371.0264812330921,591.2918674836824
115.9,1.9846510973555138,2.0,24.705882352941178,50.93870000188838,50.0,0.0,370.95936002404204,591.3478281950912
116.0,1.9845059942377807,2.0,24.705882352941178,50.92278047422451,50.0,0.0,370.8924342667995,591.4036180000512
116.10000000000001,1.98436090129886,2.0,24.705882352941178,50.906844661433695,50.0,0.0,370.8257036917017,591.4592371484268
116.2,1.98421581853841,2.0,24.705882352941178,50.890892585813845,50.0,0.0,370.75916802925235,591.5146858898456
116.30000000000001,1.984070745956089,2.0,24.705882352941178,50.87492426964951,50.0,0.0,370.6928270101228,591.5699644736984
116.4,1.9839256835515549,2.0,24.705882352941178,50.8589397352124,50.0,0.0,370.6266803651525,591.6250731491384
116.5,1.9837806313244657,2.0,24.705882352941178,50.84293900476075,50.0,0.0,370.5607278253498,591.6800121650813
116.60000000000001,1.983635589274479,2.0,24.705882352941178,50.82692210053949,50.0,0.0,370.4949691218927,591.7347817702044
116.7,1.9834905574012531,2.0,24.705882352941178,50.810889044780424,50.0,0.0,370.4294039861297,591.789382212947
116.80000000000001,1.9833455357044463,2.0,24.705882352941178,50.79483985970171,50.0,0.0,370.3640321495804,591.8438137415089
116.9,1.983200524183716,2.0,24.705882352941178,50.778774567507924,50.0,0.0,370.29885334393623,591.8980766038513
117.0,1.9830555228387208,2.0,24.705882352941178,50.762693190390166,50.0,0.0,370.23386730106137,591.9521710476956
117.10000000000001,1.9829105316691176,2.0,24.705882352941178,50.7465957505259,50.0,0.0,370.1690737529932,592.0060973205232
117.2,1.9827655506745652,2.0,24.705882352941178,50.730482270078994,50.0,0.0,370.1044724319434,592.0598556695754
117.30000000000001,1.9826205798547212,2.0,24.705882352941178,50.7143527711994,50.0,0.0,370.0400630702982,592.1134463418532
117.4,1.9824756192092434,2.0,24.705882352941178,50.69820727602331,50.0,0.0,369.97584540061933,592.1668695841162
117.5,1.9823306687377902,2.0,24.705882352941178,50.68204580667316,50.0,0.0,369.91181915564493,592.2201256428831
117.60000000000001,1.9821857284400188,2.0,24.705882352941178,50.66586838525728,50.0,0.0,369.8479840682898,592.2732147644307
117.7,1.9820407983155872,2.0,24.705882352941178,50.649675033870096,50.0,0.0,369.7843398716466,592.3261371947945
117.80000000000001,1.9818958783641534,2.0,24.705882352941178,50.63346577459197,50.0,0.0,369.72088629898604,592.378893179767
117.9,1.9817509685853756,2.0,24.705882352941178,50.61724062948912,50.0,0.0,369.65762308375787,592.4314829648991
118.0,1.981606068978911,2.0,24.705882352941178,50.60099962061361,50.0,0.0,369.59454995959163,592.483906795498
118.10000000000001,1.9814611795444175,2.0,24.705882352941178,50.58474277000329,50.0,0.0,369.5316666602972,592.5361649166283
118.2,1.9813163002815528,2.0,24.705882352941178,50.56847009968163,50.0,0.0,369.46897291986534,592.5882575731107
118.30000000000001,1.981171431189975,2.0,24.705882352941178,50.5521816316579,50.0,0.0,369.4064684724686,592.6401850095224
118.4,1.9810265722693419,2.0,24.705882352941178,50.53587738792686,50.0,0.0,369.34415305246193,592.6919474701966
118.5,1.9808817235193108,2.0,24.705882352941178,50.51955739046872,50.0,0.0,369.2820263943833,592.7435451992222
118.60000000000001,1.9807368849395395,2.0,24.705882352941178,50.50322166124937,50.0,0.0,369.2200882329543,592.7949784404432
118.7,1.9805920565296864,2.0,24.705882352941178,50.48687022221998,50.0,0.0,369.15833830308105,592.8462474374585
118.80000000000001,1.980447238289408,2.0,24.705882352941178,50.470503095317156,50.0,0.0,369.0967763398544,592.8973524336222
118.9,1.980302430218363,2.0,24.705882352941178,50.454120302462854,50.0,0.0,369.03540207855104,592.9482936720432
119.0,1.980157632316209,2.0,24.705882352941178,50.43772186556413,50.0,0.0,368.9742152546339,592.9990713955837
119.10000000000001,1.9800128445826028,2.0,24.705882352941178,50.42130780651337,50.0,0.0,368.9132156037528,593.0496858468603
119.2,1.979868067017203,2.0,24.705882352941178,50.40487814718807,50.0,0.0,368.85240286174513,593.1001372682433
119.30000000000001,1.979723299619667,2.0,24.705882352941178,50.38843290945084,50.0,0.0,368.7917767646365,593.1504259018566
119.4,1.9795785423896524,2.0,24.705882352941178,50.37197211514933,50.0,0.0,368.7313370486413,593.2005519895768
119.5,1.9794337953268166,2.0,24.705882352941178,50.35549578611602,50.0,0.0,368.6710834501634,593.2505157730337
119.60000000000001,1.9792890584308174,2.0,24.705882352941178,50.33900394416861,50.0,0.0,368.6110157057966,593.3003174936097
119.7,1.979144331701312,2.0,24.705882352941178,50.32249661110944,50.0,0.0,368.55113355232555,593.3499573924393
119.80000000000001,1.9789996151379585,2.0,24.705882352941178,50.30597380872575,50.0,0.0,368.491436726726,593.3994357104093
119.9,1.9788549087404141,2.0,24.705882352941178,50.289435558789535,50.0,0.0,368.4319249661657,593.4487526881585
120.0,1.9787102125083365,2.0,24.705882352941178,50.27288188305755,50.0,0.0,368.37259800800473,593.4979085660772
120.10000000000001,1.978565526441383,2.0,24.705882352941178,50.25631280327116,50.0,0.0,368.31345558979643,593.5469035843071
120.2,1.9784208505392118,2.0,24.705882352941178,50.23972834115648,50.0,0.0,368.25449744928767,593.595737982741
120.30000000000001,1.9782761848014796,2.0,24.705882352941178,50.223128518424005,50.0,0.0,368.1957233244197,593.6444120010226
120.4,1.978131529227844,2.0,24.705882352941178,50.20651335676888,50.0,0.0,368.13713295332855,593.6929258785465
120.5,1.9779868838179626,2.0,24.705882352941178,50.18988287787056,50.0,0.0,368.07872607434564,593.7412798544576
120.60000000000001,1.9778422485714928,2.0,24.705882352941178,50.173237103393205,50.0,0.0,368.0205024259984,593.789474167651
120.7,1.9776976234880925,2.0,24.705882352941178,50.15657605498501,50.0,0.0,367.9624617470108,593.8375090567716
120.80000000000001,1.9775530085674187,2.0,24.705882352941178,50.1398997542787,50.0,0.0,367.9046037763041,593.8853847602146
120.9,1.9774084038091289,2.0,24.705882352941178,50.12320822289121,50.0,0.0,367.8469282529971,593.9331015161245
121.0,1.9772638092128807,2.0,24.705882352941178,50.10650148242371,50.0,0.0,367.7894349164069,593.9806595623949
121.10000000000001,1.9771192247783314,2.0,24.705882352941178,50.08977955446136,50.0,0.0,367.7321235060495,594.0280591366691
121.2,1.9769746505051378,2.0,24.705882352941178,50.07304246057379,50.0,0.0,367.67499376164017,594.075300476339
121.30000000000001,1.9768300863929578,2.0,24.705882352941178,50.05629022231449,50.0,0.0,367.61804542309426,594.1223838185451
121.4,1.9766855324414487,2.0,24.705882352941178,50.03952286122092,50.0,0.0,367.56127823052736,594.169309400177
121.5,1.9765409886502683,2.0,24.705882352941178,50.02274039881473,50.0,0.0,367.5046919242562,594.2160774578723
121.60000000000001,1.9763964550190734,2.0,24.705882352941178,50.00594285660128,50.0,0.0,367.4482862447991,594.2626882280167
121.7,1.976251931547521,2.0,24.705882352941178,49.98913025606993,50.0,0.0,367.39206093287635,594.3091419467441
121.80000000000001,1.976107418235269,2.0,24.705882352941178,49.97236111366533,50.0,0.12188752177489505,367.33601552745944,594.3554390219869
121.9,1.9759629150819744,2.0,24.705882352941178,49.955642934145544,50.0,0.2592704111183343,367.2801492404341,594.4015801402463
122.0,1.975818422087294,2.0,24.705882352941178,49.938976551062524,50.0,0.3982367694095206,367.224461245362,594.4475660205783
122.10000000000001,1.975673939250886,2.0,24.705882352941178,49.922362798607196,50.0,0.5387870550726507,367.16895071215373,594.4933973850532
122.2,1.9755294665724072,2.0,24.705882352941178,49.90580250515126,50.0,0.6809082776270248,367.11361680711536,594.5390749587172
122.30000000000001,1.9753850040515146,2.0,24.705882352941178,49.88929649321983,50.0,0.8245874066576062,367.0584586930271,594.5845994695252
122.4,1.9752405516878657,2.0,24.705882352941178,49.872845579459295,50.0,0.9698113598736109,367.00347552922136,594.6299716482761
122.5,1.9750961094811177,2.0,24.705882352941178,49.85645057460442,50.0,1.1165670040810074,366.9486664716605,594.6751922285463
122.60000000000001,1.9749516774309277,2.0,24.705882352941178,49.84011228344667,50.0,1.264841156156117,366.89403067301333,594.7202619466251
122.7,1.9748072555369531,2.0,24.705882352941178,49.82383150480314,50.0,1.414620584010288,366.8395672827321,594.7651815414504
122.80000000000001,1.9746628437988507,2.0,24.705882352941178,49.807609031485754,50.0,1.5658920075537457,366.78527544712745,594.8099517545445
122.9,1.9745184422162783,2.0,24.705882352941178,49.79144565027087,50.0,1.7186420996622314,366.73115430944375,594.8545733299514
123.0,1.974374050788892,2.0,24.705882352941178,49.77534214186977,50.0,1.8728574871437649,366.6772030099335,594.8990470141736
123.10000000000001,1.97422966951635,2.0,24.705882352941178,49.7592992808992,50.0,2.0285247517006497,366.6234206859313,594.9433735561092
123.2,1.9740852983983084,2.0,24.705882352941178,49.743317835852906,50.0,2.18563043089626,366.56980647192677,594.9875537069915
123.30000000000001,1.9739409374344252,2.0,24.705882352941178,49.727398569073046,50.0,2.3441610191157,366.5163594996372,595.0315882203264
123.4,1.9737965866243568,2.0,24.705882352941178,49.71154223672295,50.0,2.5041029685329543,366.4630788980795,595.0754778518324
123.5,1.9736522459677603,2.0,24.705882352941178,49.6957495887595,50.0,2.6654426900674504,366.4099637936416,595.1192233593798
123.60000000000001,1.9735079154642936,2.0,24.705882352941178,49.68002136890664,50.0,2.828166554350628,366.35701331015304,595.1628255029324
123.7,1.973363595113613,2.0,24.705882352941178,49.66435831462928,50.0,2.9922608926835346,366.30422656895485,595.2062850444864
123.80000000000001,1.9732192849153758,2.0,24.705882352941178,49.6487611571074,50.0,3.157711997995841,366.25160268896946,595.2496027480134
123.9,1.9730749848692386,2.0,24.705882352941178,49.633230621211055,50.0,3.3245061258070585,366.19914078676925,595.2927793794012
124.0,1.9729306949748588,2.0,24.705882352941178,49.61776742547562,50.0,3.492629495181429,366.1468399766445,595.3358157063968
124.10000000000001,1.972786415231893,2.0,24.705882352941178,49.602372282077624,50.0,3.662068289686017,366.09469937067155,595.3787124985494
124.2,1.9726421456399987,2.0,24.705882352941178,49.58704589681116,50.0,3.8328086583457868,366.04271807877933,595.421470527153
124.30000000000001,1.9724978861988325,2.0,24.705882352941178,49.57178896906464,50.0,4.004836716597079,365.99089520881597,595.4640905651914
124.4,1.9723536369080512,2.0,24.705882352941178,49.55660219179845,50.0,4.178138547241601,365.93922986661437,595.5065733872824
124.5,1.9722093977673123,2.0,24.705882352941178,49.54148625152226,50.0,4.352700201394692,365.88772115605747,595.5489197696221
124.60000000000001,1.9720651687762725,2.0,24.705882352941178,49.526441828273846,50.0,4.528507699441523,365.8363681791425,595.5911304899313
124.7,1.9719209499345884,2.0,24.705882352941178,49.51146959559776,50.0,4.7055470319804025,365.78517003604526,595.633206327401
124.80000000000001,1.971776741241917,2.0,24.705882352941178,49.4965702205248,50.0,4.883804160772714,365.7341258251831,595.6751480626394
124.9,1.9716325426979153,2.0,24.705882352941178,49.481744363551854,50.0,5.063265019687138,365.68323464327796,595.7169564776185
125.0,1.9714883543022406,2.0,24.705882352941178,49.46699267862215,50.0,5.2439155156444786,365.6324955854179,595.7586323556216
125.10000000000001,1.9713441760545487,2.0,24.705882352941178,49.452315813106225,50.0,5.425741529560987,365.58190774511934,595.8001764811913
125.2,1.9712000079544971,2.0,24.705882352941178,49.43771440778323,50.0,5.608728917288063,365.5314702143871,595.8415896400791
125.30000000000001,1.9710558500017425,2.0,24.705882352941178,49.423189096822966,50.0,5.792863510552147,365.48118208377537,595.8828726191928
125.4,1.970911702195942,2.0,24.705882352941178,49.40874050776796,50.0,5.9781311178900705,365.431042442447,595.9240262065474
125.5,1.9707675645367522,2.0,24.705882352941178,49.3943692615166,50.0,6.164517525587455,365.38105037823277,595.9650511912147
125.60000000000001,1.9706234370238294,2.0,24.705882352941178,49.38007597230637,50.0,6.352008498609026,365.33120497768994,596.0059483632734
125.7,1.970479319656831,2.0,24.705882352941178,49.36586124769741,50.0,6.54058978153184,365.28150532615985,596.046718513761
125.80000000000001,1.9703352124354139,2.0,24.705882352941178,49.35172568855751,50.0,6.730247099477313,365.23195050782573,596.0873624346243
125.9,1.970191115359234,2.0,24.705882352941178,49.33766988904625,50.0,6.920966159031507,365.18253960576897,596.1278809186729
126.0,1.9700470284279488,2.0,24.705882352941178,49.323694436600704,50.0,7.112732649178698,365.1332717020256,596.1682747595299
126.10000000000001,1.9699029516412148,2.0,24.705882352941178,49.30979991192129,50.0,7.305532242219602,365.0841458776418,596.2085447515865
126.2,1.969758884998689,2.0,24.705882352941178,49.29598688895794,50.0,7.499350594692098,365.0351612127288,596.2486916899544
126.30000000000001,1.9696148285000272,2.0,24.705882352941178,49.28225593489668,50.0,7.694173348291791,364.9863167865174,596.2887163704203
126.4,1.9694707821448865,2.0,24.705882352941178,49.26860761014717,50.0,7.889986130790085,364.9376116774121,596.3286195894
126.5,1.9693267459329238,2.0,24.705882352941178,49.25504246833066,50.0,8.086774556945013,364.88904496304394,596.3684021438937
126.60000000000001,1.969182719863796,2.0,24.705882352941178,49.241561056267756,50.0,8.284524229411453,364.84061572032346,596.4080648314412
126.7,1.9690387039371589,2.0,24.705882352941178,49.22816391396725,50.0,8.48322073965531,364.792323025493,596.4476084500772
126.80000000000001,1.9688946981526698,2.0,24.705882352941178,49.214851574615636,50.0,8.682849668858488,364.7441659541782,596.4870337982885
126.9,1.968750702509985,2.0,24.705882352941178,49.2016245645666,50.0,8.883396588819744,364.69614358143906,596.5263416749704
127.0,1.9686067170087609,2.0,24.705882352941178,49.18848340333102,50.0,9.084847062858884,364.6482549818207,596.5655328793835
127.10000000000001,1.9684627416486546,2.0,24.705882352941178,49.175428603567696,50.0,9.287186646716895,364.6004992294031,596.604608211112
127.2,1.9683187764293222,2.0,24.705882352941178,49.16246067107471,50.0,9.490400889450854,364.5528753978506,596.6435684700219
127.30000000000001,1.9681748213504209,2.0,24.705882352941178,49.14958010478085,50.0,9.694475334325078,364.50538256046093,596.6824144562187
127.4,1.9680308764116066,2.0,24.705882352941178,49.136787396737475,50.0,9.899395519703997,364.4580197902135,596.721146970007
127.5,1.9678869416125364,2.0,24.705882352941178,49.12408303211129,50.0,10.10514697994156,364.41078615981723,596.7597668118501
127.60000000000001,1.967743016952866,2.0,24.705882352941178,49.111467489177244,50.0,10.311715246263333,364.363680741758,596.7982747823303
127.7,1.9675991024322526,2.0,24.705882352941178,49.0989412393119,50.0,10.519085847650116,364.3167026083453,596.8366716821079
127.80000000000001,1.9674551980503527,2.0,24.705882352941178,49.086504746987714,50.0,10.727244311718058,364.2698508317586,596.874958311883
127.9,1.9673113038068226,2.0,24.705882352941178,49.07415846976704,50.0,10.936176165590684,364.2231244840932,596.9131354723565
128.0,1.9671674197013185,2.0,24.705882352941178,49.06190285829729,50.0,11.14586693677699,364.17652263740524,596.9512039641921
128.1,1.967023545733497,2.0,24.705882352941178,49.04973835630602,50.0,11.356302154037518,364.1300443637568,596.9891645879776
128.20000000000002,1.966879681903015,2.0,24.705882352941178,49.037665400596836,50.0,11.567467348253935,364.08368873525984,597.0270181441878
128.3,1.9667358282095282,2.0,24.705882352941178,49.02568442104564,50.0,11.779348053291647,364.0374548241203,597.0647654331476
128.4,1.9665919846526931,2.0,24.705882352941178,49.013795840597254,50.0,11.991929806859767,363.991341702681,597.1024072549945
128.5,1.9664481512321665,2.0,24.705882352941178,49.002000075262686,50.0,12.205198151369554,363.9453484434646,597.1399444096436
128.6,1.9663043279476042,2.0,24.705882352941178,48.99029753411645,50.0,12.419138634786947,363.89947411921594,597.1773776967503
128.70000000000002,1.966160514798663,2.0,24.705882352941178,48.978688619295156,50.0,12.633736811486186,363.8537178029439,597.2147079156763
128.8,1.9660167117849991,2.0,24.705882352941178,48.96717372599551,50.0,12.848978243091247,363.8080785679626,597.2519358654529
128.9,1.9658729189062696,2.0,24.705882352941178,48.95575324247346,50.0,13.064848499325672,363.7625554879321,597.2890623447475
129.0,1.9657291361621294,2.0,24.705882352941178,48.944427550043486,50.0,13.281333158850009,363.7171476368992,597.326088151829
129.1,1.965585363552236,2.0,24.705882352941178,48.93319702307872,50.0,13.498417810100477,363.6718540893372,597.3630140845339
129.20000000000002,1.9654416010762454,2.0,24.705882352941178,48.92206202901082,50.0,13.716088052118739,363.6266739201852,597.3998409402325
129.3,1.9652978487338133,2.0,24.705882352941178,48.91102292833102,50.0,13.934329495386928,363.5816062048874,597.4365695157961
129.4,1.9651541065245968,2.0,24.705882352941178,48.900080074591074,50.0,14.153127762649355,363.5366500194315,597.4732006075642
129.5,1.9650103744482517,2.0,24.705882352941178,48.889233814405145,50.0,14.372468489738317,363.4918044403869,597.5097350113117
129.6,1.9648666525044343,2.0,24.705882352941178,48.87848448745132,50.0,14.59233732638909,363.4470685449424,597.5461735222178
129.70000000000002,1.9647229406928008,2.0,24.705882352941178,48.86783242647465,50.0,14.812719937061356,363.40244141094337,597.582516934833
129.8,1.9645792390130075,2.0,24.705882352941178,48.85727795728968,50.0,15.033602001743418,363.3579221169285,597.618766043049
129.9,1.9644355474647104,2.0,24.705882352941178,48.84682139878362,50.0,15.254969216764994,363.3135097421664,597.6549216400672
130.0,1.9642918660475661,2.0,24.705882352941178,48.83646306292053,50.0,15.476807295601667,363.2692033666916,597.690984518368
130.1,1.9641481947612305,2.0,24.705882352941178,48.82620325474534,50.0,15.69910196966996,363.2250020713399,597.7269554696811
130.20000000000002,1.9640045336053598,2.0,24.705882352941178,48.816042272388245,50.0,15.921838989126263,363.1809049377833,597.7628352849549
130.3,1.9638608825796104,2.0,24.705882352941178,48.80598040706968,50.0,16.145004123660215,363.13691104856525,597.7986247543276
130.4,1.9637172416836381,2.0,24.705882352941178,48.79601794310605,50.0,16.368583163283287,363.09301948713477,597.8343246670978
130.5,1.963573610917099,2.0,24.705882352941178,48.78615515791529,50.0,16.592561919109755,363.04922933788015,597.8699358116952
130.6,1.9634299902796495,2.0,24.705882352941178,48.77639232202324,50.0,16.81692622414028,363.00553968616276,597.9054589756527
130.70000000000002,1.9632863797709454,2.0,24.705882352941178,48.766729699070424,50.0,17.04166193403644,362.96194961834993,597.9408949455778
130.8,1.963142779390643,2.0,24.705882352941178,48.75716754581873,50.0,17.266754927892062,362.91845822184797,597.9762445071246
130.9,1.9629991891383982,2.0,24.705882352941178,48.74770611215928,50.0,17.492191109005113,362.8750645851343,598.0115084449669
131.0,1.9628556090138671,2.0,24.705882352941178,48.73834564112002,50.0,17.717956405637146,362.83176779778955,598.0466875427697
131.1,1.9627120390167059,2.0,24.705882352941178,48.72908636887422,50.0,17.944036771776418,362.78856695052923,598.0817825831642
131.20000000000002,1.9625684791465703,2.0,24.705882352941178,48.71992852474915,50.0,18.170418187890988,362.74546113523473,598.116794347719
131.3,1.9624249294031166,2.0,24.705882352941178,48.71087233123484,50.0,18.3970866616802,362.7024494449846,598.151723616915
131.4,1.9622813897860005,2.0,24.705882352941178,48.70191800399385,50.0,18.62402822882499,362.65953097408465,598.1865711701196
131.5,1.9621378602948785,2.0,24.705882352941178,48.693065751871075,50.0,18.85122895372696,362.6167048180983,598.2213377855599
131.6,1.9619943409294065,2.0,24.705882352941178,48.68431577690387,50.0,19.078674930248248,362.5739700738765,598.2560242402982
131.70000000000002,1.96185083168924,2.0,24.705882352941178,48.67566827433291,50.0,19.30635228244624,362.53132583958694,598.2906313102067
131.8,1.9617073325740355,2.0,24.705882352941178,48.66712343261304,50.0,19.53424716530155,362.4887712147435,598.3251597699422
131.9,1.9615638435834482,2.0,24.705882352941178,48.65868143342476,50.0,19.76234576544473,362.44630530023494,598.3596103929217
132.0,1.9614203647171347,2.0,24.705882352941178,48.650342451685844,50.0,19.990634301876806,362.403927198353,598.3939839512988
132.1,1.9612768959747506,2.0,24.705882352941178,48.64210665556379,50.0,20.21909902668711,362.36163601282107,598.4282812159386
132.20000000000002,1.9611334373559515,2.0,24.705882352941178,48.63397420648812,50.0,20.447726225762132,362.3194308488217,598.4625029563944
132.3,1.9609899888603939,2.0,24.705882352941178,48.625945259163416,50.0,20.676502219496196,362.2773108130241,598.4966499408845
132.4,1.9608465504877335,2.0,24.705882352941178,48.618019961582604,50.0,20.905413363492272,362.23527501361133,598.5307229362688
132.5,1.960703122237626,2.0,24.705882352941178,48.61019845504052,50.0,21.134446049261072,362.19332256030714,598.5647227080257
132.6,1.9605597041097274,2.0,24.705882352941178,48.602480874148,50.0,21.36358670491545,362.15145256440275,598.5986500202293
132.70000000000002,1.9604162961036933,2.0,24.705882352941178,48.594867346846286,50.0,21.592821795858697,362.1096641387827,598.6325056355274
132.8,1.9602728982191795,2.0,24.705882352941178,48.58735799442172,50.0,21.822137825469248,362.06795639795115,598.6662903151189
132.9,1.960129510455842,2.0,24.705882352941178,48.57995293152078,50.0,22.051521335780848,362.02632845805744,598.7000048187323
133.0,1.9599861328133366,2.0,24.705882352941178,48.57265226616573,50.0,22.28095890815866,361.9847794369213,598.7336499046032
133.1,1.959842765291319,2.0,24.705882352941178,48.56545609977019,50.0,22.510437163967353,361.9433084540582,598.7672263294536
133.20000000000002,1.959699407889445,2.0,24.705882352941178,48.55836452715545,50.0,22.739942765240286,361.9019146307039,598.8007348484705
133.3,1.95955606060737,2.0,24.705882352941178,48.55137763656717,50.0,22.969462415337944,361.86059708983936,598.8341762152845
133.4,1.9594127234447503,2.0,24.705882352941178,48.544495509691785,50.0,23.198982859603205,361.8193549562145,598.8675511819498
133.5,1.9592693964012418,2.0,24.705882352941178,48.53771822167403,50.0,23.42849088601745,361.7781873563725,598.9008604989225
133.6,1.959126079476499,2.0,24.705882352941178,48.53104584113436,50.0,23.65797332584339,361.7370934186737,598.9341049150415
133.70000000000002,1.958982772670179,2.0,24.705882352941178,48.524478430187,50.0,23.88741705426844,361.6960722733186,598.9672851775078
133.8,1.9588394759819363,2.0,24.705882352941178,48.51801604445791,50.0,24.11680899104021,361.6551230523713,599.0004020318647
133.9,1.9586961894114274,2.0,24.705882352941178,48.5116587331035,50.0,24.346136101101493,361.6142448897828,599.0334562219778
134.0,1.9585529129583075,2.0,24.705882352941178,48.50540653882945,50.0,24.57538539521495,361.5734369214131,599.0664484900158
134.1,1.9584096466222323,2.0,24.705882352941178,48.49925949790986,50.0,24.80454393058715,361.53269828505404,599.0993795764316
134.20000000000002,1.9582663904028574,2.0,24.705882352941178,48.493217640207035,50.0,25.033598811485717,361.4920281204515,599.1322502199429
134.3,1.9581231442998386,2.0,24.705882352941178,48.48728098919105,50.0,25.262537189849958,361.4514255693274,599.165061157513
134.4,1.9579799083128315,2.0,24.705882352941178,48.48144956196006,50.0,25.491346265901242,361.41088977540136,599.1978131243327
134.5,1.9578366824414917,2.0,24.705882352941178,48.47572336926066,50.0,25.720013288743935,361.3704198844124,599.2305068538013
134.6,1.9576934666854744,2.0,24.705882352941178,48.470102415509075,50.0,25.94852555696467,361.33001504414005,599.2631430775091
134.70000000000002,1.9575502610444355,2.0,24.705882352941178,48.46458669881184,50.0,26.176870419220663,361.2896744044257,599.2957225252183
134.8,1.9574070655180305,2.0,24.705882352941178,48.45917621098732,50.0,26.40503527483239,361.2493971171932,599.3282459248458
134.9,1.9572638801059152,2.0,24.705882352941178,48.453870937587624,50.0,26.633007574364647,361.2091823364697,599.3607140024454
135.0,1.9571207048077446,2.0,24.705882352941178,48.448670857920604,50.0,26.86077482020208,361.1690292184062,599.39312748219
135.1,1.9569775396231746,2.0,24.705882352941178,48.443575945072155,50.0,27.088324567122413,361.1289369212975,599.4254870863542
135.20000000000002,1.9568343845518603,2.0,24.705882352941178,48.438586165928825,50.0,27.315644422864203,361.0889046056025,599.4577935352972
135.3,1.9566912395934573,2.0,24.705882352941178,48.43370148120067,50.0,27.542722048689143,361.0489314339641,599.4900475474458
135.4,1.9565481047476214,2.0,24.705882352941178,48.428921845444734,50.0,27.769545159939938,361.0090165712287,599.5222498392772
135.5,1.9564049800140075,2.0,24.705882352941178,48.4242472070884,50.0,27.99610152658964,360.96915918446547,599.5544011253027
135.6,1.9562618653922714,2.0,24.705882352941178,48.41967750845322,50.0,28.222378973790505,360.9293584429863,599.586502118051
135.70000000000002,1.9561187608820687,2.0,24.705882352941178,48.41521268577907,50.0,28.448365382415247,360.8896135183642,599.6185535280517
135.8,1.9559756664830545,2.0,24.705882352941178,48.41085266924841,50.0,28.674048689592915,360.8499235844525,599.6505560638192
135.9,1.9558325821948839,2.0,24.705882352941178,48.40659738301116,50.0,28.899416889241344,360.8102878174038,599.6825104318361
136.0,1.955689508017213,2.0,24.705882352941178,48.40244674520932,50.0,29.124458032591228,360.77070539568825,599.714417336538
136.1,1.9555464439496968,2.0,24.705882352941178,48.39840066800258,50.0,29.34916022871003,360.7311755001121,599.7462774802972
136.20000000000002,1.9554033899919905,2.0,24.705882352941178,48.394459057593394,50.0,29.57351164501341,360.69169731383573,599.7780915634069
136.3,1.9552603461437494,2.0,24.705882352941178,48.39062181425305,50.0,29.797500507780583,360.652270022392,599.8098602840663
136.4,1.9551173124046293,2.0,24.705882352941178,48.38688883234761,50.0,30.021115102655273,360.612892813704,599.8415843383643
136.5,1.9549742887742854,2.0,24.705882352941178,48.38326000036409,50.0,30.244343775147307,360.5735648781028,599.8732644202654
136.6,1.954831275252373,2.0,24.705882352941178,48.379735200937034,50.0,30.467174931127925,360.5342854083453,599.9049012215931
136.70000000000002,1.954688271838547,2.0,24.705882352941178,48.37631431087539,50.0,30.68959703731899,360.4950535996314,599.9364954320165
136.8,1.9545452785324628,2.0,24.705882352941178,48.37299720118966,50.0,30.91159862177631,360.45586864962115,599.9680477390339
136.9,1.9544022953337756,2.0,24.705882352941178,48.369783737118894,50.0,31.1331682743675,360.4167297584524,599.9995588279592
137.0,1.954259322242141,2.0,24.705882352941178,48.36667377815854,50.0,31.354294647249464,360.37763612875756,600.0310293819068
137.1,1.9541163592572137,2.0,24.705882352941178,48.36366717808818,50.0,31.57496645533242,360.3385869656805,600.0624600817771
137.20000000000002,1.9539734063786496,2.0,24.705882352941178,48.36076378499956,50.0,31.795172476744774,360.29958147689325,600.093851606242
137.3,1.9538304636061035,2.0,24.705882352941178,48.3579634413249,50.0,32.01490155329026,360.26061887261267,600.125204631731
137.4,1.953687530939231,2.0,24.705882352941178,48.355265983865536,50.0,32.23414259090068,360.2216983656169,600.1565198324163
137.5,1.9535446083776866,2.0,24.705882352941178,48.35267124382034,50.0,32.45288456008112,360.1828191712617,600.1877978801997
137.6,1.953401695921126,2.0,24.705882352941178,48.350179046815185,50.0,32.671116496355914,360.14398050749685,600.2190394446981
137.70000000000002,1.953258793569204,2.0,24.705882352941178,48.3477892129319,50.0,32.888827500699236,360.105181594882,600.2502451932294
137.8,1.9531159013215764,2.0,24.705882352941178,48.34550155673787,50.0,33.106006739969956,360.0664216566029,600.2814157907994
137.9,1.9529730191778976,2.0,24.705882352941178,48.343315887315555,50.0,33.32264344733511,360.02769991848726,600.3125519000876
138.0,1.952830147137823,2.0,24.705882352941178,48.341232008292764,50.0,33.53872692269236,359.98901560902016,600.343654181434
138.1,1.9526872852010078,2.0,24.705882352941178,48.33924971787229,50.0,33.75424653308052,359.95036795936005,600.3747232928255
138.20000000000002,1.9525444333671063,2.0,24.705882352941178,48.33736880886255,50.0,33.96919171309497,359.91175620335457,600.4057598898825
138.3,1.9524015916357744,2.0,24.705882352941178,48.3355890687082,50.0,34.18355196528795,359.8731795775551,600.436764625846
138.4,1.9522587600066672,2.0,24.705882352941178,48.33391027952092,50.0,34.397316860566946,359.8346373212332,600.4677381515635
138.5,1.9521159384794395,2.0,24.705882352941178,48.33233221811025,50.0,34.61047603858855,359.7961286763948,600.4986811154773
138.6,1.9519731270537464,2.0,24.705882352941178,48.33085465601482,50.0,34.82301920814745,359.7576528877961,600.5295941636105
138.70000000000002,1.9518303257292426,2.0,24.705882352941178,48.32947735953377,50.0,35.03493614755864,359.71920920295827,600.560477939554
138.8,1.9516875345055835,2.0,24.705882352941178,48.32820008975841,50.0,35.24621670503426,359.6807968721823,600.5913330844546
138.9,1.951544753382424,2.0,24.705882352941178,48.327022602604075,50.0,35.45685079905472,359.6424151485642,600.6221602370014
139.0,1.9514019823594189,2.0,24.705882352941178,48.325944648841926,50.0,35.66682841873488,359.6040632880096,600.6529600334131
139.1,1.9512592214362237,2.0,24.705882352941178,48.3249659741312,50.0,35.87613962418666,359.56574054924823,600.6837331074263
139.20000000000002,1.9511164706124928,2.0,24.705882352941178,48.32408631905167,50.0,36.08477454687386,359.52744619384873,600.7144800902821
139.3,1.950973729887881,2.0,24.705882352941178,48.323305419136034,50.0,36.29272338996151,359.4891794862331,600.745201610714
139.4,1.9508309992620438,2.0,24.705882352941178,48.32262300490305,50.0,36.49997642866252,359.45093969369117,600.7758982949356
139.5,1.9506882787346358,2.0,24.705882352941178,48.3220388018899,50.0,36.70652401057271,359.41272608639485,600.806570766628
139.6,1.9505455683053121,2.0,24.705882352941178,48.321552530685835,50.0,36.91235655601142,359.3745379374124,600.8372196469281
139.70000000000002,1.9504028679737273,2.0,24.705882352941178,48.32116390696518,50.0,37.1174645583435,359.3363745227228,600.8678455544157
139.8,1.9502601777395363,2.0,24.705882352941178,48.32087264152074,50.0,37.32183858430607,359.2982351212296,600.8984491051025
139.9,1.950117497602394,2.0,24.705882352941178,48.320678440297684,50.0,37.52546927432674,359.26011901477517,600.9290309124189
140.0,1.9499748275619553,2.0,24.705882352941178,48.32058100442703,50.0,37.72834734283265,359.22202548815466,600.9595915872026
140.1,1.9498321676178747,2.0,24.705882352941178,48.32058003025986,50.0,37.93046357856188,359.18395382912973,600.9901317376869
140.20000000000002,1.9496895177698077,2.0,24.705882352941178,48.32067520940137,50.0,38.13180884486103,359.1459033284425,601.0206519694884
140.3,1.9495468780174088,2.0,24.705882352941178,48.32086622874516,50.0,38.33237407998343,359.10787327982933,601.0511528855958
140.4,1.9494042483603329,2.0,24.705882352941178,48.32115277050764,50.0,38.53215029737915,359.06986298003466,601.0816350863576
140.5,1.949261628798234,2.0,24.705882352941178,48.321534512262645,50.0,38.73112858598104,359.0318717288243,601.1120991694706
140.6,1.949119019330768,2.0,24.705882352941178,48.32201112697618,50.0,38.929300110484405,358.99389882899936,601.1425457299689
140.70000000000002,1.948976419957589,2.0,24.705882352941178,48.32258228304147,50.0,39.126656111621934,358.9559435864096,601.172975360211
140.8,1.948833830678352,2.0,24.705882352941178,48.32324764431377,50.0,39.323187906431116,358.9180053099669,601.2033886498699
140.9,1.9486912514927113,2.0,24.705882352941178,48.324006870145695,50.0,39.51888688852107,358.8800833116588,601.2337861859206
141.0,1.948548682400322,2.0,24.705882352941178,48.32485961542238,50.0,39.7137445283289,358.8421769065617,601.2641685526291
141.1,1.9484061234008387,2.0,24.705882352941178,48.325805530597336,50.0,39.90775237337519,358.80428541285426,601.294536331541
141.20000000000002,1.9482635744939156,2.0,24.705882352941178,48.32684426172773,50.0,40.10090204850736,358.7664081518305,601.3248901014703
141.3,1.9481210356792082,2.0,24.705882352941178,48.327975450510166,50.0,40.293185256146,358.7285444479131,601.355230438488
141.4,1.9479785069563709,2.0,24.705882352941178,48.32919873431666,50.0,40.484593776521194,358.6906936286667,601.3855579159108
141.5,1.947835988325058,2.0,24.705882352941178,48.33051374623062,50.0,40.675119467903116,358.6528550248105,601.4158731042905
141.6,1.9476934797849246,2.0,24.705882352941178,48.33192011508288,50.0,40.86475426682884,358.6150279702318,601.4461765714027
141.70000000000002,1.9475509813356249,2.0,24.705882352941178,48.33341746548791,50.0,41.053490188324226,358.5772118019989,601.4764688822349
141.8,1.9474084929768136,2.0,24.705882352941178,48.33500541788061,50.0,41.24131932611988,358.5394058603738,601.5067505989771
141.9,1.9472660147081455,2.0,24.705882352941178,48.33668358855215,50.0,41.428233852857296,358.5016094888254,601.5370222810094
142.0,1.947123546529275,2.0,24.705882352941178,48.33845158968694,50.0,41.61422602030105,358.4638220340421,601.567284484892
142.1,1.9469810884398566,2.0,24.705882352941178,48.340309029399464,50.0,41.79928815953377,358.4260428459447,601.5975377643537
142.20000000000002,1.9468386404395452,2.0,24.705882352941178,48.342255511770816,50.0,41.983412681150185,358.3882712776993,601.6277826702815
142.3,1.9466962025279952,2.0,24.705882352941178,48.34429063688583,50.0,42.166592075449216,358.3505066857299,601.65801975071
142.4,1.9465537747048611,2.0,24.705882352941178,48.3464140008698,50.0,42.34881891261547,358.31274842973096,601.6882495508099
142.5,1.946411356969797,2.0,24.705882352941178,48.34862519592622,50.0,42.53008584290143,358.2749958726803,601.7184726128781
142.6,1.9462689493224576,2.0,24.705882352941178,48.3509238103735,50.0,42.71038559679404,358.2372483808516,601.7486894763266
142.70000000000002,1.9461265517624977,2.0,24.705882352941178,48.35330942868234,50.0,42.889710985189225,358.1995053238269,601.7789006776719
142.8,1.9459841642895717,2.0,24.705882352941178,48.35578163151325,50.0,43.06805489955356,358.16176607450893,601.8091067505247
142.9,1.9458417869033333,2.0,24.705882352941178,48.35833999575442,50.0,43.24541031208048,358.1240300091341,601.8393082255792
143.0,1.9456994196034378,2.0,24.705882352941178,48.36098409455866,50.0,43.4217702758401,358.08629650728443,601.8695056306021
143.1,1.9455570623895395,2.0,24.705882352941178,48.36371349738158,50.0,43.597127924933005,358.04856495190035,601.8996994904235
143.20000000000002,1.9454147152612928,2.0,24.705882352941178,48.366527770019104,50.0,43.771476474626475,358.01083472929275,601.9298903269247
143.3,1.945272378218352,2.0,24.705882352941178,48.36942647464576,50.0,43.94480922149481,357.97310522915546,601.9600786590293
143.4,1.9451300512603713,2.0,24.705882352941178,48.37240916985195,50.0,44.11711954354577,357.93537584457755,601.9902650026921
143.5,1.9449877343870052,2.0,24.705882352941178,48.37547541068244,50.0,44.288400900355,357.89764597205544,602.0204498708894
143.6,1.9448454275979083,2.0,24.705882352941178,48.3786247486745,50.0,44.45864683318056,357.8599150115052,602.0506337736076
143.70000000000002,1.9447031308927347,2.0,24.705882352941178,48.38185673189565,50.0,44.62785096508004,357.8221823662749,602.0808172178341
143.8,1.9445608442711388,2.0,24.705882352941178,48.385170904982374,50.0,44.79600700102512,357.78444744315635,602.1110007075471
143.9,1.944418567732775,2.0,24.705882352941178,48.38856680917792,50.0,44.96310872800233,357.74670965239756,602.1411847437041
144.0,1.9442763012772974,2.0,24.705882352941178,48.39204398237115,50.0,45.129150015119,357.70896840771474,602.1713698242338
144.1,1.9441340449043603,2.0,24.705882352941178,48.39560195913464,50.0,45.29412481369322,357.67122312630397,602.2015564440244
144.20000000000002,1.9439917986136181,2.0,24.705882352941178,48.399240270763244,50.0,45.458027157348646,357.6334732288538,602.2317450949142
144.3,1.9438495624047252,2.0,24.705882352941178,48.402958445312606,50.0,45.62085116209797,357.5957181395567,602.2619362656817
144.4,1.9437073362773356,2.0,24.705882352941178,48.40675600763802,50.0,45.78259102642404,357.5579572861211,602.2921304420356
144.5,1.9435651202311037,2.0,24.705882352941178,48.410632479432536,50.0,45.94324103135204,357.5201900997834,602.3223281066047
144.6,1.9434229142656834,2.0,24.705882352941178,48.414587379266095,50.0,46.10279554052584,357.48241601531976,602.3525297389277
144.70000000000002,1.9432807183807295,2.0,24.705882352941178,48.41862022262421,50.0,46.26124900026734,357.4446344710577,602.3827358154443
144.8,1.9431385325758954,2.0,24.705882352941178,48.422730521946505,50.0,46.41859593963837,357.4068449088883,602.4129468094849
144.9,1.9429963568508364,2.0,24.705882352941178,48.4269177866658,50.0,46.57483097049811,357.36904677427736,602.4431631912605
145.0,1.9428541912052057,2.0,24.705882352941178,48.43118152324689,50.0,46.72994878754988,357.33123951627755,602.4733854278534
145.1,1.9427120356386576,2.0,24.705882352941178,48.43552123522534,50.0,46.88394416838789,357.29342258753985,602.5036139832074
145.20000000000002,1.9425698901508466,2.0,24.705882352941178,48.43993642324665,50.0,47.03681197353858,357.2555954443252,602.5338493181183
145.3,1.9424277547414266,2.0,24.705882352941178,48.44442658510502,50.0,47.18854714649275,357.21775754651594,602.5640918902242
145.4,1.9422856294100521,2.0,24.705882352941178,48.448991215782485,50.0,47.33914471373907,357.17990835762765,602.5943421539959
145.5,1.9421435141563768,2.0,24.705882352941178,48.45362980748786,50.0,47.48859978478727,357.1420473448203,602.6246005607271
145.6,1.9420014089800546,2.0,24.705882352941178,48.45834184969573,50.0,47.636907552189925,357.10417397890996,602.6548675585257
145.70000000000002,1.94185931388074,2.0,24.705882352941178,48.46312682918568,50.0,47.78406329155848,357.0662877343799,602.6851435923038
145.8,1.941717228858087,2.0,24.705882352941178,48.46798423008141,50.0,47.93006236157239,357.0283880893923,602.7154291037684
145.9,1.9415751539117494,2.0,24.705882352941178,48.472913533889596,50.0,48.07490020398523,356.99047452579924,602.7457245314124
146.0,1.9414330890413813,2.0,24.705882352941178,48.47791421953929,50.0,48.218572343628104,356.9525465291542,602.7760303105046
146.1,1.941291034246637,2.0,24.705882352941178,48.48298576342097,50.0,48.36107438840285,356.91460358872325,602.8063468730809
146.20000000000002,1.9411489895271707,2.0,24.705882352941178,48.48812763942567,50.0,48.50240202927488,356.8766451974961,602.8366746479354
146.3,1.941006954882636,2.0,24.705882352941178,48.49333931898411,50.0,48.642551040260166,356.8386708521973,602.8670140606109
146.4,1.9408649303126866,2.0,24.705882352941178,48.49862027110612,50.0,48.78151727840705,356.8006800532974,602.8973655333898
146.5,1.940722915816977,2.0,24.705882352941178,48.503969962419376,50.0,48.91929668377113,356.76267230502395,602.9277294852849
146.6,1.9405809113951604,2.0,24.705882352941178,48.50938785720905,50.0,49.05588527939226,356.7246471153724,602.9581063320308
146.70000000000002,1.9404389170468919,2.0,24.705882352941178,48.514873417456556,50.0,49.19127917125695,356.6866039961171,602.9884964860745
146.8,1.9402969327718247,2.0,24.705882352941178,48.520426102879185,50.0,49.32547454826644,356.6485424628223,603.0189003565669
146.9,1.9401549585696125,2.0,24.705882352941178,48.526045370968745,50.0,49.458467682189664,356.61046203485273,603.0493183493539
147.0,1.94001299443991,2.0,24.705882352941178,48.531730677031305,50.0,49.59025492762307,356.5723622353846,603.0797508669674
147.1,1.9398710403823705,2.0,24.705882352941178,48.537481474225956,50.0,49.72083272193284,356.53424259141633,603.1101983086165
147.20000000000002,1.9397290963966478,2.0,24.705882352941178,48.543297213604035,50.0,49.850197585204334,356.49610263377895,603.1406610701791
147.3,1.939587162482396,2.0,24.705882352941178,48.54917734414835,50.0,49.97834612018036,356.45794189714707,603.1711395441932
147.4,1.939445238639269,2.0,24.705882352941178,48.55510200962101,50.0,50.105275012195584,356.41975997621756,603.2016340721295
147.5,1.9393033248669207,2.0,24.705882352941178,48.56106695503445,50.0,50.23117637740307,356.3815565646149,603.2321449113524
147.6,1.9391614211650046,2.0,24.705882352941178,48.567071892613626,50.0,50.356048219609875,356.34333137527324,603.2626723027723
147.70000000000002,1.939019527533175,2.0,24.705882352941178,48.57311653118251,50.0,50.479880107531336,356.30508412312685,603.2932164855539
147.8,1.938877643971085,2.0,24.705882352941178,48.57920057860815,50.0,50.60266961325899,356.266814525127,603.3237776971014
147.9,1.9387357704783885,2.0,24.705882352941178,48.58532374181135,50.0,50.72441434670731,356.22852230024773,603.3543561730537
148.0,1.93859390705474,2.0,24.705882352941178,48.591485726779126,50.0,50.84511196050925,356.19020716949217,603.3849521472795
148.1,1.9384520536997922,2.0,24.705882352941178,48.59768623857707,50.0,50.964760150024404,356.1518688558983,603.415565851873
148.20000000000002,1.9383102104131997,2.0,24.705882352941178,48.60392498136207,50.0,51.08335665335128,356.1135070845446,603.4461975171488
148.3,1.9381683771946163,2.0,24.705882352941178,48.61020165839432,50.0,51.20089925133371,356.0751215825568,603.4768473716365
148.4,1.938026554043695,2.0,24.705882352941178,48.61651597204968,50.0,51.31738576757392,356.03671207911304,603.5075156420767
148.5,1.9378847409600901,2.0,24.705882352941178,48.622867623832576,50.0,51.43281406843879,355.9982783054503,603.5382025534158
148.6,1.9377429379434548,2.0,24.705882352941178,48.62925631438816,50.0,51.54718206306068,355.95981999487014,603.5689083288015
148.70000000000002,1.9376011449934432,2.0,24.705882352941178,48.63568174351468,50.0,51.660487703344074,355.9213368827444,603.5996331895778
148.8,1.9374593621097087,2.0,24.705882352941178,48.642143610176106,50.0,51.77272898396824,355.8828287065214,603.6303773552806
148.9,1.937317589291905,2.0,24.705882352941178,48.64864161251461,50.0,51.883903942385906,355.8442952057315,603.6611410436327
149.0,1.9371758265396861,2.0,24.705882352941178,48.65517544786269,50.0,51.99401065882197,355.8057361219929,603.6919244705394
149.1,1.9370340738527052,2.0,24.705882352941178,48.661744812756126,50.0,52.10304725627466,355.76715119901775,603.7227278500836
149.20000000000002,1.936892331230616,2.0,24.705882352941178,48.66834940294598,50.0,52.21101190050571,355.7285401826177,603.7535513945212
149.3,1.936750598673072,2.0,24.705882352941178,48.67498891341148,50.0,52.31790280004055,355.6899028207096,603.7843953142766
149.4,1.936608876179727,2.0,24.705882352941178,48.68166303837245,50.0,52.42371820615583,355.65123886332145,603.8152598179382
149.5,1.9364671637502344,2.0,24.705882352941178,48.68837147130131,50.0,52.52845641287249,355.61254806259785,603.8461451122538
149.6,1.9363254613842478,2.0,24.705882352941178,48.695113904936136,50.0,52.63211575694966,355.57383017280574,603.8770514021254
149.70000000000002,1.9361837690814208,2.0,24.705882352941178,48.70189003129292,50.0,52.73469461786677,355.53508495034043,603.907978890606
149.8,1.9360420868414068,2.0,24.705882352941178,48.70869954167807,50.0,52.836191417813446,355.4963121537308,603.9389277788943
149.9,1.9359004146638592,2.0,24.705882352941178,48.715542126700825,50.0,52.936604621674114,355.45751154364496,603.9698982663296
150.0,1.9357587525484319,2.0,24.705882352941178,48.7224174762859,50.0,53.03593273701279,355.418682882896,604.0008905503888
150.1,1.935617100494778,2.0,24.705882352941178,48.72932527968578,50.0,53.134174314053254,355.3798259364475,604.0319048266813
150.20000000000002,1.9354754585025513,2.0,24.705882352941178,48.736265225493526,50.0,53.23132794566227,355.340940471419,604.062941288944
150.3,1.9353338265714048,2.0,24.705882352941178,48.74323700165502,50.0,53.32739226732537,355.30202625709165,604.0940001290381
150.4,1.9351922047009924,2.0,24.705882352941178,48.750240295481376,50.0,53.42236595712733,355.2630830649134,604.1250815369438
150.5,1.9350505928909671,2.0,24.705882352941178,48.75727479366162,50.0,53.516247735728975,355.22411066850475,604.1561857007564
150.6,1.9349089911409827,2.0,24.705882352941178,48.76434018227519,50.0,53.60903636633983,355.1851088436639,604.187312806682
150.70000000000002,1.9347673994506924,2.0,24.705882352941178,48.771436146804376,50.0,53.70073065469161,355.1460773683724,604.2184630390337
150.8,1.9346258178197502,2.0,24.705882352941178,48.77856237214684,50.0,53.79132944901038,355.1070160228005,604.2496365802267
150.9,1.9344842462478085,2.0,24.705882352941178,48.78571854262793,50.0,53.88083163998652,355.06792458931204,604.2808336107743
151.0,1.9343426847345213,2.0,24.705882352941178,48.79290434201329,50.0,53.969236160745126,355.0288028524702,604.3120543092836
151.1,1.9342011332795421,2.0,24.705882352941178,48.80011945352129,50.0,54.05654198681218,354.9896505990427,604.343298852452
151.20000000000002,1.9340595918825236,2.0,24.705882352941178,48.80736355983572,50.0,54.1427481360803,354.9504676180069,604.3745674150624
151.3,1.9339180605431197,2.0,24.705882352941178,48.81463634311791,50.0,54.22785366877171,354.9112537005548,604.4058601699796
151.4,1.933776539260983,2.0,24.705882352941178,48.82193748501942,50.0,54.31185768740452,354.8720086400988,604.4371772881461
151.5,1.9336350280357673,2.0,24.705882352941178,48.82926666669448,50.0,54.3947593367515,354.83273223227616,604.4685189385782
151.6,1.9334935268671258,2.0,24.705882352941178,48.836623568812286,50.0,54.47655780380057,354.79342427495453,604.4998852883614
151.70000000000002,1.933352035754712,2.0,24.705882352941178,48.84400787156966,50.0,54.55725231771515,354.7540845682368,604.531276502648
151.8,1.9332105546981788,2.0,24.705882352941178,48.85141925470327,50.0,54.63684214978868,354.7147129144661,604.5626927446514
151.9,1.9330690836971798,2.0,24.705882352941178,48.85885739750239,50.0,54.71532661340288,354.6753091182309,604.5941341756434
152.0,1.932927622751368,2.0,24.705882352941178,48.866321978820906,50.0,54.79270506397865,354.6358729863699,604.6256009549501
152.1,1.9327861718603967,2.0,24.705882352941178,48.87381267709003,50.0,54.86897689893322,354.59640432797676,604.6570932399478
152.20000000000002,1.932644731023919,2.0,24.705882352941178,48.88132917033073,50.0,54.944141557628214,354.55690295440536,604.6886111860601
152.3,1.9325033002415886,2.0,24.705882352941178,48.88887113616602,50.0,55.01819852131977,354.5173686792741,604.7201549467532
152.4,1.932361879513058,2.0,24.705882352941178,48.89643825183322,50.0,55.09114731310837,354.477801318471,604.7517246735326
152.5,1.9322204688379807,2.0,24.705882352941178,48.90403019419671,50.0,55.16298749788696,354.4382006901584,604.7833205159399
152.6,1.9320790682160098,2.0,24.705882352941178,48.91164663975991,50.0,55.23371868228285,354.3985666147776,604.8149426215484
152.70000000000002,1.9319376776467982,2.0,24.705882352941178,48.91928726467785,50.0,55.30334051460663,354.3588989150536,604.8465911359604
152.8,1.9317962971299996,2.0,24.705882352941178,48.92695174476984,50.0,55.371852684792294,354.31919741599944,604.8782662028032
152.9,1.9316549266652665,2.0,24.705882352941178,48.93463975553095,50.0,55.4392549243359,354.27946194492114,604.9099679637253
153.0,1.9315135662522522,2.0,24.705882352941178,48.94235097214522,50.0,55.50554700624502,354.2396923314219,604.9416965583939
153.1,1.9313722158906095,2.0,24.705882352941178,48.95008506949762,50.0,55.57072874496714,354.1998884074067,604.9734521244909
153.20000000000002,1.931230875579992,2.0,24.705882352941178,48.9578417221864,50.0,55.634799996331985,354.1600500070868,605.0052347977092
153.3,1.9310895453200527,2.0,24.705882352941178,48.96562060453522,50.0,55.697760657486576,354.1201769669838,605.0370447117506
153.4,1.9309482251104444,2.0,24.705882352941178,48.97342139060578,50.0,55.759610666831755,354.08026912593454,605.0688819983213
153.5,1.93080691495082,2.0,24.705882352941178,48.9812437542098,50.0,55.820350003951084,354.04032632509467,605.1007467871294
153.60000000000002,1.930665614840833,2.0,24.705882352941178,48.98908736892156,50.0,55.87997868954683,354.0003484079434,605.1326392058812
153.70000000000002,1.930524324780136,2.0,24.705882352941178,48.99695190808973,50.0,55.93849678536669,353.96033522028756,605.164559380279
153.8,1.930383044768382,2.0,24.705882352941178,49.00483704485015,50.0,55.99590439413777,353.9202866102654,605.1965074340169
153.9,1.930241774805224,2.0,24.705882352941178,49.0127424521375,50.0,56.05220165948787,353.8802024283513,605.2284834887785
154.0,1.9301005148903154,2.0,24.705882352941178,49.02066780269797,50.0,56.10738876587869,353.8400825273592,605.2604876642338
154.10000000000002,1.9299592650233086,2.0,24.705882352941178,49.028612769101244,50.0,56.161465938524934,353.7999267624467,605.2925200780363
154.20000000000002,1.9298180252038568,2.0,24.705882352941178,49.03657702375256,50.0,56.214433443321006,353.75973499111944,605.3245808458198
154.3,1.929676795431613,2.0,24.705882352941178,49.04456023890509,50.0,56.26629158676412,353.7195070732342,605.3566700811957
154.4,1.9295355757062298,2.0,24.705882352941178,49.05256208667197,50.0,56.31704071587278,353.6792428710032,605.3887878957507
154.5,1.9293943660273605,2.0,24.705882352941178,49.06058223903847,50.0,56.36668121810844,353.6389422489979,605.4209343990437
154.60000000000002,1.9292531663946577,2.0,24.705882352941178,49.068620367874075,50.0,56.41521352129259,353.5986050741525,605.4531096986029
154.70000000000002,1.929111976807774,2.0,24.705882352941178,49.0766761449446,50.0,56.46263809352462,353.55823121576736,605.485313899923
154.8,1.928970797266363,2.0,24.705882352941178,49.084749241924385,50.0,56.50895544309724,353.5178205455131,605.5175471064636
154.9,1.928829627770077,2.0,24.705882352941178,49.092839330407855,50.0,56.55416611840951,353.47737293743364,605.5498094196458
155.0,1.928688468318569,2.0,24.705882352941178,49.10094608192236,50.0,56.59827070788544,353.43688826795,605.5821009388504
155.10000000000002,1.9285473189114914,2.0,24.705882352941178,49.109069167939595,50.0,56.64126983987666,353.39636641586355,605.6144217614145
155.20000000000002,1.928406179548498,2.0,24.705882352941178,49.11720825988772,50.0,56.683164182580555,353.3558072623593,605.6467719826301
155.3,1.9282650502292402,2.0,24.705882352941178,49.12536302916351,50.0,56.72395444394726,353.31521069100927,605.6791516957413
155.4,1.928123930953372,2.0,24.705882352941178,49.13353314714425,50.0,56.763641371585976,353.2745765877755,605.7115609919421
155.5,1.9279828217205455,2.0,24.705882352941178,49.1417182851996,50.0,56.80222575267285,353.23390484101367,605.7439999603746
155.60000000000002,1.9278417225304139,2.0,24.705882352941178,49.14991811470355,50.0,56.83970841385685,353.1931953414756,605.7764686881264
155.70000000000002,1.9277006333826294,2.0,24.705882352941178,49.1581323070464,50.0,56.87609022116361,353.1524479823126,605.8089672602287
155.8,1.9275595542768456,2.0,24.705882352941178,49.166360533646525,50.0,56.91137207989746,353.11166265907843,605.8414957596539
155.9,1.927418485212714,2.0,24.705882352941178,49.17460246596244,50.0,56.945554934544326,353.0708392697321,605.8740542673145
156.0,1.927277426189888,2.0,24.705882352941178,49.182857775504374,50.0,56.97863976866997,353.0299777146408,605.9066428620604
156.10000000000002,1.9271363772080201,2.0,24.705882352941178,49.19112613384624,50.0,57.0106276048219,352.98907789658233,605.9392616206775
156.20000000000002,1.9269953382667633,2.0,24.705882352941178,49.199407212637425,50.0,57.04151950442556,352.9481397207484,605.9719106178857
156.3,1.92685430936577,2.0,24.705882352941178,49.20770068361463,50.0,57.071316567680945,352.90716309474635,606.0045899263372
156.4,1.9267132905046926,2.0,24.705882352941178,49.21600621861353,50.0,57.10001993345749,352.86614792860274,606.0372996166151
156.5,1.9265722816831845,2.0,24.705882352941178,49.22432348958051,50.0,57.12763077918931,352.8250941347651,606.0700397572311
156.60000000000002,1.9264312829008974,2.0,24.705882352941178,49.23265216858425,50.0,57.154150320767606,352.7840016281044,606.1028104146251
156.70000000000002,1.9262902941574847,2.0,24.705882352941178,49.24099192782768,50.0,57.17957981243407,352.7428703259178,606.1356116531625
156.8,1.9261493154525982,2.0,24.705882352941178,49.249342439659586,50.0,57.20392054666796,352.70170014793047,606.1684435351341
156.9,1.9260083467858908,2.0,24.705882352941178,49.25770337658594,50.0,57.2271738540766,352.66049101629784,606.2013061207533
157.0,1.9258673881570152,2.0,24.705882352941178,49.26607441128186,50.0,57.24934110328659,352.61924285560804,606.234199468156
157.10000000000002,1.9257264395656237,2.0,24.705882352941178,49.27445521660303,50.0,57.27042370082621,352.5779555928836,606.2671236333989
157.20000000000002,1.9255855010113692,2.0,24.705882352941178,49.282845465597234,50.0,57.29042309101403,352.5366291575835,606.3000786704581
157.3,1.9254445724939042,2.0,24.705882352941178,49.291244831515996,50.0,57.309340755842655,352.49526348160526,606.3330646312289
157.4,1.9253036540128805,2.0,24.705882352941178,49.29965298782599,50.0,57.32717821486152,352.4538584992864,606.3660815655236
157.5,1.9251627455679516,2.0,24.705882352941178,49.30806960822059,50.0,57.34393702505996,352.4124141474063,606.3991295210718
157.60000000000002,1.9250218471587695,2.0,24.705882352941178,49.31649436663122,50.0,57.359618780747496,352.3709303651881,606.4322085435184
157.70000000000002,1.9248809587849864,2.0,24.705882352941178,49.32492693723901,50.0,57.37422511343468,352.3294070942998,606.4653186764236
157.8,1.9247400804462553,2.0,24.705882352941178,49.33336699448574,50.0,57.387757691709304,352.2878442788564,606.4984599612617
157.9,1.9245992121422282,2.0,24.705882352941178,49.3418142130858,50.0,57.4002182211193,352.24624186542076,606.5316324374209
158.0,1.924458353872558,2.0,24.705882352941178,49.35026826803704,50.0,57.411608444041924,352.2045998030049,606.5648361422019
158.10000000000002,1.9243175056368962,2.0,24.705882352941178,49.35872883463247,50.0,57.42193013956515,352.16291804307195,606.5980711108182
158.20000000000002,1.9241766674348961,2.0,24.705882352941178,49.36719558847119,50.0,57.43118512335742,352.1211965395364,606.6313373763954
158.3,1.9240358392662098,2.0,24.705882352941178,49.37566820546988,50.0,57.43937524754457,352.07943524876583,606.6646349699708
158.4,1.9238950211304897,2.0,24.705882352941178,49.38414636187389,50.0,57.44650240057874,352.0376341295818,606.6979639204927
158.5,1.923754213027388,2.0,24.705882352941178,49.39262973426855,50.0,57.452568507111145,351.9957931432605,606.7313242548207
158.60000000000002,1.9236134149565571,2.0,24.705882352941178,49.40111799959038,50.0,57.45757552786029,351.9539122535339,606.7647159977257
158.70000000000002,1.9234726269176499,2.0,24.705882352941178,49.409610835137926,50.0,57.46152545948047,351.91199142659036,606.7981391718889
158.8,1.923331848910318,2.0,24.705882352941178,49.41810791858342,50.0,57.464420334432155,351.8700306310753,606.8315937979027
158.9,1.9231910809342139,2.0,24.705882352941178,49.42660892798324,50.0,57.46626222084232,351.8280298380917,606.8650798942704
159.0,1.9230503229889897,2.0,24.705882352941178,49.43511354178935,50.0,57.467053222377096,351.78598902120075,606.898597477406
159.10000000000002,1.922909575074298,2.0,24.705882352941178,49.44362143886025,50.0,57.46679547810091,351.7439081564221,606.9321465616354
159.20000000000002,1.922768837189791,2.0,24.705882352941178,49.452132298471724,50.0,57.46549116234091,351.7017872222344,606.9657271591957
159.3,1.922628109335121,2.0,24.705882352941178,49.46064580032822,50.0,57.46314248455134,351.65962619957514,606.9993392802359
159.4,1.9224873915099399,2.0,24.705882352941178,49.46916162457342,50.0,57.45975168916992,351.61742507184124,607.0329829328175
159.5,1.9223466837139005,2.0,24.705882352941178,49.47767945180124,50.0,57.455321055482166,351.5751838248887,607.066658122915
159.60000000000002,1.9222059859466545,2.0,24.705882352941178,49.48619896306661,50.0,57.4498528974782,351.53290244703265,607.1003648544162
159.70000000000002,1.9220652982078545,2.0,24.705882352941178,49.49471983989656,50.0,57.44334956371209,351.4905809290474,607.1341031291233
159.8,1.9219246204971523,2.0,24.705882352941178,49.50324176430064,50.0,57.43581343715578,351.44821926416597,607.1678729467537
159.9,1.9217839528142002,2.0,24.705882352941178,49.51176441878192,50.0,57.42724693505881,351.40581744808,607.2016743049401
160.0,1.921643295158651,2.0,24.705882352941178,49.520287486347684,50.0,57.41765250880031,351.36337547893896,607.2355071992322
160.10000000000002,1.9215026475301555,2.0,24.705882352941178,49.52881065051997,50.0,57.40703264374354,351.32089335735014,607.2693716230974
160.20000000000002,1.9213620099283668,2.0,24.705882352941178,49.53733359534641,50.0,57.39538985908978,351.2783710863776,607.3032675679223
160.3,1.921221382352937,2.0,24.705882352941178,49.54585600541071,50.0,57.38272670772841,351.2358086715415,607.3371950230127
160.4,1.9210807648035177,2.0,24.705882352941178,49.55437756584337,50.0,57.36904577608898,351.19320612081776,607.3711539755964
160.5,1.9209401572797618,2.0,24.705882352941178,49.562897962332045,50.0,57.35434968398983,351.15056344463665,607.4051444108235
160.60000000000002,1.9207995597813208,2.0,24.705882352941178,49.571416881132166,50.0,57.33864108448852,351.1078806558819,607.4391663117681
160.70000000000002,1.9206589723078467,2.0,24.705882352941178,49.579934009077476,50.0,57.321922663728806,351.0651577698897,607.4732196594299
160.8,1.9205183948589915,2.0,24.705882352941178,49.58844903359034,50.0,57.30419714078664,351.0223948044477,607.5073044327354
160.9,1.9203778274344074,2.0,24.705882352941178,49.596961642692236,50.0,57.28546726751782,350.97959177979317,607.5414206085403
161.0,1.9202372700337464,2.0,24.705882352941178,49.60547152501408,50.0,57.265735828401475,350.9367487186124,607.5755681616306
161.10000000000002,1.920096722656661,2.0,24.705882352941178,49.61397836980666,50.0,57.24500564038513,350.8938656460384,607.6097470647245
161.20000000000002,1.9199561853028024,2.0,24.705882352941178,49.62248186695069,50.0,57.22327955272625,350.8509425896497,607.6439572884746
161.3,1.9198156579718235,2.0,24.705882352941178,49.63098170696736,50.0,57.20056044683698,350.80797957946885,607.67819880147
161.4,1.9196751406633754,2.0,24.705882352941178,49.63947758102836,50.0,57.176851236122275,350.7649766479603,607.7124715702377
161.5,1.9195346333771104,2.0,24.705882352941178,49.64796918096596,50.0,57.15215486582223,350.7219338300285,607.7467755592455
161.60000000000002,1.9193941361126803,2.0,24.705882352941178,49.65645619928347,50.0,57.126474312852324,350.6788511630163,607.7811107309043
161.70000000000002,1.9192536488697374,2.0,24.705882352941178,49.66493832916524,50.0,57.09981258563841,350.63572868670235,607.8154770455698
161.8,1.919113171647933,2.0,24.705882352941178,49.67341526448644,50.0,57.072172723955894,350.5925664432994,607.8498744615453
161.9,1.9189727044469196,2.0,24.705882352941178,49.68188669982345,50.0,57.04355779876908,350.54936447745143,607.8843029350845
162.0,1.9188322472663488,2.0,24.705882352941178,49.690352330463554,50.0,57.01397091206252,350.5061228362318,607.9187624203939
162.10000000000002,1.9186918001058728,2.0,24.705882352941178,49.698811852415304,50.0,56.98341519667989,350.4628415691403,607.9532528696352
162.20000000000002,1.9185513629651432,2.0,24.705882352941178,49.70726496241787,50.0,56.95189381615276,350.4195207281009,607.9877742329286
162.3,1.9184109358438117,2.0,24.705882352941178,49.71571135795136,50.0,56.919409964540485,350.3761603674588,608.0223264583552
162.4,1.9182705187415305,2.0,24.705882352941178,49.724150737246475,50.0,56.885966866256474,350.3327605439775,608.0569094919607
162.5,1.9181301116579512,2.0,24.705882352941178,49.73258279929422,50.0,56.85156777590277,350.2893213168362,608.0915232777576
162.60000000000002,1.9179897145927256,2.0,24.705882352941178,49.741007243855734,50.0,56.81621597810023,350.2458427476267,608.1261677577286
162.70000000000002,1.9178493275455055,2.0,24.705882352941178,49.74942377147198,50.0,56.779914787317914,350.20232490034977,608.1608428718306
162.8,1.9177089505159433,2.0,24.705882352941178,49.75783208347349,50.0,56.742667547701814,350.1587678414126,608.1955485579969
162.9,1.9175685835036897,2.0,24.705882352941178,49.766231881989825,50.0,56.704477632902424,350.115171639625,608.2302847521413
163.0,1.9174282265083966,2.0,24.705882352941178,49.77462286995939,50.0,56.66534844590329,350.071536366196,608.2650513881617
163.10000000000002,1.9172878795297168,2.0,24.705882352941178,49.78300475113866,50.0,56.625283418845214,350.02786209473044,608.2998483979433
163.20000000000002,1.917147542567301,2.0,24.705882352941178,49.79137723011195,50.0,56.58428601285494,349.98414890122496,608.3346757113623
163.3,1.9170072156208016,2.0,24.705882352941178,49.79974001230073,50.0,56.54235971786721,349.9403968640646,608.36953325629
163.4,1.9168668986898694,2.0,24.705882352941178,49.80809280397301,50.0,56.499508052449855,349.89660606401867,608.4044209585966
163.5,1.9167265917741567,2.0,24.705882352941178,49.81643531225279,50.0,56.45573456362786,349.85277658423666,608.4393387421551
163.60000000000002,1.9165862948733152,2.0,24.705882352941178,49.82476724512935,50.0,56.41104282670427,349.8089085102444,608.4742865288454
163.70000000000002,1.9164460079869967,2.0,24.705882352941178,49.83308831146661,50.0,56.36543644508272,349.7650019299395,608.5092642385586
163.8,1.9163057311148524,2.0,24.705882352941178,49.84139822101224,50.0,56.31891905008725,349.72105693358736,608.5442717892005
163.9,1.916165464256534,2.0,24.705882352941178,49.84969668440692,50.0,56.27149430078399,349.67707361381645,608.5793090966972
164.0,1.9160252074116935,2.0,24.705882352941178,49.85798341319338,50.0,56.223165883799616,349.63305206561375,608.6143760749986
164.10000000000002,1.9158849605799826,2.0,24.705882352941178,49.86625811982577,50.0,56.17393751314119,349.58899238632023,608.6494726360833
164.20000000000002,1.9157447237610523,2.0,24.705882352941178,49.87452051767849,50.0,56.12381293001109,349.54489467562604,608.6845986899627
164.3,1.9156044969545543,2.0,24.705882352941178,49.88277032105532,50.0,56.072795902627284,349.50075903556547,608.7197541446867
164.4,1.9154642801601407,2.0,24.705882352941178,49.891007245198125,50.0,56.02089022603781,349.45658557051206,608.7549389063478
164.5,1.9153240733774624,2.0,24.705882352941178,49.89923100629625,50.0,55.968099721939616,349.4123743871735,608.7901528790858
164.60000000000002,1.9151838766061713,2.0,24.705882352941178,49.907441321495014,50.0,55.914428238488455,349.36812559458633,608.8253959650935
164.70000000000002,1.9150436898459189,2.0,24.705882352941178,49.91563790890484,50.0,55.859879650117634,349.3238393041107,608.8606680646213
164.8,1.9149035130963568,2.0,24.705882352941178,49.923820487609646,50.0,55.80445785734832,349.2795156294246,608.8959690759824
164.9,1.9147633463571365,2.0,24.705882352941178,49.93198877767594,50.0,55.74816678660677,349.2351546865188,608.9312988955585
165.0,1.9146231896279091,2.0,24.705882352941178,49.94014250016153,50.0,55.69101039003232,349.19075659369076,608.9666574178045
165.10000000000002,1.9144830429083264,2.0,24.705882352941178,49.94828137712375,50.0,55.63299264528965,349.14632147153907,609.0020445352545
165.20000000000002,1.91434290619804,2.0,24.705882352941178,49.95640513162863,50.0,55.574117555383765,349.1018494429573,609.0374601385271
165.3,1.9142027794967011,2.0,24.705882352941178,49.96451348775901,50.0,55.51438914846398,349.0573406331284,609.0729041163311
165.4,1.9140626628039612,2.0,24.705882352941178,49.97260617062318,50.0,55.45381147763887,349.0127951695178,609.1083763554715
165.5,1.9139225561194722,2.0,24.705882352941178,49.98068290636354,50.0,55.392388620783116,348.9682131818682,609.1438767408548
165.60000000000002,1.9137824594428847,2.0,24.705882352941178,49.98874342216487,50.0,55.330124680344234,348.92359480219227,609.1794051554954
165.70000000000002,1.9136423727738503,2.0,24.705882352941178,49.996787446262374,50.0,55.26702378315184,348.87894016476685,609.2149614805215
165.8,1.9135022961120205,2.0,24.705882352941178,50.00481470795074,50.0,55.203090080228016,348.83424940612593,609.250545595181
165.9,1.913362229457047,2.0,24.705882352941178,50.01282493759152,50.0,55.13832774658524,348.7895226650542,609.2861573768482
166.0,1.9132221728085808,2.0,24.705882352941178,50.02081786662217,50.0,55.07274098104325,348.74476008258,609.3217967010296
166.10000000000002,1.9130821261662727,2.0,24.705882352941178,50.0287932275636,50.0,55.00633400602364,348.6999618019687,609.3574634413702
166.20000000000002,1.9129420895297748,2.0,24.705882352941178,50.03675075402873,50.0,54.93911106736302,348.6551279687154,609.3931574696611
166.3,1.9128020628987383,2.0,24.705882352941178,50.0446901807303,50.0,54.87107643411109,348.610258730538,609.4288786558449
166.4,1.9126620462728148,2.0,24.705882352941178,50.05261124348891,50.0,54.80223439833804,348.56535423736983,609.4646268680222
166.5,1.912522039651655,2.0,24.705882352941178,50.06051367924118,50.0,54.73258927493638,348.520414641352,609.5004019724598
166.60000000000002,1.9123820430349103,2.0,24.705882352941178,50.068397226047466,50.0,54.66214540142195,348.47544009682633,609.5362038335966
166.70000000000002,1.9122420564222324,2.0,24.705882352941178,50.07626162309987,50.0,54.590907137737965,348.4304307603275,609.5720323140503
166.8,1.912102079813272,2.0,24.705882352941178,50.08410661073003,50.0,54.518878866054536,348.3853867905756,609.607887274625
166.9,1.9119621132076803,2.0,24.705882352941178,50.09193193041699,50.0,54.446064990570086,348.3403083484679,609.6437685743184
167.0,1.911822156605109,2.0,24.705882352941178,50.09973732479472,50.0,54.372469937310804,348.2951955970712,609.6796760703285
167.10000000000002,1.9116822100052093,2.0,24.705882352941178,50.10752253765975,50.0,54.29809815393209,348.25004870161365,609.7156096180614
167.20000000000002,1.911542273407632,2.0,24.705882352941178,50.11528731397914,50.0,54.222954109518064,348.2048678294766,609.751569071139
167.3,1.9114023468120285,2.0,24.705882352941178,50.12303139989791,50.0,54.14704229437672,348.1596531501863,609.7875542814054
167.4,1.9112624302180496,2.0,24.705882352941178,50.13075454274633,50.0,54.07036721984002,348.11440483540554,609.8235650989355
167.5,1.911122523625347,2.0,24.705882352941178,50.13845649104758,50.0,53.99293341806381,348.0691230589251,609.8596013720429
167.60000000000002,1.9109826270335717,2.0,24.705882352941178,50.14613699452519,50.0,53.914745441822475,348.0238079966552,609.8956629472866
167.70000000000002,1.9108427404423745,2.0,24.705882352941178,50.153795804110416,50.0,53.835807864305785,347.97845982661676,609.9317496694798
167.8,1.9107028638514072,2.0,24.705882352941178,50.16143267194957,50.0,53.75612527891554,347.93307872893246,609.9678613816976
167.9,1.91056299726032,2.0,24.705882352941178,50.16904735141088,50.0,53.675702299060504,347.8876648858178,610.003997925285
168.0,1.9104231406687646,2.0,24.705882352941178,50.17663959709239,50.0,53.59454355795638,347.8422184815721,610.0401591398652
168.10000000000002,1.910283294076392,2.0,24.705882352941178,50.1842091648287,50.0,53.51265370841284,347.7967397025694,610.0763448633476
168.20000000000002,1.910143457482853,2.0,24.705882352941178,50.191755811698044,50.0,53.4300374226333,347.75122873724905,610.1125549319364
168.3,1.910003630887799,2.0,24.705882352941178,50.199279296029374,50.0,53.34669939200872,347.70568577610624,610.1487891801391
168.4,1.9098638142908806,2.0,24.705882352941178,50.206779377409646,50.0,53.26264432691059,347.66011101168243,610.1850474407748
168.5,1.9097240076917494,2.0,24.705882352941178,50.214255816690354,50.0,53.17787695648138,347.61450463855635,610.2213295449827
168.60000000000002,1.909584211090056,2.0,24.705882352941178,50.221708375994524,50.0,53.092402028432,347.56886685333325,610.2576353222311
168.70000000000002,1.9094444244854514,2.0,24.705882352941178,50.22913681872393,50.0,53.006224308832365,347.5231978546359,610.2939646003264
168.8,1.9093046478775872,2.0,24.705882352941178,50.23654090956529,50.0,52.919348581899776,347.4774978430943,610.3303172054209
168.9,1.9091648812661135,2.0,24.705882352941178,50.24392041449744,50.0,52.831779649797134,347.4317670213357,610.3666929620232
169.0,1.9090251246506813,2.0,24.705882352941178,50.25127510079784,50.0,52.7435223324187,347.38600559397446,610.4030916930063
169.10000000000002,1.908885378030942,2.0,24.705882352941178,50.25860473704921,50.0,52.65458146718323,347.34021376760165,610.4395132196171
169.20000000000002,1.9087456414065467,2.0,24.705882352941178,50.265909093146036,50.0,52.56496190882442,347.29439175077465,610.4759573614853
169.3,1.9086059147771457,2.0,24.705882352941178,50.273187940301284,50.0,52.47466852918139,347.24853975400686,610.512423936633
169.4,1.90846619814239,2.0,24.705882352941178,50.280441051052605,50.0,52.3837062169864,347.20265798975703,610.5489127614844
169.5,1.908326491501931,2.0,24.705882352941178,50.28766819926892,50.0,52.29207987765737,347.1567466724184,610.5854236508746
169.60000000000002,1.908186794855419,2.0,24.705882352941178,50.29486916015668,50.0,52.199794433084584,347.1108060183081,610.6219564180599
169.70000000000002,1.9080471082025057,2.0,24.705882352941178,50.30204371026616,50.0,52.10685482142083,347.0648362456562,610.6585108747264
169.8,1.9079074315428408,2.0,24.705882352941178,50.30919162749774,50.0,52.013265996869585,347.0188375745946,610.6950868310009
169.9,1.9077677648760758,2.0,24.705882352941178,50.31631269110818,50.0,51.91903292947304,346.97281022714594,610.7316840954602
170.0,1.9076281082018616,2.0,24.705882352941178,50.32340668171645,50.0,51.82416060489881,346.9267544272124,610.7683024751409
170.10000000000002,1.9074884615198486,2.0,24.705882352941178,50.33047338131007,50.0,51.728654024231034,346.8806704005644,610.8049417755498
170.20000000000002,1.9073488248296884,2.0,24.705882352941178,50.337512573251104,50.0,51.63251820375414,346.834558374829,610.8416018006735
170.3,1.9072091981310306,2.0,24.705882352941178,50.34452404228193,50.0,51.53575817474093,346.78841857947856,610.8782823529887
170.4,1.9070695814235268,2.0,24.705882352941178,50.351507574531354,50.0,51.43837898324088,346.7422512458191,610.9149832334728
170.5,1.9069299747068276,2.0,24.705882352941178,50.35846295752043,50.0,51.340385689864554,346.69605660697835,610.9517042416136
170.60000000000002,1.9067903779805837,2.0,24.705882352941178,50.36538998016806,50.0,51.24178336957018,346.6498348978942,610.9884451754205
170.70000000000002,1.9066507912444457,2.0,24.705882352941178,50.372288432796836,50.0,51.14257711145186,346.60358635530247,611.0252058314339
170.8,1.9065112144980643,2.0,24.705882352941178,50.37915810713889,50.0,51.04277201852375,346.55731121772493,611.0619860047372
170.9,1.9063716477410904,2.0,24.705882352941178,50.38599879634114,50.0,50.94237320750407,346.51100972545737,611.0987854889659
171.0,1.9062320909731747,2.0,24.705882352941178,50.3928102949713,50.0,50.84138580860475,346.4646821205573,611.1356040763195
171.10000000000002,1.9060925441939676,2.0,24.705882352941178,50.39959239902299,50.0,50.739814965311126,346.41832864683124,611.1724415575716
171.20000000000002,1.90595300740312,2.0,24.705882352941178,50.4063449059214,50.0,50.63766583417173,346.37194954982283,611.209297722081
171.3,1.9058134806002824,2.0,24.705882352941178,50.41306761452864,50.0,50.53494358458047,346.32554507679987,611.2461723578033
171.4,1.9056739637851055,2.0,24.705882352941178,50.419760325149014,50.0,50.43165339856142,346.2791154767421,611.2830652513004
171.5,1.90553445695724,2.0,24.705882352941178,50.42642283953438,50.0,50.327800470554315,346.23266100032794,611.319976187753
171.60000000000002,1.9053949601163365,2.0,24.705882352941178,50.43305496088914,50.0,50.223390007197246,346.18618189992213,611.3569049509714
171.70000000000002,1.9052554732620453,2.0,24.705882352941178,50.43965649387587,50.0,50.118427227113735,346.1396784295627,611.3938513234066
171.8,1.9051159963940174,2.0,24.705882352941178,50.446227244619934,50.0,50.012917360690786,346.09315084494773,611.4308150861611
171.9,1.904976529511903,2.0,24.705882352941178,50.452749634189104,50.0,49.90686564986925,346.04659945947316,611.4677959719692
172.0,1.9048370726153532,2.0,24.705882352941178,50.45922103447623,50.0,49.80045329956298,346.0000246801386,611.5047936350808
172.10000000000002,1.9046976257040178,2.0,24.705882352941178,50.46564122563649,50.0,49.69367755169292,345.95342692749483,611.5418077184512
172.20000000000002,1.9045581887775478,2.0,24.705882352941178,50.47200998917714,50.0,49.58654149358819,345.90680662398626,611.5788378635247
172.3,1.9044187618355937,2.0,24.705882352941178,50.47832711036392,50.0,49.47905304180096,345.8601641939274,611.6158837102538
172.4,1.904279344877806,2.0,24.705882352941178,50.48459237822027,50.0,49.37122010377076,345.81350006346787,611.65294489713
172.5,1.9041399379038346,2.0,24.705882352941178,50.490805585529074,50.0,49.263050582194396,345.76681466055646,611.690021061214
172.60000000000002,1.9040005409133307,2.0,24.705882352941178,50.49696652883347,50.0,49.154552374555564,345.7201084149063,611.7271118381647
172.70000000000002,1.9038611539059451,2.0,24.705882352941178,50.503075008438316,50.0,49.04573337266921,345.6733817579588,611.7642168622704
172.8,1.9037217768813273,2.0,24.705882352941178,50.50913082841055,50.0,48.936601462216935,345.62663512284837,611.8013357664787
172.9,1.903582409839128,2.0,24.705882352941178,50.51513379658002,50.0,48.827164522295035,345.5798689443665,611.838468182427
173.0,1.9034430527789978,2.0,24.705882352941178,50.52108372453961,50.0,48.71743042495521,345.5330836589257,611.8756137404729
173.10000000000002,1.9033037057005873,2.0,24.705882352941178,50.5269804276457,50.0,48.607407034753486,345.486279704524,611.912772069724
173.20000000000002,1.9031643686035464,2.0,24.705882352941178,50.53282372501758,50.0,48.4971022082943,345.4394575207084,611.9499427980697
173.3,1.903025041487526,2.0,24.705882352941178,50.5386134395377,50.0,48.38652379378555,345.39261754853953,611.9871255522107
173.4,1.9028857243521762,2.0,24.705882352941178,50.54434939785074,50.0,48.27567963058359,345.34576023055473,612.0243199576897
173.5,1.902746417197147,2.0,24.705882352941178,50.55003143036282,50.0,48.164577548751346,345.29888601073213,612.0615256389225
173.60000000000002,1.9026071200220893,2.0,24.705882352941178,50.555659371240836,50.0,48.05322536861305,345.25199533445453,612.0987422192281
173.70000000000002,1.9024678328266529,2.0,24.705882352941178,50.56123305841095,50.0,47.941630900308176,345.2050886484727,612.1359693208607
173.8,1.9023285556104885,2.0,24.705882352941178,50.56675233355753,50.0,47.82980194335376,345.15816640086933,612.1732065650385
173.9,1.9021892883732467,2.0,24.705882352941178,50.57221704212111,50.0,47.717746286201255,345.11122904102217,612.2104535719762
174.0,1.9020500311145772,2.0,24.705882352941178,50.57762703329706,50.0,47.60547170580409,345.06427701956767,612.2477099609154
174.10000000000002,1.9019107838341305,2.0,24.705882352941178,50.582982160033,50.0,47.492985967176075,345.0173107883647,612.2849753501545
174.20000000000002,1.9017715465315568,2.0,24.705882352941178,50.588282279026885,50.0,47.38029682296467,344.9703308004574,612.3222493570809
174.3,1.9016323192065063,2.0,24.705882352941178,50.59352725072455,50.0,47.26741201301444,344.92333751003906,612.3595315982012
174.4,1.9014931018586299,2.0,24.705882352941178,50.59871693931666,50.0,47.15433926393863,344.876331372415,612.3968216891724
174.5,1.9013538944875765,2.0,24.705882352941178,50.60385121273623,50.0,47.04108628869485,344.82931284396625,612.4341192448325
174.60000000000002,1.9012146970929973,2.0,24.705882352941178,50.60892994265532,50.0,46.927660786155,344.78228238211244,612.4714238792317
174.70000000000002,1.9010755096745424,2.0,24.705882352941178,50.61395300448163,50.0,46.814070440684596,344.7352404452753,612.5087352056635
174.8,1.9009363322318618,2.0,24.705882352941178,50.61892027735513,50.0,46.70032292172191,344.6881874928418,612.5460528366949
174.9,1.9007971647646054,2.0,24.705882352941178,50.62383164414416,50.0,46.58642588335691,344.6411239851272,612.5833763841983
175.0,1.9006580072724237,2.0,24.705882352941178,50.628686991441555,50.0,46.47238696391631,344.5940503833386,612.6207054593822
175.10000000000002,1.900518859754967,2.0,24.705882352941178,50.633486209560544,50.0,46.35821378554745,344.5469671495379,612.658039672821
175.20000000000002,1.900379722211885,2.0,24.705882352941178,50.638229192530275,50.0,46.24391395380507,344.4998747466049,612.6953786344881
175.3,1.9002405946428282,2.0,24.705882352941178,50.642915838091255,50.0,46.12949505724211,344.4527736382007,612.7327219537849
175.4,1.9001014770474467,2.0,24.705882352941178,50.64754604769047,50.0,46.01496466700082,344.40566428873075,612.7700692395725
175.5,1.8999623694253904,2.0,24.705882352941178,50.652119726476656,50.0,45.90033033640779,344.3585471633081,612.8074201002026
175.60000000000002,1.8998232717763093,2.0,24.705882352941178,50.65663678329486,50.0,45.785599600567146,344.31142272771655,612.8447741435482
175.70000000000002,1.8996841840998533,2.0,24.705882352941178,50.661097130681014,50.0,45.67077997596212,344.2642914483742,612.8821309770343
175.8,1.8995451063956728,2.0,24.705882352941178,50.66550068485668,50.0,45.55587896005523,344.217153792296,612.919490207669
175.9,1.8994060386634177,2.0,24.705882352941178,50.66984736572272,50.0,45.44090403088807,344.17001022705784,612.9568514420741
176.0,1.8992669809027383,2.0,24.705882352941178,50.67413709685371,50.0,45.32586264669232,344.1228612207594,612.994214286516
176.10000000000002,1.8991279331132842,2.0,24.705882352941178,50.67836980549163,50.0,45.210762245492,344.0757072419874,613.0315783469359
176.20000000000002,1.8989888952947056,2.0,24.705882352941178,50.68254542253919,50.0,45.09561024471585,344.02854875977954,613.068943228981
176.3,1.8988498674466523,2.0,24.705882352941178,50.6866638825536,50.0,44.980414040811326,343.98138624358717,613.1063085380349
176.4,1.8987108495687743,2.0,24.705882352941178,50.690725123739526,50.0,44.86518100885592,343.9342201632392,613.1436738792481
176.5,1.898571841660722,2.0,24.705882352941178,50.69472908794222,50.0,44.749918502176776,343.8870509889056,613.1810388575688
176.60000000000002,1.8984328437221445,2.0,24.705882352941178,50.69867572064015,50.0,44.634633851968594,343.83987919106096,613.2184030777725
176.70000000000002,1.8982938557526923,2.0,24.705882352941178,50.702564970937544,50.0,44.519334366917846,343.7927052404479,613.2557661444936
176.8,1.8981548777520154,2.0,24.705882352941178,50.706396791557154,50.0,44.404027332827305,343.74552960804084,613.2931276622547
176.9,1.8980159097197635,2.0,24.705882352941178,50.710171138832095,50.0,44.288720012239125,343.69835276501004,613.3304872354976
177.0,1.8978769516555867,2.0,24.705882352941178,50.7138879726981,50.0,44.173419644069085,343.65117518268494,613.3678444686129
177.10000000000002,1.8977380035591347,2.0,24.705882352941178,50.71754725668512,50.0,44.058133443235114,343.60399733251836,613.4051989659705
177.20000000000002,1.8975990654300574,2.0,24.705882352941178,50.721148957909065,50.0,43.942868600294716,343.5568196860504,613.4425503319494
177.3,1.8974601372680047,2.0,24.705882352941178,50.72469304706334,50.0,43.82763228108025,343.5096427148723,613.479898170968
177.4,1.8973212190726259,2.0,24.705882352941178,50.72817949840987,50.0,43.71243162633778,343.4624668905908,613.5172420875136
177.5,1.8971823108435715,2.0,24.705882352941178,50.73160828977029,50.0,43.59727375137182,343.41529268479235,613.5545816861727
177.60000000000002,1.897043412580491,2.0,24.705882352941178,50.73497940251684,50.0,43.48216574568825,343.36812056900703,613.5919165716599
177.70000000000002,1.896904524283034,2.0,24.705882352941178,50.738292821562936,50.0,43.36711467264158,343.3209510146735,613.6292463488484
177.8,1.8967656459508506,2.0,24.705882352941178,50.741548535353786,50.0,43.25212756908618,343.273784493103,613.6665706227991
177.9,1.8966267775835908,2.0,24.705882352941178,50.744746535856564,50.0,43.13721144502742,343.2266214754443,613.7038889987903
178.0,1.8964879191809039,2.0,24.705882352941178,50.747886818550626,50.0,43.022373283278554,343.17946243264817,613.7412010823466
178.10000000000002,1.8963490707424397,2.0,24.705882352941178,50.75096938241745,50.0,42.90762003911742,343.1323078354323,613.7785064792686
178.20000000000002,1.896210232267848,2.0,24.705882352941178,50.7539942299303,50.0,42.79295863994719,343.0851581542461,613.8158047956617
178.3,1.896071403756779,2.0,24.705882352941178,50.75696136704386,50.0,42.67839598496073,343.0380138592359,613.8530956379655
178.4,1.8959325852088815,2.0,24.705882352941178,50.75987080318362,50.0,42.563938944805585,342.9908754202099,613.890378612982
178.5,1.8957937766238055,2.0,24.705882352941178,50.76272255123513,50.0,42.44959436125307,342.94374330660366,613.9276533279058
178.60000000000002,1.8956549780012009,2.0,24.705882352941178,50.76551662753275,50.0,42.33536904686925,342.8966179874453,613.964919390351
178.70000000000002,1.8955161893407173,2.0,24.705882352941178,50.76825305184917,50.0,42.22126978469216,342.84949993132125,614.0021764083813
178.8,1.895377410642004,2.0,24.705882352941178,50.770931847383395,50.0,42.10730332790125,342.8023896063417,614.0394239905376
178.9,1.8952386419047114,2.0,24.705882352941178,50.773553040749505,50.0,41.993476399505866,342.75528748010663,614.0766617458664
179.0,1.8950998831284884,2.0,24.705882352941178,50.776116661965034,50.0,41.87979569202327,342.7081940196714,614.1138892839485
179.10000000000002,1.8949611343129849,2.0,24.705882352941178,50.77862274443896,50.0,41.766267867164395,342.6611096915132,614.1511062149268
179.20000000000002,1.8948223954578503,2.0,24.705882352941178,50.78107132496001,50.0,41.6528995555235,342.6140349614971,614.1883121495335
179.3,1.8946836665627342,2.0,24.705882352941178,50.783462443684186,50.0,41.53969735626568,342.5669702948426,614.2255066991196
179.4,1.8945449476272864,2.0,24.705882352941178,50.7857961441224,50.0,41.4266678368239,342.5199161560898,614.2626894756808
179.5,1.8944062386511566,2.0,24.705882352941178,50.788072473127954,50.0,41.31381753259542,342.4728730090665,614.2998600918858
179.60000000000002,1.8942675396339939,2.0,24.705882352941178,50.79029148088421,50.0,41.20115294664096,342.42584131685504,614.3370181611041
179.70000000000002,1.894128850575448,2.0,24.705882352941178,50.79245322089105,50.0,41.08868054938343,342.3788215417588,614.3741632974326
179.8,1.893990171475169,2.0,24.705882352941178,50.794557749952446,50.0,40.9764067783206,342.3318141452701,614.4112951157227
179.9,1.8938515023328053,2.0,24.705882352941178,50.79660512816287,50.0,40.86433803772601,342.2848195880369,614.4484132316079
180.0,1.8937128431480068,2.0,24.705882352941178,50.79859541889425,50.0,40.75248069836505,342.23783832983094,614.4855172615299
180.10000000000002,1.8935741939204231,2.0,24.705882352941178,50.80052868878215,50.0,40.64084109720473,342.19087082951506,614.5226068227653
180.20000000000002,1.893435554649704,2.0,24.705882352941178,50.80240500771225,50.0,40.52942553713465,342.143917545011,614.5596815334525
180.3,1.8932969253354988,2.0,24.705882352941178,50.80422444880651,50.0,40.41824028668396,342.09697893326774,614.5967410126175
180.4,1.8931583059774566,2.0,24.705882352941178,50.8059870884091,50.0,40.30729157974483,342.0500554502298,614.6337848802007
180.5,1.8930196965752266,2.0,24.705882352941178,50.8076930060721,50.0,40.19658561529835,342.0031475508052,614.6708127570821
180.60000000000002,1.8928810971284589,2.0,24.705882352941178,50.80934228454157,50.0,40.08612855714485,341.9562556888346,614.707824265108
180.70000000000002,1.8927425076368027,2.0,24.705882352941178,50.81093500974265,50.0,39.97592653363116,341.9093803170598,614.7448190271158
180.8,1.8926039280999067,2.0,24.705882352941178,50.812471270765286,50.0,39.8659856373902,341.86252188709307,614.78179666696
180.9,1.8924653585174211,2.0,24.705882352941178,50.81395115984918,50.0,39.756311925074165,341.815680849386,614.8187568095373
181.0,1.892326798888995,2.0,24.705882352941178,50.815374772368955,50.0,39.64691141709857,341.7688576531992,614.8556990808119
181.10000000000002,1.8921882492142774,2.0,24.705882352941178,50.81674220681907,50.0,39.53779009738437,341.7220527465717,614.8926231078402
181.20000000000002,1.892049709492918,2.0,24.705882352941178,50.818053564798504,50.0,39.42895391310446,341.675266576291,614.929528518796
181.3,1.891911179724566,2.0,24.705882352941178,50.81930895099555,50.0,39.320408774434554,341.628499587863,614.9664149429947
181.4,1.8917726599088707,2.0,24.705882352941178,50.8205084731722,50.0,39.21216055430351,341.5817522254822,615.0032820109179
181.5,1.8916341500454812,2.0,24.705882352941178,50.82165224214833,50.0,39.10421508815045,341.5350249320022,615.0401293542375
181.60000000000002,1.8914956501340474,2.0,24.705882352941178,50.8227403717861,50.0,38.9965781736846,341.4883181489066,615.0769566058397
181.70000000000002,1.8913571601742178,2.0,24.705882352941178,50.823772978973636,50.0,38.88925557064489,341.4416323162795,615.113763399849
181.8,1.8912186801656428,2.0,24.705882352941178,50.82475018360964,50.0,38.78225300056818,341.3949678727769,615.1505493716518
181.9,1.8910802101079702,2.0,24.705882352941178,50.82567210858622,50.0,38.67557614655009,341.34832525559807,615.1873141579199
182.0,1.8909417500008503,2.0,24.705882352941178,50.82653887977318,50.0,38.56923065302594,341.30170490045697,615.2240573966337
182.10000000000002,1.8908032998439315,2.0,24.705882352941178,50.82735062600136,50.0,38.46322212553669,341.25510724155424,615.2607787271053
182.20000000000002,1.8906648596368636,2.0,24.705882352941178,50.82810747904563,50.0,38.35755613050865,341.2085327115491,615.297477790001
182.3,1.8905264293792954,2.0,24.705882352941178,50.82880957360845,50.0,38.25223819503689,341.1619817415315,615.3341542273649
182.4,1.890388009070876,2.0,24.705882352941178,50.82945704730298,50.0,38.14727380666415,341.11545476099525,615.3708076826404
182.5,1.8902495987112549,2.0,24.705882352941178,50.83005004063568,50.0,38.042668413168165,341.0689521978098,615.4074378006926
182.60000000000002,1.890111198300081,2.0,24.705882352941178,50.830588696989366,50.0,37.93842742235392,341.0224744781941,615.4440442278309
182.70000000000002,1.8899728078370035,2.0,24.705882352941178,50.831073162606,50.0,37.83455620184376,340.97602202668935,615.4806266118305
182.8,1.8898344273216714,2.0,24.705882352941178,50.83150358656877,50.0,37.73106007887204,340.9295952661326,615.5171846019539
182.9,1.889696056753734,2.0,24.705882352941178,50.831880120785,50.0,37.62794434008937,340.8831946176306,615.5537178489727
183.0,1.8895576961328406,2.0,24.705882352941178,50.83220291996827,50.0,37.52521423135841,340.8368205005335,615.5902260051882
183.10000000000002,1.88941934545864,2.0,24.705882352941178,50.83247214162043,50.0,37.42287495756202,340.79047333240936,615.6267087244532
183.20000000000002,1.8892810047307809,2.0,24.705882352941178,50.83268794601389,50.0,37.32093168241249,340.74415352901843,615.6631656621921
183.3,1.889142673948913,2.0,24.705882352941178,50.832850496173364,50.0,37.21938952826052,340.69786150428797,615.6995964754216
183.4,1.889004353112685,2.0,24.705882352941178,50.83295995785784,50.0,37.11825357591191,340.6515976702871,615.7360008227713
183.5,1.888866042221746,2.0,24.705882352941178,50.833016499542,50.0,37.01752886444318,340.6053624372024,615.7723783645041
183.60000000000002,1.888727741275745,2.0,24.705882352941178,50.83302029239809,50.0,36.91722039102549,340.559156213313,615.8087287625352
183.70000000000002,1.8885894502743312,2.0,24.705882352941178,50.832971510277275,50.0,36.81733311074512,340.5129794049664,615.8450516804523
183.8,1.888451169217153,2.0,24.705882352941178,50.83287032969071,50.0,36.71787193643217,340.4668324165547,615.8813467835354
183.9,1.88831289810386,2.0,24.705882352941178,50.83271692979133,50.0,36.618841738493344,340.42071565049093,615.9176137387753
184.0,1.8881746369341006,2.0,24.705882352941178,50.832511492354286,50.0,36.520247344739,340.3746295071852,615.9538522148937
184.10000000000002,1.888036385707524,2.0,24.705882352941178,50.832254201758474,50.0,36.4220935402282,340.32857438502197,615.9900618823605
184.20000000000002,1.8878981444237792,2.0,24.705882352941178,50.83194524496707,50.0,36.3243850671012,340.2825506803367,616.0262424134135
184.3,1.8877599130825151,2.0,24.705882352941178,50.831584811508606,50.0,36.227126624427534,340.23655878739385,616.0623934820763
184.4,1.8876216916833808,2.0,24.705882352941178,50.83117309345761,50.0,36.13032286804838,340.1905990983638,616.0985147641769
184.5,1.8874834802260245,2.0,24.705882352941178,50.83071028541485,50.0,36.03397841042651,340.14467200330114,616.1346059373647
184.60000000000002,1.8873452787100955,2.0,24.705882352941178,50.830196584488135,50.0,35.938097820502286,340.09877789012273,616.1706666811288
184.70000000000002,1.8872070871352427,2.0,24.705882352941178,50.82963219027266,50.0,35.84268562354538,340.0529171445863,616.2066966768153
184.8,1.887068905501115,2.0,24.705882352941178,50.82901730483104,50.0,35.74774630101396,340.0070901502689,616.2426956076444
184.9,1.886930733807361,2.0,24.705882352941178,50.82835213267373,50.0,35.6532842904195,339.9612972885462,616.2786631587275
185.0,1.8867925720536298,2.0,24.705882352941178,50.82763688073908,50.0,35.559303985188535,339.9155389385715,616.3145990170835
185.10000000000002,1.88665442023957,2.0,24.705882352941178,50.826871758373045,50.0,35.465809734531724,339.86981547725566,616.3505028716557
185.20000000000002,1.8865162783648306,2.0,24.705882352941178,50.826056977309406,50.0,35.372805843317984,339.82412727924645,616.3863744133279
185.3,1.88637814642906,2.0,24.705882352941178,50.825192751649354,50.0,35.28029657194518,339.77847471690905,616.4222133349401
185.4,1.8862400244319075,2.0,24.705882352941178,50.824279297841315,50.0,35.188286136220505,339.7328581603062,616.4580193313051
185.5,1.8861019123730216,2.0,24.705882352941178,50.82331683466032,50.0,35.09677870723983,339.6872779771791,616.4937920992232
185.60000000000002,1.8859638102520506,2.0,24.705882352941178,50.82230558318787,50.0,35.005778411274484,339.64173453292824,616.5295313374978
185.70000000000002,1.8858257180686442,2.0,24.705882352941178,50.82124576679092,50.0,34.915289329654435,339.5962281905947,616.5652367469505
185.8,1.8856876358224504,2.0,24.705882352941178,50.82013761110187,50.0,34.82531549866409,339.5507593108415,616.6009080304358
185.9,1.8855495635131183,2.0,24.705882352941178,50.818981343997166,50.0,34.735860909428496,339.50532825193585,616.6365448928557
186.0,1.8854115011402959,2.0,24.705882352941178,50.81777719557675,50.0,34.64692950781778,339.45993536973083,616.6721470411743
186.10000000000002,1.8852734487036322,2.0,24.705882352941178,50.81652539814331,50.0,34.55852519434329,339.414581017648,616.7077141844313
186.20000000000002,1.885135406202776,2.0,24.705882352941178,50.81522618618118,50.0,34.470651824059665,339.36926554665996,616.7432460337566
186.3,1.8849973736373764,2.0,24.705882352941178,50.813879796335016,50.0,34.383313206472394,339.3239893052735,616.7787423023834
186.4,1.8848593510070812,2.0,24.705882352941178,50.81248646738919,50.0,34.29651310544954,339.27875263951256,616.8142027056616
186.5,1.8847213383115398,2.0,24.705882352941178,50.81104644024617,50.0,34.21025523912875,339.233555892902,616.849626961071
186.60000000000002,1.8845833355503998,2.0,24.705882352941178,50.809559957905265,50.0,34.124543279837745,339.1883994064515,616.8850147882345
186.70000000000002,1.8844453427233105,2.0,24.705882352941178,50.808027265441524,50.0,34.039380854012165,339.14328351863935,616.9203659089304
186.8,1.884307359829921,2.0,24.705882352941178,50.806448609984216,50.0,33.95477154211478,339.0982085653972,616.9556800471048
186.9,1.8841693868698788,2.0,24.705882352941178,50.80482424069504,50.0,33.87071887856227,339.0531748800946,616.9909569288842
187.0,1.8840314238428333,2.0,24.705882352941178,50.803154408747105,50.0,33.787226351656,339.008182793524,617.0261962825864
187.10000000000002,1.8838934707484323,2.0,24.705882352941178,50.80143936730269,50.0,33.70429740350736,338.96323263388604,617.0613978387335
187.20000000000002,1.8837555275863245,2.0,24.705882352941178,50.79967937149223,50.0,33.621935429979295,338.918324726775,617.0965613300626
187.3,1.8836175943561586,2.0,24.705882352941178,50.79787467839185,50.0,33.540143780616006,338.8734593951649,617.1316864915369
187.4,1.8834796710575832,2.0,24.705882352941178,50.79602554700227,50.0,33.45892575859189,338.8286369593955,617.1667730603571
187.5,1.8833417576902467,2.0,24.705882352941178,50.794132238226155,50.0,33.37828462064662,338.78385773715877,617.2018207759717
187.60000000000002,1.8832038542537972,2.0,24.705882352941178,50.79219501484698,50.0,33.29822357704151,338.73912204348545,617.2368293800878
187.70000000000002,1.883065960747884,2.0,24.705882352941178,50.79021414150651,50.0,33.21874579149936,338.69443019073236,617.2717986166812
187.8,1.8829280771721544,2.0,24.705882352941178,50.788189884682936,50.0,33.139854381164945,338.6497824885696,617.3067282320062
187.9,1.8827902035262583,2.0,24.705882352941178,50.78612251266867,50.0,33.061552416557795,338.60517924396794,617.3416179746058
188.0,1.8826523398098431,2.0,24.705882352941178,50.78401229554845,50.0,32.983842921533075,338.560620761187,617.376467595321
188.10000000000002,1.882514486022557,2.0,24.705882352941178,50.78185950517701,50.0,32.906728873240915,338.5161073417633,617.4112768472995
188.20000000000002,1.882376642164049,2.0,24.705882352941178,50.779664415156674,50.0,32.83021320209364,338.47163928449856,617.4460454860059
188.3,1.8822388082339674,2.0,24.705882352941178,50.77742730081525,50.0,32.75429879173532,338.4272168854488,617.4807732692296
188.4,1.8821009842319607,2.0,24.705882352941178,50.77514843918374,50.0,32.67898847901108,338.38284043791305,617.5154599570936
188.5,1.8819631701576764,2.0,24.705882352941178,50.77282810897378,50.0,32.604285053941275,338.3385102324229,617.5501053120629
188.60000000000002,1.8818253660107638,2.0,24.705882352941178,50.77046659055537,50.0,32.53019125970095,338.29422655673204,617.5847090989522
188.70000000000002,1.8816875717908708,2.0,24.705882352941178,50.768064165934334,50.0,32.4567097925985,338.249989695806,617.6192710849347
188.8,1.881549787497646,2.0,24.705882352941178,50.76562111872988,50.0,32.383843302059944,338.2057999318125,617.6537910395484
188.9,1.8814120131307372,2.0,24.705882352941178,50.763137734152,50.0,32.31159439061479,338.1616575441121,617.6882687347044
189.0,1.8812742486897933,2.0,24.705882352941178,50.760614298978965,50.0,32.23996561388651,338.1175628092485,617.7227039446935
189.10000000000002,1.8811364941744624,2.0,24.705882352941178,50.758051101534534,50.0,32.16895948058358,338.07351600094006,617.7570964461939
189.20000000000002,1.8809987495843925,2.0,24.705882352941178,50.75544843166563,50.0,32.098578452497684,338.02951739007057,617.7914460182766
189.3,1.8808610149192322,2.0,24.705882352941178,50.75280658071938,50.0,32.02882494449801,337.98556724468153,617.825752442413
189.4,1.8807232901786293,2.0,24.705882352941178,50.750125841520514,50.0,31.959701324536347,337.94166582996354,617.8600155024802
189.5,1.8805855753622323,2.0,24.705882352941178,50.74740650834866,50.0,31.891209913650044,337.89781340824857,617.894234984768
189.60000000000002,1.880447870469689,2.0,24.705882352941178,50.744648876915676,50.0,31.82335298596901,337.85401023900243,617.9284106779834
189.70000000000002,1.8803101755006482,2.0,24.705882352941178,50.74185324434262,50.0,31.756132768725266,337.81025657881776,617.9625423732571
189.8,1.8801724904547579,2.0,24.705882352941178,50.73901990913714,50.0,31.68955144226873,337.76655268140644,617.9966298641478
189.9,1.880034815331666,2.0,24.705882352941178,50.73614917117044,50.0,31.62361114008096,337.7228987975936,618.0306729466487
190.0,1.879897150131021,2.0,24.705882352941178,50.733241331654995,50.0,31.558313948796574,337.67929517531053,618.0646714191904
190.10000000000002,1.879759494852471,2.0,24.705882352941178,50.73029669312075,50.0,31.49366190821901,337.63574205958895,618.0986250826475
190.20000000000002,1.8796218494956638,2.0,24.705882352941178,50.727315559393105,50.0,31.429657011356085,337.59223969255504,618.1325337403408
190.3,1.8794842140602481,2.0,24.705882352941178,50.72429823556962,50.0,31.366301204436866,337.5487883134237,618.1663971980436
190.4,1.8793465885458716,2.0,24.705882352941178,50.721245027996986,50.0,31.303596386948072,337.5053881584933,618.2002152639841
190.5,1.8792089729521821,2.0,24.705882352941178,50.718156244248405,50.0,31.24154441166781,337.4620394611406,618.2339877488495
190.60000000000002,1.8790713672788282,2.0,24.705882352941178,50.71503219310057,50.0,31.18014708469854,337.4187424518159,618.2677144657897
190.70000000000002,1.8789337715254577,2.0,24.705882352941178,50.71187318451041,50.0,31.11940616550767,337.37549735803873,618.3013952304203
190.8,1.878796185691719,2.0,24.705882352941178,50.708679529592644,50.0,31.059323366972343,337.33230440439314,618.3350298608254
190.9,1.8786586097772597,2.0,24.705882352941178,50.70545154059636,50.0,30.999900355418568,337.28916381252435,618.3686181775608
191.0,1.8785210437817277,2.0,24.705882352941178,50.70218953088232,50.0,30.941138750674334,337.24607580113445,618.4021600036563
191.10000000000002,1.8783834877047716,2.0,24.705882352941178,50.69889381489992,50.0,30.883040126116235,337.20304058597924,618.4356551646185
191.20000000000002,1.8782459415460393,2.0,24.705882352941178,50.69556470816417,50.0,30.825606008724208,337.16005837986495,618.4691034884324
191.3,1.878108405305178,2.0,24.705882352941178,50.69220252723272,50.0,30.76883787913718,337.11712939264527,618.5025048055633
191.4,1.8779708789818368,2.0,24.705882352941178,50.68880758968305,50.0,30.712737171712227,337.0742538312188,618.5358589489589
191.5,1.8778333625756634,2.0,24.705882352941178,50.685380214089264,50.0,30.657305274584083,337.03143189952664,618.5691657540505
191.60000000000002,1.8776958560863048,2.0,24.705882352941178,50.68192071999931,50.0,30.602543529731904,336.9886637985499,618.6024250587548
191.70000000000002,1.8775583595134102,2.0,24.705882352941178,50.67842942791174,50.0,30.548453233043936,336.94594972630824,618.635636703474
191.8,1.8774208728566264,2.0,24.705882352941178,50.674906659253395,50.0,30.495035634390362,336.9032898778581,618.6688005310976
191.9,1.8772833961156017,2.0,24.705882352941178,50.671352736355516,50.0,30.442291937688232,336.86068444529104,618.7019163870027
192.0,1.8771459292899841,2.0,24.705882352941178,50.66776798243154,50.0,30.390223300987678,336.818133617733,618.7349841190542
192.10000000000002,1.8770084723794218,2.0,24.705882352941178,50.664152721554046,50.0,30.338830836539877,336.7756375813431,618.7680035776052
192.20000000000002,1.876871025383562,2.0,24.705882352941178,50.6605072786316,50.0,30.288115610880396,336.73319651931337,618.8009746154975
192.3,1.876733588302053,2.0,24.705882352941178,50.6568319793862,50.0,30.23807864491409,336.69081061186785,618.8338970880606
192.4,1.8765961611345425,2.0,24.705882352941178,50.65312715032991,50.0,30.188720913996868,336.648480036263,618.866770853112
192.5,1.8764587438806786,2.0,24.705882352941178,50.64939311874258,50.0,30.140043348029366,336.6062049667871,618.8995957709564
192.60000000000002,1.8763213365401084,2.0,24.705882352941178,50.64563021264854,50.0,30.092046831540955,336.5639855747616,618.9323717043847
192.70000000000002,1.8761839391124804,2.0,24.705882352941178,50.64183876079397,50.0,30.044732203788868,336.5218220285407,618.9650985186732
192.8,1.8760465515974425,2.0,24.705882352941178,50.63801909262412,50.0,29.99810025885119,336.4797144935128,618.9977760815832
192.9,1.8759091739946419,2.0,24.705882352941178,50.6341715382606,50.0,29.952151745725693,336.4376631321013,619.0304042633579
193.0,1.875771806303726,2.0,24.705882352941178,50.6302964284784,50.0,29.906887368429892,336.3956681037659,619.0629829367225
193.10000000000002,1.8756344485243437,2.0,24.705882352941178,50.62639409468318,50.0,29.86230778610745,336.3537295650045,619.0955119768817
193.20000000000002,1.8754971006561418,2.0,24.705882352941178,50.622464868888926,50.0,29.81841361313331,336.3118476693544,619.1279912615178
193.3,1.8753597626987684,2.0,24.705882352941178,50.61850908369479,50.0,29.775205419218715,336.27002256739456,619.1604206707887
193.4,1.8752224346518716,2.0,24.705882352941178,50.614527072262774,50.0,29.732683729528198,336.2282544067482,619.1928000873255
193.5,1.8750851165150983,2.0,24.705882352941178,50.61051916829501,50.0,29.690849024788548,336.1865433320846,619.22512939623
193.60000000000002,1.8749478082880964,2.0,24.705882352941178,50.6064857060112,50.0,29.649701741406723,336.14488948512223,619.2574084850722
193.70000000000002,1.8748105099705137,2.0,24.705882352941178,50.602427020126186,50.0,29.609242271588002,336.1032930046314,619.2896372438872
193.8,1.8746732215619981,2.0,24.705882352941178,50.59834344582714,50.0,29.56947096345536,336.06175402643754,619.3218155651725
193.9,1.8745359430621966,2.0,24.705882352941178,50.594235318751544,50.0,29.53038812117653,336.02027268342476,619.353943343884
194.0,1.8743986744707575,2.0,24.705882352941178,50.590102974964225,50.0,29.491994005084223,335.978849105539,619.3860204774332
194.10000000000002,1.874261415787328,2.0,24.705882352941178,50.58594675093542,50.0,29.45428883181051,335.93748341979193,619.418046865684
194.20000000000002,1.874124167011556,2.0,24.705882352941178,50.58176698351821,50.0,29.417272774411664,335.8961757502653,619.4500224109479
194.3,1.873986928143089,2.0,24.705882352941178,50.57756400992639,50.0,29.380945962504,335.8549262181146,619.4819470179807
194.4,1.873849699181574,2.0,24.705882352941178,50.57333816771177,50.0,29.345308482396575,335.81373494157407,619.5138205939787
194.5,1.8737124801266594,2.0,24.705882352941178,50.56908979474258,50.0,29.310360377233764,335.77260203596074,619.5456430485737
194.60000000000002,1.873575270977992,2.0,24.705882352941178,50.564819229180955,50.0,29.27610164712727,335.7315276136799,619.5774142938288
194.70000000000002,1.8734380717352201,2.0,24.705882352941178,50.56052680946078,50.0,29.242532249303444,335.69051178422944,619.6091342442342
194.8,1.8733008823979909,2.0,24.705882352941178,50.556212874265555,50.0,29.20965209824663,335.6495546542059,619.6408028167016
194.9,1.8731637029659516,2.0,24.705882352941178,50.55187776250676,50.0,29.177461065846693,335.6086563273093,619.6724199305601
195.0,1.87302653343875,2.0,24.705882352941178,50.547521813301614,50.0,29.145958981543345,335.5678169043491,619.7039855075507
195.10000000000002,1.8728893738160337,2.0,24.705882352941178,50.54314536595109,50.0,29.115145632481052,335.52703648324984,619.7354994718208
195.20000000000002,1.87275222409745,2.0,24.705882352941178,50.53874875991812,50.0,29.08502076366186,335.48631515905754,619.7669617499193
195.3,1.8726150842826461,2.0,24.705882352941178,50.53433233480598,50.0,29.05558407810033,335.44565302394557,619.798372270791
195.4,1.8724779543712695,2.0,24.705882352941178,50.529896430336294,50.0,29.026835236979082,335.4050501672212,619.8297309657698
195.5,1.872340834362968,2.0,24.705882352941178,50.52544138632754,50.0,28.998773859811315,335.3645066753324,619.8610377685744
195.60000000000002,1.8722037242573886,2.0,24.705882352941178,50.520967542673304,50.0,28.971399524600145,335.32402263187447,619.8922926153009
195.70000000000002,1.8720666240541788,2.0,24.705882352941178,50.51647523932064,50.0,28.944711768004233,335.2835981175971,619.9234954444172
195.8,1.8719295337529862,2.0,24.705882352941178,50.511964816248906,50.0,28.918710085503903,335.24323321041146,619.9546461967568
195.9,1.871792453353458,2.0,24.705882352941178,50.50743661344785,50.0,28.893393931566067,335.20292798539776,619.985744815512
196.0,1.8716553828552416,2.0,24.705882352941178,50.50289097089666,50.0,28.8687627198194,335.16268251481273,620.0167912462273
196.10000000000002,1.8715183222579845,2.0,24.705882352941178,50.49832822854245,50.0,28.844815823221616,335.1224968680971,620.0477854367929
196.20000000000002,1.8713812715613336,2.0,24.705882352941178,50.493748726278966,50.0,28.821552574236236,335.0823711118838,620.0787273374374
196.3,1.8712442307649368,2.0,24.705882352941178,50.48915280392555,50.0,28.798972265009162,335.0423053100061,620.1096169007204
196.4,1.8711071998684414,2.0,24.705882352941178,50.48454080120604,50.0,28.7770741475453,335.0022995235054,620.1404540815265
196.5,1.8709701788714943,2.0,24.705882352941178,50.47991305772763,50.0,28.755857433888856,334.96235381064014,620.1712388370568
196.60000000000002,1.8708331677737424,2.0,24.705882352941178,50.475269912960016,50.0,28.73532129630661,334.92246822689395,620.2019711268215
196.70000000000002,1.8706961665748336,2.0,24.705882352941178,50.47061170621447,50.0,28.715464867470715,334.88264282498494,620.2326509126333
196.8,1.870559175274415,2.0,24.705882352941178,50.46593877662309,50.0,28.696287240645212,334.842877654874,620.2632781585983
196.9,1.870422193872134,2.0,24.705882352941178,50.46125146311783,50.0,28.677787469873138,334.8031727637743,620.2938528311089
197.0,1.8702852223676378,2.0,24.705882352941178,50.456550104410155,50.0,28.659964570168817,334.7635281961604,620.3243748988359
197.10000000000002,1.8701482607605735,2.0,24.705882352941178,50.451835038970444,50.0,28.642817517705858,334.72394399377765,620.3548443327198
197.20000000000002,1.8700113090505883,2.0,24.705882352941178,50.44710660500709,50.0,28.62634525001117,334.6844201956517,620.3852611059631
197.3,1.8698743672373292,2.0,24.705882352941178,50.44236514044661,50.0,28.610546666164403,334.6449568380981,620.415625194021
197.4,1.8697374353204437,2.0,24.705882352941178,50.43761098291293,50.0,28.595420626988926,334.6055539547324,620.445936574594
197.5,1.8696005132995785,2.0,24.705882352941178,50.43284446970739,50.0,28.58096595525523,334.56621157648,620.4761952276191
197.60000000000002,1.8694636011743813,2.0,24.705882352941178,50.4280659377884,50.0,28.567181435878368,334.5269297315862,620.5064011352599
197.70000000000002,1.8693266989444988,2.0,24.705882352941178,50.423275723751374,50.0,28.554065816122552,334.4877084456268,620.5365542818994
197.8,1.8691898066095787,2.0,24.705882352941178,50.41847416380887,50.0,28.541617805804712,334.44854774151827,620.5666546541293
197.9,1.8690529241692675,2.0,24.705882352941178,50.413661593770485,50.0,28.529836077498658,334.40944763952837,620.5967022407425
198.0,1.8689160516232126,2.0,24.705882352941178,50.40883834902297,50.0,28.51871926674501,334.3704081572868,620.6266970327229
198.10000000000002,1.8687791889710608,2.0,24.705882352941178,50.404004764511,50.0,28.508265972260617,334.3314293097965,620.6566390232363
198.20000000000002,1.8686423362124593,2.0,24.705882352941178,50.39916117471694,50.0,28.49847475614398,334.2925111094438,620.6865282076208
198.3,1.8685054933470555,2.0,24.705882352941178,50.394307913641626,50.0,28.48934414409464,334.2536535660105,620.7163645833776
198.4,1.8683686603744964,2.0,24.705882352941178,50.389445314784666,50.0,28.480872625622634,334.2148566866842,620.7461481501616
198.5,1.8682318372944284,2.0,24.705882352941178,50.38457371112531,50.0,28.473058654267447,334.1761204760706,620.7758789097707
198.60000000000002,1.8680950241064989,2.0,24.705882352941178,50.37969343510315,50.0,28.46590064781202,334.1374449362043,620.8055568661366
198.70000000000002,1.867958220810355,2.0,24.705882352941178,50.37480481859865,50.0,28.45939698850257,334.0988300665606,620.835182025315
198.8,1.8678214274056435,2.0,24.705882352941178,50.369908192914465,50.0,28.45354602327142,334.0602758640674,620.8647543954752
198.9,1.8676846438920114,2.0,24.705882352941178,50.365003888756235,50.0,28.448346063954506,334.02178232311707,620.89427398689
199.0,1.8675478702691057,2.0,24.705882352941178,50.36009223621363,50.0,28.443795387517703,333.9833494355784,620.9237408119253
199.10000000000002,1.8674111065365737,2.0,24.705882352941178,50.35517356474179,50.0,28.439892236281633,333.94497719080874,620.9531548850306
199.20000000000002,1.8672743526940618,2.0,24.705882352941178,50.35024820314243,50.0,28.436634818145826,333.9066655756659,620.9825162227273
199.3,1.8671376087412173,2.0,24.705882352941178,50.34531647954543,50.0,28.434021306818675,333.8684145745211,621.0118248435991
199.4,1.8670008746776867,2.0,24.705882352941178,50.340378721390096,50.0,28.432049842044464,333.83022416927105,621.0410807682812
199.5,1.8668641505031174,2.0,24.705882352941178,50.33543525540705,50.0,28.430718529837016,333.7920943393504,621.0702840194492
199.60000000000002,1.8667274362171555,2.0,24.705882352941178,50.330486407599835,50.0,28.43002544270797,333.75402506174464,621.0994346218089
199.70000000000002,1.8665907318194492,2.0,24.705882352941178,50.32553250322678,50.0,28.42996861990203,333.71601631100293,621.1285326020849
199.8,1.866454037309644,2.0,24.705882352941178,50.32057386678281,50.0,28.43054606763092,333.6780680592506,621.1575779890101
199.9,1.8663173526873877,2.0,24.705882352941178,50.315610821981636,50.0,28.43175575931061,333.6401802762026,621.1865708133143
200.0,1.8661806779523262,2.0,24.705882352941178,50.31064369173771,50.0,28.433595635796593,333.6023529291763,621.2155111077138
200.10000000000002,1.8660440131041072,2.0,24.705882352941178,50.305672798148805,50.0,28.43606360562499,333.5645859831045,621.2443989068988
200.20000000000002,1.8659073581423766,2.0,24.705882352941178,50.30069846247818,50.0,28.43915754524832,333.52687940054926,621.2732342475234
200.3,1.8657707130667818,2.0,24.705882352941178,50.29572100513684,50.0,28.442875299279375,333.4892331417148,621.3020171681943
200.4,1.8656340778769698,2.0,24.705882352941178,50.290740745666426,50.0,28.447214680735108,333.4516471644609,621.3307477094583
200.5,1.8654974525725871,2.0,24.705882352941178,50.28575800272188,50.0,28.452173471276602,333.4141214243169,621.3594259137916
200.60000000000002,1.8653608371532804,2.0,24.705882352941178,50.280773094054155,50.0,28.457749421454636,333.3766558744947,621.3880518255883
200.70000000000002,1.8652242316186967,2.0,24.705882352941178,50.275786336493184,50.0,28.463940250956266,333.33925046590315,621.4166254911486
200.8,1.8650876359684823,2.0,24.705882352941178,50.27079804593092,50.0,28.470743648851347,333.3019051471613,621.4451469586668
200.9,1.864951050202284,2.0,24.705882352941178,50.26580853730445,50.0,28.47815727384036,333.2646198646126,621.47361627822
201.0,1.8648144743197486,2.0,24.705882352941178,50.260818124579146,50.0,28.48617875450395,333.2273945623389,621.5020335017562
201.10000000000002,1.864677908320523,2.0,24.705882352941178,50.25582712073236,50.0,28.494805689554582,333.19022918217416,621.530398683082
201.20000000000002,1.8645413522042533,2.0,24.705882352941178,50.250835837736645,50.0,28.504035648083914,333.1531236637189,621.5587118778515
201.3,1.8644048059705867,2.0,24.705882352941178,50.245844586543456,50.0,28.513866169819128,333.1160779443541,621.5869731435533
201.4,1.8642682696191697,2.0,24.705882352941178,50.240853677066866,50.0,28.52429476537437,333.079091959256,621.6151825394992
201.5,1.8641317431496485,2.0,24.705882352941178,50.23586341816764,50.0,28.535318916505865,333.04216564140967,621.6433401268116
201.60000000000002,1.8639952265616702,2.0,24.705882352941178,50.2308741176368,50.0,28.546936076364837,333.00529892162405,621.6714459684114
201.70000000000002,1.8638587198548815,2.0,24.705882352941178,50.2258860821799,50.0,28.559143669758345,332.9684917285462,621.6995001290063
201.8,1.8637222230289285,2.0,24.705882352941178,50.220899617401415,50.0,28.571939093404122,332.9317439886759,621.7275026750779
201.9,1.8635857360834582,2.0,24.705882352941178,50.21591502778881,50.0,28.585319716186973,332.89505562638004,621.7554536748692
202.0,1.863449259018117,2.0,24.705882352941178,50.210932616697164,50.0,28.59928287942139,332.8584265639076,621.7833531983731
202.10000000000002,1.8633127918325514,2.0,24.705882352941178,50.205952686333774,50.0,28.613825897108985,332.8218567214041,621.8112013173193
202.20000000000002,1.8631763345264079,2.0,24.705882352941178,50.20097553774275,50.0,28.628946056199542,332.7853460169267,621.8389981051619
202.3,1.8630398870993332,2.0,24.705882352941178,50.19600147078978,50.0,28.644640616853874,332.7488943664588,621.8667436370673
202.4,1.8629034495509738,2.0,24.705882352941178,50.191030784147245,50.0,28.660906812706735,332.7125016839248,621.8944379899008
202.5,1.862767021880976,2.0,24.705882352941178,50.18606377527925,50.0,28.677741851128495,332.6761678812057,621.9220812422146
202.60000000000002,1.8626306040889866,2.0,24.705882352941178,50.18110074042687,50.0,28.695142913489846,332.6398928681532,621.9496734742355
202.70000000000002,1.8624941961746517,2.0,24.705882352941178,50.176141974593406,50.0,28.71310715542644,332.60367655260563,621.9772147678513
202.8,1.8623577981376185,2.0,24.705882352941178,50.17118777152979,50.0,28.731631707105112,332.56751884040244,622.0047052065985
202.9,1.8622214099775323,2.0,24.705882352941178,50.16623842372036,50.0,28.750713673490797,332.53141963539974,622.0321448756499
203.0,1.8620850316940403,2.0,24.705882352941178,50.16129422236838,50.0,28.77035013461141,332.4953788394852,622.0595338618012
203.10000000000002,1.8619486632867888,2.0,24.705882352941178,50.156355457382006,50.0,28.790538145828098,332.45939635259356,622.0868722534585
203.20000000000002,1.861812304755424,2.0,24.705882352941178,50.15142241736032,50.0,28.811274738102085,332.4234720727216,622.1141601406254
203.3,1.8616759560995926,2.0,24.705882352941178,50.14649538957917,50.0,28.83255691826292,332.38760589594403,622.1413976148898
203.4,1.8615396173189407,2.0,24.705882352941178,50.14157465997772,50.0,28.854381669281555,332.35179771642817,622.1685847694118
203.5,1.8614032884131149,2.0,24.705882352941178,50.13666051314465,50.0,28.876745950536442,332.3160474264498,622.1957216989097
203.60000000000002,1.8612669693817614,2.0,24.705882352941178,50.13175323230445,50.0,28.89964669808691,332.2803549164086,622.2228084996475
203.70000000000002,1.8611306602245266,2.0,24.705882352941178,50.12685309930458,50.0,28.923080824946233,332.24472007484337,622.249845269422
203.8,1.8609943609410569,2.0,24.705882352941178,50.12196039460184,50.0,28.947045221347928,332.20914278844765,622.2768321075499
203.9,1.8608580715309988,2.0,24.705882352941178,50.11707539724915,50.0,28.97153675502338,332.1736229420855,622.3037691148538
204.0,1.860721791993998,2.0,24.705882352941178,50.11219838488296,50.0,28.996552271474897,332.1381604188069,622.3306563936503
204.10000000000002,1.860585522329701,2.0,24.705882352941178,50.107329633710265,50.0,29.022088594245503,332.1027550998631,622.3574940477362
204.20000000000002,1.8604492625377544,2.0,24.705882352941178,50.10246941849573,50.0,29.048142525194823,332.0674068647226,622.3842821823754
204.3,1.860313012617804,2.0,24.705882352941178,50.097618012549276,50.0,29.074710844775296,332.03211559108684,622.4110209042863
204.4,1.8601767725694962,2.0,24.705882352941178,50.09277568771353,50.0,29.10179031230485,331.9968811549055,622.4377103216277
204.5,1.8600405423924775,2.0,24.705882352941178,50.087942714351755,50.0,29.129377666243816,331.9617034303927,622.4643505439866
204.60000000000002,1.859904322086394,2.0,24.705882352941178,50.083119361335434,50.0,29.157469624467826,331.9265822900422,622.4909416823641
204.70000000000002,1.8597681116508922,2.0,24.705882352941178,50.07830589603242,50.0,29.18606288454723,331.8915176046436,622.5174838491629
204.8,1.8596319110856174,2.0,24.705882352941178,50.073502584294886,50.0,29.215154124020863,331.85650924329786,622.5439771581736
204.9,1.8594957203902165,2.0,24.705882352941178,50.06870969044769,50.0,29.244740000674767,331.82155707343327,622.5704217245617
205.0,1.8593595395643352,2.0,24.705882352941178,50.06392747727665,50.0,29.274817152817935,331.7866609608209,622.5968176648544
205.10000000000002,1.8592233686076203,2.0,24.705882352941178,50.05915620601712,50.0,29.305382199560746,331.7518207695908,622.623165096927
205.20000000000002,1.8590872075197176,2.0,24.705882352941178,50.0543961363428,50.0,29.336431741091896,331.71703636224765,622.6494641399898
205.3,1.8589510563002731,2.0,24.705882352941178,50.049647526354136,50.0,29.36796235895489,331.6823075996868,622.675714914575
205.4,1.8588149149489328,2.0,24.705882352941178,50.04491063256762,50.0,29.399970616330428,331.6476343412096,622.7019175425233
205.5,1.858678783465343,2.0,24.705882352941178,50.04018570990468,50.0,29.432453058310124,331.6130164445399,622.7280721469705
205.60000000000002,1.8585426618491498,2.0,24.705882352941178,50.03547301168095,50.0,29.46540621217798,331.5784537658395,622.754178852334
205.70000000000002,1.8584065500999998,2.0,24.705882352941178,50.03077278959563,50.0,29.498826587687653,331.54394615972427,622.7802377843
205.8,1.858270448217538,2.0,24.705882352941178,50.026085293720996,50.0,29.53271067734191,331.50949347927985,622.8062490698098
205.9,1.8581343562014117,2.0,24.705882352941178,50.02141077249172,50.0,29.567054956671097,331.4750955760776,622.8322128370469
206.0,1.857998274051266,2.0,24.705882352941178,50.016749472695096,50.0,29.601855884515587,331.4407523001906,622.8581292154229
206.10000000000002,1.8578622017667468,2.0,24.705882352941178,50.01210163946058,50.0,29.637109903299855,331.40646350020944,622.883998335565
206.20000000000002,1.8577261393475006,2.0,24.705882352941178,50.007467516250244,50.0,29.672813439316485,331.37222902325806,622.9098203293026
206.3,1.8575900867931732,2.0,24.705882352941178,50.00284734484842,50.0,29.7089629030008,331.3380487150099,622.9355953296529
206.4,1.8574540441034102,2.0,24.705882352941178,49.9982413653525,50.0,29.745554689216565,331.3039224197036,622.9613234708092
206.5,1.8573180112778584,2.0,24.705882352941178,49.993649816162986,50.0,29.78258517752982,331.26984998015877,622.9870048881266
206.60000000000002,1.8571819883161635,2.0,24.705882352941178,49.98907293397457,50.0,29.820050732493552,331.23583123779207,623.012639718109
206.70000000000002,1.8570459752179713,2.0,24.705882352941178,49.9845109537664,50.0,29.85794770392174,331.2018660326331,623.0382280983955
206.8,1.8569099719829274,2.0,24.705882352941178,49.97996410879341,50.0,29.8962724271746,331.1679542033404,623.0637701677472
206.9,1.8567739786106783,2.0,24.705882352941178,49.97543263057696,50.0,29.935021223432983,331.1340955872169,623.0892660660345
207.0,1.8566379951008694,2.0,24.705882352941178,49.97091674889623,50.0,29.974190399982255,331.1002900202262,623.1147159342232
207.10000000000002,1.856502021453147,2.0,24.705882352941178,49.9664166917795,50.0,30.013776250489123,331.06653733700836,623.1401199143612
207.20000000000002,1.8563660576671568,2.0,24.705882352941178,49.961932685495526,50.0,30.053775055281413,331.03283737089544,623.1654781495654
207.3,1.8562301037425446,2.0,24.705882352941178,49.95746495454523,50.0,30.09418308162823,330.99918995392784,623.1907907840086
207.4,1.8560941596789569,2.0,24.705882352941178,49.953013721653406,50.0,30.134996584017813,330.96559491686975,623.2160579629063
207.5,1.8559582254760383,2.0,24.705882352941178,49.948579207760645,50.0,30.17621180443706,330.93205208922507,623.241279832503
207.60000000000002,1.8558223011334356,2.0,24.705882352941178,49.94416163201521,50.0,30.217824972649744,330.89856129925323,623.2664565400593
207.70000000000002,1.8556863866507944,2.0,24.705882352941178,49.93976121176513,50.0,30.259832306476753,330.86512237398495,623.2915882338388
207.8,1.85555048202776,2.0,24.705882352941178,49.93537816255099,50.0,30.30223001207485,330.83173513923805,623.3166750630949
207.9,1.8554145872639791,2.0,24.705882352941178,49.93101269809779,50.0,30.345014284209988,330.7983994196332,623.3417171780573
208.0,1.855278702359097,2.0,24.705882352941178,49.92666503030779,50.0,30.388181306541984,330.7651150386096,623.3667147299191
208.10000000000002,1.855142827312759,2.0,24.705882352941178,49.92233536925335,50.0,30.43172725189865,330.73188181844085,623.3916678708235
208.20000000000002,1.8550069621246115,2.0,24.705882352941178,49.91802392316953,50.0,30.475648282552665,330.6986995802504,623.4165767538514
208.3,1.8548711067942996,2.0,24.705882352941178,49.91373089844734,50.0,30.519940550501623,330.66556814402725,623.4414415330068
208.4,1.8547352613214694,2.0,24.705882352941178,49.90945649962691,50.0,30.564600197742177,330.63248732864207,623.4662623632056
208.5,1.854599425705767,2.0,24.705882352941178,49.9052009293905,50.0,30.609623356546855,330.59945695186224,623.4910394002605
208.60000000000002,1.8544635999468375,2.0,24.705882352941178,49.90096438855602,50.0,30.655006149743237,330.5664768303678,623.51577280087
208.70000000000002,1.8543277840443269,2.0,24.705882352941178,49.89674707607088,50.0,30.70074469098853,330.53354677976694,623.5404627226034
208.8,1.8541919779978806,2.0,24.705882352941178,49.89254918900559,50.0,30.746835085042445,330.50066661461153,623.5651093238893
208.9,1.8540561818071442,2.0,24.705882352941178,49.88837092254738,50.0,30.79327342804438,330.4678361484128,623.5897127640022
209.0,1.8539203954717636,2.0,24.705882352941178,49.88421246999434,50.0,30.840055807790232,330.4350551936567,623.6142732030493
209.10000000000002,1.8537846189913842,2.0,24.705882352941178,49.88007402274974,50.0,30.887178304004916,330.4023235618194,623.6387908019574
209.20000000000002,1.8536488523656522,2.0,24.705882352941178,49.875955770316125,50.0,30.93463698861486,330.3696410633829,623.6632657224607
209.3,1.8535130955942125,2.0,24.705882352941178,49.871857900289854,50.0,30.98242792602386,330.33700750785033,623.6876981270872
209.4,1.8533773486767111,2.0,24.705882352941178,49.86778059835552,50.0,31.030547173384566,330.3044227037613,623.7120881791462
209.5,1.8532416116127932,2.0,24.705882352941178,49.86372404828069,50.0,31.078990780872665,330.27188645870746,623.7364360427156
209.60000000000002,1.8531058844021047,2.0,24.705882352941178,49.85968843191097,50.0,31.127754791958683,330.23939857934766,623.7607418826284
209.70000000000002,1.8529701670442909,2.0,24.705882352941178,49.85567392916471,50.0,31.176835243676894,330.20695887142347,623.7850058644608
209.8,1.8528344595389974,2.0,24.705882352941178,49.85168071802832,50.0,31.226228166900274,330.174567139774,623.8092281545189
209.9,1.8526987618858703,2.0,24.705882352941178,49.84770897455127,50.0,31.275929586608253,330.14222318835186,623.8334089198263
210.0,1.8525630740845542,2.0,24.705882352941178,49.84375887284199,50.0,31.325935522159845,330.1099268202377,623.857548328111
210.10000000000002,1.8524273961346949,2.0,24.705882352941178,49.83983058506294,50.0,31.376241987557492,330.0776778376557,623.881646547793
210.20000000000002,1.852291728035938,2.0,24.705882352941178,49.83592428142657,50.0,31.42684499172185,330.0454760419887,623.9057037479718
210.3,1.852156069787929,2.0,24.705882352941178,49.83204013019093,50.0,31.47774053875627,330.0133212337933,623.9297200984132
210.4,1.8520204213903133,2.0,24.705882352941178,49.82817829765594,50.0,31.528924628217,329.981213212815,623.9536957695376
210.5,1.8518847828427363,2.0,24.705882352941178,49.82433894815921,50.0,31.580393255376954,329.94915177800306,623.9776309324069
210.60000000000002,1.8517491541448436,2.0,24.705882352941178,49.82052224407255,50.0,31.632142411495156,329.9171367275255,624.0015257587116
210.70000000000002,1.85161353529628,2.0,24.705882352941178,49.81672834579791,50.0,31.684168084079587,329.8851678587841,624.0253804207596
210.8,1.8514779262966912,2.0,24.705882352941178,49.812957411764614,50.0,31.73646625715689,329.8532449684296,624.0491950914621
210.9,1.8513423271457232,2.0,24.705882352941178,49.80920959842524,50.0,31.789032911528846,329.82136785237606,624.0729699443228
211.0,1.851206737843021,2.0,24.705882352941178,49.80548506025292,50.0,31.841864025044952,329.7895363058163,624.0967051534242
211.10000000000002,1.8510711583882298,2.0,24.705882352941178,49.80178394973814,50.0,31.894955572859065,329.7577501232362,624.120400893416
211.20000000000002,1.850935588780995,2.0,24.705882352941178,49.79810641738578,50.0,31.948303527693675,329.7260090984294,624.1440573395028
211.3,1.850800029020962,2.0,24.705882352941178,49.79445261171247,50.0,32.00190386010137,329.69431302451284,624.1676746674315
211.4,1.8506644791077762,2.0,24.705882352941178,49.79082267924355,50.0,32.055752538724256,329.66266169394027,624.191253053479
211.5,1.8505289390410826,2.0,24.705882352941178,49.78721676451113,50.0,32.10984553055766,329.63105489851785,624.2147926744404
211.60000000000002,1.8503934088205265,2.0,24.705882352941178,49.783635010051285,50.0,32.16417880120267,329.59949242941815,624.2382937076165
211.70000000000002,1.8502578884457537,2.0,24.705882352941178,49.78007755640175,50.0,32.218748315130114,329.56797407719506,624.261756330802
211.8,1.850122377916409,2.0,24.705882352941178,49.77654454210011,50.0,32.27355003593757,329.536499631798,624.2851807222729
211.9,1.8499868772321377,2.0,24.705882352941178,49.77303610368182,50.0,32.32857992660286,329.50506888258667,624.3085670607749
212.0,1.8498513863925854,2.0,24.705882352941178,49.76955237567813,50.0,32.383833949740705,329.4736816183452,624.3319155255114
212.10000000000002,1.8497159053973966,2.0,24.705882352941178,49.76609349061448,50.0,32.43930806785961,329.44233762729664,624.355226296131
212.20000000000002,1.8495804342462172,2.0,24.705882352941178,49.762659579008925,50.0,32.49499824361501,329.41103669711725,624.3784995527162
212.3,1.8494449729386924,2.0,24.705882352941178,49.759250769370794,50.0,32.550900440062186,329.37977861495096,624.4017354757711
212.4,1.849309521474467,2.0,24.705882352941178,49.75586718819915,50.0,32.607010620907886,329.3485631674234,624.4249342462098
212.5,1.8491740798531864,2.0,24.705882352941178,49.75250895998198,50.0,32.663324750764204,329.3173901406559,624.4480960453441
212.60000000000002,1.8490386480744958,2.0,24.705882352941178,49.74917620719475,50.0,32.719838795394736,329.2862593202802,624.4712210548722
212.70000000000002,1.8489032261380403,2.0,24.705882352941178,49.7458690502998,50.0,32.776548721969334,329.25517049145196,624.4943094568672
212.8,1.8487678140434647,2.0,24.705882352941178,49.742587607745406,50.0,32.83345049930838,329.224123438865,624.5173614337646
212.9,1.8486324117904143,2.0,24.705882352941178,49.739331995965244,50.0,32.890540098132995,329.1931179467655,624.540377168351
213.0,1.8484970193785344,2.0,24.705882352941178,49.73610232937773,50.0,32.947813491309994,329.1621537989657,624.563356843753
213.10000000000002,1.8483616368074702,2.0,24.705882352941178,49.732898720385776,50.0,33.00526665409949,329.1312307788578,624.5863006434249
213.20000000000002,1.8482262640768663,2.0,24.705882352941178,49.72972127937646,50.0,33.0628955643977,329.1003486694278,624.6092087511374
213.3,1.8480909011863684,2.0,24.705882352941178,49.72657011472097,50.0,33.120696202981755,329.0695072532694,624.6320813509666
213.4,1.8479555481356214,2.0,24.705882352941178,49.72344533277453,50.0,33.17866455375153,329.03870631259787,624.6549186272815
213.5,1.8478202049242696,2.0,24.705882352941178,49.720347037876536,50.0,33.236796603971996,329.0079456292632,624.6777207647335
213.60000000000002,1.8476848715519592,2.0,24.705882352941178,49.71727533235105,50.0,33.295088344513886,328.97722498476435,624.700487948245
213.70000000000002,1.8475495480183344,2.0,24.705882352941178,49.714230316506644,50.0,33.35353577009063,328.94654416026253,624.7232203629974
213.8,1.8474142343230404,2.0,24.705882352941178,49.71121208863758,50.0,33.41213487950293,328.9159029365947,624.7459181944206
213.9,1.8472789304657224,2.0,24.705882352941178,49.70822074502399,50.0,33.47088167586824,328.8853010942873,624.7685816281814
214.0,1.847143636446025,2.0,24.705882352941178,49.70525637993268,50.0,33.5297721668631,328.8547384135693,624.7912108501727
214.10000000000002,1.8470083522635934,2.0,24.705882352941178,49.702319085618456,50.0,33.58880236495716,328.82421467438587,624.8138060465013
214.20000000000002,1.8468730779180724,2.0,24.705882352941178,49.69940895232463,50.0,33.647968287642534,328.7937296564118,624.8363674034782
214.3,1.8467378134091073,2.0,24.705882352941178,49.69652606828424,50.0,33.70726595767338,328.7632831390644,624.8588951076067
214.4,1.8466025587363428,2.0,24.705882352941178,49.69367051972176,50.0,33.76669140329551,328.73287490151694,624.8813893455715
214.5,1.8464673138994239,2.0,24.705882352941178,49.690842390853845,50.0,33.82624065847291,328.70250472271175,624.9038503042282
214.60000000000002,1.846332078897995,2.0,24.705882352941178,49.68804176389142,50.0,33.88590976312467,328.67217238137357,624.9262781705916
214.70000000000002,1.8461968537317017,2.0,24.705882352941178,49.68526871904089,50.0,33.945694763346125,328.64187765602213,624.9486731318256
214.8,1.8460616384001887,2.0,24.705882352941178,49.68252333450636,50.0,34.00559171164164,328.61162032498555,624.9710353752318
214.9,1.8459264329031002,2.0,24.705882352941178,49.679805686490795,50.0,34.06559666714517,328.58140016641306,624.9933650882397
215.0,1.845791237240082,2.0,24.705882352941178,49.67711584919891,50.0,34.12570569585283,328.55121695828814,625.0156624583943
215.10000000000002,1.8456560514107783,2.0,24.705882352941178,49.674453894838734,50.0,34.185914870836655,328.52107047844106,625.037927673347
215.20000000000002,1.8455208754148342,2.0,24.705882352941178,49.671819893623876,50.0,34.24622027247403,328.49096050456177,625.0601609208443
215.3,1.8453857092518942,2.0,24.705882352941178,49.669213913776105,50.0,34.306617988667384,328.4608868142127,625.0823623887172
215.4,1.8452505529216034,2.0,24.705882352941178,49.66663602152772,50.0,34.367104115062254,328.4308491848414,625.104532264871
215.5,1.8451154064236066,2.0,24.705882352941178,49.664086281124014,50.0,34.42767475526721,328.40084739379296,625.1266707372744
215.60000000000002,1.8449802697575486,2.0,24.705882352941178,49.661564754826315,50.0,34.48832602107265,328.3708812183228,625.1487779939492
215.70000000000002,1.8448451429230737,2.0,24.705882352941178,49.65907150291457,50.0,34.54905403266306,328.34095043560916,625.1708542229601
215.8,1.844710025919827,2.0,24.705882352941178,49.656606583690234,50.0,34.60985491883535,328.31105482276524,625.1928996124038
215.9,1.8445749187474534,2.0,24.705882352941178,49.65417005347973,50.0,34.67072481721241,328.2811941568519,625.2149143503999
216.0,1.844439821405597,2.0,24.705882352941178,49.651761966637196,50.0,34.731659874451196,328.25136821488996,625.2368986250791
216.10000000000002,1.8443047338939031,2.0,24.705882352941178,49.64938237554787,50.0,34.79265624645908,328.2215767738723,625.2588526245745
216.20000000000002,1.8441696562120162,2.0,24.705882352941178,49.64703133063182,50.0,34.853710098601496,328.19181961077607,625.28077653701
216.3,1.844034588359581,2.0,24.705882352941178,49.64470888034714,50.0,34.91481760590757,328.1620965025749,625.3026705504915
216.4,1.843899530336242,2.0,24.705882352941178,49.64241507119351,50.0,34.975974953280605,328.13240722625125,625.3245348530959
216.5,1.8437644821416441,2.0,24.705882352941178,49.64014994771634,50.0,35.037178335704304,328.102751558808,625.346369632862
216.60000000000002,1.843629443775432,2.0,24.705882352941178,49.63791355251033,50.0,35.098423958442815,328.07312927728066,625.3681750777795
216.70000000000002,1.8434944152372497,2.0,24.705882352941178,49.63570592622358,50.0,35.15970803724735,328.0435401587492,625.38995137578
216.8,1.8433593965267425,2.0,24.705882352941178,49.63352710756146,50.0,35.22102679855597,328.0139839803501,625.4116987147266
216.9,1.8432243876435548,2.0,24.705882352941178,49.631377133291096,50.0,35.28237647969626,327.9844605192878,625.4334172824047
217.0,1.843089388587331,2.0,24.705882352941178,49.629256038245444,50.0,35.34375332908076,327.9549695528468,625.4551072665109
217.10000000000002,1.8429543993577158,2.0,24.705882352941178,49.62716385532781,50.0,35.4051536064071,327.9255108584032,625.4767688546453
217.20000000000002,1.8428194199543535,2.0,24.705882352941178,49.62510061551643,50.0,35.46657358285282,327.89608421343615,625.4984022343004
217.3,1.8426844503768893,2.0,24.705882352941178,49.62306634786887,50.0,35.52800954126935,327.8666893955397,625.5200075928517
217.4,1.842549490624967,2.0,24.705882352941178,49.621061079526896,50.0,35.58945777637792,327.8373261824342,625.5415851175484
217.5,1.8424145406982317,2.0,24.705882352941178,49.61908483572125,50.0,35.650914594959325,327.80799435197747,625.5631349955042
217.60000000000002,1.8422796005963276,2.0,24.705882352941178,49.61713763977684,50.0,35.71237631604526,327.7786936821767,625.5846574136872
217.70000000000002,1.842144670318899,2.0,24.705882352941178,49.615219513117324,50.0,35.773839271104855,327.7494239511994,625.6061525589106
217.8,1.8420097498655907,2.0,24.705882352941178,49.6133304752708,50.0,35.83529980423714,327.72018493738466,625.6276206178239
217.9,1.8418748392360473,2.0,24.705882352941178,49.61147054387442,50.0,35.89675427235085,327.6909764192545,625.6490617769031
218.0,1.841739938429913,2.0,24.705882352941178,49.6096397346804,50.0,35.958199045356686,327.66179817552506,625.6704762224416
218.10000000000002,1.841605047446832,2.0,24.705882352941178,49.607838061560926,50.0,36.01963050634246,327.63264998511744,625.6918641405412
218.20000000000002,1.8414701662864488,2.0,24.705882352941178,49.60606553651405,50.0,36.08104505176185,327.603531627169,625.7132257171024
218.3,1.841335294948408,2.0,24.705882352941178,49.60432216966922,50.0,36.14243909160995,327.5744428810441,625.7345611378162
218.4,1.8412004334323546,2.0,24.705882352941178,49.60260796929299,50.0,36.203809049604246,327.54538352634495,625.7558705881542
218.5,1.841065581737932,2.0,24.705882352941178,49.60092294179498,50.0,36.265151363361696,327.5163533429228,625.7771542533599
218.60000000000002,1.840930739864785,2.0,24.705882352941178,49.599267091733736,50.0,36.32646248457397,327.4873521108885,625.7984123184399
218.70000000000002,1.840795907812558,2.0,24.705882352941178,49.597640421822746,50.0,36.3877388791823,327.4583796106232,625.8196449681551
218.8,1.840661085580895,2.0,24.705882352941178,49.59604293293688,50.0,36.448977027550995,327.4294356227888,625.8408523870112
218.9,1.8405262731694407,2.0,24.705882352941178,49.59447462411811,50.0,36.51017342463523,327.400519928339,625.8620347592508
219.0,1.8403914705778393,2.0,24.705882352941178,49.59293549258223,50.0,36.57132458015709,327.3716323085295,625.8831922688444
219.10000000000002,1.840256677805735,2.0,24.705882352941178,49.59142553372516,50.0,36.63242701876845,327.3427725449287,625.9043250994811
219.20000000000002,1.8401218948527722,2.0,24.705882352941178,49.5899447411295,50.0,36.693477280220385,327.3139404194279,625.925433434561
219.3,1.8399871217185955,2.0,24.705882352941178,49.58849310657115,50.0,36.754471919527276,327.2851357142516,625.9465174571858
219.4,1.8398523584028483,2.0,24.705882352941178,49.58707062002583,50.0,36.81540750713093,327.2563582119682,625.9675773501505
219.5,1.8397176049051756,2.0,24.705882352941178,49.58567726967607,50.0,36.87628062906436,327.2276076954998,625.988613295935
219.60000000000002,1.8395828612252214,2.0,24.705882352941178,49.58431304191805,50.0,36.93708788711017,327.19888394813256,626.009625476696
219.70000000000002,1.8394481273626302,2.0,24.705882352941178,49.58297792136875,50.0,36.997825898960656,327.1701867535268,626.0306140742576
219.8,1.8393134033170455,2.0,24.705882352941178,49.5816718908726,50.0,37.05849129837337,327.1415158957271,626.0515792701045
219.9,1.8391786890881119,2.0,24.705882352941178,49.58039493150898,50.0,37.119080735331586,327.11287115917185,626.0725212453725
220.0,1.8390439846754743,2.0,24.705882352941178,49.57914702259916,50.0,37.179590876194425,327.0842523287038,626.0934401808408
220.10000000000002,1.8389092900787758,2.0,24.705882352941178,49.57792814171415,50.0,37.240018403853455,327.0556591895797,626.1143362569238
220.20000000000002,1.8387746052976615,2.0,24.705882352941178,49.57673826468141,50.0,37.30036001787818,327.0270915274798,626.1352096536626
220.3,1.8386399303317746,2.0,24.705882352941178,49.57557736559289,50.0,37.36061243467383,326.9985491285179,626.1560605507178
220.4,1.83850526518076,2.0,24.705882352941178,49.57444541681235,50.0,37.42077238762238,326.9700317792509,626.1768891273606
220.5,1.8383706098442616,2.0,24.705882352941178,49.573342388983065,50.0,37.48083662723325,326.94153926668855,626.1976955624652
220.60000000000002,1.8382359643219233,2.0,24.705882352941178,49.572268251035666,50.0,37.54080192128709,326.9130713783028,626.2184800345015
220.70000000000002,1.8381013286133894,2.0,24.705882352941178,49.571222970195834,50.0,37.600665054978215,326.88462790203744,626.2392427215259
220.8,1.8379667027183033,2.0,24.705882352941178,49.57020651199218,50.0,37.66042283105824,326.85620862631737,626.2599838011749
220.9,1.8378320866363098,2.0,24.705882352941178,49.56921884026451,50.0,37.72007206997603,326.8278133400581,626.2807034506566
221.0,1.837697480367053,2.0,24.705882352941178,49.56825991717159,50.0,37.779609610013694,326.7994418326751,626.3014018467431
221.10000000000002,1.837562883910177,2.0,24.705882352941178,49.56732970319939,50.0,37.839032307427,326.7710938940927,626.322079165763
221.20000000000002,1.8374282972653255,2.0,24.705882352941178,49.56642815716924,50.0,37.898337036579186,326.7427693147537,626.3427355835936
221.3,1.8372937204321427,2.0,24.705882352941178,49.56555523624638,50.0,37.95752069007598,326.7144678856282,626.3633712756537
221.4,1.8371591534102722,2.0,24.705882352941178,49.564710895948,50.0,38.016580178894706,326.6861893982229,626.383986416896
221.5,1.8370245961993588,2.0,24.705882352941178,49.5638950901519,50.0,38.07551243251909,326.65793364458966,626.4045811817995
221.60000000000002,1.8368900487990454,2.0,24.705882352941178,49.563107771105024,50.0,38.13431439906503,326.62970041733485,626.4251557443623
221.70000000000002,1.8367555112089766,2.0,24.705882352941178,49.56234888943197,50.0,38.19298304540903,326.6014895096281,626.4457102780942
221.8,1.8366209834287965,2.0,24.705882352941178,49.56161839414358,50.0,38.251515357313934,326.5733007152109,626.4662449560096
221.9,1.8364864654581488,2.0,24.705882352941178,49.56091623264592,50.0,38.30990833955455,326.5451338284056,626.4867599506201
222.0,1.8363519572966776,2.0,24.705882352941178,49.56024235074892,50.0,38.36815901603682,326.51698864412396,626.5072554339276
222.10000000000002,1.8362174589440265,2.0,24.705882352941178,49.559596692675484,50.0,38.426264429921645,326.48886495787565,626.5277315774165
222.20000000000002,1.8360829703998398,2.0,24.705882352941178,49.55897920106992,50.0,38.48422164374096,326.46076256577715,626.5481885520476
222.3,1.835948491663761,2.0,24.705882352941178,49.558389817007594,50.0,38.542027739521366,326.43268126455985,626.5686265282504
222.4,1.8358140227354345,2.0,24.705882352941178,49.55782848000371,50.0,38.599679818892554,326.4046208515787,626.5890456759167
222.5,1.8356795636145031,2.0,24.705882352941178,49.55729512802242,50.0,38.65717500320633,326.3765811248205,626.609446164393
222.60000000000002,1.8355451143006118,2.0,24.705882352941178,49.55678969748618,50.0,38.71451043364876,326.3485618829123,626.6298281624747
222.70000000000002,1.8354106747934038,2.0,24.705882352941178,49.55631212328507,50.0,38.771683271350206,326.3205629251293,626.650191838398
222.8,1.835276245092523,2.0,24.705882352941178,49.555862338785914,50.0,38.82869069749466,326.29258405140354,626.670537359834
222.9,1.8351418251976135,2.0,24.705882352941178,49.55544027584216,50.0,38.88552991342966,326.26462506233156,626.6908648938822
223.0,1.8350074151083184,2.0,24.705882352941178,49.55504586480265,50.0,38.94219814076784,326.23668575918276,626.7111746070634
223.10000000000002,1.8348730148242822,2.0,24.705882352941178,49.55467903452194,50.0,38.998692621499096,326.20876594390717,626.7314666653131
223.20000000000002,1.8347386243451487,2.0,24.705882352941178,49.55433971236937,50.0,39.05501061808456,326.1808654191434,626.7517412339753
223.3,1.834604243670561,2.0,24.705882352941178,49.55402782423903,50.0,39.11114941356451,326.15298398822665,626.771998477796
223.4,1.8344698728001632,2.0,24.705882352941178,49.55374329455924,50.0,39.167106311654095,326.1251214551965,626.7922385609164
223.5,1.8343355117335993,2.0,24.705882352941178,49.55348604630257,50.0,39.222878636844186,326.09727762480435,626.812461646867
223.60000000000002,1.8342011604705128,2.0,24.705882352941178,49.55325600099559,50.0,39.27846373449504,326.0694523025213,626.832667898561
223.70000000000002,1.8340668190105474,2.0,24.705882352941178,49.55305307872874,50.0,39.333858970932,326.041645294546,626.8528574782883
223.8,1.8339324873533465,2.0,24.705882352941178,49.5528771981663,50.0,39.38906173353911,326.0138564078117,626.8730305477088
223.9,1.833798165498554,2.0,24.705882352941178,49.552728276556365,50.0,39.44406943084982,325.98608544999394,626.893187267847
224.0,1.8336638534458138,2.0,24.705882352941178,49.552606229741,50.0,39.49887949263753,325.9583322295183,626.9133277990853
224.10000000000002,1.8335295511947691,2.0,24.705882352941178,49.55251097216643,50.0,39.55348937000237,325.9305965555672,626.9334523011582
224.20000000000002,1.8333952587450635,2.0,24.705882352941178,49.552442416893086,50.0,39.607896535457385,325.90287823808745,626.9535609331464
224.3,1.8332609760963412,2.0,24.705882352941178,49.55240047560579,50.0,39.66209848301452,325.8751770877975,626.9736538534704
224.4,1.8331267032482457,2.0,24.705882352941178,49.55238505862417,50.0,39.716092728268066,325.84749291619477,626.9937312198855
224.5,1.83299244020042,2.0,24.705882352941178,49.552396074912906,50.0,39.769876808474834,325.81982553556225,627.013793189475
224.60000000000002,1.8328581869525082,2.0,24.705882352941178,49.55243343209207,50.0,39.82344828263465,325.7921747589761,627.033839918645
224.70000000000002,1.8327239435041542,2.0,24.705882352941178,49.55249703644779,50.0,39.87680473156941,325.76454040031234,627.0538715631187
224.8,1.8325897098550008,2.0,24.705882352941178,49.55258679294246,50.0,39.929943757996845,325.7369222742536,627.0738882779302
224.9,1.8324554860046918,2.0,24.705882352941178,49.55270260522525,50.0,39.98286298660844,325.70932019629635,627.0938902174197
225.0,1.8323212719528708,2.0,24.705882352941178,49.552844375643076,50.0,40.0355600641429,325.68173398275746,627.1138775352274
225.10000000000002,1.8321870676991812,2.0,24.705882352941178,49.553012005250764,50.0,40.088032659453035,325.6541634507809,627.1338503842878
225.20000000000002,1.8320528732432664,2.0,24.705882352941178,49.55320539382171,50.0,40.140278463581716,325.6266084183446,627.1538089168251
225.3,1.8319186885847702,2.0,24.705882352941178,49.5534244398591,50.0,40.192295189829,325.59906870426676,627.1737532843468
225.4,1.8317845137233362,2.0,24.705882352941178,49.55366904060605,50.0,40.24408057381393,325.5715441282125,627.1936836376394
225.5,1.8316503486586078,2.0,24.705882352941178,49.55393909205674,50.0,40.295632373546454,325.5440345107006,627.2136001267618
225.60000000000002,1.831516193390228,2.0,24.705882352941178,49.554234488967154,50.0,40.346948369486704,325.5165396731095,627.2335029010411
225.70000000000002,1.8313820479178406,2.0,24.705882352941178,49.554555124866226,50.0,40.398026364607844,325.4890594376837,627.2533921090672
225.8,1.8312479122410887,2.0,24.705882352941178,49.554900892066144,50.0,40.44886418445401,325.46159362754014,627.2732678986878
225.9,1.8311137863596163,2.0,24.705882352941178,49.55527168167379,50.0,40.499459677205046,325.4341420666746,627.2931304170027
226.0,1.8309796702730663,2.0,24.705882352941178,49.555667383601644,50.0,40.54981071372759,325.4067045799676,627.3129798103594
226.10000000000002,1.8308455639810821,2.0,24.705882352941178,49.556087886578666,50.0,40.59991518763211,325.3792809931903,627.3328162243479
226.20000000000002,1.8307114674833074,2.0,24.705882352941178,49.556533078161635,50.0,40.64977101532816,325.35187113301106,627.3526398037957
226.3,1.830577380779385,2.0,24.705882352941178,49.55700284474585,50.0,40.69937613607312,325.32447482700104,627.3724506927634
226.4,1.8304433038689587,2.0,24.705882352941178,49.55749707157668,50.0,40.748728512027384,325.29709190363997,627.3922490345393
226.5,1.8303092367516718,2.0,24.705882352941178,49.55801564276044,50.0,40.797826128298375,325.2697221923225,627.4120349716349
226.60000000000002,1.830175179427168,2.0,24.705882352941178,49.558558441275636,50.0,40.84666699299116,325.24236552336333,627.4318086457802
226.70000000000002,1.8300411318950898,2.0,24.705882352941178,49.55912534898454,50.0,40.89524913725362,325.2150217280034,627.4515701979193
226.8,1.829907094155081,2.0,24.705882352941178,49.5597162466438,50.0,40.943570615316865,325.1876906384152,627.4713197682054
226.9,1.8297730662067844,2.0,24.705882352941178,49.56033101391648,50.0,40.99162950454477,325.16037208770854,627.4910574959964
227.0,1.829639048049844,2.0,24.705882352941178,49.56096952938276,50.0,41.03942390546652,325.13306590993625,627.5107835198507
227.10000000000002,1.829505039683902,2.0,24.705882352941178,49.56163167055166,50.0,41.08695194182317,325.1057719400991,627.5304979775223
227.20000000000002,1.829371041108603,2.0,24.705882352941178,49.56231731387231,50.0,41.1342117606005,325.0784900141516,627.5502010059564
227.3,1.829237052323589,2.0,24.705882352941178,49.563026334745416,50.0,41.18120153206712,325.0512199690074,627.5698927412861
227.4,1.829103073328504,2.0,24.705882352941178,49.56375860753457,50.0,41.22791944980794,325.02396164254384,627.589573318827
227.5,1.828969104122991,2.0,24.705882352941178,49.56451400557796,50.0,41.274363730758495,324.9967148736081,627.6092428730733
227.60000000000002,1.8288351447066933,2.0,24.705882352941178,49.56529240119954,50.0,41.32053261523349,324.9694795020216,627.6289015376937
227.70000000000002,1.8287011950792535,2.0,24.705882352941178,49.5660936657207,50.0,41.36642436696053,324.94225536858556,627.6485494455275
227.8,1.8285672552403154,2.0,24.705882352941178,49.56691766947188,50.0,41.412037273105625,324.9150423150856,627.6681867285802
227.9,1.828433325189522,2.0,24.705882352941178,49.5677642818041,50.0,41.45736964429955,324.88784018429703,627.6878135180198
228.0,1.8282994049265162,2.0,24.705882352941178,49.568633371100475,50.0,41.502419814663156,324.8606488199893,627.7074299441729
228.10000000000002,1.8281654944509418,2.0,24.705882352941178,49.56952480478776,50.0,41.54718614183182,324.83346806693135,627.7270361365203
228.20000000000002,1.8280315937624407,2.0,24.705882352941178,49.57043844934822,50.0,41.591667006977175,324.80629777089575,627.7466322236937
228.3,1.8278977028606571,2.0,24.705882352941178,49.57137417033101,50.0,41.635860814825406,324.7791377786639,627.7662183334721
228.4,1.8277638217452337,2.0,24.705882352941178,49.572331832364,50.0,41.679765993678636,324.75198793803025,627.7857945927769
228.5,1.8276299504158133,2.0,24.705882352941178,49.57331129916537,50.0,41.72338099543067,324.7248480978073,627.80536112767
228.60000000000002,1.8274960888720393,2.0,24.705882352941178,49.574312433555235,50.0,41.76670429558312,324.6977181078295,627.8249180633488
228.70000000000002,1.8273622371135547,2.0,24.705882352941178,49.57533509746753,50.0,41.80973439326056,324.67059781895824,627.8444655241431
228.8,1.827228395140002,2.0,24.705882352941178,49.57637915196176,50.0,41.85246981122124,324.6434870830858,627.8640036335115
228.9,1.8270945629510251,2.0,24.705882352941178,49.57744445723455,50.0,41.89490909586812,324.61638575313987,627.8835325140384
229.0,1.8269607405462667,2.0,24.705882352941178,49.57853087263146,50.0,41.93705081726055,324.58929368308753,627.9030522874299
229.10000000000002,1.8268269279253695,2.0,24.705882352941178,49.579638256658995,50.0,41.978893569121226,324.5622107279399,627.9225630745111
229.20000000000002,1.8266931250879765,2.0,24.705882352941178,49.580766466995954,50.0,42.02043596884063,324.5351367437556,627.9420649952224
229.3,1.826559332033731,2.0,24.705882352941178,49.58191536050555,50.0,42.0616766574866,324.5080715876453,627.9615581686163
229.4,1.8264255487622758,2.0,24.705882352941178,49.58308479324705,50.0,42.10261429980391,324.4810151177755,627.9810427128544
229.5,1.8262917752732537,2.0,24.705882352941178,49.584274620487975,50.0,42.14324758421839,324.4539671933723,628.0005187452043
229.60000000000002,1.8261580115663076,2.0,24.705882352941178,49.58548469671513,50.0,42.18357522283364,324.4269276747255,628.0199863820362
229.70000000000002,1.826024257641081,2.0,24.705882352941178,49.58671487564732,50.0,42.223595951438135,324.39989642319216,628.0394457388204
229.8,1.8258905134972159,2.0,24.705882352941178,49.58796501024659,50.0,42.26330852949287,324.3728733012005,628.0588969301238
229.9,1.8257567791343556,2.0,24.705882352941178,49.589234952730294,50.0,42.30271174013492,324.3458581722533,628.0783400696072
230.0,1.8256230545521435,2.0,24.705882352941178,49.59052455458294,50.0,42.34180439016881,324.3188509009318,628.0977752700229
230.10000000000002,1.825489339750222,2.0,24.705882352941178,49.59183366656805,50.0,42.380585310059786,324.29185135289896,628.1172026432112
230.20000000000002,1.8253556347282338,2.0,24.705882352941178,49.593162138739956,50.0,42.41905335392584,324.264859394903,628.136622300098
230.3,1.8252219394858218,2.0,24.705882352941178,49.59450982045581,50.0,42.457207399528194,324.23787489478076,628.1560343506922
230.4,1.825088254022629,2.0,24.705882352941178,49.59587656038724,50.0,42.49504634825875,324.2108977214611,628.1754389040827
230.5,1.8249545783382983,2.0,24.705882352941178,49.59726220653255,50.0,42.532569125129726,324.183927744968,628.1948360684364
230.60000000000002,1.824820912432472,2.0,24.705882352941178,49.598666606228164,50.0,42.569774678755586,324.156964836424,628.2142259509951
230.70000000000002,1.824687256304793,2.0,24.705882352941178,49.60008960616091,50.0,42.60666198134267,324.13000886805315,628.2336086580734
230.8,1.8245536099549042,2.0,24.705882352941178,49.60153105237964,50.0,42.64323002866716,324.1030597131842,628.2529842950563
230.9,1.8244199733824487,2.0,24.705882352941178,49.60299079030705,50.0,42.67947784005974,324.0761172462534,628.2723529663964
231.0,1.824286346587069,2.0,24.705882352941178,49.604468664751835,50.0,42.71540445838632,324.04918134280746,628.291714775612
231.10000000000002,1.8241527295684075,2.0,24.705882352941178,49.60596451992035,50.0,42.75100895002303,324.0222518795066,628.3110698252852
231.20000000000002,1.824019122326107,2.0,24.705882352941178,49.607478199428556,50.0,42.786290404837025,323.9953287341274,628.3304182170585
231.3,1.823885524859811,2.0,24.705882352941178,49.60900954631393,50.0,42.82124793616056,323.96841178556525,628.349760051634
231.4,1.823751937169161,2.0,24.705882352941178,49.610558403047094,50.0,42.85588068076559,323.9415009138371,628.3690954287705
231.5,1.8236183592538007,2.0,24.705882352941178,49.612124611544004,50.0,42.890187798839015,323.91459600008426,628.3884244472817
231.60000000000002,1.8234847911133722,2.0,24.705882352941178,49.613708013177416,50.0,42.92416847395096,323.88769692657496,628.4077472050345
231.70000000000002,1.823351232747518,2.0,24.705882352941178,49.615308448789165,50.0,42.95782191302938,323.8608035767064,628.4270637989465
231.8,1.823217684155881,2.0,24.705882352941178,49.61692575870171,50.0,42.99114734632401,323.8339158350077,628.4463743249846
231.9,1.8230841453381041,2.0,24.705882352941178,49.61855978273002,50.0,43.02414402737784,323.80703358714186,628.4656788781631
232.0,1.8229506162938294,2.0,24.705882352941178,49.620210360193425,50.0,43.05681123299227,323.78015671990835,628.4849775525415
232.10000000000002,1.8228170970226996,2.0,24.705882352941178,49.62187732992737,50.0,43.08914826319158,323.753285121245,628.5042704412236
232.20000000000002,1.8226835875243579,2.0,24.705882352941178,49.62356053029515,50.0,43.12115444118765,323.7264186802306,628.5235576363551
232.3,1.822550087798446,2.0,24.705882352941178,49.62525979920008,50.0,43.15282911334233,323.69955728708635,628.5428392291228
232.4,1.8224165978446067,2.0,24.705882352941178,49.62697497409687,50.0,43.184171649124586,323.67270083317857,628.5621153097521
232.5,1.8222831176624827,2.0,24.705882352941178,49.62870589200338,50.0,43.21518144107495,323.64584921102033,628.5813859675063
232.60000000000002,1.8221496472517167,2.0,24.705882352941178,49.6304523895127,50.0,43.245857904762985,323.6190023142732,628.6006512906846
232.70000000000002,1.822016186611951,2.0,24.705882352941178,49.632214302804584,50.0,43.27620047874133,323.59216003774924,628.6199113666213
232.8,1.8218827357428282,2.0,24.705882352941178,49.63399146765721,50.0,43.30620862450455,323.56532227741286,628.6391662816839
232.9,1.8217492946439906,2.0,24.705882352941178,49.63578371945931,50.0,43.33588182644319,323.5384889303824,628.6584161212725
233.0,1.821615863315081,2.0,24.705882352941178,49.637590893221216,50.0,43.36521959179232,323.5116598949319,628.6776609698178
233.10000000000002,1.8214824417557416,2.0,24.705882352941178,49.639412823586895,50.0,43.39422145059093,323.4848350704924,628.6969009107806
233.20000000000002,1.821349029965615,2.0,24.705882352941178,49.641249344845676,50.0,43.42288695562752,323.4580143576538,628.7161360266504
233.3,1.8212156279443437,2.0,24.705882352941178,49.643100290943835,50.0,43.45121568238959,323.4311976581658,628.7353663989439
233.4,1.8210822356915697,2.0,24.705882352941178,49.64496549549591,50.0,43.479207229012296,323.40438487493986,628.7545921082054
233.5,1.8209488532069356,2.0,24.705882352941178,49.646844791796866,50.0,43.50686121622835,323.3775759120501,628.7738132340044
233.60000000000002,1.820815480490084,2.0,24.705882352941178,49.64873801283318,50.0,43.534177287307315,323.3507706747348,628.7930298549351
233.70000000000002,1.8206821175406573,2.0,24.705882352941178,49.65064499129471,50.0,43.561155108006126,323.32396906939744,628.8122420486163
233.8,1.8205487643582983,2.0,24.705882352941178,49.65256555958615,50.0,43.58779436650805,323.29717100360773,628.8314498916895
233.9,1.8204154209426482,2.0,24.705882352941178,49.65449954983865,50.0,43.61409477336639,323.27037638610284,628.8506534598191
234.0,1.8202820872933498,2.0,24.705882352941178,49.65644679392102,50.0,43.640056061443666,323.24358512678833,628.8698528276913
234.10000000000002,1.820148763410046,2.0,24.705882352941178,49.65840712345158,50.0,43.6656779858544,323.216797136739,628.8890480690133
234.20000000000002,1.8200154492923788,2.0,24.705882352941178,49.66038036980939,50.0,43.69096032389935,323.1900123281998,628.9082392565133
234.3,1.8198821449399907,2.0,24.705882352941178,49.662366364145726,50.0,43.71590287500528,323.1632306145869,628.9274264619397
234.4,1.8197488503525234,2.0,24.705882352941178,49.664364937395646,50.0,43.74050546066003,323.1364519104877,628.9466097560602
234.5,1.8196155655296198,2.0,24.705882352941178,49.66637592028911,50.0,43.764767924346025,323.1096761316623,628.9657892086625
234.60000000000002,1.8194822904709218,2.0,24.705882352941178,49.66839914336248,50.0,43.78869013147651,323.0829031950435,628.9849648885527
234.70000000000002,1.8193490251760713,2.0,24.705882352941178,49.6704344369698,50.0,43.81227196932629,323.0561330187378,629.0041368635558
234.8,1.8192157696447115,2.0,24.705882352941178,49.67248163129432,50.0,43.83551334696343,323.0293655220254,629.0233052005152
234.9,1.8190825238764845,2.0,24.705882352941178,49.67454055635949,50.0,43.85841419517757,323.0026006253611,629.042469965293
235.0,1.8189492878710318,2.0,24.705882352941178,49.676611042040236,50.0,43.880974466411764,322.9758382503742,629.0616312227687
235.10000000000002,1.818816061627996,2.0,24.705882352941178,49.67869291807426,50.0,43.903194134689805,322.949078319869,629.0807890368405
235.20000000000002,1.8186828451470196,2.0,24.705882352941178,49.68078601407336,50.0,43.925073195542126,322.92232075782505,629.0999434704244
235.3,1.818549638427744,2.0,24.705882352941178,49.68289015953434,50.0,43.94661166593037,322.8955654893972,629.1190945854545
235.4,1.818416441469812,2.0,24.705882352941178,49.685005183850365,50.0,43.967809584174695,322.86881244091575,629.1382424428829
235.5,1.8182832542728655,2.0,24.705882352941178,49.687130916321735,50.0,43.98866700987434,322.8420615398864,629.1573871026802
235.60000000000002,1.8181500768365466,2.0,24.705882352941178,49.6892671861674,50.0,44.00918402383408,322.81531271499017,629.1765286238357
235.70000000000002,1.8180169091604979,2.0,24.705882352941178,49.69141382253554,50.0,44.02936072798009,322.78856589608347,629.1956670643568
235.8,1.8178837512443609,2.0,24.705882352941178,49.69357065451493,50.0,44.04919724528577,322.76182101419784,629.2148024812707
235.9,1.8177506030877777,2.0,24.705882352941178,49.695737511145694,50.0,44.068693719686344,322.7350780015395,629.2339349306235
236.0,1.8176174646903909,2.0,24.705882352941178,49.69791422143038,50.0,44.087850315999994,322.7083367914894,629.2530644674812
236.10000000000002,1.8174843360518422,2.0,24.705882352941178,49.70010061434459,50.0,44.10666721984301,322.6815973186027,629.2721911459302
236.20000000000002,1.8173512171717738,2.0,24.705882352941178,49.70229651884824,50.0,44.12514463754892,322.6548595186084,629.2913150190772
236.3,1.817218108049828,2.0,24.705882352941178,49.70450176389602,50.0,44.14328279607905,322.6281233284086,629.3104361390507
236.4,1.817085008685646,2.0,24.705882352941178,49.706716178448346,50.0,44.16108194294107,322.6013886860784,629.3295545570008
236.5,1.8169519190788708,2.0,24.705882352941178,49.70893959148219,50.0,44.17854234609954,322.5746555308648,629.3486703231007
236.60000000000002,1.8168188392291438,2.0,24.705882352941178,49.711171832001696,50.0,44.19566429388787,322.54792380318634,629.3677834865463
236.70000000000002,1.8166857691361071,2.0,24.705882352941178,49.7134127290488,50.0,44.21244809492032,322.52119344463233,629.386894095558
236.8,1.8165527087994027,2.0,24.705882352941178,49.71566211171404,50.0,44.22889407800245,322.49446439796174,629.406002197381
236.9,1.8164196582186727,2.0,24.705882352941178,49.71791980914702,50.0,44.24500259203856,322.46773660710295,629.4251078382865
237.0,1.816286617393559,2.0,24.705882352941178,49.72018565056692,50.0,44.26077400594159,322.44101001715205,629.4442110635723
237.10000000000002,1.8161535863237037,2.0,24.705882352941178,49.722459465273175,50.0,44.27620870854053,322.41428457437246,629.4633119175637
237.20000000000002,1.8160205650087486,2.0,24.705882352941178,49.724741082655896,50.0,44.29130710848498,322.3875602261936,629.4824104436149
237.3,1.8158875534483352,2.0,24.705882352941178,49.72703033220637,50.0,44.306069634151584,322.36083692120985,629.5015066841103
237.4,1.8157545516421056,2.0,24.705882352941178,49.729327043527235,50.0,44.320496733547536,322.3341146091792,629.5206006804644
237.5,1.8156215595897023,2.0,24.705882352941178,49.73163104634301,50.0,44.33458887421655,322.3073932410222,629.5396924731249
237.60000000000002,1.8154885772907667,2.0,24.705882352941178,49.73394217051049,50.0,44.34834654313935,322.2806727688207,629.5587821015722
237.70000000000002,1.8153556047449404,2.0,24.705882352941178,49.73626024602868,50.0,44.361770246634876,322.25395314581607,629.5778696043217
237.8,1.815222641951866,2.0,24.705882352941178,49.738585103049445,50.0,44.37486051026449,322.22723432640845,629.5969550189245
237.9,1.8150896889111847,2.0,24.705882352941178,49.7409165718874,50.0,44.38761787872727,322.20051626615464,629.6160383819698
238.0,1.8149567456225384,2.0,24.705882352941178,49.743254483030114,50.0,44.4000429157628,322.1737989217668,629.6351197290849
238.10000000000002,1.8148238120855693,2.0,24.705882352941178,49.74559866714833,50.0,44.41213620404792,322.14708225111076,629.6541990949379
238.20000000000002,1.8146908882999184,2.0,24.705882352941178,49.74794895510587,50.0,44.423898345093406,322.1203662132047,629.6732765132391
238.3,1.8145579742652282,2.0,24.705882352941178,49.750305177969494,50.0,44.43532995914173,322.09365076821683,629.6923520167418
238.4,1.8144250699811406,2.0,24.705882352941178,49.75266716701924,50.0,44.44643168506422,322.06693587746395,629.7114256372447
238.5,1.814292175447297,2.0,24.705882352941178,49.75503475375797,50.0,44.4572041802517,322.0402215034094,629.7304974055933
238.60000000000002,1.8141592906633395,2.0,24.705882352941178,49.75740776992143,50.0,44.467648120512955,322.01350760966136,629.7495673516817
238.70000000000002,1.8140264156289092,2.0,24.705882352941178,49.75978604748798,50.0,44.47776419996524,321.9867941609709,629.7686355044547
238.8,1.813893550343648,2.0,24.705882352941178,49.76216941868836,50.0,44.48755313092811,321.9600811232294,629.7877018919091
238.9,1.8137606948071978,2.0,24.705882352941178,49.764557716015474,50.0,44.4970156438148,321.93336846346716,629.806766541096
239.0,1.8136278490192006,2.0,24.705882352941178,49.76695077223394,50.0,44.50615248702255,321.90665614985096,629.8258294781225
239.10000000000002,1.8134950129792975,2.0,24.705882352941178,49.76934842038975,50.0,44.514964426824044,321.8799441516815,629.8448907281539
239.20000000000002,1.8133621866871301,2.0,24.705882352941178,49.77175049381998,50.0,44.52345224725614,321.8532324393916,629.8639503154158
239.3,1.8132293701423408,2.0,24.705882352941178,49.774156826162084,50.0,44.53161675000703,321.8265209845438,629.8830082631957
239.4,1.8130965633445706,2.0,24.705882352941178,49.77656725136342,50.0,44.539458754307,321.79980975982744,629.9020645938459
239.5,1.8129637662934612,2.0,24.705882352941178,49.778981603690625,50.0,44.54697909681426,321.77309873905693,629.9211193287852
239.60000000000002,1.8128309789886543,2.0,24.705882352941178,49.781399717739305,50.0,44.554178631501976,321.7463878971688,629.940172488501
239.70000000000002,1.812698201429792,2.0,24.705882352941178,49.783821428442764,50.0,44.561058229540876,321.7196772102192,629.959224092552
239.8,1.8125654336165153,2.0,24.705882352941178,49.78624657108156,50.0,44.56761877919052,321.6929666553812,629.9782741595704
239.9,1.8124326755484657,2.0,24.705882352941178,49.78867498129296,50.0,44.57386118567966,321.66625621094215,629.9973227072647
240.0,1.812299927225285,2.0,24.705882352941178,49.79110649507976,50.0,44.57978637108816,321.63954585630114,630.016369752421
240.10000000000002,1.8121671886466149,2.0,24.705882352941178,49.793540948819384,50.0,44.585395274233356,321.61283557196566,630.0354153109065
240.20000000000002,1.8120344598120968,2.0,24.705882352941178,49.79597817927305,50.0,44.59068885055238,321.5861253395493,630.0544593976716
240.3,1.8119017407213722,2.0,24.705882352941178,49.79841802359471,50.0,44.59566807198221,321.5594151417685,630.073502026753
240.4,1.8117690313740829,2.0,24.705882352941178,49.800860319339904,50.0,44.60033392684161,321.5327049624397,630.0925432112753
240.5,1.8116363317698698,2.0,24.705882352941178,49.803304904474885,50.0,44.60468741971215,321.5059947864761,630.1115829634546
240.60000000000002,1.8115036419083748,2.0,24.705882352941178,49.805751617385056,50.0,44.608729571315756,321.47928459988486,630.1306212946012
240.70000000000002,1.8113709617892393,2.0,24.705882352941178,49.808200296884024,50.0,44.6124614183978,321.45257438976364,630.1496582151217
240.8,1.8112382914121044,2.0,24.705882352941178,49.81065078222224,50.0,44.615884013602376,321.4258641442976,630.1686937345224
240.9,1.811105630776612,2.0,24.705882352941178,49.81310291309563,50.0,44.618998425351485,321.39915385275594,630.1877278614119
241.0,1.8109729798824032,2.0,24.705882352941178,49.815556529654316,50.0,44.621805737722504,321.37244350548895,630.206760603504
241.10000000000002,1.8108403387291194,2.0,24.705882352941178,49.818011472510875,50.0,44.62430705032395,321.34573309392425,630.2257919676208
241.20000000000002,1.8107077073164028,2.0,24.705882352941178,49.820467582748904,50.0,44.62650347817441,321.3190226105633,630.2448219596955
241.3,1.8105750856438942,2.0,24.705882352941178,49.8229247019317,50.0,44.62839615157738,321.2923120489783,630.2638505847757
241.4,1.810442473711235,2.0,24.705882352941178,49.82538267211038,50.0,44.629986215993696,321.2656014038084,630.2828778470263
241.5,1.8103098715180663,2.0,24.705882352941178,49.82784133583215,50.0,44.631274831919214,321.2388906707559,630.3019037497326
241.60000000000002,1.8101772790640296,2.0,24.705882352941178,49.8303005361488,50.0,44.63226317475904,321.2121798465831,630.3209282953035
241.70000000000002,1.810044696348767,2.0,24.705882352941178,49.83276011662451,50.0,44.63295243469821,321.1854689291082,630.3399514852749
241.8,1.8099121233719189,2.0,24.705882352941178,49.83521992134439,50.0,44.63334381657941,321.1587579172015,630.3589733203128
241.9,1.8097795601331268,2.0,24.705882352941178,49.83767979492228,50.0,44.633438539770744,321.132046810782,630.3779938002164
242.0,1.8096470066320325,2.0,24.705882352941178,49.8401395825087,50.0,44.63323783804092,321.10533561081303,630.397012923922
242.10000000000002,1.8095144628682764,2.0,24.705882352941178,49.84259912979917,50.0,44.63274295943148,321.0786243192986,630.4160306895061
242.20000000000002,1.8093819288415005,2.0,24.705882352941178,49.845058283041624,50.0,44.63195516612371,321.0519129392795,630.4350470941885
242.3,1.8092494045513459,2.0,24.705882352941178,49.84751688904453,50.0,44.630875734315104,321.02520147482886,630.4540621343363
242.4,1.8091168899974537,2.0,24.705882352941178,49.849974795184494,50.0,44.62950595408563,320.99848993104854,630.4730758054671
242.5,1.8089843851794651,2.0,24.705882352941178,49.85243184941413,50.0,44.62784712926964,320.9717783140648,630.4920881022531
242.60000000000002,1.8088518900970219,2.0,24.705882352941178,49.85488790026966,50.0,44.625900577323506,320.9450666310241,630.511099018524
242.70000000000002,1.8087194047497648,2.0,24.705882352941178,49.85734279687824,50.0,44.62366762919514,320.9183548900887,630.5301085472706
242.8,1.8085869291373349,2.0,24.705882352941178,49.85979638896583,50.0,44.621149629194974,320.8916431004329,630.5491166806494
242.9,1.8084544632593735,2.0,24.705882352941178,49.862248526864335,50.0,44.61834793486034,320.864931272238,630.5681234099856
243.0,1.808322007115522,2.0,24.705882352941178,49.86469906151922,50.0,44.615263916826784,320.83821941668845,630.5871287257767
243.10000000000002,1.8081895607054213,2.0,24.705882352941178,49.867147844496685,50.0,44.61189895869264,320.81150754596706,630.6061326176972
243.20000000000002,1.8080571240287122,2.0,24.705882352941178,49.86959472799117,50.0,44.60825445688814,320.7847956732509,630.6251350746016
243.3,1.8079246970850364,2.0,24.705882352941178,49.87203956483222,50.0,44.60433182053928,320.75808381270633,630.6441360845287
243.4,1.8077922798740351,2.0,24.705882352941178,49.8744822084916,50.0,44.600132471337886,320.7313719794847,630.6631356347053
243.5,1.807659872395349,2.0,24.705882352941178,49.87692251309079,50.0,44.59565784340721,320.70466018971763,630.6821337115506
243.60000000000002,1.8075274746486192,2.0,24.705882352941178,49.8793603334077,50.0,44.59090938316317,320.6779484605122,630.7011303006797
243.70000000000002,1.8073950866334874,2.0,24.705882352941178,49.8817955248835,50.0,44.58588854918349,320.6512368099465,630.7201253869077
243.8,1.8072627083495942,2.0,24.705882352941178,49.88422794362964,50.0,44.580596812073324,320.6245252570645,630.7391189542546
243.9,1.8071303397965806,2.0,24.705882352941178,49.8866574464347,50.0,44.575035654327976,320.5978138218715,630.7581109859483
244.0,1.806997980974088,2.0,24.705882352941178,49.88908389077113,50.0,44.569206570197515,320.57110252532914,630.7771014644293
244.10000000000002,1.8068656318817564,2.0,24.705882352941178,49.89150713480166,50.0,44.56311106555074,320.54439138935055,630.7960903713549
244.20000000000002,1.8067332925192283,2.0,24.705882352941178,49.89392703738628,50.0,44.55675065774218,320.5176804367953,630.8150776876037
244.3,1.8066009628861437,2.0,24.705882352941178,49.89634345808861,50.0,44.55012687547067,320.4909696914643,630.834063393279
244.4,1.806468642982144,2.0,24.705882352941178,49.89875625718247,50.0,44.543241258645956,320.4642591780949,630.8530474677146
244.5,1.8063363328068702,2.0,24.705882352941178,49.90116529565813,50.0,44.536095358250115,320.43754892235586,630.8720298894774
244.60000000000002,1.8062040323599626,2.0,24.705882352941178,49.9035704352288,50.0,44.52869073620224,320.41083895084194,630.891010636373
244.70000000000002,1.806071741641063,2.0,24.705882352941178,49.9059715383367,50.0,44.52102896521942,320.38412929106875,630.9099896854499
244.8,1.8059394606498123,2.0,24.705882352941178,49.90836846815961,50.0,44.51311162868136,320.3574199714679,630.9289670130038
244.9,1.8058071893858505,2.0,24.705882352941178,49.91076108861671,50.0,44.504940320488934,320.33071102138103,630.9479425945817
245.0,1.8056749278488196,2.0,24.705882352941178,49.91314926437485,50.0,44.496516644929734,320.3040024710552,630.9669164049878
245.10000000000002,1.8055426760383597,2.0,24.705882352941178,49.915532860854455,50.0,44.48784221653754,320.27729435163695,630.9858884182862
245.20000000000002,1.8054104339541122,2.0,24.705882352941178,49.91791174423554,50.0,44.47891865995525,320.2505866951672,631.0048586078068
245.3,1.8052782015957178,2.0,24.705882352941178,49.92028578146346,50.0,44.46974760979535,320.22387953457593,631.0238269461498
245.4,1.8051459789628173,2.0,24.705882352941178,49.92265484025501,50.0,44.46033071050267,320.1971729036761,631.0427934051897
245.5,1.8050137660550511,2.0,24.705882352941178,49.925018789103774,50.0,44.45066961621247,320.1704668371588,631.0617579560808
245.60000000000002,1.8048815628720611,2.0,24.705882352941178,49.927377497286045,50.0,44.44076599061543,320.14376137058713,631.0807205692611
245.70000000000002,1.8047493694134873,2.0,24.705882352941178,49.92973083486635,50.0,44.43062150681593,320.11705654039093,631.099681214458
245.8,1.8046171856789706,2.0,24.705882352941178,49.93207867270303,50.0,44.42023784719349,320.09035238386105,631.1186398606924
245.9,1.8044850116681521,2.0,24.705882352941178,49.93442088245365,50.0,44.409616703262934,320.06364893914355,631.1375964762838
246.0,1.8043528473806725,2.0,24.705882352941178,49.93675733658051,50.0,44.39875977553562,320.03694624523405,631.156551028855
246.10000000000002,1.804220692816172,2.0,24.705882352941178,49.93908790835576,50.0,44.387668773378586,320.0102443419718,631.1755034853375
246.20000000000002,1.804088547974292,2.0,24.705882352941178,49.9414124718669,50.0,44.37634541487716,319.98354327003415,631.1944538119754
246.3,1.8039564128546735,2.0,24.705882352941178,49.943730902021855,50.0,44.36479142669224,319.9568430709305,631.2134019743318
246.4,1.803824287456956,2.0,24.705882352941178,49.94604307455404,50.0,44.353008543922314,319.93014378699644,631.2323479372919
246.5,1.8036921717807817,2.0,24.705882352941178,49.948348866027516,50.0,44.34099850996389,319.9034454613878,631.25129166507
246.60000000000002,1.8035600658257906,2.0,24.705882352941178,49.95064815384194,50.0,44.32876307637021,319.8767481380746,631.2702331212131
246.70000000000002,1.8034279695916235,2.0,24.705882352941178,49.952940816237515,50.0,44.31630400271188,319.85005186183537,631.2891722686069
246.8,1.8032958830779209,2.0,24.705882352941178,49.95522673229971,50.0,44.30362305643647,319.8233566782509,631.3081090694799
246.9,1.8031638062843234,2.0,24.705882352941178,49.95750578196413,50.0,44.29072201272974,319.796662633698,631.3270434854097
247.0,1.8030317392104716,2.0,24.705882352941178,49.95977784602127,50.0,44.27760265437419,319.76996977534384,631.3459754773271
247.10000000000002,1.8028996818560068,2.0,24.705882352941178,49.962042806121076,50.0,44.26426677160911,319.7432781511393,631.364905005522
247.20000000000002,1.8027676342205687,2.0,24.705882352941178,49.964300544777586,50.0,44.25071616199078,319.71658780981323,631.3838320296483
247.3,1.8026355963037985,2.0,24.705882352941178,49.96655094537323,50.0,44.236952630251984,319.6898988008658,631.402756508729
247.4,1.802503568105337,2.0,24.705882352941178,49.9687938921636,50.0,44.2229779881638,319.6632111745628,631.4216784011619
247.5,1.802371549624824,2.0,24.705882352941178,49.971029270281406,50.0,44.208794054391696,319.6365249819288,631.4405976647244
247.60000000000002,1.8022395408619007,2.0,24.705882352941178,49.973256965741086,50.0,44.19440265436066,319.6098402747415,631.4595142565793
247.70000000000002,1.8021075418162076,2.0,24.705882352941178,49.97547686544283,50.0,44.17980562011053,319.58315710552466,631.4784281332795
247.8,1.8019755524873848,2.0,24.705882352941178,49.97768885717693,50.0,44.16500479015932,319.5564755275424,631.4973392507741
247.9,1.8018435728750737,2.0,24.705882352941178,49.979892829627545,50.0,44.150002009360584,319.52979559479206,631.5162475644132
248.0,1.8017116029789138,2.0,24.705882352941178,49.98208867237702,50.0,44.13479912876732,319.50311736199865,631.5351530289537
248.10000000000002,1.8015796427985464,2.0,24.705882352941178,49.98427627590968,50.0,44.119398005488584,319.4764408846078,631.5540555985642
248.20000000000002,1.8014476923336116,2.0,24.705882352941178,49.98645553161572,50.0,44.10380050255175,319.4497662187794,631.5729552268313
248.3,1.8013157515837501,2.0,24.705882352941178,49.988626331794876,50.0,44.08800848876279,319.42309342138105,631.591851866764
248.4,1.8011838205486022,2.0,24.705882352941178,49.990788569660424,50.0,44.07202383856791,319.39642254998154,631.6107454708002
248.5,1.8010518992278084,2.0,24.705882352941178,49.992942139342574,50.0,44.05584843191149,319.3697536628445,631.629635990812
248.60000000000002,1.8009199876210091,2.0,24.705882352941178,49.995086935892346,50.0,44.03948415409998,319.34308681892145,631.6485233781103
248.70000000000002,1.800788085727845,2.0,24.705882352941178,49.99722285528469,50.0,44.02293289565949,319.3164220778455,631.6674075834519
248.8,1.8006561935479557,2.0,24.705882352941178,49.99934979442219,50.0,44.006196552201416,319.28975949992434,631.6862885570438
248.9,1.8005243110809828,2.0,24.705882352941178,50.00146765113857,50.0,43.989277024280476,319.26309914613387,631.7051662485494
249.0,1.8003924383265657,2.0,24.705882352941178,50.00357632420156,50.0,43.97217621725503,319.2364410781114,631.7240406070943
249.10000000000002,1.8002605752843452,2.0,24.705882352941178,50.00567571331669,50.0,43.95489604115369,319.20978535814874,631.742911581271
249.20000000000002,1.8001287219539615,2.0,24.705882352941178,50.007765719129964,50.0,43.93743841053036,319.18313204918576,631.7617791191457
249.3,1.799996878335055,2.0,24.705882352941178,50.009846243231266,50.0,43.9198052443323,319.1564812148035,631.7806431682637
249.4,1.7998650444272666,2.0,24.705882352941178,50.01191718815721,50.0,43.901998465758076,319.1298329192173,631.7995036756541
249.5,1.799733220230236,2.0,24.705882352941178,50.01397845739433,50.0,43.88402000212235,319.10318722727,631.8183605878372
249.60000000000002,1.7996014057436036,2.0,24.705882352941178,50.01602995538161,50.0,43.86587178471575,319.076544204425,631.8372138508289
249.70000000000002,1.7994696009670095,2.0,24.705882352941178,50.01807158751353,50.0,43.847555748671375,319.04990391675983,631.8560634101466
249.8,1.7993378059000944,2.0,24.705882352941178,50.02010326014289,50.0,43.82907383282511,319.0232664309587,631.8749092108159
249.9,1.7992060205424985,2.0,24.705882352941178,50.022124880583306,50.0,43.810427979578236,318.9966318143058,631.893751197375
250.0,1.799074244893862,2.0,24.705882352941178,50.0241363571119,50.0,43.79162013476279,318.9700001346785,631.9125893138818
250.10000000000002,1.798942478953825,2.0,24.705882352941178,50.02613759897173,50.0,43.77265224750425,318.9433714605404,631.9314235039188
250.20000000000002,1.7988107227220278,2.0,24.705882352941178,50.028128516374466,50.0,43.75352627008653,318.91674586093416,631.9502537105994
250.3,1.7986789761981106,2.0,24.705882352941178,50.03010902050272,50.0,43.7342441578139,318.8901234054747,631.9690798765736
250.4,1.7985472393817132,2.0,24.705882352941178,50.03207902351221,50.0,43.71480786887649,318.86350416434203,631.9879019440336
250.5,1.798415512272477,2.0,24.705882352941178,50.03403843853425,50.0,43.69521936421664,318.8368882082745,632.0067198547202
250.60000000000002,1.798283794870041,2.0,24.705882352941178,50.03598717967765,50.0,43.67548060739108,318.8102756085615,632.0255335499281
250.70000000000002,1.798152087174046,2.0,24.705882352941178,50.037925162031115,50.0,43.655593564439904,318.78366643703646,632.0443429705122
250.8,1.7980203891841315,2.0,24.705882352941178,50.039852301665235,50.0,43.635560203748284,318.75706076606986,632.0631480568934
250.9,1.7978887008999385,2.0,24.705882352941178,50.041768515634374,50.0,43.6153824959142,318.7304586685622,632.0819487490643
251.0,1.7977570223211068,2.0,24.705882352941178,50.04367372197879,50.0,43.595062413614926,318.70386021793684,632.1007449865954
251.10000000000002,1.7976253534472764,2.0,24.705882352941178,50.04556783972606,50.0,43.57460193147157,318.6772654881326,632.1195367086412
251.20000000000002,1.7974936942780873,2.0,24.705882352941178,50.0474507888934,50.0,43.554003025920586,318.6506745535972,632.1383238539454
251.3,1.79736204481318,2.0,24.705882352941178,50.04932249048886,50.0,43.533267675074526,318.62408748927953,632.1571063608477
251.4,1.797230405052194,2.0,24.705882352941178,50.051182866513386,50.0,43.512397858595925,318.59750437062297,632.1758841672892
251.5,1.7970987749947696,2.0,24.705882352941178,50.05303183996216,50.0,43.49139555756,318.57092527355815,632.1946572108184
251.60000000000002,1.7969671546405472,2.0,24.705882352941178,50.05486933482598,50.0,43.47026275432585,318.5443502744954,632.2134254285977
251.70000000000002,1.7968355439891661,2.0,24.705882352941178,50.05669527609314,50.0,43.44900143240607,318.5177794503179,632.232188757409
251.8,1.7967039430402674,2.0,24.705882352941178,50.05850958975026,50.0,43.42761357633096,318.4912128783745,632.2509471336593
251.9,1.7965723517934902,2.0,24.705882352941178,50.06031220278402,50.0,43.406101171524035,318.4646506364723,632.2697004933875
252.0,1.7964407702484748,2.0,24.705882352941178,50.06210304318216,50.0,43.38446620416659,318.4380928028697,632.2884487722698
252.10000000000002,1.7963091984048616,2.0,24.705882352941178,50.0638820399347,50.0,43.36271066107082,318.4115394562687,632.3071919056262
252.20000000000002,1.7961776362622897,2.0,24.705882352941178,50.06564912303497,50.0,43.3408365295496,318.38499067580847,632.3259298284262
252.3,1.7960460838203995,2.0,24.705882352941178,50.06740422348082,50.0,43.318845797287715,318.35844654105716,632.3446624752945
252.4,1.795914541078831,2.0,24.705882352941178,50.06914727327535,50.0,43.296740452212084,318.33190713200537,632.363389780518
252.5,1.7957830080372246,2.0,24.705882352941178,50.070878205427846,50.0,43.27452248236548,318.3053725290586,632.3821116780507
252.60000000000002,1.7956514846952194,2.0,24.705882352941178,50.07259695395487,50.0,43.25219387577821,318.27884281303,632.4008281015207
252.70000000000002,1.7955199710524556,2.0,24.705882352941178,50.07430345388076,50.0,43.22975662033836,318.2523180651331,632.4195389842356
252.8,1.7953884671085731,2.0,24.705882352941178,50.07599764123819,50.0,43.20721270366784,318.22579836697463,632.4382442591888
252.9,1.7952569728632115,2.0,24.705882352941178,50.07767945306932,50.0,43.184564112996746,318.19928380054705,632.4569438590654
253.0,1.7951254883160115,2.0,24.705882352941178,50.07934882742575,50.0,43.16181283503195,318.17277444822156,632.4756377162486
253.10000000000002,1.7949940134666125,2.0,24.705882352941178,50.081005703369385,50.0,43.13896085583888,318.1462703927405,632.4943257628253
253.20000000000002,1.794862548314654,2.0,24.705882352941178,50.082650020972835,50.0,43.11601016071103,318.11977171721026,632.5130079305923
253.3,1.794731092859776,2.0,24.705882352941178,50.084281721319655,50.0,43.09296273404706,318.09327850509385,632.5316841510626
253.4,1.7945996471016186,2.0,24.705882352941178,50.085900746504706,50.0,43.0698205592274,318.0667908402039,632.5503543554712
253.5,1.794468211039821,2.0,24.705882352941178,50.08750703963443,50.0,43.04658561848998,318.0403088066949,632.5690184747813
253.60000000000002,1.7943367846740237,2.0,24.705882352941178,50.08910054482698,50.0,43.02325989280669,318.0138324890563,632.58767643969
253.70000000000002,1.7942053680038663,2.0,24.705882352941178,50.090681207212185,50.0,42.99984536176145,317.987361972105,632.6063281806349
253.8,1.7940739610289884,2.0,24.705882352941178,50.09224897293177,50.0,42.976344003429,317.96089734097825,632.6249736277996
253.9,1.79394256374903,2.0,24.705882352941178,50.09380378913943,50.0,42.952757794251745,317.9344386811261,632.6436127111201
254.0,1.7938111761636306,2.0,24.705882352941178,50.09534560400027,50.0,42.9290887089176,317.9079860783043,632.6622453602907
254.10000000000002,1.7936797982724297,2.0,24.705882352941178,50.096874366691225,50.0,42.90533872024445,317.88153961856693,632.6808715047703
254.20000000000002,1.7935484300750675,2.0,24.705882352941178,50.098390027400626,50.0,42.88150979905366,317.85509938825896,632.6994910737878
254.3,1.7934170715711835,2.0,24.705882352941178,50.09989253732755,50.0,42.85760391405347,317.8286654740095,632.7181039963491
254.4,1.793285722760417,2.0,24.705882352941178,50.101381848682024,50.0,42.83362303172375,317.8022379627237,632.7367102012421
254.5,1.7931543836424084,2.0,24.705882352941178,50.102857914684364,50.0,42.809569116190985,317.77581694157635,632.7553096170436
254.60000000000002,1.793023054216797,2.0,24.705882352941178,50.10432068956476,50.0,42.78544412911442,317.74940249800386,632.7739021721244
254.70000000000002,1.7928917344832227,2.0,24.705882352941178,50.10577012856248,50.0,42.761250029567385,317.7229947196974,632.7924877946564
254.8,1.7927604244413249,2.0,24.705882352941178,50.10720618792584,50.0,42.736988773923436,317.6965936945955,632.8110664126178
254.9,1.792629124090743,2.0,24.705882352941178,50.10862882491085,50.0,42.712662315734214,317.6701995108768,632.8296379537994
255.0,1.7924978334311168,2.0,24.705882352941178,50.110037997781035,50.0,42.688272605621506,317.64381225695286,632.8482023458106
255.10000000000002,1.792366552462086,2.0,24.705882352941178,50.11143366580643,50.0,42.66382159115598,317.6174320214609,632.866759516085
255.20000000000002,1.7922352811832905,2.0,24.705882352941178,50.1128157892627,50.0,42.639311216745625,317.5910588932566,632.8853093918872
255.3,1.792104019594369,2.0,24.705882352941178,50.11418432943037,50.0,42.61474342352222,317.5646929614067,632.9038519003179
255.4,1.7919727676949613,2.0,24.705882352941178,50.115539248593734,50.0,42.59012014922635,317.5383343151819,632.9223869683208
255.5,1.7918415254847073,2.0,24.705882352941178,50.11688051003995,50.0,42.56544332809684,317.51198304404954,632.9409145226872
255.60000000000002,1.791710292963247,2.0,24.705882352941178,50.11820807805759,50.0,42.54071489075663,317.48563923766676,632.9594344900635
255.70000000000002,1.7915790701302188,2.0,24.705882352941178,50.11952191793608,50.0,42.51593676410571,317.45930298587285,632.9779467969562
255.8,1.7914478569852628,2.0,24.705882352941178,50.120821995964036,50.0,42.49111087120375,317.4329743786823,632.9964513697377
255.9,1.7913166535280185,2.0,24.705882352941178,50.12210827942812,50.0,42.466239131165516,317.4066535062776,633.0149481346529
256.0,1.7911854597581254,2.0,24.705882352941178,50.12338073661169,50.0,42.44132345904922,317.38034045900207,633.0334370178247
256.1,1.7910542756752228,2.0,24.705882352941178,50.12463933679368,50.0,42.41636576574824,317.3540353273527,633.0519179452599
256.2,1.7909231012789502,2.0,24.705882352941178,50.125884050246725,50.0,42.391367957880306,317.3277382019731,633.070390842855
256.3,1.7907919365689473,2.0,24.705882352941178,50.12711484823586,50.0,42.36633193768419,317.3014491736463,633.0888556364024
256.40000000000003,1.7906607815448532,2.0,24.705882352941178,50.1283317030169,50.0,42.34125960291061,317.2751683332875,633.1073122515958
256.5,1.790529636206307,2.0,24.705882352941178,50.12953458783494,50.0,42.31615284671651,317.2488957719375,633.1257606140364
256.6,1.7903985005529488,2.0,24.705882352941178,50.130723476922526,50.0,42.29101355755797,317.22263158075486,633.1442006492389
256.7,1.7902673745844175,2.0,24.705882352941178,50.13189834549814,50.0,42.265843619087484,317.19637585100935,633.1626322826368
256.8,1.7901362583003528,2.0,24.705882352941178,50.13305916976407,50.0,42.240644910046704,317.170128674075,633.1810554395884
256.90000000000003,1.7900051517003939,2.0,24.705882352941178,50.134205926904826,50.0,42.21541930416702,317.1438901414226,633.1994700453827
257.0,1.7898740547841803,2.0,24.705882352941178,50.135338595085216,50.0,42.1901686700627,317.1176603446132,633.2178760252452
257.1,1.7897429675513508,2.0,24.705882352941178,50.13645715344808,50.0,42.164894871130095,317.0914393752906,633.2362733043435
257.2,1.7896118900015454,2.0,24.705882352941178,50.13756158211271,50.0,42.13959976544849,317.0652273251747,633.2546618077932
257.3,1.7894808221344034,2.0,24.705882352941178,50.13865186217242,50.0,42.11428520567436,317.03902428605466,633.2730414606634
257.40000000000003,1.7893497639495635,2.0,24.705882352941178,50.13972797569261,50.0,42.088953038945796,317.01283034978155,633.2914121879828
257.5,1.7892187154466657,2.0,24.705882352941178,50.14078990570857,50.0,42.063605106780265,316.98664560826177,633.3097739147449
257.6,1.7890876766253487,2.0,24.705882352941178,50.141837636223045,50.0,42.03824324497596,316.9604701534499,633.3281265659141
257.7,1.788956647485252,2.0,24.705882352941178,50.14287115220418,50.0,42.0128692835164,316.9343040773421,633.346470066431
257.8,1.7888256280260146,2.0,24.705882352941178,50.143890439583004,50.0,41.987485046469494,316.9081474719689,633.3648043412186
257.90000000000003,1.7886946182472763,2.0,24.705882352941178,50.14489548525114,50.0,41.96209235189356,316.88200042938865,633.3831293151871
258.0,1.788563618148676,2.0,24.705882352941178,50.145886277058366,50.0,41.9366930117397,316.85586304168066,633.4014449132403
258.1,1.7884326277298528,2.0,24.705882352941178,50.14686280380988,50.0,41.911288831756714,316.82973540093815,633.4197510602805
258.2,1.7883016469904456,2.0,24.705882352941178,50.147825055263866,50.0,41.88588161139884,316.80361759926177,633.438047681215
258.3,1.7881706759300944,2.0,24.705882352941178,50.14877302212915,50.0,41.86047314373037,316.7775097287526,633.4563347009606
258.40000000000003,1.788039714548438,2.0,24.705882352941178,50.149706696061855,50.0,41.835065215330005,316.7514118815058,633.4746120444497
258.5,1.7879087628451147,2.0,24.705882352941178,50.15062606966353,50.0,41.809659606206075,316.72532414960347,633.4928796366357
258.6,1.787777820819765,2.0,24.705882352941178,50.151531136477786,50.0,41.784258089695115,316.69924662510806,633.5111374024984
258.7,1.787646888472027,2.0,24.705882352941178,50.15242189098751,50.0,41.758862432378585,316.673179400056,633.5293852670496
258.8,1.7875159658015405,2.0,24.705882352941178,50.153298328612266,50.0,41.73347439399134,316.6471225664507,633.5476231553387
258.90000000000003,1.7873850528079442,2.0,24.705882352941178,50.154160445705145,50.0,41.70809572732977,316.62107621625626,633.5658509924574
259.0,1.7872541494908776,2.0,24.705882352941178,50.15500823955,50.0,41.682728178165874,316.5950404413906,633.5840687035461
259.1,1.7871232558499794,2.0,24.705882352941178,50.15584170835791,50.0,41.65737348515708,316.569015333719,633.6022762137986
259.2,1.7869923718848886,2.0,24.705882352941178,50.15666085126492,50.0,41.63203337976472,316.54300098504774,633.6204734484675
259.3,1.7868614975952444,2.0,24.705882352941178,50.1574656683282,50.0,41.6067095861587,316.51699748711735,633.6386603328699
259.40000000000003,1.786730632980686,2.0,24.705882352941178,50.15825616052325,50.0,41.5814038211405,316.4910049315963,633.6568367923923
259.5,1.7865997780408525,2.0,24.705882352941178,50.15903232974057,50.0,41.55611779405376,316.4650234100744,633.6750027524962
259.6,1.7864689327753827,2.0,24.705882352941178,50.15979417878236,50.0,41.53085320670183,316.43905301405664,633.6931581387231
259.7,1.7863380971839156,2.0,24.705882352941178,50.1605417113592,50.0,41.50561175326464,316.4130938349564,633.7113028766998
259.8,1.78620727126609,2.0,24.705882352941178,50.16127493208677,50.0,41.48039512021674,316.3871459640895,633.7294368921438
259.90000000000003,1.7860764550215449,2.0,24.705882352941178,50.16199384648246,50.0,41.45520498624432,316.3612094926676,633.7475601108681
260.0,1.7859456484499197,2.0,24.705882352941178,50.162698460961735,50.0,41.430043022164654,316.33528451179205,633.7656724587868
260.1,1.785814851550853,2.0,24.705882352941178,50.163388782834716,50.0,41.40491089084788,316.30937111244754,633.78377386192
260.2,1.7856840643239835,2.0,24.705882352941178,50.16406482030271,50.0,41.37981024713646,316.2834693854957,633.801864246399
260.3,1.7855532867689505,2.0,24.705882352941178,50.16472658245476,50.0,41.354742737766124,316.25757942166933,633.819943538471
260.40000000000003,1.785422518885393,2.0,24.705882352941178,50.16537407926347,50.0,41.32971000128706,316.23170131156564,633.8380116645047
260.5,1.7852917606729497,2.0,24.705882352941178,50.1660073215819,50.0,41.30471366799243,316.20583514564066,633.8560685509951
260.6,1.7851610121312593,2.0,24.705882352941178,50.166626321139404,50.0,41.27975535983574,316.1799810142027,633.8741141245685
260.7,1.785030273259961,2.0,24.705882352941178,50.16723109053805,50.0,41.25483669036084,316.1541390074065,633.8921483119873
260.8,1.7848995440586934,2.0,24.705882352941178,50.167821643249,50.0,41.22995926462479,316.12830921524716,633.9101710401553
260.90000000000003,1.7847688245270956,2.0,24.705882352941178,50.16839799360821,50.0,41.20512467912274,316.102491727554,633.9281822361224
261.0,1.7846381146648065,2.0,24.705882352941178,50.168960156813,50.0,41.18033452171954,316.07668663398465,633.9461818270894
261.1,1.784507414471465,2.0,24.705882352941178,50.16950814891766,50.0,41.155590371572494,316.05089402401916,633.9641697404129
261.2,1.7843767239467092,2.0,24.705882352941178,50.170041986829744,50.0,41.13089379906539,316.0251139869539,633.9821459036104
261.3,1.7842460430901783,2.0,24.705882352941178,50.17056168830601,50.0,41.10624636573426,315.999346611896,634.0001102443646
261.40000000000003,1.784115371901511,2.0,24.705882352941178,50.17106727194829,50.0,41.08164962419907,315.9735919877571,634.0180626905287
261.5,1.7839847103803461,2.0,24.705882352941178,50.17155875719942,50.0,41.05710511809501,315.94785020324787,634.036003170131
261.6,1.7838540585263225,2.0,24.705882352941178,50.17203616433886,50.0,41.03261438200432,315.9221213468719,634.0539316113793
261.7,1.7837234163390787,2.0,24.705882352941178,50.17249951447917,50.0,41.00817894139149,315.8964055069205,634.0718479426658
261.8,1.7835927838182537,2.0,24.705882352941178,50.17294882956088,50.0,40.9838003125298,315.8707027714663,634.089752092572
261.90000000000003,1.7834621609634864,2.0,24.705882352941178,50.17338413234887,50.0,40.959480002446014,315.84501322835825,634.1076439898726
262.0,1.7833315477744152,2.0,24.705882352941178,50.173805446427764,50.0,40.93521950884765,315.8193369652155,634.1255235635412
262.1,1.7832009442506787,2.0,24.705882352941178,50.17421279619771,50.0,40.91102032006338,315.793674069422,634.1433907427534
262.2,1.7830703503919156,2.0,24.705882352941178,50.17460620687007,50.0,40.88688391497801,315.76802462812105,634.1612454568929
262.3,1.7829397661977646,2.0,24.705882352941178,50.1749857044627,50.0,40.8628117629699,315.74238872820945,634.1790876355545
262.40000000000003,1.7828091916678648,2.0,24.705882352941178,50.17535131579575,50.0,40.83880532385277,315.7167664563324,634.19691720855
262.5,1.782678626801854,2.0,24.705882352941178,50.17570306848711,50.0,40.81486604781202,315.69115789887763,634.2147341059116
262.6,1.7825480715993713,2.0,24.705882352941178,50.17604099094774,50.0,40.790995375346085,315.6655631419707,634.2325382578964
262.7,1.782417526060055,2.0,24.705882352941178,50.17636511237731,50.0,40.76719473720876,315.6399822714688,634.2503295949914
262.8,1.7822869901835443,2.0,24.705882352941178,50.17667546275953,50.0,40.74346555434904,315.61441537295593,634.268108047917
262.90000000000003,1.7821564639694774,2.0,24.705882352941178,50.17697207285738,50.0,40.71980923785482,315.5888625317375,634.2858735476323
263.0,1.7820259474174927,2.0,24.705882352941178,50.17725497420855,50.0,40.69622718889789,315.5633238328351,634.303626025338
263.1,1.7818954405272291,2.0,24.705882352941178,50.17752419912068,50.0,40.67272079867686,315.53779936098124,634.3213654124818
263.2,1.7817649432983247,2.0,24.705882352941178,50.17777978066681,50.0,40.64929144836341,315.51228920061413,634.3390916407623
263.3,1.781634455730419,2.0,24.705882352941178,50.17802175268042,50.0,40.62594050904637,315.4867934358727,634.356804642133
263.40000000000003,1.7815039778231492,2.0,24.705882352941178,50.17825014975034,50.0,40.60266934168086,315.46131215059154,634.3745043488065
263.5,1.7813735095761545,2.0,24.705882352941178,50.178465007216516,50.0,40.579479297038866,315.43584542829564,634.3921906932584
263.6,1.7812430509890733,2.0,24.705882352941178,50.1786663611648,50.0,40.556371715650954,315.41039335219546,634.4098636082317
263.7,1.7811126020615444,2.0,24.705882352941178,50.17885424842194,50.0,40.53334792776069,315.3849560051822,634.427523026741
263.8,1.7809821627932059,2.0,24.705882352941178,50.179028706550866,50.0,40.51040925327521,315.35953346982245,634.4451688820757
263.90000000000003,1.7808517331836964,2.0,24.705882352941178,50.17918977384551,50.0,40.48755700171415,315.3341258283538,634.4628011078042
264.0,1.7807213132326543,2.0,24.705882352941178,50.17933748932592,50.0,40.46479247216412,315.3087331626795,634.4804196377788
264.1,1.780590902939718,2.0,24.705882352941178,50.17947189273343,50.0,40.442116953230205,315.2833555543642,634.4980244061384
264.2,1.780460502304526,2.0,24.705882352941178,50.17959302452522,50.0,40.41953172298786,315.2579930846287,634.5156153473129
264.3,1.7803301113267165,2.0,24.705882352941178,50.17970092586944,50.0,40.397038048942,315.23264583434565,634.533192396027
264.40000000000003,1.7801997300059282,2.0,24.705882352941178,50.17979563864009,50.0,40.37463718797902,315.2073138840344,634.5507554873034
264.5,1.7800693583417992,2.0,24.705882352941178,50.179877205411856,50.0,40.352330386324184,315.181997313857,634.5683045564678
264.6,1.7799389963339682,2.0,24.705882352941178,50.17994566945487,50.0,40.330118879498364,315.1566962036131,634.585839539151
264.7,1.779808643982073,2.0,24.705882352941178,50.18000107472949,50.0,40.308003892277206,315.1314106327355,634.6033603712943
264.8,1.7796783012857522,2.0,24.705882352941178,50.180043465881226,50.0,40.28598663864946,315.10614068028605,634.6208669891515
264.90000000000003,1.7795479682446447,2.0,24.705882352941178,50.18007288823543,50.0,40.26406832177559,315.0808864249507,634.6383593292936
265.0,1.779417644858388,2.0,24.705882352941178,50.18008938779184,50.0,40.24225013394879,315.05564794503533,634.6558373286117
265.1,1.7792873311266206,2.0,24.705882352941178,50.180093011219526,50.0,40.220533256558085,315.0304253184615,634.6733009243211
265.2,1.779157027048981,2.0,24.705882352941178,50.18008380585138,50.0,40.198918860047684,315.0052186227617,634.6907500539646
265.3,1.7790267326251075,2.0,24.705882352941178,50.18006181967877,50.0,40.177408103882335,314.9800279350756,634.7081846554156
265.40000000000003,1.778896447854638,2.0,24.705882352941178,50.1800271013463,50.0,40.15600213651072,314.95485333214566,634.7256046668817
265.5,1.778766172737211,2.0,24.705882352941178,50.17997970014625,50.0,40.134702095328656,314.9296948903127,634.7430100269086
265.6,1.7786359072724645,2.0,24.705882352941178,50.17991966601312,50.0,40.11350910664666,314.90455268551204,634.7604006743825
265.7,1.7785056514600373,2.0,24.705882352941178,50.179847049518344,50.0,40.09242428565626,314.8794267932692,634.7777765485342
265.8,1.778375405299567,2.0,24.705882352941178,50.179761901864765,50.0,40.07144873639557,314.85431728869605,634.7951375889421
265.90000000000003,1.7782451687906922,2.0,24.705882352941178,50.179664274880906,50.0,40.05058355171803,314.82922424648683,634.8124837355351
266.0,1.7781149419330506,2.0,24.705882352941178,50.17955422101568,50.0,40.02982981326375,314.8041477409139,634.8298149285964
266.1,1.777984724726281,2.0,24.705882352941178,50.179431793332924,50.0,40.00918859142644,314.77908784582405,634.847131108766
266.2,1.777854517170021,2.0,24.705882352941178,50.179297045505564,50.0,39.98866094532357,314.75404463463474,634.8644322170443
266.3,1.7777243192639094,2.0,24.705882352941178,50.179150031810195,50.0,39.968247922771,314.72901818033,634.8817181947949
266.40000000000003,1.7775941310075836,2.0,24.705882352941178,50.17899080712141,50.0,39.94795056025274,314.7040085554568,634.8989889837477
266.5,1.7774639524006823,2.0,24.705882352941178,50.17881942690616,50.0,39.927769882895305,314.6790158321214,634.9162445260025
266.6,1.7773337834428429,2.0,24.705882352941178,50.178635947218424,50.0,39.90770690444149,314.65404008198556,634.9334847640307
266.7,1.7772036241337041,2.0,24.705882352941178,50.17844042469295,50.0,39.88776262722212,314.6290813762629,634.9507096406791
266.8,1.7770734744729038,2.0,24.705882352941178,50.17823291653997,50.0,39.867938042138235,314.60413978571535,634.9679190991728
266.90000000000003,1.7769433344600798,2.0,24.705882352941178,50.17801348053945,50.0,39.84823412863232,314.57921538064966,634.985113083118
267.0,1.776813204094871,2.0,24.705882352941178,50.17778217503536,50.0,39.82865185466682,314.55430823091376,635.0022915365041
267.1,1.7766830833769147,2.0,24.705882352941178,50.177539058929995,50.0,39.80919217670242,314.52941840589347,635.0194544037074
267.2,1.776552972305849,2.0,24.705882352941178,50.177284191677984,50.0,39.7898560396763,314.5045459745091,635.0366016294934
267.3,1.7764228708813121,2.0,24.705882352941178,50.17701763328063,50.0,39.77064437698432,314.47969100521186,635.0537331590194
267.40000000000003,1.7762927791029417,2.0,24.705882352941178,50.17673944428026,50.0,39.751558110460195,314.4548535659808,635.0708489378377
267.5,1.7761626969703763,2.0,24.705882352941178,50.176449685754505,50.0,39.732598150355535,314.43003372431946,635.0879489118971
267.6,1.7760326244832532,2.0,24.705882352941178,50.17614841930998,50.0,39.713765395321786,314.4052315472527,635.1050330275468
267.7,1.775902561641211,2.0,24.705882352941178,50.175835707077056,50.0,39.69506073239832,314.38044710132345,635.1221012315381
267.8,1.7757725084438871,2.0,24.705882352941178,50.17551161170354,50.0,39.676485036989284,314.3556804525897,635.1391534710269
267.90000000000003,1.7756424648909197,2.0,24.705882352941178,50.17517619634913,50.0,39.65803917285415,314.3309316666212,635.156189693577
268.0,1.775512430981947,2.0,24.705882352941178,50.174829524679296,50.0,39.63972399208936,314.30620080849684,635.173209847161
268.1,1.7753824067166069,2.0,24.705882352941178,50.17447166085964,50.0,39.62154033511733,314.2814879428011,635.1902138801642
268.2,1.7752523920945367,2.0,24.705882352941178,50.17410266954988,50.0,39.60348903067109,314.25679313362184,635.2072017413859
268.3,1.775122387115375,2.0,24.705882352941178,50.17372261589776,50.0,39.58557089578335,314.23211644454676,635.2241733800428
268.40000000000003,1.7749923917787591,2.0,24.705882352941178,50.17333156553349,50.0,39.56778673577733,314.2074579386609,635.2411287457694
268.5,1.7748624060843272,2.0,24.705882352941178,50.17292958456352,50.0,39.55013734425178,314.18281767854387,635.2580677886223
268.6,1.7747324300317169,2.0,24.705882352941178,50.172516739564685,50.0,39.5326235030753,314.1581957262668,635.2749904590812
268.7,1.7746024636205664,2.0,24.705882352941178,50.17209309757834,50.0,39.51524598237595,314.13359214339005,635.2918967080514
268.8,1.7744725068505132,2.0,24.705882352941178,50.17165872610428,50.0,39.498005540532326,314.10900699096027,635.3087864868655
268.90000000000003,1.774342559721195,2.0,24.705882352941178,50.171213693094785,50.0,39.4809029241677,314.0844403295079,635.3256597472861
269.0,1.7742126222322496,2.0,24.705882352941178,50.17075806694845,50.0,39.463938868143195,314.05989221904485,635.3425164415072
269.1,1.7740826943833155,2.0,24.705882352941178,50.17029191650465,50.0,39.447114095553715,314.0353627190615,635.359356522157
269.2,1.7739527761740292,2.0,24.705882352941178,50.16981531103727,50.0,39.43042931771848,314.01085188852454,635.3761799422989
269.3,1.77382286760403,2.0,24.705882352941178,50.16932832024838,50.0,39.41388523418025,313.98635978587464,635.3929866554339
269.40000000000003,1.7736929686729543,2.0,24.705882352941178,50.168831014262935,50.0,39.39748253270454,313.96188646902385,635.4097766155024
269.5,1.7735630793804407,2.0,24.705882352941178,50.16832346362196,50.0,39.38122188926969,313.93743199535356,635.4265497768864
269.6,1.7734331997261266,2.0,24.705882352941178,50.1678057392773,50.0,39.36510396807392,313.912996421712,635.4433060944106
269.7,1.7733033297096494,2.0,24.705882352941178,50.16727791258489,50.0,39.3491294215253,313.8885798044122,635.4600455233447
269.8,1.773173469330647,2.0,24.705882352941178,50.1667400552991,50.0,39.33329889024984,313.8641821992295,635.4767680194049
269.90000000000003,1.773043618588757,2.0,24.705882352941178,50.166192239566556,50.0,39.31761300308706,313.8398036613998,635.4934735387553
270.0,1.7729137774836174,2.0,24.705882352941178,50.16563453792014,50.0,39.30207237709295,313.8154442456173,635.5101620380102
270.1,1.772783946014866,2.0,24.705882352941178,50.16506702327297,50.0,39.286677617541585,313.79110400603247,635.5268334742352
270.2,1.7726541241821399,2.0,24.705882352941178,50.164489768912176,50.0,39.271429317927726,313.76678299625013,635.543487804949
270.3,1.7725243119850769,2.0,24.705882352941178,50.16390284849308,50.0,39.256328059971835,313.74248126932736,635.5601249881245
270.40000000000003,1.7723945094233147,2.0,24.705882352941178,50.16330633603275,50.0,39.24137441362204,313.7181988777718,635.5767449821908
270.5,1.7722647164964909,2.0,24.705882352941178,50.16270030590431,50.0,39.226568937063256,313.69393587353966,635.5933477460347
270.6,1.772134933204243,2.0,24.705882352941178,50.16208483283083,50.0,39.21191217671845,313.669692308034,635.6099332390014
270.7,1.7720051595462087,2.0,24.705882352941178,50.161459991878814,50.0,39.197404667256684,313.645468232103,635.6265014208964
270.8,1.7718753955220259,2.0,24.705882352941178,50.16082585845271,50.0,39.1830469316044,313.6212636960381,635.643052251987
270.90000000000003,1.7717456411313315,2.0,24.705882352941178,50.16018250828836,50.0,39.168839480947085,313.5970787495727,635.6595856930034
271.0,1.7716158963737634,2.0,24.705882352941178,50.15953001744714,50.0,39.154782814743804,313.5729134418799,635.6761017051394
271.1,1.7714861612489587,2.0,24.705882352941178,50.15886846231001,50.0,39.14087742073363,313.54876782157174,635.6926002500545
271.2,1.7713564357565552,2.0,24.705882352941178,50.15819791957108,50.0,39.12712377494528,313.52464193669704,635.7090812898747
271.3,1.7712267198961906,2.0,24.705882352941178,50.15751846623186,50.0,39.1135223417118,313.50053583474016,635.7255447871935
271.40000000000003,1.7710970136675022,2.0,24.705882352941178,50.15683017959486,50.0,39.10007357367828,313.47644956261973,635.741990705073
271.5,1.7709673170701272,2.0,24.705882352941178,50.156133137257825,50.0,39.086777911818466,313.452383166687,635.7584190070453
271.6,1.7708376301037034,2.0,24.705882352941178,50.15542741710743,50.0,39.073635785443905,313.42833669272454,635.7748296571133
271.7,1.7707079527678684,2.0,24.705882352941178,50.15471309731333,50.0,39.06064761222086,313.40431018594523,635.7912226197517
271.8,1.7705782850622593,2.0,24.705882352941178,50.15399025632195,50.0,39.04781379818347,313.38030369099084,635.8075978599078
271.90000000000003,1.7704486269865138,2.0,24.705882352941178,50.15325897285061,50.0,39.035134737750504,313.3563172519305,635.8239553430027
272.0,1.7703189785402693,2.0,24.705882352941178,50.152519325881315,50.0,39.02261081373905,313.33235091226015,635.8402950349322
272.1,1.770189339723163,2.0,24.705882352941178,50.15177139465459,50.0,39.01024239738355,313.30840471490103,635.8566169020672
272.2,1.770059710534832,2.0,24.705882352941178,50.15101525866373,50.0,38.99802984835368,313.2844787021988,635.8729209112548
272.3,1.769930090974914,2.0,24.705882352941178,50.15025099764853,50.0,38.985973514769135,313.2605729159223,635.8892070298193
272.40000000000003,1.7698004810430463,2.0,24.705882352941178,50.14947869158908,50.0,38.97407373322166,313.2366873972629,635.9054752255624
272.5,1.7696708807388666,2.0,24.705882352941178,50.14869842070004,50.0,38.96233082879501,313.2128221868335,635.9217254667645
272.6,1.7695412900620116,2.0,24.705882352941178,50.1479102654244,50.0,38.95074511508249,313.18897732466706,635.9379577221849
272.7,1.7694117090121186,2.0,24.705882352941178,50.14711430642751,50.0,38.93931689420992,313.1651528502168,635.9541719610622
272.8,1.7692821375888252,2.0,24.705882352941178,50.14631062459108,50.0,38.92804645685623,313.1413488023547,635.9703681531155
272.90000000000003,1.7691525757917688,2.0,24.705882352941178,50.145499301006964,50.0,38.91693408227582,313.11756521937076,635.9865462685449
273.0,1.7690230236205868,2.0,24.705882352941178,50.14468041697137,50.0,38.905980038323285,313.09380213897265,636.0027062780314
273.1,1.768893481074916,2.0,24.705882352941178,50.14385405397877,50.0,38.895184581474446,313.0700595982848,636.018848152738
273.2,1.768763948154394,2.0,24.705882352941178,50.143020293715836,50.0,38.88454795685178,313.04633763384777,636.0349718643099
273.3,1.768634424858658,2.0,24.705882352941178,50.14217921805556,50.0,38.87407039825004,313.0226362816178,636.0510773848748
273.40000000000003,1.7685049111873457,2.0,24.705882352941178,50.141330909051135,50.0,38.863752128160264,312.99895557696607,636.0671646870434
273.5,1.7683754071400937,2.0,24.705882352941178,50.140475448929976,50.0,38.85359335779783,312.97529555467867,636.0832337439095
273.6,1.7682459127165389,2.0,24.705882352941178,50.13961292008793,50.0,38.843594287128965,312.9516562489556,636.0992845290509
273.7,1.7681164279163193,2.0,24.705882352941178,50.13874340508323,50.0,38.83375510489659,312.9280376934107,636.115317016529
273.8,1.7679869527390717,2.0,24.705882352941178,50.137866986630456,50.0,38.82407598864945,312.9044399210714,636.1313311808892
273.90000000000003,1.7678574871844328,2.0,24.705882352941178,50.136983747594456,50.0,38.81455710477216,312.8808629643779,636.147326997161
274.0,1.7677280312520407,2.0,24.705882352941178,50.13609377098504,50.0,38.805198608515276,312.8573068551834,636.1633044408588
274.1,1.7675985849415317,2.0,24.705882352941178,50.13519713995038,50.0,38.79600064401922,312.8337716247537,636.1792634879814
274.2,1.7674691482525435,2.0,24.705882352941178,50.13429393777113,50.0,38.78696334435298,312.810257303767,636.1952041150121
274.3,1.7673397211847126,2.0,24.705882352941178,50.13338424785519,50.0,38.77808683154357,312.7867639223138,636.2111262989189
274.40000000000003,1.7672103037376767,2.0,24.705882352941178,50.132468153731224,50.0,38.76937121660189,312.76329150989665,636.2270300171544
274.5,1.7670808959110726,2.0,24.705882352941178,50.13154573904268,50.0,38.76081659956191,312.73984009543034,636.2429152476562
274.6,1.7669514977045375,2.0,24.705882352941178,50.1306170875427,50.0,38.752423069514315,312.71640970724167,636.2587819688464
274.7,1.7668221091177083,2.0,24.705882352941178,50.129682283087334,50.0,38.744190704631855,312.6930003730695,636.2746301596313
274.8,1.7666927301502222,2.0,24.705882352941178,50.12874140963038,50.0,38.73611957221511,312.6696121200649,636.2904597994021
274.90000000000003,1.7665633608017162,2.0,24.705882352941178,50.127794551217335,50.0,38.72820972871828,312.6462449747913,636.3062708680342
275.0,1.7664340010718271,2.0,24.705882352941178,50.12684179197947,50.0,38.72046121978874,312.6228989632244,636.3220633458866
275.1,1.766304650960192,2.0,24.705882352941178,50.12588321612827,50.0,38.71287408030373,312.5995741107526,636.3378372138029
275.2,1.766175310466448,2.0,24.705882352941178,50.12491890794945,50.0,38.70544833440462,312.5762704421771,636.3535924531099
275.3,1.766045979590232,2.0,24.705882352941178,50.12394895179733,50.0,38.69818399553651,312.552987981712,636.3693290456179
275.40000000000003,1.7659166583311812,2.0,24.705882352941178,50.12297343208894,50.0,38.69108106648437,312.5297267529852,636.3850469736203
275.5,1.7657873466889322,2.0,24.705882352941178,50.12199243329866,50.0,38.68413953941337,312.50648677903797,636.400746219893
275.6,1.7656580446631223,2.0,24.705882352941178,50.12100603995202,50.0,38.67735939590357,312.4832680823259,636.4164267676944
275.7,1.7655287522533882,2.0,24.705882352941178,50.12001433662033,50.0,38.67074060699513,312.460070684719,636.4320886007646
275.8,1.765399469459367,2.0,24.705882352941178,50.119017407914725,50.0,38.66428313322434,312.43689460750244,636.4477317033253
275.90000000000003,1.7652701962806956,2.0,24.705882352941178,50.1180153384808,50.0,38.65798692466723,312.4137398713767,636.4633560600793
276.0,1.7651409327170107,2.0,24.705882352941178,50.1170082129928,50.0,38.651851920977556,312.39060649645853,636.4789616562094
276.1,1.765011678767949,2.0,24.705882352941178,50.1159961161481,50.0,38.64587805143059,312.3674945022811,636.4945484773789
276.2,1.7648824344331477,2.0,24.705882352941178,50.11497913266129,50.0,38.640065234963856,312.344403907795,636.5101165097301
276.3,1.7647531997122434,2.0,24.705882352941178,50.11395734725909,50.0,38.63441338022316,312.3213347313686,636.5256657398844
276.40000000000003,1.7646239746048735,2.0,24.705882352941178,50.11293084467428,50.0,38.628922385600475,312.2982869907888,636.5411961549411
276.5,1.7644947591106745,2.0,24.705882352941178,50.111899709640454,50.0,38.62359213928323,312.2752607032621,636.5567077424769
276.6,1.7643655532292832,2.0,24.705882352941178,50.110864026886304,50.0,38.61842251929503,312.2522558854148,636.5722004905455
276.7,1.764236356960336,2.0,24.705882352941178,50.10982388113024,50.0,38.613413393542515,312.22927255329415,636.5876743876767
276.8,1.7641071703034705,2.0,24.705882352941178,50.10877935707481,50.0,38.60856461985924,312.20631072236927,636.6031294228754
276.90000000000003,1.7639779932583228,2.0,24.705882352941178,50.10773053940119,50.0,38.603876046052434,312.1833704075316,636.6185655856215
277.0,1.7638488258245295,2.0,24.705882352941178,50.10667751276384,50.0,38.59934750994963,312.1604516230963,636.633982865868
277.1,1.7637196680017284,2.0,24.705882352941178,50.105620361784986,50.0,38.59497883944423,312.13755438280316,636.6493812540413
277.2,1.7635905197895552,2.0,24.705882352941178,50.104559171049175,50.0,38.59076985254385,312.11467869981703,636.6647607410396
277.3,1.7634613811876472,2.0,24.705882352941178,50.10349402509809,50.0,38.58672035741836,312.09182458672944,636.6801213182323
277.40000000000003,1.7633322521956412,2.0,24.705882352941178,50.1024250084248,50.0,38.582830152445844,312.0689920555595,636.695462977459
277.5,1.7632031328131732,2.0,24.705882352941178,50.1013522054688,50.0,38.57909902626553,312.04618111775477,636.7107857110285
277.6,1.7630740230398803,2.0,24.705882352941178,50.100275700610325,50.0,38.575526757822736,312.0233917841926,636.726089511718
277.7,1.762944922875399,2.0,24.705882352941178,50.09919557816539,50.0,38.57211311642224,312.0006240651813,636.7413743727719
277.8,1.7628158323193666,2.0,24.705882352941178,50.09811192238021,50.0,38.56885786177477,311.97787797046135,636.756640287901
277.90000000000003,1.7626867513714188,2.0,24.705882352941178,50.09702481742613,50.0,38.56576074405108,311.9551535092063,636.7718872512809
278.0,1.762557680031193,2.0,24.705882352941178,50.09593434739435,50.0,38.562821503930394,311.93245069002455,636.7871152575514
278.1,1.7624286182983258,2.0,24.705882352941178,50.094840596290624,50.0,38.560039872652744,311.9097695209602,636.8023243018154
278.2,1.7622995661724528,2.0,24.705882352941178,50.09374364803017,50.0,38.55741557207155,311.8871100094946,636.8175143796375
278.3,1.7621705236532117,2.0,24.705882352941178,50.09264358643236,50.0,38.55494831470502,311.8644721625477,636.8326854870429
278.40000000000003,1.7620414907402386,2.0,24.705882352941178,50.09154049521578,50.0,38.55263780379033,311.84185598647946,636.8478376205164
278.5,1.7619124674331703,2.0,24.705882352941178,50.0904344579929,50.0,38.5504837333346,311.8192614870911,636.8629707770009
278.6,1.7617834537316432,2.0,24.705882352941178,50.089325558265216,50.0,38.54848578817112,311.79668866962686,636.8780849538961
278.7,1.7616544496352942,2.0,24.705882352941178,50.08821387941788,50.0,38.54664364401036,311.77413753877505,636.8931801490575
278.8,1.7615254551437596,2.0,24.705882352941178,50.08709950471501,50.0,38.54495696749822,311.7516080986701,636.9082563607949
278.90000000000003,1.7613964702566756,2.0,24.705882352941178,50.08598251729444,50.0,38.54342541626641,311.72910035289374,636.9233135878713
279.0,1.7612674949736793,2.0,24.705882352941178,50.08486300016261,50.0,38.542048638991076,311.70661430447683,636.9383518295012
279.1,1.7611385292944066,2.0,24.705882352941178,50.083741036189906,50.0,38.54082627544868,311.68414995590064,636.9533710853498
279.2,1.7610095732184943,2.0,24.705882352941178,50.08261670810549,50.0,38.53975795656931,311.6617073090988,636.9683713555304
279.3,1.7608806267455788,2.0,24.705882352941178,50.08149009849268,50.0,38.538843304495394,311.6392863654589,636.9833526406045
279.40000000000003,1.7607516898752964,2.0,24.705882352941178,50.08036128978358,50.0,38.538081932635556,311.61688712582423,636.9983149415793
279.5,1.760622762607284,2.0,24.705882352941178,50.07923036425467,50.0,38.537473445726874,311.5945095904954,637.0132582599066
279.6,1.7604938449411773,2.0,24.705882352941178,50.07809740402172,50.0,38.53701743988724,311.57215375923226,637.0281825974812
279.7,1.7603649368766134,2.0,24.705882352941178,50.076962491034976,50.0,38.536713502676314,311.5498196312555,637.0430879566395
279.8,1.7602360384132283,2.0,24.705882352941178,50.07582570707473,50.0,38.53656121315365,311.52750720524864,637.0579743401577
279.90000000000003,1.7601071495506586,2.0,24.705882352941178,50.07468713374601,50.0,38.536560141933684,311.5052164793599,637.0728417512504
280.0,1.7599782702885405,2.0,24.705882352941178,50.073546852474294,50.0,38.53670985125083,311.48294745120387,637.0876901935691
280.1,1.7598494006265106,2.0,24.705882352941178,50.072404944500704,50.0,38.537009895013654,311.4607001178637,637.1025196712004
280.2,1.7597205405642051,2.0,24.705882352941178,50.07126149087719,50.0,38.53745981886603,311.4384744758929,637.1173301886645
280.3,1.7595916901012605,2.0,24.705882352941178,50.0701165724621,50.0,38.53805916024872,311.4162705213172,637.1321217509135
280.40000000000003,1.7594628492373128,2.0,24.705882352941178,50.06897026991544,50.0,38.53880744845718,311.3940882496367,637.1468943633295
280.5,1.7593340179719987,2.0,24.705882352941178,50.067822663694415,50.0,38.53970420470372,311.37192765582796,637.1616480317231
280.6,1.7592051963049544,2.0,24.705882352941178,50.066673834048686,50.0,38.54074894217732,311.3497887343459,637.1763827623316
280.7,1.7590763842358157,2.0,24.705882352941178,50.06552386101606,50.0,38.54194116610672,311.32767147912574,637.1910985618177
280.8,1.7589475817642195,2.0,24.705882352941178,50.06437282441783,50.0,38.543280373819584,311.30557588358545,637.2057954372669
280.90000000000003,1.758818788889802,2.0,24.705882352941178,50.06322080385445,50.0,38.5447660548065,311.2835019406277,637.2204733961861
281.0,1.7586900056121988,2.0,24.705882352941178,50.0620678787011,50.0,38.546397690781326,311.26144964264194,637.2351324465019
281.1,1.7585612319310473,2.0,24.705882352941178,50.06091412810309,50.0,38.548174755743915,311.2394189815067,637.2497725965588
281.2,1.7584324678459826,2.0,24.705882352941178,50.059759630971655,50.0,38.55009671604492,311.2174099485917,637.2643938551173
281.3,1.7583037133566417,2.0,24.705882352941178,50.05860446597967,50.0,38.552163030446685,311.19542253476016,637.2789962313515
281.40000000000003,1.7581749684626606,2.0,24.705882352941178,50.05744871155724,50.0,38.55437315018611,311.1734567303711,637.293579734848
281.5,1.758046233163675,2.0,24.705882352941178,50.056292445887436,50.0,38.556726519039536,311.1515125252813,637.3081443756035
281.6,1.7579175074593216,2.0,24.705882352941178,50.0551357469019,50.0,38.55922257338625,311.1295899088481,637.3226901640231
281.7,1.7577887913492363,2.0,24.705882352941178,50.0539786922771,50.0,38.5618607422738,311.1076888699314,637.3372171109183
281.8,1.7576600848330555,2.0,24.705882352941178,50.05282135942963,50.0,38.56464044747746,311.08580939689597,637.351725227505
281.90000000000003,1.7575313879104146,2.0,24.705882352941178,50.051663825512264,50.0,38.567561103571,311.06395147761407,637.3662145254011
282.0,1.7574027005809507,2.0,24.705882352941178,50.050506167409935,50.0,38.57062211798824,311.04211509946754,637.3806850166253
282.1,1.7572740228442993,2.0,24.705882352941178,50.04934846173552,50.0,38.57382289108761,311.02030024935044,637.3951367135943
282.2,1.757145354700097,2.0,24.705882352941178,50.04819078482569,50.0,38.577162816218845,310.9985069136715,637.4095696291213
282.3,1.7570166961479794,2.0,24.705882352941178,50.04703321273723,50.0,38.5806412797892,310.9767350783565,637.4239837764138
282.40000000000003,1.7568880471875827,2.0,24.705882352941178,50.045875821242646,50.0,38.58425766132567,310.9549847288507,637.4383791690714
282.5,1.756759407818543,2.0,24.705882352941178,50.04471868582658,50.0,38.5880113335455,310.93325585012144,637.4527558210838
282.6,1.7566307780404962,2.0,24.705882352941178,50.04356188168151,50.0,38.59190166241779,310.91154842666066,637.4671137468285
282.7,1.7565021578530786,2.0,24.705882352941178,50.04240548370416,50.0,38.59592800723457,310.88986244248747,637.4814529610687
282.8,1.7563735472559259,2.0,24.705882352941178,50.0412495664915,50.0,38.600089720673466,310.86819788115065,637.4957734789517
282.90000000000003,1.7562449462486742,2.0,24.705882352941178,50.04009420433687,50.0,38.60438614886635,310.8465547257312,637.510075316006
283.0,1.7561163548309595,2.0,24.705882352941178,50.0389394712264,50.0,38.608816631466944,310.8249329588451,637.5243584881395
283.1,1.755987773002418,2.0,24.705882352941178,50.03778544083514,50.0,38.61338050171519,310.8033325626459,637.5386230116368
283.2,1.7558592007626854,2.0,24.705882352941178,50.03663218652315,50.0,38.61807708650666,310.7817535188272,637.5528689031582
283.3,1.755730638111398,2.0,24.705882352941178,50.035479781332015,50.0,38.622905706461225,310.7601958086255,637.567096179736
283.40000000000003,1.7556020850481917,2.0,24.705882352941178,50.03432829798129,50.0,38.627865675988765,310.7386594128229,637.5813048587733
283.5,1.755473541572702,2.0,24.705882352941178,50.03317780886482,50.0,38.63295630335599,310.7171443117498,637.595494958041
283.6,1.7553450076845651,2.0,24.705882352941178,50.03202838604676,50.0,38.63817689075545,310.6956504852874,637.6096664956764
283.7,1.755216483383417,2.0,24.705882352941178,50.03088010125845,50.0,38.643526734377495,310.67417791287073,637.6238194901798
283.8,1.7550879686688932,2.0,24.705882352941178,50.029733025894814,50.0,38.649005124473504,310.65272657349124,637.6379539604134
283.90000000000003,1.75495946354063,2.0,24.705882352941178,50.02858723101093,50.0,38.65461134542583,310.6312964456997,637.6520699255979
284.0,1.7548309679982632,2.0,24.705882352941178,50.02744278731831,50.0,38.66034467581608,310.609887507609,637.6661674053107
284.1,1.7547024820414283,2.0,24.705882352941178,50.02629976518176,50.0,38.666204388496354,310.58849973689667,637.680246419484
284.2,1.7545740056697618,2.0,24.705882352941178,50.025158234615844,50.0,38.67218975065475,310.567133110808,637.6943069884013
284.3,1.7544455388828986,2.0,24.705882352941178,50.02401826528177,50.0,38.678300023886926,310.54578760615897,637.7083491326962
284.40000000000003,1.7543170816804754,2.0,24.705882352941178,50.0228799264836,50.0,38.68453446426204,310.524463199339,637.7223728733488
284.5,1.7541886340621273,2.0,24.705882352941178,50.021743287165634,50.0,38.690892322397566,310.5031598663135,637.736378231685
284.6,1.7540601960274906,2.0,24.705882352941178,50.020608415908555,50.0,38.697372843520974,310.4818775826274,637.7503652293722
284.7,1.7539317675762007,2.0,24.705882352941178,50.019475380926565,50.0,38.70397526754682,310.4606163234076,637.7643338884179
284.8,1.7538033487078935,2.0,24.705882352941178,50.01834425006416,50.0,38.71069882914137,310.43937606336596,637.7782842311676
284.90000000000003,1.7536749394222049,2.0,24.705882352941178,50.01721509079306,50.0,38.71754275779374,310.4181567768024,637.7922162803013
285.0,1.7535465397187704,2.0,24.705882352941178,50.016087970208844,50.0,38.72450627788478,310.39695843760774,637.8061300588322
285.1,1.753418149597226,2.0,24.705882352941178,50.01496295502824,50.0,38.731588608759665,310.3757810192666,637.820025590103
285.2,1.7532897690572073,2.0,24.705882352941178,50.01384011158575,50.0,38.7387889647939,310.3546244948606,637.8339028977845
285.3,1.7531613980983498,2.0,24.705882352941178,50.012719505831,50.0,38.74610655546727,310.3334888370714,637.8477620058725
285.40000000000003,1.7530330367202893,2.0,24.705882352941178,50.01160120332554,50.0,38.753540585430066,310.3123740181831,637.8616029386855
285.5,1.752904684922662,2.0,24.705882352941178,50.010485269240064,50.0,38.76109025457611,310.2912800100861,637.875425720862
285.6,1.7527763427051029,2.0,24.705882352941178,50.00937176835146,50.0,38.768754758111136,310.2702067842796,637.8892303773586
285.7,1.7526480100672475,2.0,24.705882352941178,50.00826076503995,50.0,38.77653328662408,310.24915431187475,637.9030169334463
285.8,1.752519687008732,2.0,24.705882352941178,50.00715232328639,50.0,38.784425026157145,310.22812256359794,637.9167854147096
285.90000000000003,1.7523913735291916,2.0,24.705882352941178,50.00604650666929,50.0,38.79242915827535,310.20711150979355,637.9305358470418
286.0,1.752263069628262,2.0,24.705882352941178,50.00494337836233,50.0,38.8005448601389,310.18612112042734,637.9442682566446
286.1,1.7521347753055785,2.0,24.705882352941178,50.003843001131486,50.0,38.80877130457088,310.16515136508934,637.9579826700241
286.2,1.7520064905607777,2.0,24.705882352941178,50.00274543733235,50.0,38.81710766012959,310.144202212997,637.9716791139887
286.3,1.751878215393494,2.0,24.705882352941178,50.00165074890782,50.0,38.82555309117938,310.12327363299835,637.9853576156466
286.40000000000003,1.751749949803364,2.0,24.705882352941178,50.000558997384815,50.0,38.83410675795747,310.10236559357514,637.9990182024034
286.5,1.7516216937900222,2.0,24.705882352941178,49.99947024387251,50.0,38.84276781665229,310.081478062846,638.0126609019582
286.6,1.751493447353105,2.0,24.705882352941178,49.998384549059324,50.0,38.85153541946463,310.0606110085695,638.0262857423027
286.7,1.7513652104922472,2.0,24.705882352941178,49.997301973210824,50.0,38.860408714684745,310.0397643981474,638.0398927517178
286.8,1.751236983207085,2.0,24.705882352941178,49.996222576166645,50.0,38.869386846758076,310.01893819862784,638.0534819587712
286.90000000000003,1.7511087654972535,2.0,24.705882352941178,49.99514641733873,50.0,38.87846895636287,309.9981323767085,638.0670533923139
287.0,1.7509805573623882,2.0,24.705882352941178,49.99407355570861,50.0,38.887654180473,309.97734689873977,638.0806070814789
287.1,1.7508523588021248,2.0,24.705882352941178,49.993004049825345,50.0,38.89694165243335,309.9565817307278,638.0941430556774
287.2,1.7507241698160982,2.0,24.705882352941178,49.99193795780286,50.0,38.90633050202672,309.9358368383383,638.1076613445965
287.3,1.7505959904039443,2.0,24.705882352941178,49.99087533731796,50.0,38.91581985554868,309.915112186899,638.1211619781972
287.40000000000003,1.7504678205652986,2.0,24.705882352941178,49.98981624560804,50.0,38.92540883587458,309.89440774140326,638.1346449867109
287.5,1.7503396602997963,2.0,24.705882352941178,49.98876073946889,50.0,38.935096562531,309.87372346651335,638.1481104006367
287.6,1.750211509607073,2.0,24.705882352941178,49.98770887525234,50.0,38.94488215176643,309.8530593265636,638.1615582507395
287.7,1.7500833684867636,2.0,24.705882352941178,49.98666070886469,50.0,38.95476471662334,309.8324152855636,638.1749885680463
287.8,1.7499552369385043,2.0,24.705882352941178,49.98561629576403,50.0,38.964743367002946,309.8117913072017,638.1884013838442
287.90000000000003,1.74982711496193,2.0,24.705882352941178,49.98457569095859,50.0,38.97481720974255,309.79118735484786,638.2017967296775
288.0,1.7496990025566759,2.0,24.705882352941178,49.98353894900458,50.0,38.98498534868059,309.7706033915574,638.215174637345
288.1,1.7495708997223776,2.0,24.705882352941178,49.982506124004146,50.0,38.99524688472926,309.75003938007393,638.2285351388971
288.2,1.74944280645867,2.0,24.705882352941178,49.981477269603715,50.0,39.00560091594511,309.7294952828328,638.2418782666336
288.3,1.7493147227651886,2.0,24.705882352941178,49.980452438991904,50.0,39.016046537596104,309.70897106196423,638.2552040531004
288.40000000000003,1.749186648641569,2.0,24.705882352941178,49.97943168489758,50.0,39.026582842234326,309.688466679297,638.2685125310873
288.5,1.7490585840874462,2.0,24.705882352941178,49.97841505958843,50.0,39.03720891976627,309.6679820963613,638.2818037336242
288.6,1.7489305291024557,2.0,24.705882352941178,49.977402614868595,50.0,39.047923857518484,309.64751727439227,638.2950776939799
288.7,1.7488024836862328,2.0,24.705882352941178,49.97639440207763,50.0,39.05872674031429,309.6270721743333,638.3083344456583
288.8,1.7486744478384122,2.0,24.705882352941178,49.975390472088066,50.0,39.06961665053495,309.6066467568393,638.3215740223959
288.90000000000003,1.74854642155863,2.0,24.705882352941178,49.974390875304266,50.0,39.08059266819811,309.5862409822801,638.3347964581592
289.0,1.7484184048465208,2.0,24.705882352941178,49.97339566166073,50.0,39.09165387102046,309.56585481074364,638.3480017871417
289.1,1.7482903977017197,2.0,24.705882352941178,49.97240488062016,50.0,39.10279933448892,309.5454882020395,638.3611900437614
289.2,1.7481624001238625,2.0,24.705882352941178,49.97141858117237,50.0,39.11402813193313,309.52514111570207,638.374361262658
289.3,1.748034412112584,2.0,24.705882352941178,49.97043681183237,50.0,39.12533933458919,309.50481351099404,638.3875154786899
289.40000000000003,1.7479064336675192,2.0,24.705882352941178,49.96945962063904,50.0,39.13673201167374,309.48450534690966,638.4006527269318
289.5,1.7477784647883037,2.0,24.705882352941178,49.96848705515396,50.0,39.14820523045034,309.46421658217804,638.4137730426713
289.6,1.7476505054745723,2.0,24.705882352941178,49.967519162459325,50.0,39.15975805629606,309.4439471752665,638.4268764614073
289.7,1.7475225557259604,2.0,24.705882352941178,49.966555989157314,50.0,39.17138955277709,309.423697084384,638.4399630188458
289.8,1.7473946155421025,2.0,24.705882352941178,49.96559758136823,50.0,39.18309878170906,309.40346626748465,638.4530327508982
289.90000000000003,1.7472666849226346,2.0,24.705882352941178,49.96464398472932,50.0,39.1948848032317,309.3832546822707,638.4660856936781
290.0,1.7471387638671911,2.0,24.705882352941178,49.963695244393875,50.0,39.206746675875095,309.36306228619634,638.4791218834986
290.1,1.7470108523754075,2.0,24.705882352941178,49.96275140502928,50.0,39.21868345662447,309.3428890364705,638.4921413568695
290.2,1.7468829504469185,2.0,24.705882352941178,49.961812510816685,50.0,39.23069420099601,309.32273489006093,638.5051441504945
290.3,1.7467550580813596,2.0,24.705882352941178,49.96087860544907,50.0,39.242777963094774,309.3025998036967,638.5181303012685
290.40000000000003,1.7466271752783658,2.0,24.705882352941178,49.959949732130724,50.0,39.25493379569187,309.2824837338724,638.5310998462747
290.5,1.7464993020375716,2.0,24.705882352941178,49.959025933575674,50.0,39.26716075028439,309.26238663685115,638.544052822782
290.6,1.7463714383586124,2.0,24.705882352941178,49.95810725200704,50.0,39.279457877169115,309.2423084686679,638.556989268242
290.7,1.7462435842411232,2.0,24.705882352941178,49.95719372915585,50.0,39.29182422550452,309.2222491851328,638.5699092202865
290.8,1.746115739684739,2.0,24.705882352941178,49.95628540625995,50.0,39.30425884338047,309.2022087418348,638.5828127167242
290.90000000000003,1.7459879046890947,2.0,24.705882352941178,49.95538232406341,50.0,39.31676077788585,309.18218709414475,638.5956997955388
291.0,1.7458600792538255,2.0,24.705882352941178,49.954484522815164,50.0,39.329329075171884,309.16218419721895,638.6085704948855
291.1,1.7457322633785661,2.0,24.705882352941178,49.95359204226861,50.0,39.34196278052341,309.1422000060025,638.6214248530881
291.2,1.7456044570629516,2.0,24.705882352941178,49.95270492168032,50.0,39.35466093842023,309.12223447523263,638.6342629086371
291.3,1.7454766603066163,2.0,24.705882352941178,49.95182319980972,50.0,39.36742259260837,309.102287559442,638.6470847001857
291.40000000000003,1.7453488731091962,2.0,24.705882352941178,49.95094691491795,50.0,39.38024678616062,309.0823592129622,638.6598902665484
291.5,1.7452210954703256,2.0,24.705882352941178,49.950076104767334,50.0,39.393132561547006,309.06244938992705,638.6726796466969
291.6,1.7450933273896396,2.0,24.705882352941178,49.94921080662084,50.0,39.406078960697535,309.042558044276,638.6854528797584
291.7,1.7449655688667727,2.0,24.705882352941178,49.94835105724093,50.0,39.41908502506674,309.02268512975746,638.6982100050121
291.8,1.7448378199013599,2.0,24.705882352941178,49.94749689288943,50.0,39.43214979570397,309.0028305999321,638.710951061887
291.90000000000003,1.7447100804930362,2.0,24.705882352941178,49.94664834932678,50.0,39.44527231331236,308.98299440817647,638.7236760899585
292.0,1.7445823506414364,2.0,24.705882352941178,49.94580546181146,50.0,39.458451618316694,308.96317650768606,638.736385128946
292.1,1.7444546303461954,2.0,24.705882352941178,49.94496826509942,50.0,39.4716867509272,308.9433768514788,638.7490782187103
292.2,1.744326919606948,2.0,24.705882352941178,49.944136793443874,50.0,39.48497675120504,308.9235953923984,638.7617553992507
292.3,1.7441992184233288,2.0,24.705882352941178,49.943311080594526,50.0,39.49832065912313,308.90383208311766,638.7744167107019
292.40000000000003,1.7440715267949727,2.0,24.705882352941178,49.94249115979761,50.0,39.51171751463418,308.8840868761419,638.7870621933316
292.5,1.7439438447215145,2.0,24.705882352941178,49.94167706379483,50.0,39.525166357728914,308.86435972381224,638.799691887538
292.6,1.743816172202589,2.0,24.705882352941178,49.940868824823724,50.0,39.538666228507545,308.844650578309,638.8123058338462
292.7,1.743688509237831,2.0,24.705882352941178,49.94006647461697,50.0,39.552216167234164,308.8249593916549,638.8249040729064
292.8,1.743560855826875,2.0,24.705882352941178,49.939270044402235,50.0,39.56581521440547,308.8052861157185,638.8374866454906
292.90000000000003,1.743433211969356,2.0,24.705882352941178,49.938479564901854,50.0,39.57946241081103,308.78563070221776,638.8500535924898
293.0,1.7433055776649085,2.0,24.705882352941178,49.93769506633288,50.0,39.59315679759715,308.76599310272286,638.8626049549118
293.1,1.7431779529131672,2.0,24.705882352941178,49.93691657840668,50.0,39.606897416326206,308.7463732686599,638.8751407738781
293.2,1.7430503377137672,2.0,24.705882352941178,49.936144130328785,50.0,39.620683309041425,308.72677115131415,638.8876610906209
293.3,1.7429227320663427,2.0,24.705882352941178,49.93537775079909,50.0,39.63451351832854,308.70718670183334,638.9001659464808
293.40000000000003,1.7427951359705283,2.0,24.705882352941178,49.93461746801137,50.0,39.64838708737379,308.6876198712308,638.9126553829038
293.5,1.742667549425959,2.0,24.705882352941178,49.933863309653646,50.0,39.662303060030276,308.66807061038924,638.9251294414395
293.6,1.742539972432269,2.0,24.705882352941178,49.93311530290799,50.0,39.67626048087361,308.64853887006336,638.9375881637365
293.7,1.7424124049890934,2.0,24.705882352941178,49.93237347445057,50.0,39.69025839526574,308.6290246008838,638.9500315915416
293.8,1.7422848470960666,2.0,24.705882352941178,49.93163785045175,50.0,39.70429584941457,308.60952775335994,638.9624597666962
293.90000000000003,1.7421572987528233,2.0,24.705882352941178,49.93090845657622,50.0,39.71837189043373,308.59004827788374,638.9748727311334
294.0,1.7420297599589982,2.0,24.705882352941178,49.93018531798316,50.0,39.732485566402254,308.57058612473224,638.9872705268758
294.1,1.7419022307142251,2.0,24.705882352941178,49.9294684593263,50.0,39.746635926423814,308.55114124407135,638.999653196033
294.2,1.7417747110181396,2.0,24.705882352941178,49.928757904754264,50.0,39.76082202068712,308.53171358595927,639.0120207807981
294.3,1.7416472008703758,2.0,24.705882352941178,49.928053677910725,50.0,39.775042900523275,308.51230310034924,639.0243733234455
294.40000000000003,1.741519700270568,2.0,24.705882352941178,49.92735580193471,50.0,39.7892976184653,308.4929097370931,639.0367108663285
294.5,1.7413922092183507,2.0,24.705882352941178,49.92666429946087,50.0,39.80358522830622,308.47353344594455,639.0490334518761
294.6,1.7412647277133586,2.0,24.705882352941178,49.92597919261988,50.0,39.8179047851573,308.45417417656233,639.0613411225906
294.7,1.7411372557552265,2.0,24.705882352941178,49.92530050303861,50.0,39.83225534550514,308.43483187851325,639.0736339210454
294.8,1.7410097933435886,2.0,24.705882352941178,49.92462825184094,50.0,39.84663596727116,308.41550650127596,639.0859118898811
294.90000000000003,1.7408823404780793,2.0,24.705882352941178,49.92396245964784,50.0,39.86104570986443,308.39619799424344,639.0981750718043
295.0,1.7407548971583333,2.0,24.705882352941178,49.92330314657784,50.0,39.87548363424238,308.37690630672677,639.1104235095842
295.1,1.7406274633839849,2.0,24.705882352941178,49.922650332247656,50.0,39.889948802966856,308.357631387958,639.1226572460499
295.2,1.7405000391546683,2.0,24.705882352941178,49.922004035772716,50.0,39.90444028025894,308.3383731870936,639.134876324088
295.3,1.7403726244700184,2.0,24.705882352941178,49.9213642757677,50.0,39.918957132055255,308.3191316532174,639.1470807866406
295.40000000000003,1.740245219329669,2.0,24.705882352941178,49.920731070347074,50.0,39.9334984260634,308.2999067353441,639.1592706767009
295.5,1.740117823733255,2.0,24.705882352941178,49.92010443712576,50.0,39.94806323181799,308.2806983824221,639.1714460373129
295.6,1.7399904376804105,2.0,24.705882352941178,49.919484393219705,50.0,39.96265062073481,308.2615065433366,639.1836069115669
295.7,1.7398630611707702,2.0,24.705882352941178,49.918870955246746,50.0,39.97725966616635,308.2423311669133,639.1957533425981
295.8,1.739735694203968,2.0,24.705882352941178,49.918264139327334,50.0,39.99188944345422,308.22317220192076,639.2078853735835
295.90000000000003,1.739608336779638,2.0,24.705882352941178,49.91766396108494,50.0,40.00653902998313,308.2040295970742,639.2200030477394
296.0,1.7394809888974154,2.0,24.705882352941178,49.91707043564708,50.0,40.02120750523805,308.1849033010384,639.232106408319
296.1,1.7393536505569342,2.0,24.705882352941178,49.91648357764609,50.0,40.03589395085425,308.1657932624306,639.2441954986099
296.2,1.7392263217578288,2.0,24.705882352941178,49.91590340122008,50.0,40.05059745067086,308.1466994298239,639.2562703619309
296.3,1.739099002499733,2.0,24.705882352941178,49.915329920013676,50.0,40.0653170907826,308.1276217517502,639.2683310416304
296.40000000000003,1.7389716927822816,2.0,24.705882352941178,49.9147631471788,50.0,40.08005195959295,308.1085601767033,639.2803775810833
296.5,1.7388443926051085,2.0,24.705882352941178,49.91420309537574,50.0,40.09480114786742,308.0895146531421,639.2924100236885
296.6,1.7387171019678478,2.0,24.705882352941178,49.91364977677421,50.0,40.109563748783216,308.0704851294934,639.3044284128665
296.7,1.7385898208701347,2.0,24.705882352941178,49.91310320305405,50.0,40.12433885797952,308.0514715541553,639.3164327920573
296.8,1.7384625493116022,2.0,24.705882352941178,49.91256338540643,50.0,40.139125573611544,308.03247387549976,639.3284232047171
296.90000000000003,1.738335287291885,2.0,24.705882352941178,49.91203033453485,50.0,40.153922996398656,308.0134920418763,639.3403996943163
297.0,1.7382080348106175,2.0,24.705882352941178,49.91150406065623,50.0,40.16873022967505,307.9945260016144,639.3523623043371
297.1,1.7380807918674341,2.0,24.705882352941178,49.910984573501935,50.0,40.18354637943934,307.9755757030269,639.3643110782708
297.2,1.7379535584619685,2.0,24.705882352941178,49.91047188231897,50.0,40.1983705544048,307.9566410944126,639.3762460596154
297.3,1.737826334593855,2.0,24.705882352941178,49.90996599587106,50.0,40.213201866047555,307.9377221240599,639.388167291873
297.40000000000003,1.7376991202627274,2.0,24.705882352941178,49.909466922440004,50.0,40.22803942865622,307.91881874024915,639.4000748185479
297.5,1.73757191546822,2.0,24.705882352941178,49.90897466982665,50.0,40.24288235937817,307.89993089125596,639.4119686831435
297.6,1.7374447202099677,2.0,24.705882352941178,49.90848924535243,50.0,40.25772977827041,307.881058525354,639.4238489291607
297.7,1.7373175344876042,2.0,24.705882352941178,49.908010655860096,50.0,40.27258080834361,307.86220159081785,639.4357156000943
297.8,1.737190358300763,2.0,24.705882352941178,49.90753890771572,50.0,40.28743457561527,307.84336003592637,639.4475687394319
297.90000000000003,1.737063191649079,2.0,24.705882352941178,49.907074006809296,50.0,40.3022902091485,307.82453380896516,639.4594083906505
298.0,1.7369360345321858,2.0,24.705882352941178,49.90661595855681,50.0,40.317146841106855,307.8057228582297,639.4712345972147
298.1,1.7368088869497176,2.0,24.705882352941178,49.90616476790092,50.0,40.332003606792014,307.7869271320282,639.483047402574
298.2,1.7366817489013078,2.0,24.705882352941178,49.90572043931286,50.0,40.34685964469788,307.7681465786844,639.4948468501607
298.3,1.7365546203865914,2.0,24.705882352941178,49.905282976793615,50.0,40.36171409654914,307.7493811465406,639.5066329833878
298.40000000000003,1.736427501405202,2.0,24.705882352941178,49.90485238387538,50.0,40.376566107350236,307.7306307839603,639.5184058456455
298.5,1.7363003919567737,2.0,24.705882352941178,49.90442866362321,50.0,40.39141482542905,307.7118954393312,639.5301654803004
298.6,1.7361732920409405,2.0,24.705882352941178,49.90401181863638,50.0,40.40625940247952,307.6931750610682,639.5419119306921
298.7,1.736046201657336,2.0,24.705882352941178,49.903601851049814,50.0,40.42109899360711,307.6744695976158,639.5536452401315
298.8,1.7359191208055949,2.0,24.705882352941178,49.90319876253585,50.0,40.4359327573731,307.6557789974514,639.565365451898
298.90000000000003,1.7357920494853505,2.0,24.705882352941178,49.902802554305765,50.0,40.4507598558353,307.6371032090875,639.5770726092375
299.0,1.7356649876962371,2.0,24.705882352941178,49.90241322711125,50.0,40.46557945459154,307.6184421810751,639.5887667553603
299.1,1.7355379354378886,2.0,24.705882352941178,49.9020307812462,50.0,40.48039072282313,307.59979586200615,639.6004479334387
299.2,1.735410892709939,2.0,24.705882352941178,49.901655216548306,50.0,40.49519283333513,307.58116420051596,639.6121161866045
299.3,1.735283859512022,2.0,24.705882352941178,49.901286532400604,50.0,40.509984962598125,307.56254714528694,639.623771557947
299.40000000000003,1.7351568358437715,2.0,24.705882352941178,49.900924727733354,50.0,40.524766290791284,307.5439446450503,639.6354140905107
299.5,1.7350298217048217,2.0,24.705882352941178,49.900569801025824,50.0,40.53953600184038,307.5253566485893,639.6470438272933
299.6,1.7349028170948062,2.0,24.705882352941178,49.90022175030782,50.0,40.55429328345809,307.5067831047419,639.658660811243
299.7,1.734775822013359,2.0,24.705882352941178,49.89988057316151,50.0,40.569037327186116,307.4882239624031,639.670265085257
299.8,1.7346488364601136,2.0,24.705882352941178,49.89954626672335,50.0,40.58376732843384,307.4696791705282,639.6818566921786
299.90000000000003,1.7345218604347044,2.0,24.705882352941178,49.89921882768584,50.0,40.59848248651603,307.45114867813504,639.6934356747955
300.0,1.7343948939367644,2.0,24.705882352941178,49.89889825229926,50.0,40.61318200469246,307.43263243430664,639.7050020758376
300.1,1.7342679369659282,2.0,24.705882352941178,49.89858453637373,50.0,40.62786509020736,307.414130388194,639.7165559379746
300.2,1.7341409895218294,2.0,24.705882352941178,49.898277675280895,50.0,40.642530954324634,307.3956424890187,639.728097303814
300.3,1.7340140516041016,2.0,24.705882352941178,49.89797766395594,50.0,40.65717881236825,307.3771686860755,639.7396262158993
300.40000000000003,1.7338871232123787,2.0,24.705882352941178,49.89768449689956,50.0,40.67180788375738,307.35870892873476,639.7511427167074
300.5,1.7337602043462943,2.0,24.705882352941178,49.89739816817985,50.0,40.686417392043374,307.3402631664451,639.7626468486467
300.6,1.733633295005482,2.0,24.705882352941178,49.897118671434214,50.0,40.70100656494612,307.3218313487361,639.7741386540548
300.7,1.733506395189576,2.0,24.705882352941178,49.89684599987157,50.0,40.71557463439093,307.30341342522064,639.7856181751972
300.8,1.73337950489821,2.0,24.705882352941178,49.89658014627412,50.0,40.73012083654149,307.28500934559764,639.7970854542643
300.90000000000003,1.7332526241310169,2.0,24.705882352941178,49.89632110299959,50.0,40.74464441183786,307.2666190596544,639.8085405333698
301.0,1.7331257528876314,2.0,24.705882352941178,49.896068861983224,50.0,40.759144605028254,307.24824251726903,639.8199834545486
301.1,1.7329988911676866,2.0,24.705882352941178,49.89582341473982,50.0,40.77362066520491,307.22987966841316,639.8314142597548
301.2,1.7328720389708165,2.0,24.705882352941178,49.895584752365835,50.0,40.7880718458374,307.21153046315425,639.8428329908596
301.3,1.7327451962966547,2.0,24.705882352941178,49.895352865541554,50.0,40.80249740480657,307.193194851658,639.8542396896497
301.40000000000003,1.7326183631448344,2.0,24.705882352941178,49.89512774453317,50.0,40.816896604436415,307.17487278419105,639.8656343978249
301.5,1.7324915395149896,2.0,24.705882352941178,49.8949093791951,50.0,40.83126871152772,307.156564211123,639.8770171569957
301.6,1.732364725406754,2.0,24.705882352941178,49.89469775897186,50.0,40.845612997388244,307.13826908292924,639.8883880086828
301.7,1.7322379208197607,2.0,24.705882352941178,49.89449287290057,50.0,40.85992873786788,307.11998735019284,639.8997469943135
301.8,1.732111125753644,2.0,24.705882352941178,49.89429470961312,50.0,40.87421521338621,307.1017189636075,639.9110941552207
301.90000000000003,1.7319843402080366,2.0,24.705882352941178,49.89410325733826,50.0,40.888471708964566,307.0834638739794,639.9224295326408
302.0,1.7318575641825729,2.0,24.705882352941178,49.89391850390393,50.0,40.90269751425769,307.0652220322299,639.9337531677119
302.1,1.731730797676886,2.0,24.705882352941178,49.89374043673962,50.0,40.91689192358275,307.0469933893975,639.9450651014718
302.2,1.73160404069061,2.0,24.705882352941178,49.89356904287854,50.0,40.93105423594848,307.0287778966406,639.9563653748559
302.3,1.7314772932233775,2.0,24.705882352941178,49.89340430895987,50.0,40.94518375508523,307.01057550523933,639.9676540286958
302.40000000000003,1.731350555274823,2.0,24.705882352941178,49.89324622123149,50.0,40.95927978947455,306.9923861665982,639.9789311037171
302.5,1.7312238268445794,2.0,24.705882352941178,49.89309476555172,50.0,40.97334165237324,306.9742098322481,639.9901966405378
302.6,1.7310971079322803,2.0,24.705882352941178,49.892949927392294,50.0,40.987368661847974,306.9560464538487,640.0014506796658
302.7,1.730970398537559,2.0,24.705882352941178,49.89281169184028,50.0,41.00136014079565,306.9378959831907,640.0126932614984
302.8,1.730843698660049,2.0,24.705882352941178,49.89268004360065,50.0,41.01531541697611,306.9197583721977,640.0239244263194
302.90000000000003,1.7307170082993841,2.0,24.705882352941178,49.892554966998716,50.0,41.02923382303631,306.90163357292886,640.0351442142976
303.0,1.7305903274551977,2.0,24.705882352941178,49.89243644598258,50.0,41.04311469653653,306.88352153758075,640.0463526654854
303.1,1.7304636561271225,2.0,24.705882352941178,49.892324464125466,50.0,41.05695737997609,306.86542221848964,640.0575498198164
303.2,1.7303369943147933,2.0,24.705882352941178,49.892219004628316,50.0,41.07076122081994,306.84733556813364,640.0687357171042
303.3,1.730210342017842,2.0,24.705882352941178,49.89212005032226,50.0,41.0845255715218,306.8292615391349,640.0799103970405
303.40000000000003,1.730083699235903,2.0,24.705882352941178,49.89202758367094,50.0,41.098249789549364,306.8112000842614,640.0910738991935
303.5,1.729957065968609,2.0,24.705882352941178,49.89194158677333,50.0,41.11193323740999,306.79315115642936,640.1022262630056
303.6,1.7298304422155937,2.0,24.705882352941178,49.89186204136598,50.0,41.12557528267064,306.7751147087052,640.1133675277924
303.7,1.7297038279764905,2.0,24.705882352941178,49.89178892882558,50.0,41.139175297984956,306.7570906943077,640.1244977327415
303.8,1.7295772232509328,2.0,24.705882352941178,49.891722230171695,50.0,41.15273266111525,306.7390790666098,640.1356169169094
303.90000000000003,1.7294506280385538,2.0,24.705882352941178,49.891661926069276,50.0,41.16624675495265,306.7210797791409,640.1467251192207
304.0,1.7293240423389868,2.0,24.705882352941178,49.891607996831,50.0,41.17971696754076,306.7030927855885,640.1578223784669
304.1,1.7291974661518652,2.0,24.705882352941178,49.891560422420355,50.0,41.19314269209898,306.6851180398008,640.1689087333039
304.2,1.7290708994768222,2.0,24.705882352941178,49.89151918245375,50.0,41.20652332703842,306.6671554957879,640.1799842222508
304.3,1.728944342313491,2.0,24.705882352941178,49.891484256203455,50.0,41.21985827598874,306.6492051077243,640.1910488836887
304.40000000000003,1.728817794661505,2.0,24.705882352941178,49.89145562260006,50.0,41.233146947814056,306.6312668299507,640.2021027558585
304.5,1.7286912565204973,2.0,24.705882352941178,49.891433260235374,50.0,41.24638875663538,306.61334061697573,640.2131458768596
304.6,1.7285647278901013,2.0,24.705882352941178,49.89141714736485,50.0,41.25958312184724,306.5954264234783,640.2241782846485
304.7,1.72843820876995,2.0,24.705882352941178,49.891407261910274,50.0,41.27272946813934,306.5775242043088,640.2352000170368
304.8,1.7283116991596763,2.0,24.705882352941178,49.89140358146267,50.0,41.2858272255148,306.55963391449166,640.246211111691
304.90000000000003,1.728185199058914,2.0,24.705882352941178,49.891406083284835,50.0,41.29887582930619,306.5417555092267,640.2572116061289
305.0,1.7280587084672965,2.0,24.705882352941178,49.89141474431398,50.0,41.311874720195135,306.52388894389105,640.2682015377198
305.1,1.7279322273844564,2.0,24.705882352941178,49.89142954116454,50.0,41.32482334423037,306.5060341740413,640.2791809436828
305.2,1.727805755810027,2.0,24.705882352941178,49.89145045013106,50.0,41.337721152843265,306.4881911554148,640.2901498610847
305.3,1.7276792937436412,2.0,24.705882352941178,49.891477447190766,50.0,41.35056760286348,306.47035984393193,640.3011083268391
305.40000000000003,1.7275528411849328,2.0,24.705882352941178,49.89151050800638,50.0,41.36336215653657,306.4525401956974,640.3120563777045
305.5,1.7274263981335343,2.0,24.705882352941178,49.89154960792888,50.0,41.37610428153911,306.43473216700215,640.3229940502838
305.6,1.7272999645890792,2.0,24.705882352941178,49.89159472200032,50.0,41.38879345099383,306.4169357143251,640.3339213810218
305.7,1.7271735405512003,2.0,24.705882352941178,49.89164582495658,50.0,41.4014291434844,306.399150794335,640.3448384062045
305.8,1.7270471260195313,2.0,24.705882352941178,49.89170289123018,50.0,41.41401084306985,306.38137736389194,640.3557451619579
305.90000000000003,1.7269207209937043,2.0,24.705882352941178,49.891765894953096,50.0,41.426538039298784,306.36361538004894,640.3666416842459
306.0,1.726794325473353,2.0,24.705882352941178,49.89183480995956,50.0,41.43901022722246,306.3458648000536,640.3775280088698
306.1,1.7266679394581101,2.0,24.705882352941178,49.891909609789025,50.0,41.45142690740849,306.3281255813501,640.3884041714664
306.2,1.726541562947609,2.0,24.705882352941178,49.89199026768881,50.0,41.46378758595211,306.3103976815801,640.399270207507
306.3,1.7264151959414826,2.0,24.705882352941178,49.89207675661703,50.0,41.47609177449051,306.2926810585853,640.4101261522961
306.40000000000003,1.726288838439364,2.0,24.705882352941178,49.89216904924558,50.0,41.488338990213855,306.27497567040797,640.4209720409699
306.5,1.7261624904408859,2.0,24.705882352941178,49.89226711796283,50.0,41.50052875587531,306.2572814752933,640.4318079084952
306.6,1.7260361519456813,2.0,24.705882352941178,49.89237093487657,50.0,41.51266059980437,306.2395984316907,640.4426337896683
306.7,1.725909822953383,2.0,24.705882352941178,49.89248047181695,50.0,41.52473405591632,306.22192649825496,640.4534497191137
306.8,1.7257835034636242,2.0,24.705882352941178,49.89259570033926,50.0,41.5367486637219,306.20426563384825,640.464255731283
306.90000000000003,1.7256571934760383,2.0,24.705882352941178,49.89271659172692,50.0,41.54870396833892,306.1866157975414,640.4750518604529
307.0,1.7255308929902573,2.0,24.705882352941178,49.8928431169943,50.0,41.56059952049963,306.16897694861524,640.4858381407256
307.1,1.725404602005915,2.0,24.705882352941178,49.89297524688982,50.0,41.572434876561886,306.15134904656225,640.496614606026
307.20000000000005,1.7252783205226438,2.0,24.705882352941178,49.89311295189867,50.0,41.584209598514676,306.1337320510879,640.5073812901016
307.3,1.7251520485400769,2.0,24.705882352941178,49.89325620224582,50.0,41.59592325398934,306.11612592211213,640.518138226521
307.40000000000003,1.725025786057847,2.0,24.705882352941178,49.89340496789896,50.0,41.60757541626604,306.09853061977043,640.528885448673
307.5,1.7248995330755865,2.0,24.705882352941178,49.89355921857151,50.0,41.619165664281105,306.08094610441566,640.539622989765
307.6,1.7247732895929289,2.0,24.705882352941178,49.893718923725544,50.0,41.63069358263328,306.06337233661907,640.5503508828225
307.70000000000005,1.724647055609507,2.0,24.705882352941178,49.89388405257455,50.0,41.642158761590984,306.0458092771717,640.5610691606877
307.8,1.7245208311249534,2.0,24.705882352941178,49.89405457408674,50.0,41.65356079710005,306.02825688708583,640.5717778560185
307.90000000000003,1.7243946161389012,2.0,24.705882352941178,49.894230456987714,50.0,41.66489929078577,306.01071512759626,640.5824770012878
308.0,1.7242684106509827,2.0,24.705882352941178,49.8944116697636,50.0,41.67617384996186,305.9931839601612,640.5931666287817
308.1,1.7241422146608312,2.0,24.705882352941178,49.89459818066382,50.0,41.687384087633326,305.9756633464642,640.6038467705993
308.20000000000005,1.7240160281680794,2.0,24.705882352941178,49.894789957704575,50.0,41.69852962250323,305.95815324841476,640.6145174586512
308.3,1.7238898511723597,2.0,24.705882352941178,49.89498696867105,50.0,41.70961007897158,305.94065362814985,640.6251787246588
308.40000000000003,1.723763683673305,2.0,24.705882352941178,49.89518918112134,50.0,41.72062508714783,305.92316444803515,640.635830600153
308.5,1.7236375256705483,2.0,24.705882352941178,49.89539656238861,50.0,41.73157428284332,305.9056856706661,640.6464731164739
308.6,1.7235113771637218,2.0,24.705882352941178,49.895609079584574,50.0,41.74245730758453,305.88821725886913,640.6571063047693
308.70000000000005,1.7233852381524593,2.0,24.705882352941178,49.895826699602424,50.0,41.75327380860931,305.87075917570274,640.667730195994
308.8,1.7232591086363922,2.0,24.705882352941178,49.896049389119526,50.0,41.764023438870446,305.8533113844587,640.6783448209087
308.90000000000003,1.723132988615154,2.0,24.705882352941178,49.89627711460105,50.0,41.77470585704078,305.8358738486632,640.6889502100795
309.0,1.7230068780883772,2.0,24.705882352941178,49.89650984230235,50.0,41.78532072750764,305.8184465320777,640.6995463938766
309.1,1.7228807770556938,2.0,24.705882352941178,49.896747538272564,50.0,41.79586772038137,305.8010293987004,640.7101334024736
309.20000000000005,1.7227546855167375,2.0,24.705882352941178,49.89699016835698,50.0,41.80634651148913,305.7836224127669,640.7207112658472
309.3,1.7226286034711404,2.0,24.705882352941178,49.89723769820063,50.0,41.81675678238257,305.7662255387513,640.7312800137752
309.40000000000003,1.7225025309185353,2.0,24.705882352941178,49.897490093251065,50.0,41.827098220330846,305.7488387413676,640.7418396758369
309.5,1.722376467858555,2.0,24.705882352941178,49.89774731876133,50.0,41.83737051832363,305.7314619855701,640.7523902814116
309.6,1.7222504142908313,2.0,24.705882352941178,49.898009339793134,50.0,41.847573375070475,305.71409523655484,640.7629318596781
309.70000000000005,1.7221243702149975,2.0,24.705882352941178,49.89827612121991,50.0,41.85770649499782,305.69673845976035,640.7734644396138
309.8,1.7219983356306858,2.0,24.705882352941178,49.89854762772973,50.0,41.86776958824729,305.67939162086856,640.7839880499943
309.90000000000003,1.721872310537529,2.0,24.705882352941178,49.89882382382831,50.0,41.87776237067509,305.6620546858059,640.7945027193917
310.0,1.7217462949351594,2.0,24.705882352941178,49.89910467384209,50.0,41.88768456384951,305.644727620744,640.8050084761755
310.1,1.72162028882321,2.0,24.705882352941178,49.899390141921515,50.0,41.897535895047824,305.6274103921008,640.8155053485104
310.20000000000005,1.721494292201313,2.0,24.705882352941178,49.899680192043604,50.0,41.90731609725054,305.61010296654104,640.8259933643562
310.3,1.7213683050691009,2.0,24.705882352941178,49.8999747880153,50.0,41.917024909143265,305.59280531097755,640.8364725514674
310.40000000000003,1.7212423274262063,2.0,24.705882352941178,49.900273893476594,50.0,41.92666207510866,305.5755173925718,640.8469429373922
310.5,1.7211163592722616,2.0,24.705882352941178,49.90057747190326,50.0,41.93622734522191,305.55823917873465,640.8574045494718
310.6,1.720990400606899,2.0,24.705882352941178,49.90088548661009,50.0,41.94572047524944,305.54097063712743,640.86785741484
310.70000000000005,1.7208644514297518,2.0,24.705882352941178,49.901197900753914,50.0,41.955141226641246,305.5237117356626,640.8783015604229
310.8,1.7207385117404514,2.0,24.705882352941178,49.90151467733665,50.0,41.96448936652623,305.506462442504,640.8887370129371
310.90000000000003,1.7206125815386313,2.0,24.705882352941178,49.90183577920823,50.0,41.973764667706114,305.48922272606865,640.8991637988908
311.0,1.7204866608239229,2.0,24.705882352941178,49.90216116906976,50.0,41.98296690865082,305.47199255502636,640.909581944582
311.1,1.7203607495959592,2.0,24.705882352941178,49.90249080947655,50.0,41.99209587349031,305.4547718983011,640.9199914760985
311.20000000000005,1.7202348478543728,2.0,24.705882352941178,49.902824662841,50.0,42.001151352008286,305.43756072507153,640.930392419317
311.3,1.7201089555987958,2.0,24.705882352941178,49.903162691435796,50.0,42.010133139636416,305.4203590047714,640.940784799903
311.40000000000003,1.7199830728288603,2.0,24.705882352941178,49.90350485739697,50.0,42.019041037445064,305.40316670709063,640.9511686433099
311.5,1.719857199544199,2.0,24.705882352941178,49.903851122726735,50.0,42.027874852135305,305.3859838019756,640.961543974779
311.6,1.7197313357444441,2.0,24.705882352941178,49.904201449296636,50.0,42.03663439603276,305.36881025962987,640.9719108193389
311.70000000000005,1.7196054814292279,2.0,24.705882352941178,49.90455579885065,50.0,42.045319487077684,305.35164605051466,640.9822692018042
311.8,1.719479636598183,2.0,24.705882352941178,49.90491413300799,50.0,42.05392994881525,305.3344911453498,640.9926191467766
311.90000000000003,1.7193538012509415,2.0,24.705882352941178,49.90527641326628,50.0,42.06246561038892,305.31734551511346,641.0029606786433
312.0,1.7192279753871353,2.0,24.705882352941178,49.90564260100467,50.0,42.070926306528776,305.3002091310437,641.0132938215767
312.1,1.7191021590063973,2.0,24.705882352941178,49.9060126574866,50.0,42.07931187754085,305.2830819646383,641.0236185995345
312.20000000000005,1.7189763521083596,2.0,24.705882352941178,49.90638654386299,50.0,42.08762216929998,305.26596398765537,641.0339350362591
312.3,1.7188505546926545,2.0,24.705882352941178,49.90676422117514,50.0,42.09585703323633,305.248855172114,641.0442431552772
312.40000000000003,1.7187247667589138,2.0,24.705882352941178,49.90714565035785,50.0,42.10401632632665,305.2317554902946,641.0545429798991
312.5,1.7185989883067705,2.0,24.705882352941178,49.90753079224231,50.0,42.1120999110809,305.2146649147392,641.0648345332193
312.6,1.718473219335856,2.0,24.705882352941178,49.90791960755911,50.0,42.12010765553259,305.19758341825224,641.0751178381153
312.70000000000005,1.718347459845803,2.0,24.705882352941178,49.908312056941384,50.0,42.12803943322646,305.1805109739007,641.0853929172475
312.8,1.7182217098362436,2.0,24.705882352941178,49.90870810092753,50.0,42.13589512320434,305.16344755501444,641.0956597930592
312.90000000000003,1.71809596930681,2.0,24.705882352941178,49.90910769996441,50.0,42.14367460999616,305.1463931351866,641.1059184877761
313.0,1.7179702382571345,2.0,24.705882352941178,49.909510814410226,50.0,42.1513777836039,305.1293476882744,641.116169023406
313.1,1.717844516686849,2.0,24.705882352941178,49.90991740453745,50.0,42.15900453949026,305.1123111883985,641.1264114217388
313.20000000000005,1.7177188045955858,2.0,24.705882352941178,49.91032743053614,50.0,42.166554778565136,305.0952836099443,641.136645704346
313.3,1.717593101982977,2.0,24.705882352941178,49.91074085251631,50.0,42.17402840716835,305.07826492756175,641.1468718925805
313.40000000000003,1.7174674088486548,2.0,24.705882352941178,49.911157630511354,50.0,42.18142533706207,305.0612551161655,641.1570900075766
313.5,1.7173417251922511,2.0,24.705882352941178,49.91157772448082,50.0,42.18874548541063,305.04425415093567,641.1673000702496
313.6,1.717216051013398,2.0,24.705882352941178,49.912001094313325,50.0,42.195988774768345,305.02726200731763,641.177502101296
313.70000000000005,1.717090386311728,2.0,24.705882352941178,49.912427699829664,50.0,42.20315513306464,305.01027866102237,641.1876961211927
313.8,1.7169647310868725,2.0,24.705882352941178,49.91285750078566,50.0,42.2102444935867,304.9933040880267,641.1978821501976
313.90000000000003,1.7168390853384643,2.0,24.705882352941178,49.91329045687485,50.0,42.21725679496511,304.9763382645736,641.2080602083491
314.0,1.716713449066135,2.0,24.705882352941178,49.9137265277318,50.0,42.224191981160274,304.95938116717195,641.2182303154657
314.1,1.7165878222695168,2.0,24.705882352941178,49.9141656729347,50.0,42.23105000144134,304.9424327725972,641.2283924911462
314.20000000000005,1.7164622049482412,2.0,24.705882352941178,49.91460785200843,50.0,42.23783081037403,304.92549305789134,641.2385467547699
314.3,1.7163365971019406,2.0,24.705882352941178,49.915053024427664,50.0,42.24453436780153,304.9085620003626,641.2486931254961
314.40000000000003,1.7162109987302474,2.0,24.705882352941178,49.91550114961922,50.0,42.25116063882533,304.89163957758626,641.258831622264
314.5,1.7160854098327931,2.0,24.705882352941178,49.91595218696551,50.0,42.257709593793955,304.87472576740424,641.268962263793
314.6,1.7159598304092094,2.0,24.705882352941178,49.91640609580702,50.0,42.26418120827825,304.8578205479253,641.2790850685827
314.70000000000005,1.715834260459129,2.0,24.705882352941178,49.91686283544533,50.0,42.270575463058925,304.8409238975251,641.2892000549126
314.8,1.7157086999821833,2.0,24.705882352941178,49.917322365146106,50.0,42.27689234410541,304.82403579484634,641.2993072408418
314.90000000000003,1.7155831489780045,2.0,24.705882352941178,49.91778464414165,50.0,42.283131842556735,304.80715621879847,641.30940664421
315.0,1.7154576074462242,2.0,24.705882352941178,49.91824963163401,50.0,42.28929395470586,304.79028514855787,641.3194982826366
315.1,1.7153320753864747,2.0,24.705882352941178,49.91871728679769,50.0,42.29537868197722,304.7734225635681,641.3295821735212
315.20000000000005,1.7152065527983875,2.0,24.705882352941178,49.91918756878266,50.0,42.30138603090948,304.7565684435394,641.3396583340435
315.3,1.715081039681595,2.0,24.705882352941178,49.91966043671687,50.0,42.307316013133175,304.7397227684488,641.3497267811634
315.40000000000003,1.7149555360357283,2.0,24.705882352941178,49.92013584970931,50.0,42.31316864535503,304.7228855185402,641.3597875316211
315.5,1.7148300418604199,2.0,24.705882352941178,49.92061376685268,50.0,42.318943949333885,304.70605667432403,641.3698406019372
315.6,1.7147045571553015,2.0,24.705882352941178,49.92109414722631,50.0,42.32464195186274,304.68923621657746,641.3798860084129
315.70000000000005,1.7145790819200049,2.0,24.705882352941178,49.921576949898736,50.0,42.33026268474601,304.6724241263441,641.3899237671296
315.8,1.714453616154162,2.0,24.705882352941178,49.92206213393081,50.0,42.3358061847812,304.65562038493357,641.3999538939502
315.90000000000003,1.7143281598574043,2.0,24.705882352941178,49.922549658378045,50.0,42.34127249373362,304.638824973922,641.409976404518
316.0,1.7142027130293636,2.0,24.705882352941178,49.923039482293746,50.0,42.34666165832003,304.62203787515136,641.4199913142575
316.1,1.714077275669672,2.0,24.705882352941178,49.92353156473149,50.0,42.35197373018225,304.6052590707294,641.4299986383743
316.20000000000005,1.7139518477779607,2.0,24.705882352941178,49.92402586474822,50.0,42.35720876586842,304.5884885430294,641.4399983918559
316.3,1.7138264293538623,2.0,24.705882352941178,49.92452234140637,50.0,42.36236682680686,304.57172627469026,641.4499905894708
316.40000000000003,1.7137010203970078,2.0,24.705882352941178,49.92502095377711,50.0,42.367447979289985,304.55497224861574,641.4599752457698
316.5,1.7135756209070294,2.0,24.705882352941178,49.92552166094288,50.0,42.37245229444571,304.5382264479747,641.4699523750857
316.6,1.7134502308835589,2.0,24.705882352941178,49.926024422000125,50.0,42.377379848216336,304.5214888562004,641.4799219915336
316.70000000000005,1.7133248503262273,2.0,24.705882352941178,49.92652919606189,50.0,42.38223072133538,304.5047594569907,641.4898841090118
316.8,1.7131994792346668,2.0,24.705882352941178,49.92703594226049,50.0,42.387004999304786,304.4880382343073,641.4998387412005
316.90000000000003,1.713074117608509,2.0,24.705882352941178,49.927544619750336,50.0,42.3917027723711,304.47132517237566,641.5097859015635
317.0,1.7129487654473856,2.0,24.705882352941178,49.92805518771024,50.0,42.396324135499775,304.4546202556847,641.5197256033483
317.1,1.7128234227509285,2.0,24.705882352941178,49.92856760534647,50.0,42.40086918835518,304.43792346898624,641.5296578595858
317.20000000000005,1.7126980895187687,2.0,24.705882352941178,49.9290818318953,50.0,42.40533803527111,304.421234797295,641.5395826830912
317.3,1.7125727657505387,2.0,24.705882352941178,49.92959782662524,50.0,42.409730785227836,304.4045542258878,641.549500086464
317.40000000000003,1.712447451445869,2.0,24.705882352941178,49.93011554884009,50.0,42.41404755183109,304.38788174030356,641.5594100820884
317.5,1.712322146604392,2.0,24.705882352941178,49.93063495788135,50.0,42.41828845328164,304.37121732634245,641.569312682134
317.6,1.712196851225739,2.0,24.705882352941178,49.93115601313076,50.0,42.42245361235298,304.3545609700659,641.5792078985556
317.70000000000005,1.7120715653095417,2.0,24.705882352941178,49.931678674012915,50.0,42.42654315636573,304.33791265779604,641.5890957430942
317.8,1.7119462888554315,2.0,24.705882352941178,49.93220289999789,50.0,42.43055721716145,304.321272376115,641.5989762272766
317.90000000000003,1.71182102186304,2.0,24.705882352941178,49.93272865060379,50.0,42.43449593107626,304.3046401118647,641.6088493624168
318.0,1.7116957643319992,2.0,24.705882352941178,49.933255885399035,50.0,42.43835943891474,304.2880158521463,641.6187151596158
318.1,1.7115705162619401,2.0,24.705882352941178,49.93378456400512,50.0,42.442147885926225,304.2713995843196,641.628573629762
318.20000000000005,1.7114452776524944,2.0,24.705882352941178,49.93431464609915,50.0,42.44586142177522,304.2547912960028,641.6384247835316
318.3,1.7113200485032936,2.0,24.705882352941178,49.93484609141609,50.0,42.449500200515196,304.2381909750716,641.6482686313898
318.40000000000003,1.711194828813969,2.0,24.705882352941178,49.93537885975155,50.0,42.453064380563944,304.2215986096589,641.6581051835902
318.5,1.711069618584152,2.0,24.705882352941178,49.93591291096402,50.0,42.456554124673026,304.2050141881543,641.6679344501762
318.6,1.710944417813475,2.0,24.705882352941178,49.93644820497741,50.0,42.45996959990357,304.1884376992032,641.6777564409807
318.70000000000005,1.7108192265015678,2.0,24.705882352941178,49.9369847017835,50.0,42.46331097759733,304.1718691317065,641.6875711656274
318.8,1.7106940446480634,2.0,24.705882352941178,49.93752236144434,50.0,42.46657843334917,304.15530847481995,641.6973786335304
318.90000000000003,1.710568872252592,2.0,24.705882352941178,49.938061144094775,50.0,42.46977214697968,304.13875571795353,641.7071788538957
319.0,1.7104437093147864,2.0,24.705882352941178,49.938601009944705,50.0,42.4728923025056,304.12221085077067,641.7169718357211
319.1,1.7103185558342766,2.0,24.705882352941178,49.93914191928138,50.0,42.47593908811381,304.1056738631878,641.7267575877969
319.20000000000005,1.710193411810695,2.0,24.705882352941178,49.9396838324721,50.0,42.47891269613312,304.08914474537363,641.7365361187067
319.3,1.7100682772436722,2.0,24.705882352941178,49.94022670996628,50.0,42.48181332300267,304.0726234877484,641.7463074368274
319.40000000000003,1.7099431521328396,2.0,24.705882352941178,49.940770512297775,50.0,42.484641169246316,304.05611008098333,641.7560715503306
319.5,1.7098180364778293,2.0,24.705882352941178,49.941315200087615,50.0,42.48739643944402,304.0396045159998,641.7658284671822
319.6,1.7096929302782717,2.0,24.705882352941178,49.94186073404586,50.0,42.49007934219808,304.02310678396873,641.7755781951444
319.70000000000005,1.709567833533799,2.0,24.705882352941178,49.942407074974085,50.0,42.49269009010981,304.00661687630975,641.7853207417745
319.8,1.709442746244042,2.0,24.705882352941178,49.942954183767654,50.0,42.49522889974716,303.9901347846905,641.7950561144272
319.90000000000003,1.7093176684086322,2.0,24.705882352941178,49.943502021418226,50.0,42.49769599161581,303.97366050102596,641.8047843202543
320.0,1.7091926000272009,2.0,24.705882352941178,49.94405054901546,50.0,42.500091590127035,303.9571940174775,641.8145053662056
320.1,1.7090675410993792,2.0,24.705882352941178,49.94459972774973,50.0,42.502415923574,303.9407353264523,641.8242192590294
320.20000000000005,1.7089424916247986,2.0,24.705882352941178,49.94514951891426,50.0,42.50466922409574,303.9242844206024,641.8339260052737
320.3,1.70881745160309,2.0,24.705882352941178,49.94569988390708,50.0,42.50685172764928,303.9078412928241,641.8436256112863
320.40000000000003,1.7086924210338852,2.0,24.705882352941178,49.94625078423371,50.0,42.5089636739813,303.8914059362568,641.8533180832158
320.5,1.708567399916815,2.0,24.705882352941178,49.946802181508986,50.0,42.5110053065926,303.8749783442824,641.8630034270121
320.6,1.7084423882515105,2.0,24.705882352941178,49.947354037459206,50.0,42.512976872712045,303.8585585105246,641.8726816484271
320.70000000000005,1.708317386037603,2.0,24.705882352941178,49.94790631392442,50.0,42.51487862326528,303.84214642884757,641.8823527530159
320.8,1.708192393274724,2.0,24.705882352941178,49.94845897286052,50.0,42.51671081284265,303.82574209335564,641.892016746137
320.90000000000003,1.7080674099625042,2.0,24.705882352941178,49.94901197634135,50.0,42.5184736996688,303.80934549839196,641.901673632953
321.0,1.707942436100575,2.0,24.705882352941178,49.94956528656087,50.0,42.520167545571724,303.7929566385378,641.9113234184321
321.1,1.707817471688568,2.0,24.705882352941178,49.95011886583518,50.0,42.52179261595092,303.77657550861187,641.920966107348
321.20000000000005,1.707692516726113,2.0,24.705882352941178,49.95067267660471,50.0,42.523349179746624,303.7602021036689,641.9306017042808
321.3,1.7075675712128424,2.0,24.705882352941178,49.95122668143608,50.0,42.52483750940736,303.743836418999,641.9402302136186
321.40000000000003,1.707442635148387,2.0,24.705882352941178,49.95178084302421,50.0,42.52625788086038,303.7274784501268,641.9498516395574
321.5,1.7073177085323772,2.0,24.705882352941178,49.952335124194576,50.0,42.527610573478945,303.71112819281024,641.9594659861021
321.6,1.7071927913644454,2.0,24.705882352941178,49.95288948790483,50.0,42.52889587004818,303.6947856430397,641.9690732570677
321.70000000000005,1.7070678836442217,2.0,24.705882352941178,49.95344389724704,50.0,42.53011405673783,303.6784507970373,641.9786734560796
321.8,1.7069429853713376,2.0,24.705882352941178,49.95399831544967,50.0,42.531265423066536,303.66212365125557,641.9882665865745
321.90000000000003,1.7068180965454236,2.0,24.705882352941178,49.95455270587951,50.0,42.532350261870754,303.6458042023764,641.9978526518018
322.0,1.7066932171661113,2.0,24.705882352941178,49.95510703204354,50.0,42.53336886927205,303.62949244731027,642.007431654824
322.1,1.7065683472330313,2.0,24.705882352941178,49.95566125759086,50.0,42.534321544646154,303.6131883831952,642.0170035985172
322.20000000000005,1.7064434867458151,2.0,24.705882352941178,49.95621534631482,50.0,42.53520859059014,303.5968920073955,642.026568485573
322.3,1.7063186357040934,2.0,24.705882352941178,49.95676926215458,50.0,42.53603031288741,303.58060331750096,642.0361263184984
322.40000000000003,1.7061937941074974,2.0,24.705882352941178,49.957322969197264,50.0,42.53678702047918,303.5643223113256,642.0456770996173
322.5,1.7060689619556575,2.0,24.705882352941178,49.95787643167978,50.0,42.53747902542819,303.5480489869068,642.0552208310708
322.6,1.705944139248205,2.0,24.705882352941178,49.95842961399046,50.0,42.53810664288684,303.53178334250407,642.0647575148186
322.70000000000005,1.705819325984771,2.0,24.705882352941178,49.958982480671125,50.0,42.53867019106618,303.5155253765981,642.0742871526397
322.8,1.7056945221649862,2.0,24.705882352941178,49.95953499641871,50.0,42.539169991200374,303.4992750878893,642.0838097461337
322.90000000000003,1.7055697277884818,2.0,24.705882352941178,49.96008712608722,50.0,42.539606367515596,303.48303247529736,642.0933252967212
323.0,1.7054449428548883,2.0,24.705882352941178,49.96063883468952,50.0,42.539979647195246,303.4667975379592,642.1028338056447
323.1,1.7053201673638367,2.0,24.705882352941178,49.96119008739879,50.0,42.540290160346494,303.4505702752288,642.11233527397
323.20000000000005,1.7051954013149582,2.0,24.705882352941178,49.961740849550665,50.0,42.54053823997052,303.4343506866754,642.1218297025871
323.3,1.7050706447078832,2.0,24.705882352941178,49.96229108664477,50.0,42.54072422192424,303.4181387720825,642.1313170922108
323.40000000000003,1.704945897542243,2.0,24.705882352941178,49.96284076434637,50.0,42.54084844488958,303.40193453144707,642.140797443382
323.5,1.7048211598176684,2.0,24.705882352941178,49.96338984848802,50.0,42.54091125034024,303.3857379649778,642.1502707564683
323.6,1.7046964315337898,2.0,24.705882352941178,49.96393830507168,50.0,42.54091298250834,303.36954907309416,642.1597370316656
323.70000000000005,1.7045717126902387,2.0,24.705882352941178,49.96448610026977,50.0,42.54085398834646,303.35336785642545,642.1691962689986
323.8,1.704447003286645,2.0,24.705882352941178,49.96503320042717,50.0,42.54073461750053,303.33719431580926,642.1786484683217
323.90000000000003,1.7043223033226405,2.0,24.705882352941178,49.965579572062666,50.0,42.540555222271394,303.3210284522903,642.1880936293205
324.0,1.7041976127978553,2.0,24.705882352941178,49.96612518187061,50.0,42.54031615758375,303.3048702671195,642.1975317515125
324.1,1.7040729317119203,2.0,24.705882352941178,49.96666999672266,50.0,42.540017780950826,303.2887197617523,642.2069628342481
324.20000000000005,1.7039482600644666,2.0,24.705882352941178,49.96721398366918,50.0,42.53966045243951,303.27257693784793,642.2163868767115
324.3,1.7038235978551244,2.0,24.705882352941178,49.96775710994069,50.0,42.53924453463806,303.25644179726766,642.2258038779223
324.40000000000003,1.703698945083525,2.0,24.705882352941178,49.968299342949706,50.0,42.53877039262313,303.24031434207376,642.2352138367361
324.5,1.7035743017492986,2.0,24.705882352941178,49.968840650292066,50.0,42.53823839392204,303.2241945745285,642.2446167518455
324.6,1.7034496678520763,2.0,24.705882352941178,49.96938099974824,50.0,42.53764890848142,303.20808249709245,642.2540126217814
324.70000000000005,1.7033250433914888,2.0,24.705882352941178,49.96992035928514,50.0,42.53700230863462,303.1919781124235,642.2634014449139
324.8,1.7032004283671667,2.0,24.705882352941178,49.97045869705744,50.0,42.536298969063736,303.17588142337536,642.2727832194535
324.90000000000003,1.7030758227787404,2.0,24.705882352941178,49.97099598140909,50.0,42.535539266767664,303.15979243299637,642.2821579434519
325.0,1.7029512266258409,2.0,24.705882352941178,49.97153218087453,50.0,42.53472358102666,303.1437111445283,642.2915256148034
325.1,1.7028266399080985,2.0,24.705882352941178,49.97206726418034,50.0,42.533852293370586,303.1276375614048,642.3008862312458
325.20000000000005,1.702702062625144,2.0,24.705882352941178,49.972601200246515,50.0,42.53292578754177,303.11157168725015,642.3102397903621
325.3,1.7025774947766081,2.0,24.705882352941178,49.973133958187816,50.0,42.53194444946204,303.0955135258781,642.3195862895799
325.40000000000003,1.7024529363621212,2.0,24.705882352941178,49.97366550731522,50.0,42.53090866719885,303.07946308129044,642.3289257261749
325.5,1.7023283873813142,2.0,24.705882352941178,49.97419581713706,50.0,42.52981883092961,303.0634203576756,642.3382580972701
325.6,1.7022038478338175,2.0,24.705882352941178,49.97472485736057,50.0,42.52867533290956,303.0473853594073,642.3475833998377
325.70000000000005,1.7020793177192615,2.0,24.705882352941178,49.975252597893075,50.0,42.527478567434855,303.0313580910432,642.3569016307005
325.8,1.7019547970372773,2.0,24.705882352941178,49.97577900884323,50.0,42.526228930809665,303.0153385573236,642.366212786532
325.90000000000003,1.7018302857874947,2.0,24.705882352941178,49.97630406052224,50.0,42.52492682131191,302.9993267631701,642.3755168638588
326.0,1.7017057839695446,2.0,24.705882352941178,49.97682772344541,50.0,42.5235726391595,302.983322713684,642.3848138590611
326.1,1.7015812915830577,2.0,24.705882352941178,49.97734996833299,50.0,42.52216678647235,302.96732641414525,642.3941037683734
326.20000000000005,1.7014568086276647,2.0,24.705882352941178,49.977870766111664,50.0,42.520709667242954,302.9513378700106,642.4033865878866
326.3,1.7013323351029954,2.0,24.705882352941178,49.97839008791544,50.0,42.519201687297944,302.93535708691275,642.4126623135488
326.40000000000003,1.7012078710086806,2.0,24.705882352941178,49.97890790508717,50.0,42.517643254267654,302.91938407065845,642.4219309411659
326.5,1.701083416344351,2.0,24.705882352941178,49.97942418917938,50.0,42.51603477754748,302.9034188272274,642.4311924664036
326.6,1.7009589711096367,2.0,24.705882352941178,49.97993891195557,50.0,42.514376668267275,302.8874613627708,642.4404468847881
326.70000000000005,1.7008345353041683,2.0,24.705882352941178,49.98045204539136,50.0,42.512669339255154,302.87151168360964,642.4496941917075
326.8,1.700710108927576,2.0,24.705882352941178,49.98096356167554,50.0,42.51091320500268,302.8555697962337,642.4589343824127
326.90000000000003,1.7005856919794904,2.0,24.705882352941178,49.98147343321108,50.0,42.50910868163142,302.83963570729975,642.4681674520191
327.0,1.700461284459542,2.0,24.705882352941178,49.98198163261628,50.0,42.50725618685903,302.82370942363036,642.4773933955069
327.1,1.7003368863673611,2.0,24.705882352941178,49.98248813272579,50.0,42.50535613996413,302.80779095221226,642.4866122077233
327.20000000000005,1.7002124977025788,2.0,24.705882352941178,49.98299290659156,50.0,42.50340896175234,302.79188030019503,642.4958238833831
327.3,1.700088118464824,2.0,24.705882352941178,49.98349592748394,50.0,42.50141507452267,302.7759774748896,642.5050284170699
327.40000000000003,1.6999637486537282,2.0,24.705882352941178,49.98399716889264,50.0,42.49937490203232,302.76008248376667,642.5142258032379
327.5,1.6998393882689213,2.0,24.705882352941178,49.98449660452775,50.0,42.49728886946297,302.7441953344554,642.5234160362124
327.6,1.699715037310034,2.0,24.705882352941178,49.98499420832053,50.0,42.495157403385974,302.72831603474197,642.5325991101914
327.70000000000005,1.6995906957766957,2.0,24.705882352941178,49.98548995442445,50.0,42.49298093172992,302.71244459256775,642.5417750192465
327.8,1.6994663636685376,2.0,24.705882352941178,49.985983817216095,50.0,42.49075988374531,302.6965810160283,642.5509437573247
327.90000000000003,1.6993420409851898,2.0,24.705882352941178,49.98647577129617,50.0,42.4884946899708,302.6807253133717,642.560105318249
328.0,1.6992177277262825,2.0,24.705882352941178,49.98696579149009,50.0,42.486185782197786,302.6648774929967,642.56925969572
328.1,1.6990934238914457,2.0,24.705882352941178,49.98745385284917,50.0,42.483833593439904,302.64903756345177,642.5784068833171
328.20000000000005,1.6989691294803102,2.0,24.705882352941178,49.987939930651066,50.0,42.48143855789506,302.63320553343334,642.5875468744997
328.3,1.6988448444925055,2.0,24.705882352941178,49.98842400040104,50.0,42.47900111091614,302.6173814117842,642.5966796626083
328.40000000000003,1.6987205689276625,2.0,24.705882352941178,49.98890603783252,50.0,42.47652168897207,302.6015652074922,642.6058052408658
328.5,1.6985963027854112,2.0,24.705882352941178,49.98938601890785,50.0,42.474000729617295,302.5857569296884,642.6149236023792
328.6,1.6984720460653822,2.0,24.705882352941178,49.989863919819186,50.0,42.471438671458024,302.56995658764623,642.6240347401402
328.70000000000005,1.6983477987672049,2.0,24.705882352941178,49.990339716989126,50.0,42.46883595411703,302.5541641907791,642.633138647027
328.8,1.69822356089051,2.0,24.705882352941178,49.99081338707157,50.0,42.4661930182016,302.5383797486394,642.6422353158047
328.90000000000003,1.6980993324349274,2.0,24.705882352941178,49.99128490695222,50.0,42.46351030526847,302.52260327091693,642.6513247391277
329.0,1.6979751134000873,2.0,24.705882352941178,49.99175425374949,50.0,42.46078825779261,302.50683476743734,642.6604069095404
329.1,1.6978509037856202,2.0,24.705882352941178,49.992221404815155,50.0,42.458027319131226,302.4910742481605,642.669481819478
329.20000000000005,1.6977267035911559,2.0,24.705882352941178,49.992686337734824,50.0,42.45522793349132,302.47532172317875,642.6785494612691
329.3,1.6976025128163248,2.0,24.705882352941178,49.99314903032888,50.0,42.45239054589777,302.459577202716,642.6876098271354
329.40000000000003,1.6974783314607567,2.0,24.705882352941178,49.99360946065269,50.0,42.449515602157085,302.44384069712555,642.6966629091937
329.5,1.6973541595240818,2.0,24.705882352941178,49.99406760699753,50.0,42.446603548828755,302.42811221688896,642.7057086994578
329.6,1.69722999700593,2.0,24.705882352941178,49.99452344789114,50.0,42.44365483318827,302.4123917726142,642.7147471898385
329.70000000000005,1.6971058439059317,2.0,24.705882352941178,49.99497696209818,50.0,42.44066990319494,302.3966793750343,642.7237783721456
329.8,1.696981700223717,2.0,24.705882352941178,49.9954281286208,50.0,42.43764920745999,302.38097503500563,642.7328022380898
329.90000000000003,1.696857565958916,2.0,24.705882352941178,49.99587692669917,50.0,42.43459319521334,302.36527876350647,642.7418187792825
330.0,1.6967334411111585,2.0,24.705882352941178,49.99632333581212,50.0,42.431502316271015,302.3495905716353,642.7508279872383
330.1,1.6966093256800743,2.0,24.705882352941178,49.99676733567742,50.0,42.42837702100076,302.33391047060957,642.7598298533752
330.20000000000005,1.6964852196652933,2.0,24.705882352941178,49.99720890625241,50.0,42.42521776029241,302.31823847176366,642.7688243690177
330.3,1.6963611230664455,2.0,24.705882352941178,49.99764802773433,50.0,42.422024985522796,302.30257458654773,642.777811525396
330.40000000000003,1.6962370358831613,2.0,24.705882352941178,49.998084680560964,50.0,42.41879914852548,302.2869188265259,642.7867913136487
330.5,1.6961129581150707,2.0,24.705882352941178,49.998518845410786,50.0,42.41554070155564,302.2712712033747,642.7957637248232
330.6,1.6959888897618034,2.0,24.705882352941178,49.99895050320367,50.0,42.412250097261406,302.25563172888155,642.8047287498782
330.70000000000005,1.6958648308229891,2.0,24.705882352941178,49.99937963510109,50.0,42.40892778864773,302.2400004149434,642.8136863796833
330.8,1.6957407812982586,2.0,24.705882352941178,49.999806222506265,50.0,42.40557422904718,302.2243772735646,642.8226366050217
330.90000000000003,1.695616741187241,2.0,24.705882352941178,50.00023024706513,50.0,42.402189872089544,302.2087623168558,642.8315794165908
331.0,1.6954927104895663,2.0,24.705882352941178,50.00065169066613,50.0,42.398775171663395,302.1931555570324,642.8405148050042
331.1,1.6953686892048647,2.0,24.705882352941178,50.00107053544059,50.0,42.39533058189121,302.1775570064124,642.8494427607917
331.20000000000005,1.695244677332766,2.0,24.705882352941178,50.00148676376324,50.0,42.39185655709576,302.1619666774157,642.8583632744023
331.3,1.6951206748729,2.0,24.705882352941178,50.0019003582525,50.0,42.388353551766585,302.1463845825617,642.8672763362036
331.40000000000003,1.6949966818248963,2.0,24.705882352941178,50.00231130177042,50.0,42.38482202052899,302.1308107344681,642.8761819364851
331.5,1.6948726981883848,2.0,24.705882352941178,50.00271957742325,50.0,42.38126241811586,302.1152451458494,642.8850800654577
331.6,1.6947487239629957,2.0,24.705882352941178,50.003125168561496,50.0,42.3776751993326,302.09968782951506,642.8939707132562
331.70000000000005,1.6946247591483588,2.0,24.705882352941178,50.003528058780205,50.0,42.374060819028415,302.08413879836803,642.9028538699399
331.8,1.694500803744104,2.0,24.705882352941178,50.003928231919076,50.0,42.37041973206419,302.06859806540336,642.9117295254945
331.90000000000003,1.6943768577498604,2.0,24.705882352941178,50.00432567206286,50.0,42.36675239328261,302.0530656437063,642.920597669833
332.0,1.6942529211652584,2.0,24.705882352941178,50.00472036354114,50.0,42.363059257474944,302.0375415464507,642.929458292797
332.1,1.6941289939899276,2.0,24.705882352941178,50.005112290928764,50.0,42.35934077935481,302.02202578689787,642.9383113841583
332.20000000000005,1.6940050762234975,2.0,24.705882352941178,50.00550143904587,50.0,42.35559741352366,302.0065183783947,642.9471569336196
332.3,1.6938811678655983,2.0,24.705882352941178,50.00588779295822,50.0,42.35182961444232,301.9910193343717,642.9559949308165
332.40000000000003,1.6937572689158593,2.0,24.705882352941178,50.006271337976784,50.0,42.34803783639808,301.9755286683421,642.9648253653183
332.5,1.6936333793739105,2.0,24.705882352941178,50.00665205965839,50.0,42.34422253347991,301.96004639390003,642.97364822663
332.6,1.6935094992393818,2.0,24.705882352941178,50.00702994380515,50.0,42.34038415954195,301.9445725247187,642.9824635041922
332.70000000000005,1.6933856285119022,2.0,24.705882352941178,50.00740497646524,50.0,42.33652316818097,301.929107074549,642.9912711873841
332.8,1.693261767191102,2.0,24.705882352941178,50.00777714393223,50.0,42.33264001269777,301.91365005721786,643.0000712655234
332.90000000000003,1.6931379152766106,2.0,24.705882352941178,50.008146432745605,50.0,42.32873514607616,301.8982014866269,643.0088637278684
333.0,1.6930140727680576,2.0,24.705882352941178,50.00851282969046,50.0,42.32480902094693,301.8827613767506,643.0176485636192
333.1,1.692890239665073,2.0,24.705882352941178,50.008876321797516,50.0,42.320862089562276,301.86732974163465,643.0264257619184
333.20000000000005,1.6927664159672857,2.0,24.705882352941178,50.009236896343225,50.0,42.31689480376572,301.85190659539467,643.0351953118535
333.3,1.6926426016743263,2.0,24.705882352941178,50.00959454084949,50.0,42.31290761496155,301.83649195221443,643.0439572024568
333.40000000000003,1.6925187967858237,2.0,24.705882352941178,50.00994924308378,50.0,42.308900974088374,301.82108582634424,643.0527114227082
333.5,1.6923950013014075,2.0,24.705882352941178,50.01030099105901,50.0,42.30487533158795,301.80568823209967,643.0614579615349
333.6,1.6922712152207078,2.0,24.705882352941178,50.010649773033265,50.0,42.30083113737714,301.79029918385953,643.070196807814
333.70000000000005,1.692147438543354,2.0,24.705882352941178,50.01099557750979,50.0,42.29676884082107,301.7749186960648,643.0789279503732
333.8,1.692023671268975,2.0,24.705882352941178,50.01133839323694,50.0,42.29268889070317,301.7595467832165,643.0876513779922
333.90000000000003,1.691899913397201,2.0,24.705882352941178,50.011678209207844,50.0,42.28859173519627,301.74418345987476,643.0963670794036
334.0,1.6917761649276613,2.0,24.705882352941178,50.01201501466039,50.0,42.284477821836596,301.7288287406567,643.1050750432952
334.1,1.6916524258599857,2.0,24.705882352941178,50.01234879907696,50.0,42.28034759749367,301.71348264023516,643.1137752583098
334.20000000000005,1.6915286961938034,2.0,24.705882352941178,50.012679552184125,50.0,42.276201508343846,301.698145173337,643.1224677130477
334.3,1.691404975928744,2.0,24.705882352941178,50.01300726395277,50.0,42.27203999984325,301.68281635474193,643.1311523960677
334.40000000000003,1.6912812650644369,2.0,24.705882352941178,50.01333192459737,50.0,42.267863516696764,301.66749619928027,643.1398292958878
334.5,1.6911575636005116,2.0,24.705882352941178,50.013653524576114,50.0,42.263672502836435,301.65218472183193,643.1484984009869
334.6,1.6910338715365973,2.0,24.705882352941178,50.01397205459028,50.0,42.25946740138902,301.63688193732486,643.1571596998066
334.70000000000005,1.6909101888723241,2.0,24.705882352941178,50.01428750558455,50.0,42.25524865465398,301.62158786073314,643.1658131807511
334.8,1.690786515607321,2.0,24.705882352941178,50.01459986874602,50.0,42.25101670406953,301.60630250707567,643.17445883219
334.90000000000003,1.6906628517412172,2.0,24.705882352941178,50.01490913550441,50.0,42.24677199019384,301.5910258914147,643.1830966424584
335.0,1.6905391972736425,2.0,24.705882352941178,50.01521529753143,50.0,42.24251495267232,301.5757580288542,643.1917265998587
335.1,1.690415552204226,2.0,24.705882352941178,50.01551834674052,50.0,42.23824603021518,301.5604989345383,643.2003486926617
335.20000000000005,1.6902919165325974,2.0,24.705882352941178,50.01581827528656,50.0,42.2339656605694,301.5452486236498,643.2089629091081
335.3,1.6901682902583857,2.0,24.705882352941178,50.01611507556538,50.0,42.22967428049279,301.5300071114086,643.2175692374092
335.40000000000003,1.6900446733812207,2.0,24.705882352941178,50.016408740213365,50.0,42.22537232572885,301.5147744130703,643.2261676657486
335.5,1.6899210659007313,2.0,24.705882352941178,50.01669926210741,50.0,42.221060230981045,301.4995505439246,643.2347581822835
335.6,1.6897974678165473,2.0,24.705882352941178,50.01698663436383,50.0,42.216738429883684,301.48433551929367,643.2433407751455
335.70000000000005,1.6896738791282975,2.0,24.705882352941178,50.01727085033855,50.0,42.212407354983874,301.4691293545307,643.251915432442
335.8,1.6895502998356116,2.0,24.705882352941178,50.01755190362621,50.0,42.208067437708934,301.45393206501865,643.2604821422582
335.90000000000003,1.6894267299381187,2.0,24.705882352941178,50.01782978806011,50.0,42.20371910834657,301.43874366616836,643.2690408926567
336.0,1.689303169435448,2.0,24.705882352941178,50.01810449771142,50.0,42.19936279601569,301.42356417341733,643.2775916716804
336.1,1.689179618327229,2.0,24.705882352941178,50.018376026888745,50.0,42.19499892864504,301.40839360222793,643.2861344673526
336.20000000000005,1.6890560766130907,2.0,24.705882352941178,50.01864437013768,50.0,42.190627932947756,301.39323196808624,643.2946692676788
336.3,1.6889325442926622,2.0,24.705882352941178,50.01890952224022,50.0,42.18625023439655,301.3780792865004,643.3031960606477
336.40000000000003,1.688809021365573,2.0,24.705882352941178,50.01917147821439,50.0,42.18186625720016,301.3629355729992,643.3117148342325
336.5,1.6886855078314522,2.0,24.705882352941178,50.01943023331353,50.0,42.17747642427785,301.34780084313036,643.3202255763919
336.6,1.6885620036899291,2.0,24.705882352941178,50.019685783025636,50.0,42.17308115723717,301.3326751124593,643.3287282750715
336.70000000000005,1.6884385089406335,2.0,24.705882352941178,50.01993812307313,50.0,42.168680876351296,301.3175583965676,643.3372229182049
336.8,1.6883150235831936,2.0,24.705882352941178,50.020187249412004,50.0,42.16427600053178,301.3024507110516,643.3457094937152
336.90000000000003,1.688191547617239,2.0,24.705882352941178,50.020433158231185,50.0,42.15986694730861,301.28735207152096,643.3541879895155
337.0,1.6880680810423987,2.0,24.705882352941178,50.0206758459521,50.0,42.1554541328068,301.2722624935968,643.362658393511
337.1,1.687944623858302,2.0,24.705882352941178,50.02091530922797,50.0,42.15103797172178,301.2571819929109,643.3711206935992
337.20000000000005,1.6878211760645778,2.0,24.705882352941178,50.02115154494311,50.0,42.1466188772975,301.2421105851037,643.3795748776721
337.3,1.687697737660856,2.0,24.705882352941178,50.021384550212304,50.0,42.142197261304716,301.2270482858231,643.3880209336164
337.40000000000003,1.6875743086467645,2.0,24.705882352941178,50.02161432238023,50.0,42.13777353401756,301.2119951107232,643.3964588493154
337.5,1.687450889021933,2.0,24.705882352941178,50.02184085902047,50.0,42.13334810419105,301.1969510754625,643.4048886126499
337.6,1.6873274787859909,2.0,24.705882352941178,50.022064157935176,50.0,42.12892137904204,301.1819161957027,643.413310211499
337.70000000000005,1.6872040779385664,2.0,24.705882352941178,50.022284217154095,50.0,42.12449376422326,301.16689048710725,643.4217236337422
337.8,1.6870806864792895,2.0,24.705882352941178,50.02250103493412,50.0,42.12006566380499,301.15187396533986,643.4301288672593
337.90000000000003,1.6869573044077888,2.0,24.705882352941178,50.02271460975834,50.0,42.115637480250456,301.1368666460632,643.4385258999329
338.0,1.6868339317236933,2.0,24.705882352941178,50.022924940335315,50.0,42.11120961439736,301.12186854493734,643.4469147196482
338.1,1.6867105684266321,2.0,24.705882352941178,50.02313202559827,50.0,42.106782465435785,301.1068796776187,643.4552953142952
338.20000000000005,1.6865872145162342,2.0,24.705882352941178,50.02333586470456,50.0,42.10235643088837,301.091900059758,643.4636676717693
338.3,1.6864638699921284,2.0,24.705882352941178,50.023536457034595,50.0,42.09793190658683,301.07692970699975,643.4720317799723
338.40000000000003,1.686340534853944,2.0,24.705882352941178,50.023733802191146,50.0,42.09350928665494,301.06196863498013,643.4803876268143
338.5,1.6862172091013095,2.0,24.705882352941178,50.02392789999868,50.0,42.08908896348657,301.047016859326,643.4887352002137
338.6,1.6860938927338542,2.0,24.705882352941178,50.02411875050234,50.0,42.084671327724465,301.0320743956533,643.4970744880993
338.70000000000005,1.6859705857512073,2.0,24.705882352941178,50.02430635396706,50.0,42.080256768242684,301.017141259566,643.5054054784109
338.8,1.6858472881529976,2.0,24.705882352941178,50.024490710877046,50.0,42.07584567212671,301.0022174666546,643.5137281591005
338.90000000000003,1.6857239999388536,2.0,24.705882352941178,50.02467182193453,50.0,42.071438424651085,300.9873030324944,643.5220425181333
339.0,1.6856007211084043,2.0,24.705882352941178,50.02484968805908,50.0,42.067035409264044,300.972397972645,643.5303485434888
339.1,1.685477451661279,2.0,24.705882352941178,50.025024310386925,50.0,42.06263700756647,300.9575023026481,643.5386462231623
339.20000000000005,1.6853541915971062,2.0,24.705882352941178,50.0251956902697,50.0,42.058243599290655,300.9426160380266,643.5469355451656
339.3,1.6852309409155148,2.0,24.705882352941178,50.02536382927366,50.0,42.05385556228626,300.9277391942833,643.5552164975278
339.40000000000003,1.6851076996161338,2.0,24.705882352941178,50.02552872917886,50.0,42.049473272499355,300.91287178689953,643.563489068297
339.5,1.684984467698592,2.0,24.705882352941178,50.02569039197817,50.0,42.0450971039538,300.89801383133374,643.571753245541
339.6,1.6848612451625182,2.0,24.705882352941178,50.02584881987633,50.0,42.04072742873368,300.88316534302027,643.5800090173485
339.70000000000005,1.6847380320075416,2.0,24.705882352941178,50.02600401528889,50.0,42.036364616965585,300.8683263373681,643.5882563718297
339.8,1.6846148282332905,2.0,24.705882352941178,50.02615598084151,50.0,42.03200903680163,300.8534968297595,643.5964952971183
339.90000000000003,1.6844916338393938,2.0,24.705882352941178,50.02630471936885,50.0,42.027661054399594,300.8386768355488,643.6047257813714
340.0,1.6843684488254802,2.0,24.705882352941178,50.02645023391341,50.0,42.02332103390714,300.8238663700611,643.6129478127715
340.1,1.6842452731911783,2.0,24.705882352941178,50.026592527724915,50.0,42.018989337446655,300.8090654485908,643.6211613795269
340.20000000000005,1.6841221069361174,2.0,24.705882352941178,50.026731604258885,50.0,42.014666325093714,300.7942740864007,643.6293664698729
340.3,1.6839989500599257,2.0,24.705882352941178,50.026867467176146,50.0,42.01035235486597,300.77949229872075,643.6375630720731
340.40000000000003,1.6838758025622327,2.0,24.705882352941178,50.027000120341256,50.0,42.00604778270016,300.76472010074633,643.6457511744201
340.5,1.683752664442666,2.0,24.705882352941178,50.02712956782182,50.0,42.00175296244263,300.74995750763736,643.6539307652364
340.6,1.6836295357008553,2.0,24.705882352941178,50.02725581388728,50.0,41.99746824582862,300.7352045345172,643.6621018328756
340.70000000000005,1.683506416336429,2.0,24.705882352941178,50.02737886300804,50.0,41.99319398246864,300.72046119647115,643.6702643657236
340.8,1.6833833063490158,2.0,24.705882352941178,50.02749871985412,50.0,41.988930519831,300.7057275085453,643.678418352199
340.90000000000003,1.6832602057382442,2.0,24.705882352941178,50.0276153892944,50.0,41.98467820322919,300.69100348574545,643.6865637807546
341.0,1.6831371145037433,2.0,24.705882352941178,50.027728876395315,50.0,41.980437375803284,300.6762891430357,643.6947006398783
341.1,1.6830140326451408,2.0,24.705882352941178,50.02783918641995,50.0,41.97620837850721,300.66158449533754,643.7028289180938
341.20000000000005,1.682890960162066,2.0,24.705882352941178,50.027946324826814,50.0,41.97199155009227,300.64688955752837,643.7109486039618
341.3,1.6827678970541478,2.0,24.705882352941178,50.02805029726869,50.0,41.967787227093716,300.6322043444405,643.7190596860808
341.40000000000003,1.682644843321014,2.0,24.705882352941178,50.02815110959153,50.0,41.96359574381642,300.6175288708599,643.7271621530882
341.5,1.6825217989622936,2.0,24.705882352941178,50.028248767833475,50.0,41.95941743232077,300.6028631515253,643.7352559936614
341.6,1.6823987639776152,2.0,24.705882352941178,50.02834327822353,50.0,41.95525262240702,300.5882072011265,643.743341196518
341.70000000000005,1.6822757383666072,2.0,24.705882352941178,50.028434647180575,50.0,41.951101641603515,300.5735610343039,643.7514177504173
341.8,1.6821527221288983,2.0,24.705882352941178,50.028522881312085,50.0,41.946964815151524,300.5589246656466,643.7594856441617
341.90000000000003,1.6820297152641173,2.0,24.705882352941178,50.02860798741307,50.0,41.94284246599306,300.54429810969214,643.7675448665967
342.0,1.6819067177718923,2.0,24.705882352941178,50.02868997246475,50.0,41.93873491475668,300.5296813809245,643.7755954066117
342.1,1.681783729651852,2.0,24.705882352941178,50.02876884363354,50.0,41.93464247974609,300.5150744937737,643.783637253142
342.20000000000005,1.6816607509036252,2.0,24.705882352941178,50.028844608269935,50.0,41.93056547692546,300.5004774626142,643.7916703951689
342.3,1.6815377815268397,2.0,24.705882352941178,50.02891727390693,50.0,41.92650421990674,300.48589030176424,643.7996948217205
342.40000000000003,1.6814148215211249,2.0,24.705882352941178,50.028986848259194,50.0,41.92245901994078,300.4713130254844,643.8077105218731
342.5,1.6812918708861087,2.0,24.705882352941178,50.029053339221775,50.0,41.91843018590099,300.4567456479766,643.8157174847515
342.6,1.6811689296214196,2.0,24.705882352941178,50.02911675486865,50.0,41.9144180242731,300.4421881833833,643.8237156995306
342.70000000000005,1.6810459977266856,2.0,24.705882352941178,50.02917710345196,50.0,41.91042283914524,300.42764064578597,643.8317051554355
342.8,1.680923075201536,2.0,24.705882352941178,50.0292343934002,50.0,41.906444932191725,300.4131030492044,643.8396858417428
342.90000000000003,1.680800162045599,2.0,24.705882352941178,50.02928863331749,50.0,41.902484602667855,300.39857540759556,643.8476577477811
343.0,1.6806772582585026,2.0,24.705882352941178,50.02933983198187,50.0,41.89854214739335,300.38405773485266,643.8556208629319
343.1,1.6805543638398754,2.0,24.705882352941178,50.02938799834453,50.0,41.8946178607463,300.3695500448037,643.8635751766312
343.20000000000005,1.6804314787893457,2.0,24.705882352941178,50.02943314152816,50.0,41.890712034647116,300.35505235121104,643.8715206783693
343.3,1.6803086031065422,2.0,24.705882352941178,50.0294752708258,50.0,41.886824958552786,300.34056466777,643.8794573576919
343.40000000000003,1.6801857367910926,2.0,24.705882352941178,50.02951439569961,50.0,41.882956919444545,300.32608700810806,643.8873852042011
343.5,1.6800628798426258,2.0,24.705882352941178,50.02955052577954,50.0,41.879108201817786,300.3116193857838,643.8953042075565
343.6,1.6799400322607698,2.0,24.705882352941178,50.029583670861996,50.0,41.87527908767252,300.29716181428574,643.9032143574749
343.70000000000005,1.6798171940451534,2.0,24.705882352941178,50.02961384090867,50.0,41.8714698565044,300.2827143070317,643.9111156437323
343.8,1.6796943651954046,2.0,24.705882352941178,50.02964104604507,50.0,41.867680785293565,300.26827687736767,643.9190080561641
343.90000000000003,1.6795715457111515,2.0,24.705882352941178,50.02966529655936,50.0,41.86391214849744,300.2538495385668,643.9268915846658
344.0,1.679448735592023,2.0,24.705882352941178,50.029686602900824,50.0,41.86016421804027,300.2394323038285,643.934766219194
344.1,1.6793259348376466,2.0,24.705882352941178,50.02970497567895,50.0,41.856437263306084,300.22502518627755,643.9426319497671
344.20000000000005,1.679203143447651,2.0,24.705882352941178,50.029720425661594,50.0,41.85273155112625,300.21062819896315,643.950488766466
344.3,1.6790803614216645,2.0,24.705882352941178,50.029732963773995,50.0,41.84904734577671,300.1962413548578,643.9583366594347
344.40000000000003,1.678957588759315,2.0,24.705882352941178,50.02974260109738,50.0,41.84538490896511,300.1818646668568,643.9661756188815
344.5,1.6788348254602312,2.0,24.705882352941178,50.029749348867426,50.0,41.84174449982435,300.1674981477771,643.9740056350789
344.6,1.6787120715240411,2.0,24.705882352941178,50.02975321847316,50.0,41.838126374906594,300.1531418103564,643.9818266983656
344.70000000000005,1.6785893269503722,2.0,24.705882352941178,50.02975422145545,50.0,41.83453078817256,300.1387956672522,643.9896387991456
344.8,1.6784665917388537,2.0,24.705882352941178,50.02975236950573,50.0,41.8309579909865,300.12445973104116,643.9974419278902
344.90000000000003,1.6783438658891134,2.0,24.705882352941178,50.02974767446449,50.0,41.827408232107565,300.1101340142181,644.0052360751382
345.0,1.6782211494007793,2.0,24.705882352941178,50.02974014832006,50.0,41.82388175768481,300.095818529195,644.0130212314966
345.1,1.6780984422734795,2.0,24.705882352941178,50.02972980320703,50.0,41.82037881124821,300.0815132883005,644.0207973876413
345.20000000000005,1.6779757445068426,2.0,24.705882352941178,50.029716651405295,50.0,41.816899633704764,300.0672183037788,644.0285645343178
345.3,1.6778530561004965,2.0,24.705882352941178,50.02970070533797,50.0,41.813444463327464,300.0529335877889,644.0363226623416
345.40000000000003,1.6777303770540692,2.0,24.705882352941178,50.029681977570704,50.0,41.810013535756646,300.03865915240374,644.0440717625995
345.5,1.6776077073671884,2.0,24.705882352941178,50.02966048080992,50.0,41.80660708398621,300.0243950096095,644.0518118260497
345.6,1.6774850470394829,2.0,24.705882352941178,50.02963622790128,50.0,41.80322533836228,300.0101411713047,644.0595428437224
345.70000000000005,1.6773623960705806,2.0,24.705882352941178,50.029609231828715,50.0,41.79986852657902,299.99589764929954,644.067264806721
345.8,1.6772397544601094,2.0,24.705882352941178,50.029579505712604,50.0,41.79653687366792,299.98166445531496,644.0749777062218
345.90000000000003,1.6771171222076975,2.0,24.705882352941178,50.02954706280849,50.0,41.793230601998395,299.967441600982,644.0826815334757
346.0,1.6769944993129726,2.0,24.705882352941178,50.02951191650584,50.0,41.7899499312703,299.95322909784085,644.0903762798081
346.1,1.676871885775563,2.0,24.705882352941178,50.029474080326395,50.0,41.786695078507876,299.93902695734033,644.0980619366197
346.20000000000005,1.6767492815950966,2.0,24.705882352941178,50.029433567922865,50.0,41.78346625805786,299.92483519083714,644.1057384953871
346.3,1.6766266867712012,2.0,24.705882352941178,50.02939039307728,50.0,41.78026368158352,299.91065380959486,644.113405947663
346.40000000000003,1.6765041013035054,2.0,24.705882352941178,50.0293445696999,50.0,41.77708755806305,299.8964828247836,644.1210642850776
346.5,1.6763815251916367,2.0,24.705882352941178,50.029296111827534,50.0,41.773938093781666,299.88232224747895,644.1287134993386
346.6,1.6762589584352232,2.0,24.705882352941178,50.02924503362232,50.0,41.77081549233128,299.86817208866154,644.1363535822315
346.70000000000005,1.6761364010338928,2.0,24.705882352941178,50.02919134936991,50.0,41.76771995460405,299.8540323592161,644.1439845256214
346.8,1.6760138529872735,2.0,24.705882352941178,50.02913507347836,50.0,41.76465167879329,299.8399030699311,644.1516063214517
346.90000000000003,1.675891314294993,2.0,24.705882352941178,50.02907622047667,50.0,41.761610860386604,299.82578423149766,644.1592189617463
347.0,1.6757687849566796,2.0,24.705882352941178,50.02901480501299,50.0,41.7585976921632,299.8116758545093,644.1668224386091
347.1,1.6756462649719608,2.0,24.705882352941178,50.0289508418536,50.0,41.755612364195024,299.797577949461,644.174416744225
347.20000000000005,1.6755237543404646,2.0,24.705882352941178,50.028884345881124,50.0,41.75265506383915,299.7834905267487,644.1820018708603
347.3,1.675401253061819,2.0,24.705882352941178,50.02881533209313,50.0,41.74972597573939,299.7694135966686,644.1895778108632
347.40000000000003,1.675278761135652,2.0,24.705882352941178,50.02874381560105,50.0,41.746825281823185,299.7553471694165,644.1971445566642
347.5,1.6751562785615914,2.0,24.705882352941178,50.02866981162816,50.0,41.74395316129593,299.74129125508733,644.2047021007768
347.6,1.6750338053392646,2.0,24.705882352941178,50.02859333550845,50.0,41.74110979064521,299.7272458636744,644.2122504357978
347.70000000000005,1.6749113414682997,2.0,24.705882352941178,50.02851440268506,50.0,41.73829534363559,299.71321100506873,644.2197895544082
347.8,1.6747888869483245,2.0,24.705882352941178,50.02843302870855,50.0,41.7355099913078,299.69918668905893,644.2273194493725
347.90000000000003,1.6746664417789672,2.0,24.705882352941178,50.028349229236085,50.0,41.732753901981134,299.68517292532994,644.2348401135409
348.0,1.6745440059598549,2.0,24.705882352941178,50.02826302002933,50.0,41.73002724124441,299.6711697234629,644.2423515398484
348.1,1.6744215794906154,2.0,24.705882352941178,50.02817441695311,50.0,41.72733017196353,299.6571770929347,644.2498537213154
348.20000000000005,1.6742991623708767,2.0,24.705882352941178,50.028083435974224,50.0,41.72466285427786,299.6431950431169,644.257346651049
348.3,1.6741767546002668,2.0,24.705882352941178,50.0279900931597,50.0,41.72202544559733,299.6292235832757,644.2648303222423
348.40000000000003,1.6740543561784131,2.0,24.705882352941178,50.02789440467535,50.0,41.71941810060563,299.61526272257123,644.272304728176
348.5,1.6739319671049435,2.0,24.705882352941178,50.027796386784246,50.0,41.716840971259046,299.601312470057,644.2797698622176
348.6,1.6738095873794854,2.0,24.705882352941178,50.02769605584547,50.0,41.71429420678728,299.5873728346794,644.2872257178224
348.70000000000005,1.673687217001667,2.0,24.705882352941178,50.02759342831223,50.0,41.7117779536914,299.57344382527725,644.2946722885345
348.8,1.6735648559711156,2.0,24.705882352941178,50.0274885207308,50.0,41.70929235574875,299.5595254505813,644.3021095679858
348.90000000000003,1.673442504287459,2.0,24.705882352941178,50.02738134973873,50.0,41.706837554008885,299.54561771921374,644.3095375498976
349.0,1.6733201619503253,2.0,24.705882352941178,50.02727193206357,50.0,41.70441368679804,299.5317206396877,644.3169562280806
349.1,1.6731978289593414,2.0,24.705882352941178,50.02716028452119,50.0,41.7020208897179,299.5178342204067,644.3243655964347
349.20000000000005,1.6730755053141353,2.0,24.705882352941178,50.027046424014316,50.0,41.699659295648864,299.5039584696645,644.3317656489503
349.3,1.6729531910143345,2.0,24.705882352941178,50.026930367531236,50.0,41.69732903475109,299.4900933956444,644.3391563797079
349.40000000000003,1.6728308860595666,2.0,24.705882352941178,50.02681213214419,50.0,41.695030234464404,299.4762390064189,644.346537782879
349.5,1.6727085904494592,2.0,24.705882352941178,50.02669173500766,50.0,41.69276301951143,299.4623953099491,644.353909852726
349.6,1.6725863041836397,2.0,24.705882352941178,50.02656919335732,50.0,41.69052751190169,299.4485623140847,644.3612725836032
349.70000000000005,1.6724640272617366,2.0,24.705882352941178,50.02644452450835,50.0,41.68832383092917,299.43474002656313,644.3686259699555
349.8,1.672341759683377,2.0,24.705882352941178,50.02631774585359,50.0,41.68615209317717,299.4209284550095,644.3759700063208
349.90000000000003,1.6722195014481875,2.0,24.705882352941178,50.026188874862726,50.0,41.6840124125244,299.407127606936,644.3833046873291
350.0,1.672097252555797,2.0,24.705882352941178,50.02605792908025,50.0,41.68190490013999,299.3933374897415,644.390630007703
350.1,1.6719750130058322,2.0,24.705882352941178,50.02592492612416,50.0,41.67982966449336,299.37955811071157,644.3979459622577
350.20000000000005,1.671852782797921,2.0,24.705882352941178,50.02578988368464,50.0,41.67778681135442,299.36578947701764,644.4052525459022
350.3,1.6717305619316905,2.0,24.705882352941178,50.025652819522236,50.0,41.67577644379533,299.352031595717,644.4125497536382
350.40000000000003,1.6716083504067683,2.0,24.705882352941178,50.02551375146675,50.0,41.67379866219763,299.33828447375214,644.4198375805618
350.5,1.671486148222782,2.0,24.705882352941178,50.02537269741521,50.0,41.67185356425171,299.3245481179508,644.4271160218627
350.6,1.6713639553793593,2.0,24.705882352941178,50.02522967533105,50.0,41.6699412449663,299.31082253502535,644.4343850728252
350.70000000000005,1.6712417718761274,2.0,24.705882352941178,50.025084703242214,50.0,41.66806179666509,299.29710773157274,644.4416447288277
350.8,1.6711195977127138,2.0,24.705882352941178,50.02493779923964,50.0,41.66621530899604,299.2834037140738,644.4488949853433
350.90000000000003,1.6709974328887458,2.0,24.705882352941178,50.02478898147609,50.0,41.66440186893538,299.2697104888934,644.4561358379403
351.0,1.6708752774038507,2.0,24.705882352941178,50.02463826816438,50.0,41.66262156078855,299.25602806228,644.4633672822822
351.1,1.670753131257656,2.0,24.705882352941178,50.02448567757597,50.0,41.66087446619885,299.2423564403652,644.4705893141272
351.20000000000005,1.6706309944497895,2.0,24.705882352941178,50.02433122803956,50.0,41.65916066415045,299.2286956291639,644.4778019293298
351.3,1.6705088669798778,2.0,24.705882352941178,50.02417493793968,50.0,41.65748023097297,299.2150456345735,644.48500512384
351.40000000000003,1.6703867488475492,2.0,24.705882352941178,50.02401682571485,50.0,41.65583324034619,299.20140646237417,644.4921988937034
351.5,1.6702646400524308,2.0,24.705882352941178,50.02385690985648,50.0,41.65421976330889,299.1877781182283,644.4993832350623
351.6,1.6701425405941495,2.0,24.705882352941178,50.023695208907384,50.0,41.652639868260216,299.1741606076804,644.5065581441548
351.70000000000005,1.6700204504723328,2.0,24.705882352941178,50.02353174146015,50.0,41.65109362096551,299.16055393615676,644.5137236173158
351.8,1.669898369686608,2.0,24.705882352941178,50.023366526155655,50.0,41.649581084564474,299.14695810896546,644.5208796509767
351.90000000000003,1.669776298236603,2.0,24.705882352941178,50.02319958168175,50.0,41.64810231957623,299.133373131296,644.5280262416655
352.0,1.669654236121944,2.0,24.705882352941178,50.02303092677175,50.0,41.64665738390448,299.1197990082192,644.5351633860074
352.1,1.669532183342259,2.0,24.705882352941178,50.02286058020297,50.0,41.64524633284405,299.1062357446871,644.5422910807241
352.20000000000005,1.6694101398971748,2.0,24.705882352941178,50.02268856079519,50.0,41.6438692190875,299.0926833455324,644.5494093226351
352.3,1.6692881057863191,2.0,24.705882352941178,50.02251488740927,50.0,41.64252609273236,299.079141815469,644.556518108657
352.40000000000003,1.6691660810093192,2.0,24.705882352941178,50.02233957894566,50.0,41.64121700128685,299.0656111590911,644.5636174358033
352.5,1.6690440655658023,2.0,24.705882352941178,50.022162654343106,50.0,41.63994198967764,299.05209138087355,644.5707073011855
352.6,1.6689220594553948,2.0,24.705882352941178,50.021984132576904,50.0,41.6387011002548,299.0385824851715,644.5777877020126
352.70000000000005,1.668800062677725,2.0,24.705882352941178,50.021804032657826,50.0,41.637494372802486,299.0250844762204,644.5848586355913
352.8,1.6686780752324195,2.0,24.705882352941178,50.02162237363018,50.0,41.63632184454192,299.01159735813593,644.5919200993259
352.90000000000003,1.6685560971191054,2.0,24.705882352941178,50.021439174571015,50.0,41.6351835501446,298.99812113491356,644.5989720907186
353.0,1.6684341283374102,2.0,24.705882352941178,50.021254454588245,50.0,41.63407952173244,298.98465581042893,644.6060146073697
353.1,1.668312168886961,2.0,24.705882352941178,50.021068232819175,50.0,41.633009788891215,298.97120138843746,644.6130476469773
353.20000000000005,1.668190218767385,2.0,24.705882352941178,50.0208805284293,50.0,41.63197437867807,298.95775787257423,644.6200712073373
353.3,1.668068277978309,2.0,24.705882352941178,50.02069136061084,50.0,41.63097331562715,298.9443252663542,644.6270852863439
353.40000000000003,1.6679463465193605,2.0,24.705882352941178,50.0205007485813,50.0,41.630006621758724,298.9309035731719,644.6340898819897
353.5,1.667824424390166,2.0,24.705882352941178,50.02030871158195,50.0,41.629074316587456,298.91749279630136,644.6410849923649
353.6,1.6677025115903532,2.0,24.705882352941178,50.020115268876566,50.0,41.62817641713205,298.9040929388963,644.6480706156581
353.70000000000005,1.6675806081195494,2.0,24.705882352941178,50.01992043974991,50.0,41.62731293792197,298.89070400398987,644.6550467501559
353.8,1.6674587139773807,2.0,24.705882352941178,50.01972424350629,50.0,41.62648389100777,298.8773259944948,644.6620133942433
353.90000000000003,1.667336829163475,2.0,24.705882352941178,50.01952669946837,50.0,41.625689285969926,298.8639589132032,644.6689705464036
354.0,1.6672149536774588,2.0,24.705882352941178,50.01932782697543,50.0,41.62492912992565,298.8506027627867,644.6759182052178
354.1,1.6670930875189593,2.0,24.705882352941178,50.01912764538241,50.0,41.624203427542206,298.8372575457964,644.6828563693656
354.20000000000005,1.6669712306876039,2.0,24.705882352941178,50.01892617405821,50.0,41.62351218104059,298.82392326466277,644.6897850376248
354.3,1.6668493831830196,2.0,24.705882352941178,50.01872343238426,50.0,41.6228553902096,298.8105999216961,644.696704208871
354.40000000000003,1.6667275450048327,2.0,24.705882352941178,50.01851943975328,50.0,41.622233052414536,298.79728751908584,644.7036138820779
354.5,1.6666057161526706,2.0,24.705882352941178,50.01831421556807,50.0,41.62164516260612,298.78398605890123,644.7105140563175
354.6,1.6664838966261601,2.0,24.705882352941178,50.0181077792397,50.0,41.62109171332806,298.770695543091,644.7174047307598
354.70000000000005,1.6663620864249284,2.0,24.705882352941178,50.01790015018662,50.0,41.62057269473257,298.75741597348355,644.7242859046727
354.8,1.6662402855486027,2.0,24.705882352941178,50.017691347832795,50.0,41.62008809458423,298.74414735178703,644.731157577422
354.90000000000003,1.6661184939968097,2.0,24.705882352941178,50.01748139160691,50.0,41.61963789827639,298.73088967958944,644.7380197484713
355.0,1.6659967117691759,2.0,24.705882352941178,50.017270300940424,50.0,41.61922208883478,298.7176429583584,644.7448724173821
355.1,1.6658749388653284,2.0,24.705882352941178,50.017058095266805,50.0,41.61884064693498,298.7044071894418,644.7517155838136
355.20000000000005,1.6657531752848946,2.0,24.705882352941178,50.01684479401979,50.0,41.618493550906194,298.6911823740673,644.7585492475223
355.3,1.6656314210275007,2.0,24.705882352941178,50.01663041663198,50.0,41.61818077674673,298.6779685133429,644.7653734083626
355.40000000000003,1.6655096760927741,2.0,24.705882352941178,50.016414982534,50.0,41.61790229813492,298.6647656082567,644.772188066286
355.5,1.665387940480341,2.0,24.705882352941178,50.01619851115271,50.0,41.61765808643504,298.65157365967724,644.7789932213416
355.6,1.6652662141898287,2.0,24.705882352941178,50.015981021909965,50.0,41.61744811071369,298.63839266835356,644.7857888736754
355.70000000000005,1.6651444972208647,2.0,24.705882352941178,50.01576253422144,50.0,41.617272337749334,298.6252226349154,644.7925750235307
355.8,1.665022789573075,2.0,24.705882352941178,50.01554306749517,50.0,41.61713073204256,298.6120635598731,644.7993516712477
355.90000000000003,1.664901091246086,2.0,24.705882352941178,50.01532264113047,50.0,41.61702325582872,298.59891544361795,644.8061188172633
356.0,1.6647794022395253,2.0,24.705882352941178,50.01510127451627,50.0,41.6169498690876,298.5857782864224,644.8128764621111
356.1,1.6646577225530195,2.0,24.705882352941178,50.0148789870301,50.0,41.61691052955822,298.5726520884401,644.8196246064216
356.20000000000005,1.6645360521861952,2.0,24.705882352941178,50.0146557980367,50.0,41.616905192747886,298.55953684970615,644.8263632509212
356.3,1.6644143911386788,2.0,24.705882352941178,50.01443172688704,50.0,41.61693381194517,298.54643257013714,644.8330923964328
356.40000000000003,1.664292739410098,2.0,24.705882352941178,50.0142067929163,50.0,41.61699633822852,298.53333924953154,644.8398120438754
356.5,1.6641710970000787,2.0,24.705882352941178,50.01398101544339,50.0,41.61709272048666,298.52025688756976,644.8465221942639
356.6,1.6640494639082481,2.0,24.705882352941178,50.01375441376911,50.0,41.61722290542103,298.5071854838144,644.8532228487087
356.70000000000005,1.6639278401342326,2.0,24.705882352941178,50.013527007175355,50.0,41.61738683756578,298.49412503771043,644.8599140084159
356.8,1.6638062256776593,2.0,24.705882352941178,50.01329881492359,50.0,41.61758445929369,298.4810755485854,644.8665956746872
356.90000000000003,1.6636846205381546,2.0,24.705882352941178,50.01306985625354,50.0,41.617815710833035,298.46803701564977,644.8732678489191
357.0,1.663563024715345,2.0,24.705882352941178,50.01284015038215,50.0,41.61808053027957,298.455009437997,644.8799305326031
357.1,1.6634414382088576,2.0,24.705882352941178,50.012609716502084,50.0,41.61837885360752,298.4419928146039,644.8865837273258
357.20000000000005,1.6633198610183189,2.0,24.705882352941178,50.012378573780836,50.0,41.61871061468511,298.4289871443308,644.893227434768
357.3,1.6631982931433553,2.0,24.705882352941178,50.012146741359345,50.0,41.61907574528376,298.41599242592184,644.8998616567052
357.40000000000003,1.6630767345835935,2.0,24.705882352941178,50.01191423835064,50.0,41.619474175093046,298.4030086580053,644.9064863950067
357.5,1.6629551853386602,2.0,24.705882352941178,50.011681083838994,50.0,41.61990583173502,298.3900358390937,644.9131016516357
357.6,1.6628336454081818,2.0,24.705882352941178,50.0114472968782,50.0,41.62037064077341,298.3770739675842,644.9197074286492
357.70000000000005,1.6627121147917854,2.0,24.705882352941178,50.011212896490804,50.0,41.62086852573264,298.3641230417589,644.9263037281977
357.8,1.662590593489097,2.0,24.705882352941178,50.010977901666706,50.0,41.62139940810615,298.35118305978506,644.9328905525247
357.90000000000003,1.6624690814997438,2.0,24.705882352941178,50.01074233136211,50.0,41.621963207372325,298.3382540197154,644.9394679039666
358.0,1.6623475788233517,2.0,24.705882352941178,50.01050620449831,50.0,41.62255984100665,298.32533591948845,644.9460357849525
358.1,1.6622260854595476,2.0,24.705882352941178,50.01026953996035,50.0,41.623189224495626,298.3124287569288,644.9525941980039
358.20000000000005,1.662104601407958,2.0,24.705882352941178,50.01003235659613,50.0,41.62385127135244,298.29953252974764,644.9591431457347
358.3,1.661983126668209,2.0,24.705882352941178,50.009794673215026,50.0,41.624545893127184,298.28664723554283,644.9656826308503
358.40000000000003,1.661861661239928,2.0,24.705882352941178,50.0095565085868,50.0,41.625272999423956,298.27377287179917,644.9722126561478
358.5,1.6617402051227406,2.0,24.705882352941178,50.00931788144061,50.0,41.62603249791363,298.2609094358889,644.9787332245156
358.6,1.6616187583162734,2.0,24.705882352941178,50.00907881046368,50.0,41.626824294346186,298.2480569250721,644.9852443389333
358.70000000000005,1.6614973208201531,2.0,24.705882352941178,50.008839314300246,50.0,41.627648292567486,298.23521533649694,644.9917460024708
358.8,1.6613758926340063,2.0,24.705882352941178,50.00859941155039,50.0,41.6285043945319,298.2223846672,644.9982382182889
358.90000000000003,1.6612544737574593,2.0,24.705882352941178,50.008359120769114,50.0,41.62939250031753,298.20956491410686,645.0047209896381
359.0,1.6611330641901383,2.0,24.705882352941178,50.00811846046503,50.0,41.63031250813831,298.196756074032,645.0111943198592
359.1,1.66101166393167,2.0,24.705882352941178,50.00787744909917,50.0,41.63126431436082,298.18395814367983,645.0176582123819
359.20000000000005,1.6608902729816808,2.0,24.705882352941178,50.00763610508426,50.0,41.632247813519335,298.17117111964444,645.0241126707253
359.3,1.660768891339797,2.0,24.705882352941178,50.00739444678328,50.0,41.6332628983266,298.15839499841036,645.0305576984979
359.40000000000003,1.6606475190056451,2.0,24.705882352941178,50.00715249250868,50.0,41.634309459692574,298.1456297763529,645.0369932993957
359.5,1.6605261559788511,2.0,24.705882352941178,50.00691026052101,50.0,41.63538738673557,298.13287544973855,645.0434194772035
359.6,1.6604048022590416,2.0,24.705882352941178,50.00666776902807,50.0,41.63649656680055,298.12013201472524,645.0498362357939
359.70000000000005,1.660283457845843,2.0,24.705882352941178,50.006425036183884,50.0,41.63763688547125,298.1073994673629,645.0562435791269
359.8,1.6601621227388814,2.0,24.705882352941178,50.0061820800874,50.0,41.63880822658516,298.09467780359375,645.0626415112498
359.90000000000003,1.6600407969377833,2.0,24.705882352941178,50.00593891878174,50.0,41.64001047225116,298.0819670192531,645.0690300362965
360.0,1.6599194804421749,2.0,24.705882352941178,50.00569557025307,50.0,41.641243502860995,298.0692671100693,645.0754091584872
360.1,1.6597981732516829,2.0,24.705882352941178,50.00545205242946,50.0,41.642507197106006,298.05657807166443,645.0817788821288
360.20000000000005,1.6596768753659328,2.0,24.705882352941178,50.00520838317999,50.0,41.64380143199319,298.0438998995547,645.0881392116132
360.3,1.6595555867845515,2.0,24.705882352941178,50.00496458031387,50.0,41.64512608285909,298.03123258915076,645.0944901514181
360.40000000000003,1.659434307507165,2.0,24.705882352941178,50.00472066157914,50.0,41.64648102338372,298.0185761357585,645.1008317061057
360.5,1.6593130375333998,2.0,24.705882352941178,50.00447664466179,50.0,41.64786612560923,298.00593053457914,645.1071638803234
360.6,1.6591917768628819,2.0,24.705882352941178,50.004232547184984,50.0,41.64928125995386,297.99329578070996,645.1134866788021
360.70000000000005,1.6590705254952376,2.0,24.705882352941178,50.003988386707874,50.0,41.650726295225056,297.98067186914454,645.119800106357
360.8,1.6589492834300927,2.0,24.705882352941178,50.003744180724595,50.0,41.65220109863758,297.9680587947734,645.1261041678865
360.90000000000003,1.658828050667074,2.0,24.705882352941178,50.00349994666345,50.0,41.6537055358292,297.9554565523845,645.132398868372
361.0,1.6587068272058074,2.0,24.705882352941178,50.00325570188596,50.0,41.65523947087445,297.94286513666356,645.1386842128773
361.1,1.6585856130459191,2.0,24.705882352941178,50.00301146368582,50.0,41.656802766300764,297.9302845421947,645.1449602065487
361.20000000000005,1.6584644081870354,2.0,24.705882352941178,50.00276724928801,50.0,41.65839528310487,297.91771476346105,645.1512268546143
361.3,1.658343212628782,2.0,24.705882352941178,50.002523075847876,50.0,41.66001688076813,297.90515579484486,645.1574841623834
361.40000000000003,1.6582220263707854,2.0,24.705882352941178,50.002278960450155,50.0,41.661667417272135,297.8926076306284,645.1637321352462
361.5,1.658100849412672,2.0,24.705882352941178,50.0020349201082,50.0,41.66334674911504,297.8800702649941,645.1699707786734
361.6,1.6579796817540675,2.0,24.705882352941178,50.001790971763,50.0,41.66505473132616,297.8675436920256,645.1762000982161
361.70000000000005,1.657858523394598,2.0,24.705882352941178,50.00154713228221,50.0,41.666791217482704,297.8550279057078,645.1824200995047
361.8,1.657737374333889,2.0,24.705882352941178,50.001303418459486,50.0,41.66855605972632,297.8425228999274,645.188630788249
361.90000000000003,1.6576162345715675,2.0,24.705882352941178,50.00105984701338,50.0,41.67034910877687,297.8300286684737,645.1948321702375
362.0,1.6574951041072594,2.0,24.705882352941178,50.00081643458651,50.0,41.67217021395087,297.8175452050391,645.2010242513373
362.1,1.6573739829405907,2.0,24.705882352941178,50.00057319774493,50.0,41.67401922317697,297.80507250321944,645.2072070374928
362.20000000000005,1.657252871071187,2.0,24.705882352941178,50.00033015297697,50.0,41.67589598300968,297.7926105565146,645.2133805347263
362.3,1.6571317684986748,2.0,24.705882352941178,50.00008731669254,50.0,41.67780033864884,297.78015935832934,645.219544749137
362.40000000000003,1.6570106752226799,2.0,24.705882352941178,49.99984470522236,50.0,41.679732133954104,297.76771890197347,645.2256996869004
362.5,1.6568895912428283,2.0,24.705882352941178,49.99960233481704,50.0,41.68169121146041,297.75528918066254,645.2318453542687
362.6,1.6567685165587462,2.0,24.705882352941178,49.99936022164627,50.0,41.68367741239518,297.7428701875184,645.2379817575687
362.70000000000005,1.6566474511700593,2.0,24.705882352941178,49.9991183817981,50.0,41.6856905766947,297.73046191556983,645.2441089032035
362.8,1.656526395076394,2.0,24.705882352941178,49.99887683127815,50.0,41.6877305430191,297.7180643577532,645.2502267976499
362.90000000000003,1.6564053482773755,2.0,24.705882352941178,49.998635586008504,50.0,41.689797148768825,297.7056775069127,645.2563354474593
363.0,1.6562843107726304,2.0,24.705882352941178,49.99839466182743,50.0,41.691890230104406,297.69330135580134,645.2624348592567
363.1,1.6561632825617845,2.0,24.705882352941178,49.99815407448824,50.0,41.69400962195653,297.68093589708127,645.2685250397403
363.20000000000005,1.6560422636444632,2.0,24.705882352941178,49.99791383965868,50.0,41.69615515804772,297.6685811233244,645.2746059956812
363.3,1.6559212540202928,2.0,24.705882352941178,49.9976739729201,50.0,41.698326670905914,297.65623702701293,645.2806777339224
363.40000000000003,1.6558002536888994,2.0,24.705882352941178,49.99743448976693,50.0,41.70052399188219,297.6439036005404,645.2867402613792
363.5,1.6556792626499086,2.0,24.705882352941178,49.99719540560557,50.0,41.702746951164656,297.6315808362116,645.2927935850375
363.6,1.655558280902946,2.0,24.705882352941178,49.99695673575388,50.0,41.70499537779931,297.61926872624355,645.2988377119545
363.70000000000005,1.6554373084476381,2.0,24.705882352941178,49.99671849544063,50.0,41.70726909970294,297.60696726276626,645.3048726492576
363.8,1.6553163452836102,2.0,24.705882352941178,49.99648069980435,50.0,41.70956794367921,297.594676437823,645.3108984041436
363.90000000000003,1.6551953914104882,2.0,24.705882352941178,49.996243363893086,50.0,41.71189173543899,297.5823962433711,645.3169149838786
364.0,1.6550744468278984,2.0,24.705882352941178,49.99600650266348,50.0,41.71424029961191,297.5701266712826,645.3229223957978
364.1,1.654953511535466,2.0,24.705882352941178,49.99577013098002,50.0,41.71661345976586,297.55786771334465,645.3289206473045
364.20000000000005,1.6548325855328172,2.0,24.705882352941178,49.99553426361456,50.0,41.7190110384236,297.54561936126044,645.3349097458696
364.3,1.6547116688195773,2.0,24.705882352941178,49.9952989152456,50.0,41.72143285707755,297.53338160664975,645.340889699031
364.40000000000003,1.6545907613953728,2.0,24.705882352941178,49.995064100457455,50.0,41.72387873620676,297.5211544410492,645.3468605143937
364.5,1.654469863259829,2.0,24.705882352941178,49.9948298337398,50.0,41.726348495295376,297.5089378559135,645.3528221996287
364.6,1.6543489744125712,2.0,24.705882352941178,49.99459612948709,50.0,41.728841952846864,297.49673184261565,645.3587747624724
364.70000000000005,1.6542280948532258,2.0,24.705882352941178,49.994363001997726,50.0,41.73135892640017,297.4845363924479,645.3647182107264
364.8,1.6541072245814177,2.0,24.705882352941178,49.99413046547352,50.0,41.73389923254869,297.472351496622,645.3706525522573
364.90000000000003,1.6539863635967735,2.0,24.705882352941178,49.99389853401914,50.0,41.73646268695522,297.46017714627027,645.376577794995
365.0,1.6538655118989187,2.0,24.705882352941178,49.99366722164149,50.0,41.7390491043683,297.4480133324459,645.3824939469334
365.1,1.6537446694874791,2.0,24.705882352941178,49.99343654224913,50.0,41.74165829863907,297.4358600461238,645.3884010161294
365.20000000000005,1.6536238363620799,2.0,24.705882352941178,49.993206509651486,50.0,41.744290082737464,297.42371727820125,645.3942990107018
365.3,1.6535030125223473,2.0,24.705882352941178,49.992977137558626,50.0,41.74694426877099,297.41158501949855,645.4001879388318
365.40000000000003,1.6533821979679064,2.0,24.705882352941178,49.99274843958051,50.0,41.74962066799727,297.3994632607595,645.4060678087617
365.5,1.6532613926983828,2.0,24.705882352941178,49.99252042922632,50.0,41.75231909084305,297.3873519926523,645.4119386287945
365.6,1.6531405967134023,2.0,24.705882352941178,49.992293119904105,50.0,41.755039346921585,297.3752512057704,645.4178004072937
365.70000000000005,1.6530198100125906,2.0,24.705882352941178,49.99206652492035,50.0,41.757781245046836,297.36316089063234,645.4236531526823
365.8,1.6528990325955732,2.0,24.705882352941178,49.991840657478974,50.0,41.76054459324954,297.3510810376836,645.4294968734425
365.90000000000003,1.6527782644619757,2.0,24.705882352941178,49.99161553068137,50.0,41.763329198798274,297.3390116372964,645.4353315781151
366.0,1.6526575056114239,2.0,24.705882352941178,49.99139115752553,50.0,41.76613486820979,297.3269526797705,645.4411572752987
366.1,1.6525367560435429,2.0,24.705882352941178,49.991167550905686,50.0,41.76896140726997,297.3149041553344,645.4469739736494
366.20000000000005,1.6524160157579588,2.0,24.705882352941178,49.99094472361173,50.0,41.771808621048,297.3028660541453,645.4527816818804
366.3,1.6522952847542964,2.0,24.705882352941178,49.99072268832879,50.0,41.77467631391445,297.29083836629036,645.4585804087612
366.40000000000003,1.6521745630321822,2.0,24.705882352941178,49.99050145763687,50.0,41.777564289556544,297.27882108178716,645.4643701631172
366.5,1.6520538505912408,2.0,24.705882352941178,49.99028104401026,50.0,41.780472350993435,297.2668141905842,645.4701509538287
366.6,1.6519331474310979,2.0,24.705882352941178,49.99006145981696,50.0,41.78340030059443,297.2548176825621,645.4759227898307
366.70000000000005,1.6518124535513792,2.0,24.705882352941178,49.98984271731848,50.0,41.78634794009621,297.2428315475336,645.4816856801125
366.8,1.65169176895171,2.0,24.705882352941178,49.989624828669264,50.0,41.78931507061614,297.23085577524506,645.4874396337165
366.90000000000003,1.6515710936317158,2.0,24.705882352941178,49.989407805916244,50.0,41.79230149267105,297.2188903553765,645.4931846597384
367.0,1.6514504275910222,2.0,24.705882352941178,49.98919166099864,50.0,41.795307006192864,297.20693527754247,645.498920767326
367.1,1.6513297708292543,2.0,24.705882352941178,49.98897640574717,50.0,41.798331410543,297.19499053129294,645.5046479656792
367.20000000000005,1.6512091233460378,2.0,24.705882352941178,49.98876205188384,50.0,41.801374504532895,297.18305610611395,645.5103662640486
367.3,1.6510884851409982,2.0,24.705882352941178,49.98854861102188,50.0,41.804436086437164,297.17113199142807,645.516075671736
367.40000000000003,1.6509678562137606,2.0,24.705882352941178,49.98833609466476,50.0,41.807515954007435,297.15921817659546,645.5217761980928
367.5,1.6508472365639506,2.0,24.705882352941178,49.988124514206106,50.0,41.81061390449499,297.1473146509142,645.5274678525201
367.6,1.6507266261911933,2.0,24.705882352941178,49.98791388092957,50.0,41.81372973466255,297.1354214036214,645.5331506444677
367.70000000000005,1.6506060250951142,2.0,24.705882352941178,49.98770420600806,50.0,41.81686324079907,297.1235384238936,645.5388245834341
367.8,1.650485433275339,2.0,24.705882352941178,49.98749550050371,50.0,41.820014218740106,297.1116657008476,645.544489678965
367.90000000000003,1.6503648507314925,2.0,24.705882352941178,49.98728777536718,50.0,41.82318246388014,297.0998032235412,645.5501459406536
368.0,1.6502442774632005,2.0,24.705882352941178,49.987081041437875,50.0,41.82636777119271,297.08795098097386,645.5557933781394
368.1,1.650123713470088,2.0,24.705882352941178,49.98687530944312,50.0,41.82956993524013,297.07610896208746,645.5614320011081
368.20000000000005,1.6500031587517805,2.0,24.705882352941178,49.986670589998084,50.0,41.832788750195895,297.06427715576706,645.5670618192905
368.3,1.6498826133079032,2.0,24.705882352941178,49.98646689360538,50.0,41.836024009856985,297.0524555508414,645.5726828424624
368.40000000000003,1.6497620771380812,2.0,24.705882352941178,49.98626423065491,50.0,41.83927550766129,297.0406441360839,645.5782950804438
368.5,1.6496415502419395,2.0,24.705882352941178,49.98606261142356,50.0,41.84254303670201,297.02884290021336,645.5838985430984
368.6,1.649521032619104,2.0,24.705882352941178,49.98586204607483,50.0,41.84582638974371,297.01705183189426,645.5894932403326
368.70000000000005,1.6494005242691996,2.0,24.705882352941178,49.98566254465845,50.0,41.84912535923939,297.005270919738,645.5950791820952
368.8,1.6492800251918516,2.0,24.705882352941178,49.98546411711044,50.0,41.85243973734666,296.9935001523035,645.6006563783774
368.90000000000003,1.6491595353866848,2.0,24.705882352941178,49.98526677325276,50.0,41.85576931594079,296.98173951809775,645.606224839211
369.0,1.649039054853325,2.0,24.705882352941178,49.985070522792796,50.0,41.85911388663122,296.96998900557656,645.6117845746687
369.1,1.6489185835913969,2.0,24.705882352941178,49.98487537532361,50.0,41.862473240780375,296.9582486031456,645.6173355948634
369.20000000000005,1.648798121600526,2.0,24.705882352941178,49.984681340323334,50.0,41.86584716951346,296.94651829916063,645.6228779099473
369.3,1.6486776688803377,2.0,24.705882352941178,49.98448842715504,50.0,41.86923546373905,296.9347980819286,645.6284115301114
369.40000000000003,1.648557225430457,2.0,24.705882352941178,49.98429664506665,50.0,41.87263791416281,296.9230879397083,645.6339364655853
369.5,1.6484367912505085,2.0,24.705882352941178,49.98410600319073,50.0,41.87605431130216,296.91138786071093,645.6394527266357
369.6,1.6483163663401181,2.0,24.705882352941178,49.983916510544134,50.0,41.87948444550166,296.8996978331011,645.6449603235669
369.70000000000005,1.6481959506989103,2.0,24.705882352941178,49.98372817602808,50.0,41.88292810695051,296.88801784499725,645.6504592667195
369.8,1.6480755443265107,2.0,24.705882352941178,49.983541008427665,50.0,41.88638508569448,296.8763478844728,645.6559495664699
369.90000000000003,1.647955147222544,2.0,24.705882352941178,49.98335501641202,50.0,41.889855171655206,296.86468793955635,645.6614312332299
370.0,1.6478347593866356,2.0,24.705882352941178,49.98317020853415,50.0,41.893338154641384,296.85303799823276,645.6669042774461
370.1,1.6477143808184098,2.0,24.705882352941178,49.982986593230294,50.0,41.89683382436472,296.8413980484438,645.672368709599
370.20000000000005,1.6475940115174927,2.0,24.705882352941178,49.98280417882046,50.0,41.900341970459884,296.82976807808893,645.6778245402027
370.3,1.6474736514835084,2.0,24.705882352941178,49.982622973508,50.0,41.90386238249207,296.818148075026,645.6832717798039
370.40000000000003,1.6473533007160828,2.0,24.705882352941178,49.982442985379464,50.0,41.90739484997603,296.8065380270717,645.6887104389822
370.5,1.6472329592148403,2.0,24.705882352941178,49.98226422240447,50.0,41.91093916239094,296.79493792200293,645.6941405283484
370.6,1.6471126269794063,2.0,24.705882352941178,49.982086692435644,50.0,41.91449510919529,296.78334774755695,645.6995620585446
370.70000000000005,1.6469923040094052,2.0,24.705882352941178,49.98191040320876,50.0,41.918062479841254,296.77176749143234,645.7049750402438
370.8,1.6468719903044626,2.0,24.705882352941178,49.98173536234225,50.0,41.92164106378741,296.76019714128967,645.7103794841481
370.90000000000003,1.6467516858642033,2.0,24.705882352941178,49.9815615773374,50.0,41.92523065051766,296.7486366847523,645.7157754009896
371.0,1.6466313906882522,2.0,24.705882352941178,49.98138905557818,50.0,41.928831029552626,296.73708610940696,645.7211628015289
371.1,1.6465111047762342,2.0,24.705882352941178,49.98121780433121,50.0,41.932441990465804,296.72554540280487,645.7265416965546
371.20000000000005,1.6463908281277742,2.0,24.705882352941178,49.98104783074592,50.0,41.93606332289729,296.7140145524619,645.731912096883
371.3,1.6462705607424972,2.0,24.705882352941178,49.98087914185402,50.0,41.93969481656671,296.7024935458597,645.7372740133576
371.40000000000003,1.6461503026200284,2.0,24.705882352941178,49.98071174456999,50.0,41.943336261292686,296.69098237044625,645.7426274568478
371.5,1.6460300537599921,2.0,24.705882352941178,49.98054564569071,50.0,41.94698744700079,296.67948101363675,645.7479724382489
371.6,1.6459098141620137,2.0,24.705882352941178,49.98038085189569,50.0,41.950648163742606,296.6679894628143,645.7533089684814
371.70000000000005,1.6457895838257175,2.0,24.705882352941178,49.98021736974687,50.0,41.95431820170679,296.6565077053304,645.7586370584904
371.8,1.6456693627507293,2.0,24.705882352941178,49.98005520568864,50.0,41.957997351235335,296.6450357285059,645.7639567192451
371.90000000000003,1.6455491509366726,2.0,24.705882352941178,49.97989436604803,50.0,41.9616854028373,296.63357351963185,645.7692679617379
372.0,1.6454289483831732,2.0,24.705882352941178,49.97973485703449,50.0,41.96538214720122,296.62212106596985,645.774570796984
372.1,1.6453087550898553,2.0,24.705882352941178,49.979576684740096,50.0,41.96908737521128,296.61067835475296,645.7798652360207
372.20000000000005,1.6451885710563445,2.0,24.705882352941178,49.9794198551395,50.0,41.972800877959294,296.5992453731866,645.7851512899074
372.3,1.6450683962822652,2.0,24.705882352941178,49.97926437409001,50.0,41.976522446759766,296.587822108449,645.7904289697241
372.40000000000003,1.6449482307672423,2.0,24.705882352941178,49.97911024733156,50.0,41.980251873162665,296.5764085476922,645.7956982865713
372.5,1.6448280745109003,2.0,24.705882352941178,49.97895748048694,50.0,41.98398894896835,296.56500467804227,645.8009592515696
372.6,1.6447079275128644,2.0,24.705882352941178,49.97880607906154,50.0,41.98773346623925,296.55361048660063,645.8062118758584
372.70000000000005,1.644587789772759,2.0,24.705882352941178,49.978656048443895,50.0,41.9914852173166,296.5422259604444,645.8114561705964
372.8,1.6444676612902085,2.0,24.705882352941178,49.97850739390543,50.0,41.995243994829,296.5308510866272,645.81669214696
372.90000000000003,1.6443475420648388,2.0,24.705882352941178,49.97836012060043,50.0,41.999009591709694,296.51948585217997,645.8219198161431
373.0,1.6442274320962735,2.0,24.705882352941178,49.97821423356669,50.0,42.00278180121075,296.5081302441115,645.8271391893566
373.1,1.6441073313841377,2.0,24.705882352941178,49.97806973772492,50.0,42.00656041691013,296.4967842494093,645.8323502778278
373.20000000000005,1.6439872399280557,2.0,24.705882352941178,49.977926637879534,50.0,42.01034523273333,296.48544785504015,645.8375530927999
373.3,1.6438671577276525,2.0,24.705882352941178,49.97778493871823,50.0,42.014136042958135,296.47412104795103,645.8427476455312
373.40000000000003,1.643747084782553,2.0,24.705882352941178,49.9776446448123,50.0,42.017932642234214,296.46280381506966,645.8479339472945
373.5,1.6436270210923813,2.0,24.705882352941178,49.977505760616964,50.0,42.02173482559342,296.4514961433053,645.8531120093766
373.6,1.6435069666567623,2.0,24.705882352941178,49.97736829047108,50.0,42.0255423884609,296.44019801954937,645.858281843078
373.70000000000005,1.643386921475321,2.0,24.705882352941178,49.97723223859799,50.0,42.02935512667257,296.4289094306761,645.863443459712
373.8,1.6432668855476815,2.0,24.705882352941178,49.97709760910482,50.0,42.033172836479885,296.41763036354337,645.8685968706043
373.90000000000003,1.6431468588734683,2.0,24.705882352941178,49.97696440598338,50.0,42.036995314572884,296.40636080499354,645.873742087092
374.0,1.643026841452307,2.0,24.705882352941178,49.97683263310984,50.0,42.040822358082885,296.3951007418538,645.878879120524
374.1,1.6429068332838213,2.0,24.705882352941178,49.976702294245285,50.0,42.04465376460228,296.38385016093724,645.8840079822594
374.20000000000005,1.6427868343676353,2.0,24.705882352941178,49.97657339303561,50.0,42.04848933219127,296.3726090490431,645.8891286836672
374.3,1.6426668447033745,2.0,24.705882352941178,49.97644593301197,50.0,42.05232885939467,296.3613773929578,645.8942412361263
374.40000000000003,1.6425468642906629,2.0,24.705882352941178,49.97631991759056,50.0,42.05617214525022,296.3501551794558,645.8993456510242
374.5,1.642426893129126,2.0,24.705882352941178,49.9761953500734,50.0,42.060018989306236,296.3389423952997,645.9044419397569
374.6,1.6423069312183864,2.0,24.705882352941178,49.97607223364815,50.0,42.06386919162622,296.32773902724153,645.9095301137281
374.70000000000005,1.6421869785580703,2.0,24.705882352941178,49.975950571388466,50.0,42.06772255280655,296.31654506202295,645.9146101843488
374.8,1.6420670351478017,2.0,24.705882352941178,49.975830366254286,50.0,42.07157887398632,296.3053604863765,645.9196821630368
374.90000000000003,1.641947100987205,2.0,24.705882352941178,49.975711621091875,50.0,42.07543795685824,296.29418528702564,645.9247460612156
375.0,1.6418271760759047,2.0,24.705882352941178,49.97559433863427,50.0,42.079299603682955,296.2830194506858,645.9298018903148
375.1,1.6417072604135252,2.0,24.705882352941178,49.97547852150137,50.0,42.083163617298105,296.2718629640651,645.9348496617686
375.20000000000005,1.6415873539996906,2.0,24.705882352941178,49.97536417220044,50.0,42.08702980113166,296.2607158138649,645.9398893870157
375.3,1.641467456834026,2.0,24.705882352941178,49.975251293126234,50.0,42.09089795921111,296.2495779867806,645.9449210774992
375.40000000000003,1.6413475689161556,2.0,24.705882352941178,49.97513988656101,50.0,42.0947678961762,296.2384494695019,645.9499447446651
375.5,1.6412276902457037,2.0,24.705882352941178,49.97502995467528,50.0,42.0986394172927,296.2273302487141,645.9549603999623
375.6,1.6411078208222947,2.0,24.705882352941178,49.97492149952785,50.0,42.10251232845854,296.21622031109837,645.9599680548419
375.70000000000005,1.6409879606455529,2.0,24.705882352941178,49.97481452306607,50.0,42.106386436217996,296.2051196433325,645.9649677207568
375.8,1.640868109715103,2.0,24.705882352941178,49.97470902712621,50.0,42.11026154777301,296.1940282320916,645.9699594091614
375.90000000000003,1.640748268030569,2.0,24.705882352941178,49.9746050134338,50.0,42.11413747099294,296.18294606404856,645.9749431315103
376.0,1.6406284355915752,2.0,24.705882352941178,49.974502483604056,50.0,42.11801401442522,296.1718731258751,645.9799188992583
376.1,1.6405086123977464,2.0,24.705882352941178,49.97440143914173,50.0,42.121890987305385,296.1608094042421,645.9848867238601
376.20000000000005,1.6403887984487067,2.0,24.705882352941178,49.97430188144193,50.0,42.12576819957214,296.1497548858204,645.9898466167692
376.3,1.6402689937440802,2.0,24.705882352941178,49.974203811790346,50.0,42.129645461872435,296.13870955728135,645.9947985894378
376.40000000000003,1.6401491982834915,2.0,24.705882352941178,49.974107231363405,50.0,42.13352258557385,296.1276734052975,645.9997426533159
376.5,1.6400294120665644,2.0,24.705882352941178,49.97401214122874,50.0,42.137399382776486,296.11664641654335,646.0046788198512
376.6,1.6399096350929236,2.0,24.705882352941178,49.97391854234564,50.0,42.141275666321796,296.1056285776959,646.0096071004881
376.70000000000005,1.6397898673621931,2.0,24.705882352941178,49.973826435565286,50.0,42.14515124980196,296.0946198754353,646.0145275066677
376.8,1.6396701088739973,2.0,24.705882352941178,49.97373582163101,50.0,42.14902594757151,296.0836202964454,646.0194400498267
376.90000000000003,1.6395503596279608,2.0,24.705882352941178,49.97364670117889,50.0,42.15289957475784,296.07262982741463,646.0243447413975
377.0,1.6394306196237072,2.0,24.705882352941178,49.973559074738034,50.0,42.156771947268986,296.06164845503633,646.0292415928072
377.1,1.6393108888608614,2.0,24.705882352941178,49.97347294273095,50.0,42.160642881804776,296.0506761660097,646.0341306154774
377.20000000000005,1.6391911673390467,2.0,24.705882352941178,49.97338830547392,50.0,42.16451219586618,296.03971294704,646.0390118208234
377.3,1.6390714550578878,2.0,24.705882352941178,49.97330516317737,50.0,42.16837970776547,296.0287587848398,646.043885220254
377.40000000000003,1.6389517520170087,2.0,24.705882352941178,49.97322351594647,50.0,42.172245236635575,296.01781366612886,646.0487508251708
377.5,1.638832058216034,2.0,24.705882352941178,49.973143363781276,50.0,42.17610860243791,296.0068775776353,646.0536086469677
377.6,1.6387123736545874,2.0,24.705882352941178,49.97306470657725,50.0,42.17996962597432,295.995950506096,646.0584586970307
377.70000000000005,1.6385926983322932,2.0,24.705882352941178,49.97298754412566,50.0,42.18382812889494,295.9850324382574,646.0633009867365
377.8,1.6384730322487757,2.0,24.705882352941178,49.97291187611415,50.0,42.187683933707696,295.97412336087575,646.0681355274537
377.90000000000003,1.6383533754036586,2.0,24.705882352941178,49.97283770212698,50.0,42.19153686378586,295.96322326071805,646.0729623305405
378.0,1.6382337277965664,2.0,24.705882352941178,49.97276502164544,50.0,42.195386743379345,295.95233212456253,646.0777814073448
378.1,1.6381140894271227,2.0,24.705882352941178,49.97269383404853,50.0,42.19923339762291,295.9414499391992,646.0825927692046
378.20000000000005,1.6379944602949517,2.0,24.705882352941178,49.972624138613014,50.0,42.203076652543174,295.9305766914305,646.0873964274462
378.3,1.637874840399678,2.0,24.705882352941178,49.97255593451433,50.0,42.206916335070915,295.91971236807206,646.0921923933848
378.40000000000003,1.637755229740925,2.0,24.705882352941178,49.9724892208269,50.0,42.21075227304498,295.90885695595296,646.0969806783232
378.5,1.6376356283183175,2.0,24.705882352941178,49.9724239965243,50.0,42.21458429522271,295.8980104419165,646.1017612935517
378.6,1.6375160361314791,2.0,24.705882352941178,49.97236026048,50.0,42.218412231290955,295.88717281282084,646.1065342503477
378.70000000000005,1.6373964531800338,2.0,24.705882352941178,49.97229801146767,50.0,42.22223591187112,295.8763440555394,646.1112995599751
378.8,1.6372768794636057,2.0,24.705882352941178,49.972237248162116,50.0,42.226055168529705,295.8655241569618,646.1160572336837
378.90000000000003,1.6371573149818182,2.0,24.705882352941178,49.97217796913918,50.0,42.229869833781144,295.85471310399384,646.1208072827093
379.0,1.637037759734296,2.0,24.705882352941178,49.97212017287643,50.0,42.233679741102684,295.8439108835587,646.1255497182723
379.1,1.6369182137206628,2.0,24.705882352941178,49.97206385775377,50.0,42.23748472493916,295.8331174825972,646.1302845515779
379.20000000000005,1.6367986769405427,2.0,24.705882352941178,49.97200902205378,50.0,42.241284620709834,295.82233288806816,646.1350117938156
379.3,1.6366791493935595,2.0,24.705882352941178,49.97195566396249,50.0,42.245079264817896,295.81155708694945,646.1397314561588
379.40000000000003,1.6365596310793373,2.0,24.705882352941178,49.97190378156944,50.0,42.248868494655355,295.8007900662382,646.1444435497639
379.5,1.6364401219974998,2.0,24.705882352941178,49.97185337286851,50.0,42.252652148614956,295.79003181295155,646.1491480857703
379.6,1.6363206221476712,2.0,24.705882352941178,49.97180443575854,50.0,42.25643006609392,295.779282314127,646.1538450752997
379.70000000000005,1.6362011315294749,2.0,24.705882352941178,49.971756968043394,50.0,42.260202087500694,295.768541556823,646.1585345294559
379.8,1.636081650142535,2.0,24.705882352941178,49.971710967432955,50.0,42.263968054267046,295.7578095281197,646.1632164593241
379.90000000000003,1.6359621779864753,2.0,24.705882352941178,49.9716664315435,50.0,42.26772780884918,295.7470862151193,646.1678908759707
380.0,1.63584271506092,2.0,24.705882352941178,49.97162335789818,50.0,42.27148119473767,295.7363716049465,646.1725577904425
380.1,1.635723261365493,2.0,24.705882352941178,49.97158174392757,50.0,42.27522805646412,295.7256656847494,646.1772172137668
380.20000000000005,1.6356038168998177,2.0,24.705882352941178,49.97154158697015,50.0,42.27896823960827,295.7149684416996,646.1818691569504
380.3,1.635484381663518,2.0,24.705882352941178,49.971502884273036,50.0,42.28270159080488,295.7042798629931,646.1865136309797
380.40000000000003,1.635364955656218,2.0,24.705882352941178,49.97146563299242,50.0,42.28642795774838,295.6935999358504,646.1911506468198
380.5,1.635245538877541,2.0,24.705882352941178,49.971429830194154,50.0,42.290147189201235,295.6829286475175,646.1957802154143
380.6,1.6351261313271115,2.0,24.705882352941178,49.97139547285434,50.0,42.29385913499936,295.67226598526616,646.2004023476854
380.70000000000005,1.6350067330045528,2.0,24.705882352941178,49.97136255785972,50.0,42.29756364605845,295.6616119363942,646.2050170545325
380.8,1.6348873439094889,2.0,24.705882352941178,49.97133108200836,50.0,42.30126057438185,295.6509664882265,646.2096243468321
380.90000000000003,1.634767964041543,2.0,24.705882352941178,49.97130104201045,50.0,42.30494977306519,295.6403296281151,646.2142242354381
381.0,1.6346485934003392,2.0,24.705882352941178,49.971272434488526,50.0,42.30863109630031,295.62970134344005,646.2188167311805
381.1,1.6345292319855014,2.0,24.705882352941178,49.97124525597815,50.0,42.312304399385134,295.6190816216094,646.2234018448656
381.20000000000005,1.634409879796653,2.0,24.705882352941178,49.97121950292859,50.0,42.3159695387277,295.6084704500602,646.2279795872751
381.3,1.634290536833418,2.0,24.705882352941178,49.97119517170347,50.0,42.31962637185107,295.5978678162588,646.2325499691661
381.40000000000003,1.6341712030954196,2.0,24.705882352941178,49.97117225858119,50.0,42.32327475739874,295.5872737077013,646.2371130012706
381.5,1.6340518785822826,2.0,24.705882352941178,49.97115075975552,50.0,42.326914555141556,295.5766881119137,646.241668694295
381.6,1.6339325632936295,2.0,24.705882352941178,49.97113067133631,50.0,42.33054562598308,295.56611101645336,646.2462170589197
381.70000000000005,1.6338132572290844,2.0,24.705882352941178,49.97111198935005,50.0,42.33416783196343,295.55554240890837,646.2507581057989
381.8,1.6336939603882705,2.0,24.705882352941178,49.97109470974061,50.0,42.33778103626563,295.5449822768986,646.2552918455605
381.90000000000003,1.633574672770812,2.0,24.705882352941178,49.9710788283694,50.0,42.34138510321861,295.5344306080762,646.2598182888047
382.0,1.6334553943763326,2.0,24.705882352941178,49.971064341016586,50.0,42.34497989830752,295.52388739012576,646.2643374461048
382.1,1.6333361252044551,2.0,24.705882352941178,49.971051243381396,50.0,42.34856528817125,295.5133526107649,646.2688493280061
382.20000000000005,1.633216865254804,2.0,24.705882352941178,49.97103953108257,50.0,42.35214114061175,295.5028262577449,646.2733539450259
382.3,1.6330976145270026,2.0,24.705882352941178,49.97102919965931,50.0,42.35570732459975,295.492308318851,646.2778513076528
382.40000000000003,1.6329783730206744,2.0,24.705882352941178,49.97102024457189,50.0,42.35926371027552,295.4817987819026,646.2823414263465
382.5,1.632859140735443,2.0,24.705882352941178,49.971012661201996,50.0,42.36281016895462,295.4712976347543,646.2868243115379
382.6,1.6327399176709316,2.0,24.705882352941178,49.97100644485363,50.0,42.36634657313446,295.4608048652958,646.2912999736277
382.70000000000005,1.6326207038267642,2.0,24.705882352941178,49.971001590753644,50.0,42.36987279649591,295.4503204614524,646.2957684229872
382.8,1.632501499202564,2.0,24.705882352941178,49.97099809405239,50.0,42.37338871390858,295.43984441118573,646.3002296699569
382.90000000000003,1.6323823037979543,2.0,24.705882352941178,49.97099594982433,50.0,42.37689420143486,295.42937670249387,646.3046837248475
383.0,1.6322631176125595,2.0,24.705882352941178,49.97099515306866,50.0,42.38038913633407,295.4189173234121,646.3091305979376
383.1,1.632143940646002,2.0,24.705882352941178,49.97099569871017,50.0,42.38387339706642,295.4084662620128,646.3135702994756
383.20000000000005,1.632024772897906,2.0,24.705882352941178,49.97099758159959,50.0,42.387346863294724,295.39802350640645,646.3180028396778
383.3,1.6319056143678947,2.0,24.705882352941178,49.97100079651449,50.0,42.39080941589158,295.3875890447416,646.3224282287283
383.40000000000003,1.6317864650555916,2.0,24.705882352941178,49.971005338159785,50.0,42.39426093693971,295.37716286520566,646.3268464767793
383.5,1.6316673249606202,2.0,24.705882352941178,49.97101120116838,50.0,42.397701309737364,295.3667449560248,646.3312575939505
383.6,1.6315481940826038,2.0,24.705882352941178,49.97101838010201,50.0,42.40113041880179,295.35633530546465,646.3356615903281
383.70000000000005,1.6314290724211655,2.0,24.705882352941178,49.97102686945175,50.0,42.40454814987046,295.3459339018309,646.3400584759656
383.8,1.6313099599759293,2.0,24.705882352941178,49.971036663638586,50.0,42.407954389906116,295.33554073346926,646.3444482608828
383.90000000000003,1.6311908567465183,2.0,24.705882352941178,49.97104775701433,50.0,42.41134902710059,295.325155788766,646.3488309550654
384.0,1.631071762732556,2.0,24.705882352941178,49.971060143862246,50.0,42.41473195087508,295.3147790561485,646.3532065684653
384.1,1.6309526779336656,2.0,24.705882352941178,49.971073818397485,50.0,42.41810305188397,295.3044105240855,646.357575111
384.20000000000005,1.6308336023494703,2.0,24.705882352941178,49.97108877476808,50.0,42.421462222019706,295.2940501810874,646.3619365925515
384.3,1.630714535979594,2.0,24.705882352941178,49.971105007055314,50.0,42.4248093544121,295.2836980157068,646.3662910229676
384.40000000000003,1.6305954788236596,2.0,24.705882352941178,49.97112250927472,50.0,42.428144343434276,295.2733540165386,646.3706384120604
384.5,1.6304764308812905,2.0,24.705882352941178,49.97114127537634,50.0,42.43146708470171,295.2630181722204,646.3749787696064
384.6,1.63035739215211,2.0,24.705882352941178,49.97116129924592,50.0,42.43477747507918,295.25269047143337,646.379312105346
384.70000000000005,1.630238362635741,2.0,24.705882352941178,49.97118257470504,50.0,42.438075412677094,295.2423709029019,646.3836384289835
384.8,1.6301193423318074,2.0,24.705882352941178,49.971205095512516,50.0,42.44136079686046,295.2320594553942,646.3879577501871
384.90000000000003,1.6300003312399325,2.0,24.705882352941178,49.97122885536436,50.0,42.44463352824243,295.22175611772286,646.3922700785877
385.0,1.6298813293597392,2.0,24.705882352941178,49.971253847894786,50.0,42.44789350869524,295.21146087874496,646.3965754237792
385.1,1.6297623366908502,2.0,24.705882352941178,49.971280066677025,50.0,42.45114064134727,295.2011737273624,646.4008737953187
385.20000000000005,1.6296433532328902,2.0,24.705882352941178,49.97130750522376,50.0,42.454374830584506,295.1908946525224,646.4051652027255
385.3,1.6295243789854814,2.0,24.705882352941178,49.97133615698806,50.0,42.457595982054755,295.1806236432175,646.4094496554806
385.40000000000003,1.629405413948247,2.0,24.705882352941178,49.97136601536391,50.0,42.4608040026667,295.17036068848626,646.4137271630276
385.5,1.6292864581208104,2.0,24.705882352941178,49.97139707368683,50.0,42.46399880059309,295.1601057774133,646.4179977347716
385.6,1.6291675115027948,2.0,24.705882352941178,49.971429325234965,50.0,42.467180285273194,295.1498588991297,646.422261380079
385.70000000000005,1.629048574093823,2.0,24.705882352941178,49.97146276322934,50.0,42.47034836740949,295.13962004281353,646.4265181082775
385.8,1.6289296458935185,2.0,24.705882352941178,49.971497380834705,50.0,42.473502958974485,295.1293891976897,646.4307679286555
385.90000000000003,1.6288107269015046,2.0,24.705882352941178,49.971533171160445,50.0,42.47664397320942,295.1191663530305,646.4350108504624
386.0,1.628691817117404,2.0,24.705882352941178,49.97157012726109,50.0,42.4797713246235,295.10895149815605,646.439246882908
386.1,1.6285729165408402,2.0,24.705882352941178,49.971608242136824,50.0,42.482884928997215,295.0987446224343,646.4434760351623
386.20000000000005,1.6284540251714361,2.0,24.705882352941178,49.97164750873475,50.0,42.48598470338473,295.08854571528155,646.4476983163553
386.3,1.6283351430088149,2.0,24.705882352941178,49.971687919949034,50.0,42.4890705661088,295.07835476616253,646.4519137355767
386.40000000000003,1.6282162700525997,2.0,24.705882352941178,49.97172946862207,50.0,42.49214243676791,295.0681717645907,646.4561223018759
386.5,1.6280974063024136,2.0,24.705882352941178,49.971772147544584,50.0,42.49520023623144,295.05799670012885,646.4603240242616
386.6,1.6279785517578798,2.0,24.705882352941178,49.97181594945704,50.0,42.49824388664705,295.0478295623888,646.4645189117016
386.70000000000005,1.6278597064186207,2.0,24.705882352941178,49.97186086705,50.0,42.50127331143269,295.0376703410322,646.4687069731226
386.8,1.6277408702842597,2.0,24.705882352941178,49.97190689296468,50.0,42.50428843528201,295.0275190257706,646.47288821741
386.90000000000003,1.62762204335442,2.0,24.705882352941178,49.971954019794,50.0,42.507289184165316,295.0173756063653,646.477062653408
387.0,1.6275032256287245,2.0,24.705882352941178,49.972002240083214,50.0,42.510275485326254,295.00724007262846,646.4812302899186
387.1,1.627384417106796,2.0,24.705882352941178,49.97205154633036,50.0,42.51324726728274,294.99711241442265,646.4853911357025
387.20000000000005,1.6272656177882576,2.0,24.705882352941178,49.972101930987264,50.0,42.516204459830035,294.9869926216611,646.4895451994779
387.3,1.6271468276727328,2.0,24.705882352941178,49.97215338646026,50.0,42.51914699403685,294.9768806843084,646.4936924899207
387.40000000000003,1.6270280467598441,2.0,24.705882352941178,49.972205905110684,50.0,42.52207480224543,294.96677659238037,646.4978330156648
387.5,1.6269092750492147,2.0,24.705882352941178,49.97225947925568,50.0,42.52498781807394,294.95668033594427,646.5019667853009
387.6,1.626790512540467,2.0,24.705882352941178,49.972314101169104,50.0,42.5278859764141,294.9465919051193,646.5060938073773
387.70000000000005,1.626671759233224,2.0,24.705882352941178,49.97236976308193,50.0,42.5307692134296,294.93651129007657,646.5102140903994
387.8,1.6265530151271086,2.0,24.705882352941178,49.97242645718313,50.0,42.53363746655836,294.92643848103944,646.5143276428288
387.90000000000003,1.6264342802217442,2.0,24.705882352941178,49.97248417562048,50.0,42.53649067450999,294.91637346828367,646.5184344730844
388.0,1.6263155545167536,2.0,24.705882352941178,49.97254291050115,50.0,42.53932877726447,294.90631624213756,646.5225345895416
388.1,1.6261968380117595,2.0,24.705882352941178,49.97260265389235,50.0,42.542151716072354,294.8962667929825,646.526628000532
388.20000000000005,1.6260781307063847,2.0,24.705882352941178,49.97266339782226,50.0,42.54495943345456,294.8862251112526,646.5307147143433
388.3,1.6259594326002522,2.0,24.705882352941178,49.972725134280495,50.0,42.54775187319922,294.8761911874354,646.5347947392194
388.40000000000003,1.625840743692985,2.0,24.705882352941178,49.97278785521911,50.0,42.55052898036302,294.86616501207163,646.5388680833598
388.5,1.6257220639842052,2.0,24.705882352941178,49.972851552553095,50.0,42.55329070126704,294.856146575756,646.5429347549205
388.6,1.625603393473536,2.0,24.705882352941178,49.97291621816112,50.0,42.556036983498046,294.84613586913656,646.546994762012
388.70000000000005,1.6254847321606007,2.0,24.705882352941178,49.972981843886316,50.0,42.55876777590646,294.83613288291554,646.5510481127011
388.8,1.6253660800450218,2.0,24.705882352941178,49.97304842153699,50.0,42.56148302860416,294.82613760784926,646.5550948150099
388.90000000000003,1.6252474371264218,2.0,24.705882352941178,49.973115942887205,50.0,42.56418269296341,294.8161500347483,646.5591348769152
389.0,1.6251288034044238,2.0,24.705882352941178,49.97318439967779,50.0,42.566866721616115,294.8061701544778,646.5631683063494
389.1,1.6250101788786506,2.0,24.705882352941178,49.973253783616656,50.0,42.569535068449355,294.79619795795725,646.5671951111997
389.20000000000005,1.6248915635487244,2.0,24.705882352941178,49.97332408637993,50.0,42.57218768860788,294.78623343616124,646.5712152993076
389.3,1.6247729574142684,2.0,24.705882352941178,49.973395299612264,50.0,42.57482453848725,294.776276580119,646.5752288784699
389.40000000000003,1.6246543604749053,2.0,24.705882352941178,49.97346741492788,50.0,42.57744557573702,294.7663273809149,646.5792358564382
389.5,1.6245357727302576,2.0,24.705882352941178,49.973540423911174,50.0,42.580050759254156,294.7563858296887,646.583236240918
389.6,1.6244171941799481,2.0,24.705882352941178,49.97361431811714,50.0,42.58264004918313,294.7464519176353,646.5872300395694
389.70000000000005,1.6242986248235995,2.0,24.705882352941178,49.97368908907271,50.0,42.585213406915976,294.73652563600507,646.5912172600067
389.8,1.6241800646608349,2.0,24.705882352941178,49.973764728276876,50.0,42.58777079508355,294.726606976104,646.5951979097988
389.90000000000003,1.6240615136912762,2.0,24.705882352941178,49.97384122720149,50.0,42.59031217755975,294.7166959292939,646.5991719964683
390.0,1.6239429719145464,2.0,24.705882352941178,49.97391857729241,50.0,42.59283751945778,294.7067924869923,646.6031395274914
390.1,1.623824439330268,2.0,24.705882352941178,49.97399676996969,50.0,42.59534678712273,294.69689664067283,646.607100510299
390.20000000000005,1.623705915938064,2.0,24.705882352941178,49.974075796628654,50.0,42.59783994813541,294.68700838186504,646.6110549522753
390.3,1.623587401737557,2.0,24.705882352941178,49.97415564864019,50.0,42.60031697130487,294.6771277021548,646.6150028607582
390.40000000000003,1.6234688967283692,2.0,24.705882352941178,49.974236317351824,50.0,42.6027778266706,294.66725459318417,646.6189442430396
390.5,1.6233504009101236,2.0,24.705882352941178,49.97431779408839,50.0,42.60522248549513,294.65738904665164,646.6228791063646
390.6,1.623231914282442,2.0,24.705882352941178,49.97440007015268,50.0,42.60765092026211,294.6475310543122,646.626807457932
390.70000000000005,1.6231134368449474,2.0,24.705882352941178,49.974483136825825,50.0,42.61006310467401,294.63768060797736,646.630729304894
390.8,1.6229949685972624,2.0,24.705882352941178,49.974566985368654,50.0,42.61245901365208,294.6278376995152,646.6346446543561
390.90000000000003,1.6228765095390096,2.0,24.705882352941178,49.97465160702177,50.0,42.61483862332583,294.6180023208508,646.6385535133769
391.0,1.6227580596698123,2.0,24.705882352941178,49.974736993006616,50.0,42.61720191103772,294.60817446396584,646.6424558889688
391.1,1.6226396189892922,2.0,24.705882352941178,49.974823134525934,50.0,42.61954885533469,294.5983541208989,646.6463517880969
391.20000000000005,1.6225211874970715,2.0,24.705882352941178,49.974910022764675,50.0,42.62187943596809,294.5885412837456,646.6502412176794
391.3,1.622402765192773,2.0,24.705882352941178,49.97499764889051,50.0,42.62419363388756,294.57873594465855,646.654124184588
391.40000000000003,1.622284352076019,2.0,24.705882352941178,49.97508600405473,50.0,42.62649143123985,294.56893809584744,646.6580006956469
391.5,1.6221659481464323,2.0,24.705882352941178,49.97517507939273,50.0,42.628772811362715,294.55914772957914,646.6618707576337
391.6,1.6220475534036356,2.0,24.705882352941178,49.975264866024816,50.0,42.631037758784075,294.54936483817767,646.6657343772788
391.70000000000005,1.621929167847251,2.0,24.705882352941178,49.97535535505682,50.0,42.633286259216206,294.5395894140244,646.6695915612655
391.8,1.6218107914769007,2.0,24.705882352941178,49.97544653758081,50.0,42.63551829955352,294.5298214495579,646.6734423162299
391.90000000000003,1.621692424292207,2.0,24.705882352941178,49.975538404675774,50.0,42.637733867867944,294.520060937274,646.6772866487613
392.0,1.6215740662927933,2.0,24.705882352941178,49.97563094740849,50.0,42.63993295340517,294.5103078697261,646.6811245654012
392.1,1.621455717478281,2.0,24.705882352941178,49.975724156833735,50.0,42.64211554657893,294.50056223952487,646.6849560726448
392.20000000000005,1.6213373778482927,2.0,24.705882352941178,49.97581802399549,50.0,42.64428163897186,294.4908240393386,646.6887811769391
392.3,1.6212190474024513,2.0,24.705882352941178,49.975912539927265,50.0,42.64643122332537,294.4810932618926,646.6925998846845
392.40000000000003,1.6211007261403787,2.0,24.705882352941178,49.97600769565287,50.0,42.64856429353983,294.4713698999703,646.6964122022339
392.5,1.620982414061697,2.0,24.705882352941178,49.97610348218723,50.0,42.650680844669004,294.461653946412,646.7002181358931
392.6,1.6208641111660291,2.0,24.705882352941178,49.97619989053686,50.0,42.65278087291416,294.45194539411597,646.7040176919206
392.70000000000005,1.6207458174529974,2.0,24.705882352941178,49.976296911700615,50.0,42.654864375622104,294.4422442360378,646.7078108765276
392.8,1.6206275329222233,2.0,24.705882352941178,49.97639453667023,50.0,42.65693135127976,294.43255046519056,646.7115976958779
392.90000000000003,1.6205092575733298,2.0,24.705882352941178,49.976492756431355,50.0,42.65898179951072,294.422864074645,646.7153781560884
393.0,1.620390991405939,2.0,24.705882352941178,49.97659156196369,50.0,42.66101572106691,294.41318505752935,646.7191522632281
393.1,1.6202727344196737,2.0,24.705882352941178,49.97669094424208,50.0,42.6630331178302,294.40351340702927,646.7229200233194
393.20000000000005,1.6201544866141553,2.0,24.705882352941178,49.97679089423701,50.0,42.66503399280189,294.3938491163881,646.7266814423372
393.3,1.6200362479890065,2.0,24.705882352941178,49.976891402915214,50.0,42.6670183501009,294.38419217890646,646.7304365262094
393.40000000000003,1.6199180185438493,2.0,24.705882352941178,49.97699246124034,50.0,42.668986194958926,294.3745425879427,646.7341852808162
393.5,1.6197997982783063,2.0,24.705882352941178,49.97709406017373,50.0,42.670937533715204,294.36490033691246,646.737927711991
393.6,1.6196815871919992,2.0,24.705882352941178,49.97719619067493,50.0,42.672872373810776,294.35526541928874,646.74166382552
393.70000000000005,1.6195633852845508,2.0,24.705882352941178,49.97729884370233,50.0,42.674790723784504,294.3456378286022,646.7453936271423
393.8,1.619445192555583,2.0,24.705882352941178,49.97740201021395,50.0,42.67669259326866,294.3360175584406,646.7491171225498
393.90000000000003,1.619327009004718,2.0,24.705882352941178,49.977505681167884,50.0,42.678577992981566,294.3264046024492,646.7528343173873
394.0,1.619208834631578,2.0,24.705882352941178,49.97760984752318,50.0,42.68044693472533,294.3167989543306,646.7565452172527
394.1,1.619090669435785,2.0,24.705882352941178,49.97771450024021,50.0,42.68229943137742,294.3072006078443,646.760249827697
394.20000000000005,1.6189725134169612,2.0,24.705882352941178,49.97781963028143,50.0,42.68413549688893,294.2976095568076,646.7639481542238
394.3,1.6188543665747295,2.0,24.705882352941178,49.97792522861215,50.0,42.685955146277,294.28802579509437,646.7676402022905
394.40000000000003,1.6187362289087106,2.0,24.705882352941178,49.97803128620092,50.0,42.687758395618786,294.278449316636,646.7713259773071
394.5,1.6186181004185276,2.0,24.705882352941178,49.9781377940202,50.0,42.689545262048455,294.26888011542064,646.775005484637
394.6,1.6184999811038023,2.0,24.705882352941178,49.97824474304724,50.0,42.69131576375074,294.25931818549356,646.7786787295967
394.70000000000005,1.618381870964157,2.0,24.705882352941178,49.978352124264234,50.0,42.69306991995321,294.2497635209568,646.7823457174562
394.8,1.6182637699992135,2.0,24.705882352941178,49.97845992865945,50.0,42.69480775092567,294.24021611596936,646.786006453439
394.90000000000003,1.6181456782085941,2.0,24.705882352941178,49.978568147227406,50.0,42.69652927796838,294.230675964747,646.7896609427216
395.0,1.61802759559192,2.0,24.705882352941178,49.978676770969855,50.0,42.69823452341193,294.2211430615622,646.7933091904347
395.1,1.6179095221488147,2.0,24.705882352941178,49.97878579089604,50.0,42.69992351060698,294.2116174007438,646.7969512016618
395.20000000000005,1.617791457878899,2.0,24.705882352941178,49.97889519802362,50.0,42.701596263922504,294.2020989766776,646.8005869814406
395.3,1.6176734027817956,2.0,24.705882352941178,49.97900498337901,50.0,42.70325280873622,294.19258778380544,646.8042165347622
395.40000000000003,1.6175553568571261,2.0,24.705882352941178,49.979115137998235,50.0,42.70489317143199,294.1830838166256,646.8078398665716
395.5,1.6174373201045127,2.0,24.705882352941178,49.9792256529272,50.0,42.70651737939077,294.17358706969276,646.8114569817678
395.6,1.6173192925235775,2.0,24.705882352941178,49.97933651922261,50.0,42.70812546098832,294.1640975376177,646.8150678852037
395.70000000000005,1.6172012741139423,2.0,24.705882352941178,49.97944772795228,50.0,42.70971744558538,294.15461521506717,646.8186725816861
395.8,1.6170832648752291,2.0,24.705882352941178,49.979559270196035,50.0,42.71129336352531,294.1451400967639,646.8222710759762
395.90000000000003,1.6169652648070596,2.0,24.705882352941178,49.97967113704601,50.0,42.71285324612353,294.13567217748647,646.8258633727893
396.0,1.6168472739090558,2.0,24.705882352941178,49.97978331960741,50.0,42.71439712566575,294.1262114520693,646.829449476795
396.1,1.6167292921808396,2.0,24.705882352941178,49.97989580899906,50.0,42.71592503539887,294.1167579154021,646.8330293926175
396.20000000000005,1.616611319622033,2.0,24.705882352941178,49.98000859635374,50.0,42.717437009525234,294.1073115624305,646.836603124835
396.3,1.616493356232258,2.0,24.705882352941178,49.980121672819166,50.0,42.71893308319928,294.09787238815517,646.8401706779811
396.40000000000003,1.6163754020111365,2.0,24.705882352941178,49.98023502955817,50.0,42.7204132925161,294.0884403876323,646.8437320565433
396.5,1.6162574569582902,2.0,24.705882352941178,49.98034865774963,50.0,42.7218776745099,294.0790155559731,646.8472872649647
396.6,1.616139521073341,2.0,24.705882352941178,49.98046254858872,50.0,42.72332626714339,294.06959788834365,646.850836307643
396.70000000000005,1.6160215943559106,2.0,24.705882352941178,49.98057669328762,50.0,42.72475910930478,294.06018737996504,646.8543791889309
396.8,1.6159036768056212,2.0,24.705882352941178,49.980691083076124,50.0,42.72617624079946,294.050784026113,646.8579159131364
396.90000000000003,1.615785768422094,2.0,24.705882352941178,49.980805709201945,50.0,42.72757770234305,294.04138782211777,646.8614464845227
397.0,1.615667869204952,2.0,24.705882352941178,49.980920562931544,50.0,42.72896353555762,294.03199876336424,646.8649709073086
397.1,1.615549979153816,2.0,24.705882352941178,49.981035635550484,50.0,42.73033378296149,294.02261684529145,646.8684891856682
397.20000000000005,1.6154320982683077,2.0,24.705882352941178,49.981150918364165,50.0,42.731688487965236,294.0132420633926,646.8720013237313
397.3,1.6153142265480491,2.0,24.705882352941178,49.98126640269817,50.0,42.7330276948626,294.00387441321504,646.8755073255836
397.40000000000003,1.6151963639926623,2.0,24.705882352941178,49.981382079898765,50.0,42.73435144882615,293.9945138903596,646.8790071952668
397.5,1.6150785106017689,2.0,24.705882352941178,49.981497941333714,50.0,42.73565979590034,293.98516049048095,646.8825009367786
397.6,1.6149606663749903,2.0,24.705882352941178,49.9816139783926,50.0,42.736952782992,293.9758142092875,646.8859885540725
397.70000000000005,1.6148428313119487,2.0,24.705882352941178,49.98173018248724,50.0,42.7382304578659,293.96647504254065,646.8894700510589
397.8,1.6147250054122653,2.0,24.705882352941178,49.98184654505246,50.0,42.73949286913883,293.9571429860553,646.8929454316044
397.90000000000003,1.614607188675562,2.0,24.705882352941178,49.981963057546466,50.0,42.74074006626959,293.94781803569913,646.8964146995322
398.0,1.6144893811014605,2.0,24.705882352941178,49.98207971145132,50.0,42.741972099554424,293.93850018739266,646.8998778586223
398.1,1.6143715826895826,2.0,24.705882352941178,49.98219649827354,50.0,42.74318902011973,293.9291894371092,646.9033349126116
398.20000000000005,1.6142537934395496,2.0,24.705882352941178,49.98231340954459,50.0,42.74439087991443,293.9198857808745,646.9067858651939
398.3,1.6141360133509832,2.0,24.705882352941178,49.9824304368214,50.0,42.745577731703015,293.9105892147665,646.9102307200206
398.40000000000003,1.6140182424235057,2.0,24.705882352941178,49.98254757168672,50.0,42.7467496290584,293.90129973491537,646.9136694807003
398.5,1.613900480656738,2.0,24.705882352941178,49.982664805749835,50.0,42.74790662635642,293.8920173375032,646.9171021507988
398.6,1.6137827280503023,2.0,24.705882352941178,49.9827821306468,50.0,42.74904877876596,293.88274201876374,646.9205287338399
398.70000000000005,1.6136649846038196,2.0,24.705882352941178,49.98289953804118,50.0,42.750176142244946,293.8734737749823,646.923949233305
398.8,1.6135472503169124,2.0,24.705882352941178,49.9830170196243,50.0,42.751288773530085,293.8642126024955,646.927363652634
398.90000000000003,1.6134295251892012,2.0,24.705882352941178,49.98313456711605,50.0,42.75238673013276,293.8549584976912,646.9307719952242
399.0,1.6133118092203083,2.0,24.705882352941178,49.98325217226488,50.0,42.75347007032752,293.8457114570082,646.9341742644319
399.1,1.6131941024098546,2.0,24.705882352941178,49.98336982684867,50.0,42.75453885315095,293.83647147693586,646.9375704635714
399.20000000000005,1.6130764047574622,2.0,24.705882352941178,49.98348752267515,50.0,42.75559313838887,293.82723855401434,646.9409605959161
399.3,1.6129587162627526,2.0,24.705882352941178,49.98360525158222,50.0,42.75663298657068,293.81801268483383,646.9443446646978
399.40000000000003,1.612841036925347,2.0,24.705882352941178,49.98372300543821,50.0,42.75765845896306,293.8087938660349,646.9477226731079
399.5,1.612723366744867,2.0,24.705882352941178,49.98384077614287,50.0,42.75866961756473,293.7995820943078,646.9510946242966
399.6,1.6126057057209342,2.0,24.705882352941178,49.98395855562757,50.0,42.75966652509293,293.79037736639265,646.9544605213734
399.70000000000005,1.61248805385317,2.0,24.705882352941178,49.984076335855605,50.0,42.76064924497998,293.78117967907883,646.9578203674076
399.8,1.6123704111411963,2.0,24.705882352941178,49.98419410882269,50.0,42.76161784136632,293.77198902920514,646.9611741654284
399.90000000000003,1.6122527775846343,2.0,24.705882352941178,49.98431186655756,50.0,42.76257237909281,293.76280541365924,646.9645219184241
400.0,1.6121351531831052,2.0,24.705882352941178,49.984429601122145,50.0,42.76351292369137,293.75362882937765,646.9678636293442
400.1,1.6120175379362307,2.0,24.705882352941178,49.984547304612306,50.0,42.764439541380625,293.74445927334546,646.9711993010977
400.20000000000005,1.6118999318436318,2.0,24.705882352941178,49.98466496915813,50.0,42.7653522990547,293.735296742596,646.9745289365546
400.3,1.6117823349049305,2.0,24.705882352941178,49.98478258692427,50.0,42.76625126427779,293.72614123421084,646.9778525385454
400.40000000000003,1.6116647471197476,2.0,24.705882352941178,49.98490015011038,50.0,42.76713650527716,293.7169927453192,646.9811701098613
400.5,1.6115471684877052,2.0,24.705882352941178,49.985017650951534,50.0,42.768008090935105,293.70785127309813,646.984481653255
400.6,1.6114295990084244,2.0,24.705882352941178,49.98513508171885,50.0,42.768866090781565,293.69871681477184,646.9877871714401
400.70000000000005,1.611312038681526,2.0,24.705882352941178,49.98525243471954,50.0,42.76971057498444,293.6895893676118,646.9910866670921
400.8,1.6111944875066322,2.0,24.705882352941178,49.98536970229759,50.0,42.77054161434584,293.6804689289364,646.9943801428475
400.90000000000003,1.6110769454833636,2.0,24.705882352941178,49.985486876834045,50.0,42.77135928029103,293.67135549611055,646.9976676013054
401.0,1.6109594126113422,2.0,24.705882352941178,49.98560395074725,50.0,42.77216364486248,293.66224906654566,647.0009490450266
401.1,1.6108418888901888,2.0,24.705882352941178,49.985720916493676,50.0,42.7729547807137,293.6531496376992,647.0042244765345
401.20000000000005,1.6107243743195245,2.0,24.705882352941178,49.985837766567954,50.0,42.773732761096575,293.64405720707447,647.007493898315
401.3,1.6106068688989714,2.0,24.705882352941178,49.98595449350313,50.0,42.774497659858504,293.63497177222047,647.0107573128162
401.40000000000003,1.6104893726281504,2.0,24.705882352941178,49.986071089871416,50.0,42.77524955143493,293.6258933307317,647.0140147224496
401.5,1.6103718855066824,2.0,24.705882352941178,49.98618754828442,50.0,42.77598851083784,293.61682188024747,647.01726612959
401.6,1.6102544075341891,2.0,24.705882352941178,49.98630386139337,50.0,42.77671461365025,293.6077574184522,647.020511536575
401.70000000000005,1.610136938710292,2.0,24.705882352941178,49.98642002188956,50.0,42.77742793601958,293.5986999430748,647.0237509457062
401.8,1.6100194790346116,2.0,24.705882352941178,49.98653602250482,50.0,42.778128554648816,293.5896494518883,647.0269843592489
401.90000000000003,1.6099020285067696,2.0,24.705882352941178,49.986651856011804,50.0,42.77881654678797,293.58060594271006,647.0302117794326
402.0,1.6097845871263872,2.0,24.705882352941178,49.9867675152243,50.0,42.779491990227264,293.57156941340116,647.033433208451
402.1,1.6096671548930854,2.0,24.705882352941178,49.98688299299761,50.0,42.780154963289334,293.562539861866,647.036648648462
402.20000000000005,1.6095497318064855,2.0,24.705882352941178,49.98699828222885,50.0,42.780805544821554,293.55351728605245,647.0398581015884
402.3,1.6094323178662087,2.0,24.705882352941178,49.987113375857234,50.0,42.78144381418825,293.5445016839512,647.0430615699179
402.40000000000003,1.609314913071876,2.0,24.705882352941178,49.98722826686458,50.0,42.78206985126406,293.53549305359553,647.0462590555037
402.5,1.6091975174231088,2.0,24.705882352941178,49.98734294827551,50.0,42.78268373642365,293.52649139306135,647.0494505603638
402.6,1.6090801309195277,2.0,24.705882352941178,49.98745741315798,50.0,42.78328555053593,293.5174967004665,647.0526360864819
402.70000000000005,1.6089627535607547,2.0,24.705882352941178,49.98757165462325,50.0,42.783875374954114,293.5085089739708,647.0558156358079
402.8,1.6088453853464102,2.0,24.705882352941178,49.98768566582635,50.0,42.78445329151158,293.4995282117754,647.0589892102576
402.90000000000003,1.6087280262761157,2.0,24.705882352941178,49.98779943996652,50.0,42.785019382512004,293.49055441212295,647.062156811713
403.0,1.6086106763494918,2.0,24.705882352941178,49.98791297028737,50.0,42.785573730720465,293.48158757329696,647.065318442023
403.1,1.60849333556616,2.0,24.705882352941178,49.98802625007727,50.0,42.786116419357874,293.4726276936216,647.0684741030028
403.20000000000005,1.6083760039257413,2.0,24.705882352941178,49.98813927266957,50.0,42.78664753209129,293.46367477146146,647.0716237964349
403.3,1.608258681427857,2.0,24.705882352941178,49.98825203144304,50.0,42.78716715302772,293.4547288052213,647.0747675240692
403.40000000000003,1.6081413680721275,2.0,24.705882352941178,49.988364519821914,50.0,42.78767536670447,293.4457897933456,647.077905287623
403.5,1.6080240638581742,2.0,24.705882352941178,49.988476731276364,50.0,42.788172258084025,293.4368577343185,647.0810370887814
403.6,1.6079067687856183,2.0,24.705882352941178,49.988588659322716,50.0,42.78865791254411,293.42793262666316,647.0841629291972
403.70000000000005,1.6077894828540804,2.0,24.705882352941178,49.988700297523735,50.0,42.789132415870775,293.4190144689417,647.0872828104917
403.8,1.6076722060631816,2.0,24.705882352941178,49.98881163948903,50.0,42.78959585425043,293.410103259755,647.0903967342549
403.90000000000003,1.6075549384125436,2.0,24.705882352941178,49.98892267887504,50.0,42.79004831426085,293.40119899774203,647.0935047020452
404.0,1.6074376799017862,2.0,24.705882352941178,49.989033409385456,50.0,42.790489882866304,293.39230168158,647.09660671539
404.1,1.6073204305305313,2.0,24.705882352941178,49.98914382477142,50.0,42.79092064740793,293.3834113099838,647.099702775786
404.20000000000005,1.6072031902983992,2.0,24.705882352941178,49.98925391883205,50.0,42.791340695596574,293.37452788170555,647.1027928846993
404.3,1.607085959205011,2.0,24.705882352941178,49.98936368541439,50.0,42.791750115502346,293.36565139553466,647.1058770435661
404.40000000000003,1.606968737249988,2.0,24.705882352941178,49.98947311841357,50.0,42.79214899555048,293.3567818502972,647.1089552537921
404.5,1.6068515244329504,2.0,24.705882352941178,49.989582211773325,50.0,42.79253742451372,293.3479192448558,647.1120275167539
404.6,1.6067343207535199,2.0,24.705882352941178,49.989690959486154,50.0,42.79291549150174,293.33906357810935,647.1150938337976
404.70000000000005,1.6066171262113165,2.0,24.705882352941178,49.989799355593505,50.0,42.793283285954615,293.3302148489922,647.118154206241
404.8,1.606499940805962,2.0,24.705882352941178,49.98990739418605,50.0,42.79364089763555,293.3213730564749,647.1212086353722
404.90000000000003,1.6063827645370767,2.0,24.705882352941178,49.99001506940368,50.0,42.7939884166225,293.31253819956265,647.1242571224512
405.0,1.6062655974042819,2.0,24.705882352941178,49.990122375436215,50.0,42.794325933302794,293.3037102772958,647.1272996687092
405.1,1.606148439407198,2.0,24.705882352941178,49.99022930652313,50.0,42.79465353836039,293.29488928874935,647.1303362753489
405.20000000000005,1.606031290545446,2.0,24.705882352941178,49.99033585695389,50.0,42.79497132277349,293.28607523303253,647.1333669435456
405.3,1.6059141508186465,2.0,24.705882352941178,49.99044202106842,50.0,42.795279377805294,293.27726810928857,647.1363916744468
405.40000000000003,1.6057970202264207,2.0,24.705882352941178,49.99054779325695,50.0,42.79557779499332,293.2684679166943,647.1394104691722
405.5,1.605679898768389,2.0,24.705882352941178,49.99065316796043,50.0,42.79586666614621,293.25967465445984,647.1424233288144
405.6,1.6055627864441722,2.0,24.705882352941178,49.99075813967073,50.0,42.79614608333322,293.25088832182837,647.1454302544396
405.70000000000005,1.6054456832533917,2.0,24.705882352941178,49.9908627029306,50.0,42.796416138876694,293.2421089180758,647.1484312470865
405.8,1.6053285891956675,2.0,24.705882352941178,49.99096685233417,50.0,42.796676925346944,293.23333644251034,647.1514263077682
405.90000000000003,1.6052115042706205,2.0,24.705882352941178,49.9910705825269,50.0,42.79692853555088,293.2245708944723,647.1544154374715
406.0,1.6050944284778716,2.0,24.705882352941178,49.99117388820582,50.0,42.797171062527454,293.2158122733337,647.1573986371569
406.1,1.6049773618170415,2.0,24.705882352941178,49.99127676411973,50.0,42.79740459953903,293.207060578498,647.16037590776
406.20000000000005,1.604860304287751,2.0,24.705882352941178,49.99137920506939,50.0,42.7976292400634,293.1983158093994,647.1633472501904
406.3,1.6047432558896204,2.0,24.705882352941178,49.99148120590746,50.0,42.797845077786285,293.1895779655033,647.1663126653332
406.40000000000003,1.6046262166222707,2.0,24.705882352941178,49.991582761539064,50.0,42.79805220659602,293.1808470463052,647.1692721540481
406.5,1.6045091864853225,2.0,24.705882352941178,49.991683866921505,50.0,42.79825072057145,293.17212305133074,647.1722257171712
406.6,1.6043921654783966,2.0,24.705882352941178,49.99178451706479,50.0,42.798440713979666,293.16340598013556,647.1751733555136
406.70000000000005,1.604275153601114,2.0,24.705882352941178,49.991884707031545,50.0,42.79862228126396,293.1546958323043,647.1781150698625
406.8,1.6041581508530944,2.0,24.705882352941178,49.99198443193717,50.0,42.79879551703915,293.145992607451,647.1810508609819
406.90000000000003,1.604041157233959,2.0,24.705882352941178,49.992083686950025,50.0,42.798960516083966,293.1372963052183,647.1839807296116
407.0,1.6039241727433284,2.0,24.705882352941178,49.99218246729163,50.0,42.799117373332656,293.12860692527744,647.1869046764688
407.1,1.603807197380823,2.0,24.705882352941178,49.99228076823681,50.0,42.799266183867346,293.1199244673276,647.1898227022476
407.20000000000005,1.6036902311460635,2.0,24.705882352941178,49.992378585113386,50.0,42.7994070429103,293.1112489310959,647.1927348076197
407.3,1.6035732740386703,2.0,24.705882352941178,49.99247591330288,50.0,42.79954004582131,293.10258031633657,647.1956409932341
407.40000000000003,1.6034563260582644,2.0,24.705882352941178,49.992572748240434,50.0,42.79966528808314,293.09391862283127,647.198541259718
407.5,1.6033393872044661,2.0,24.705882352941178,49.99266908541472,50.0,42.79978286529777,293.08526385038834,647.2014356076766
407.6,1.6032224574768958,2.0,24.705882352941178,49.9927649203683,50.0,42.79989287318026,293.0766159988425,647.2043240376938
407.70000000000005,1.603105536875174,2.0,24.705882352941178,49.99286024869758,50.0,42.799995407548806,293.0679750680545,647.2072065503319
407.8,1.6029886253989218,2.0,24.705882352941178,49.99295506605296,50.0,42.800090564319454,293.05934105791107,647.2100831461324
407.90000000000003,1.602871723047759,2.0,24.705882352941178,49.993049368138884,50.0,42.80017843949791,293.05071396832415,647.2129538256164
408.0,1.6027548298213066,2.0,24.705882352941178,49.99314315071399,50.0,42.80025912917274,293.04209379923094,647.2158185892841
408.1,1.6026379457191846,2.0,24.705882352941178,49.99323640959119,50.0,42.800332729507836,293.03348055059325,647.2186774376157
408.20000000000005,1.6025210707410138,2.0,24.705882352941178,49.99332914063757,50.0,42.800399336735104,293.02487422239733,647.2215303710718
408.3,1.6024042048864147,2.0,24.705882352941178,49.99342133977484,50.0,42.800459047149204,293.0162748146536,647.2243773900927
408.40000000000003,1.6022873481550073,2.0,24.705882352941178,49.993513002979114,50.0,42.800511957096276,293.0076823273962,647.2272184951001
408.5,1.6021705005464126,2.0,24.705882352941178,49.99360412628107,50.0,42.800558162970596,292.9990967606826,647.2300536864963
408.6,1.6020536620602506,2.0,24.705882352941178,49.99369470576596,50.0,42.80059776120584,292.9905181145935,647.2328829646646
408.70000000000005,1.601936832696142,2.0,24.705882352941178,49.99378473757366,50.0,42.80063084826894,292.981946389232,647.2357063299702
408.8,1.6018200124537072,2.0,24.705882352941178,49.99387421789885,50.0,42.80065752065286,292.97338158472405,647.2385237827598
408.90000000000003,1.6017032013325663,2.0,24.705882352941178,49.993963142990935,50.0,42.80067787486854,292.96482370121737,647.2413353233624
409.0,1.60158639933234,2.0,24.705882352941178,49.99405150915413,50.0,42.80069200743914,292.9562727388814,647.2441409520891
409.1,1.6014696064526484,2.0,24.705882352941178,49.99413931274756,50.0,42.80070001489284,292.947728697907,647.2469406692335
409.20000000000005,1.6013528226931122,2.0,24.705882352941178,49.994226550185374,50.0,42.80070199375522,292.93919157850615,647.2497344750724
409.3,1.6012360480533514,2.0,24.705882352941178,49.99431321793645,50.0,42.80069804054173,292.9306613809116,647.2525223698655
409.40000000000003,1.6011192825329863,2.0,24.705882352941178,49.99439931252459,50.0,42.80068825175421,292.92213810537623,647.2553043538559
409.5,1.6010025261316372,2.0,24.705882352941178,49.99448483052885,50.0,42.800672723872,292.91362175217307,647.2580804272704
409.6,1.6008857788489246,2.0,24.705882352941178,49.99456976858312,50.0,42.80065155334227,292.9051123215949,647.2608505903203
409.70000000000005,1.6007690406844692,2.0,24.705882352941178,49.99465412337639,50.0,42.80062483657809,292.8966098139538,647.2636148432001
409.8,1.6006523116378906,2.0,24.705882352941178,49.99473789165279,50.0,42.80059266994873,292.8881142295809,647.2663731860897
409.90000000000003,1.600535591708809,2.0,24.705882352941178,49.99482107021129,50.0,42.80055514977297,292.87962556882593,647.2691256191537
410.0,1.6004188808968454,2.0,24.705882352941178,49.994903655906,50.0,42.800512372315424,292.871143832057,647.271872142541
410.1,1.6003021792016192,2.0,24.705882352941178,49.99498564564624,50.0,42.80046443377657,292.8626690196603,647.2746127563869
410.20000000000005,1.6001854866227512,2.0,24.705882352941178,49.99506703639628,50.0,42.80041143028606,292.85420113203975,647.2773474608117
410.3,1.600068803159861,2.0,24.705882352941178,49.995147825175536,50.0,42.80035345789859,292.8457401696163,647.2800762559217
410.40000000000003,1.5999521288125698,2.0,24.705882352941178,49.99522800905845,50.0,42.80029061258503,292.8372861328282,647.2827991418094
410.5,1.5998354635804968,2.0,24.705882352941178,49.99530758517437,50.0,42.80022299022739,292.8288390221303,647.2855161185538
410.6,1.5997188074632627,2.0,24.705882352941178,49.99538655070785,50.0,42.800150686613065,292.82039883799365,647.2882271862206
410.70000000000005,1.5996021604604878,2.0,24.705882352941178,49.99546490289839,50.0,42.80007379742521,292.81196558090545,647.2909323448623
410.8,1.599485522571792,2.0,24.705882352941178,49.99554263904048,50.0,42.799992418238936,292.80353925136853,647.2936315945188
410.90000000000003,1.5993688937967958,2.0,24.705882352941178,49.99561975648356,50.0,42.79990664451428,292.7951198499009,647.2963249352176
411.0,1.5992522741351187,2.0,24.705882352941178,49.995696252631944,50.0,42.799816571589595,292.78670737703567,647.2990123669739
411.1,1.5991356635863816,2.0,24.705882352941178,49.99577212494489,50.0,42.79972229467612,292.7783018333206,647.3016938897911
411.20000000000005,1.5990190621502038,2.0,24.705882352941178,49.995847370936474,50.0,42.79962390885002,292.76990321931777,647.3043695036607
411.3,1.598902469826206,2.0,24.705882352941178,49.99592198817555,50.0,42.79952150904772,292.7615115356033,647.3070392085632
411.40000000000003,1.5987858866140077,2.0,24.705882352941178,49.99599597428568,50.0,42.79941519005903,292.7531267827668,647.3097030044677
411.5,1.5986693125132299,2.0,24.705882352941178,49.996069326945246,50.0,42.79930504652167,292.7447489614114,647.3123608913327
411.6,1.5985527475234915,2.0,24.705882352941178,49.996142043887176,50.0,42.79919117291279,292.7363780721531,647.3150128691057
411.70000000000005,1.5984361916444134,2.0,24.705882352941178,49.99621412289912,50.0,42.799073663546174,292.7280141156206,647.3176589377244
411.8,1.5983196448756158,2.0,24.705882352941178,49.99628556182307,50.0,42.79895261256271,292.719657092455,647.3202990971163
411.90000000000003,1.598203107216718,2.0,24.705882352941178,49.996356358555545,50.0,42.79882811392829,292.7113070033093,647.3229333471987
412.0,1.5980865786673404,2.0,24.705882352941178,49.99642651104756,50.0,42.7987002614248,292.70296384884807,647.3255616878803
412.1,1.597970059227103,2.0,24.705882352941178,49.99649601730431,50.0,42.79856914864389,292.6946276297475,647.3281841190595
412.20000000000005,1.5978535488956254,2.0,24.705882352941178,49.99656487538522,50.0,42.7984348689839,292.68629834669457,647.3308006406268
412.3,1.5977370476725283,2.0,24.705882352941178,49.99663308340399,50.0,42.79829751564209,292.67797600038705,647.3334112524633
412.40000000000003,1.5976205555574312,2.0,24.705882352941178,49.99670063952834,50.0,42.79815718160768,292.6696605915331,647.3360159544419
412.5,1.5975040725499545,2.0,24.705882352941178,49.99676754197998,50.0,42.79801395965833,292.66135212085095,647.3386147464273
412.6,1.5973875986497175,2.0,24.705882352941178,49.99683378903444,50.0,42.79786794235307,292.6530505890683,647.3412076282765
412.70000000000005,1.5972711338563406,2.0,24.705882352941178,49.99689937902116,50.0,42.79771922202759,292.6447559969224,647.3437945998385
412.8,1.5971546781694432,2.0,24.705882352941178,49.99696431032322,50.0,42.79756789078679,292.6364683451597,647.3463756609551
412.90000000000003,1.5970382315886458,2.0,24.705882352941178,49.99702858137738,50.0,42.79741404050081,292.6281876345352,647.3489508114611
413.0,1.5969217941135687,2.0,24.705882352941178,49.99709219067381,50.0,42.79725776279808,292.61991386581246,647.3515200511844
413.1,1.5968053657438306,2.0,24.705882352941178,49.99715513675608,50.0,42.79709914906121,292.6116470397629,647.3540833799461
413.20000000000005,1.5966889464790521,2.0,24.705882352941178,49.997217418221055,50.0,42.79693829042068,292.603387157166,647.3566407975613
413.3,1.596572536318853,2.0,24.705882352941178,49.997279033718655,50.0,42.79677527774891,292.5951342188086,647.359192303839
413.40000000000003,1.596456135262853,2.0,24.705882352941178,49.997339981952166,50.0,42.79661020165663,292.58688822548464,647.3617378985821
413.5,1.5963397433106719,2.0,24.705882352941178,49.9974002616774,50.0,42.79644315248246,292.5786491779948,647.364277581588
413.6,1.5962233604619298,2.0,24.705882352941178,49.99745987170314,50.0,42.796274220295864,292.5704170771465,647.3668113526492
413.70000000000005,1.5961069867162463,2.0,24.705882352941178,49.997518810890995,50.0,42.79610349488451,292.56219192375323,647.3693392115526
413.8,1.5959906220732412,2.0,24.705882352941178,49.99757707815479,50.0,42.79593106575056,292.5539737186344,647.371861158081
413.90000000000003,1.5958742665325343,2.0,24.705882352941178,49.997634672461004,50.0,42.79575702210973,292.54576246261473,647.3743771920119
414.0,1.5957579200937455,2.0,24.705882352941178,49.99769159282823,50.0,42.79558145287988,292.53755815652465,647.3768873131193
414.1,1.5956415827564947,2.0,24.705882352941178,49.99774783832726,50.0,42.795404446680635,292.5293608011991,647.3793915211724
414.20000000000005,1.595525254520401,2.0,24.705882352941178,49.99780340808087,50.0,42.795226091825576,292.521170397478,647.3818898159374
414.3,1.5954089353850853,2.0,24.705882352941178,49.99785830126365,50.0,42.795046476317786,292.51298694620533,647.3843821971765
414.40000000000003,1.5952926253501665,2.0,24.705882352941178,49.997912517101895,50.0,42.7948656878456,292.5048104482292,647.3868686646485
414.5,1.5951763244152641,2.0,24.705882352941178,49.997966054873245,50.0,42.79468381377645,292.4966409044013,647.3893492181099
414.6,1.5950600325799984,2.0,24.705882352941178,49.998018913907,50.0,42.79450094115465,292.48847831557697,647.3918238573137
414.70000000000005,1.5949437498439887,2.0,24.705882352941178,49.99807109358346,50.0,42.79431715669093,292.4803226826144,647.3942925820107
414.8,1.5948274762068548,2.0,24.705882352941178,49.998122593334074,50.0,42.79413254676384,292.4721740063748,647.3967553919495
414.90000000000003,1.5947112116682163,2.0,24.705882352941178,49.99817341264105,50.0,42.79394719741055,292.46403228772164,647.3992122868763
415.0,1.594594956227693,2.0,24.705882352941178,49.99822355103737,50.0,42.79376119432507,292.4558975275206,647.401663266536
415.1,1.5944787098849054,2.0,24.705882352941178,49.99827300810665,50.0,42.79357462285136,292.4477697266394,647.4041083306718
415.20000000000005,1.5943624726394716,2.0,24.705882352941178,49.99832178348271,50.0,42.79338756797839,292.4396488859472,647.4065474790253
415.3,1.594246244491012,2.0,24.705882352941178,49.99836987684961,50.0,42.79320011433845,292.4315350063145,647.4089807113377
415.40000000000003,1.5941300254391462,2.0,24.705882352941178,49.99841728794149,50.0,42.79301234619962,292.42342808861287,647.4114080273487
415.5,1.5940138154834935,2.0,24.705882352941178,49.99846401654224,50.0,42.79282434746159,292.41532813371447,647.4138294267977
415.6,1.5938976146236743,2.0,24.705882352941178,49.998510062485366,50.0,42.79263620165278,292.40723514249197,647.416244909424
415.70000000000005,1.5937814228593072,2.0,24.705882352941178,49.99855542565382,50.0,42.79244799192482,292.3991491158179,647.4186544749664
415.8,1.593665240190012,2.0,24.705882352941178,49.99860010597979,50.0,42.79225980104807,292.391070054565,647.4210581231642
415.90000000000003,1.5935490666154086,2.0,24.705882352941178,49.99864410344463,50.0,42.792071711407694,292.3829979596052,647.4234558537568
416.0,1.5934329021351163,2.0,24.705882352941178,49.99868741807853,50.0,42.791883804997845,292.37493283180976,647.4258476664843
416.1,1.5933167467487548,2.0,24.705882352941178,49.998730049960216,50.0,42.79169616341912,292.36687467204905,647.4282335610877
416.20000000000005,1.5932006004559436,2.0,24.705882352941178,49.998771999216956,50.0,42.79150886787486,292.35882348119185,647.4306135373091
416.3,1.5930844632563024,2.0,24.705882352941178,49.99881326602423,50.0,42.791321999164786,292.35077926010547,647.4329875948918
416.40000000000003,1.5929683351494501,2.0,24.705882352941178,49.998853850605656,50.0,42.791135637682636,292.34274200965535,647.4353557335808
416.5,1.5928522161350065,2.0,24.705882352941178,49.99889375323255,50.0,42.79094986341023,292.33471173070467,647.4377179531226
416.6,1.592736106212591,2.0,24.705882352941178,49.99893297422392,50.0,42.79076475591623,292.3266884241143,647.440074253266
416.70000000000005,1.5926200053818238,2.0,24.705882352941178,49.998971513946174,50.0,42.79058039434947,292.3186720907421,647.4424246337617
416.8,1.592503913642323,2.0,24.705882352941178,49.99900937281279,50.0,42.790396857436114,292.3106627314431,647.4447690943632
416.90000000000003,1.592387830993709,2.0,24.705882352941178,49.99904655128449,50.0,42.79021422347689,292.30266034706887,647.4471076348265
417.0,1.592271757435601,2.0,24.705882352941178,49.99908304986843,50.0,42.79003257033899,292.29466493846763,647.4494402549102
417.1,1.5921556929676184,2.0,24.705882352941178,49.99911886911838,50.0,42.789851975458795,292.2866765064837,647.4517669543765
417.20000000000005,1.5920396375893806,2.0,24.705882352941178,49.99915400963431,50.0,42.78967251583301,292.2786950519571,647.4540877329906
417.3,1.591923591300507,2.0,24.705882352941178,49.99918847206254,50.0,42.78949426801745,292.27072057572366,647.4564025905214
417.40000000000003,1.591807554100617,2.0,24.705882352941178,49.99922225709474,50.0,42.78931730811949,292.26275307861454,647.4587115267418
417.5,1.5916915259893298,2.0,24.705882352941178,49.99925536546857,50.0,42.78914171180258,292.2547925614559,647.4610145414282
417.6,1.591575506966265,2.0,24.705882352941178,49.99928779796704,50.0,42.78896755427248,292.2468390250687,647.4633116343612
417.70000000000005,1.5914594970310416,2.0,24.705882352941178,49.999319555417856,50.0,42.78879491027937,292.23889247026864,647.4656028053263
417.8,1.591343496183279,2.0,24.705882352941178,49.99935063869401,50.0,42.78862385411804,292.2309528978655,647.4678880541132
417.90000000000003,1.5912275044225972,2.0,24.705882352941178,49.99938104871285,50.0,42.78845445961483,292.22302030866314,647.470167380517
418.0,1.5911115217486147,2.0,24.705882352941178,49.99941078643616,50.0,42.78828680013323,292.2150947034592,647.472440784337
418.1,1.5909955481609512,2.0,24.705882352941178,49.99943985286984,50.0,42.78812094856547,292.20717608304477,647.4747082653782
418.20000000000005,1.5908795836592262,2.0,24.705882352941178,49.99946824906368,50.0,42.78795697733088,292.1992644482045,647.4769698234513
418.3,1.5907636282430582,2.0,24.705882352941178,49.99949597611112,50.0,42.787794958372196,292.19135979971554,647.4792254583724
418.40000000000003,1.590647681912067,2.0,24.705882352941178,49.9995230351488,50.0,42.78763496315216,292.18346213834826,647.4814751699635
418.5,1.5905317446658718,2.0,24.705882352941178,49.99954942735667,50.0,42.78747706265241,292.17557146486524,647.4837189580522
418.6,1.5904158165040916,2.0,24.705882352941178,49.99957515395744,50.0,42.78732132736624,292.1676877800214,647.4859568224734
418.70000000000005,1.590299897426346,2.0,24.705882352941178,49.999600216216265,50.0,42.78716782729941,292.1598110845638,647.4881887630677
418.8,1.590183987432254,2.0,24.705882352941178,49.99962461544078,50.0,42.787016631966715,292.151941379231,647.4904147796825
418.90000000000003,1.590068086521435,2.0,24.705882352941178,49.99964835298056,50.0,42.78686781038633,292.14407866475324,647.4926348721725
419.0,1.589952194693508,2.0,24.705882352941178,49.99967143022701,50.0,42.78672143107992,292.13622294185194,647.4948490403987
419.1,1.589836311948092,2.0,24.705882352941178,49.99969384861305,50.0,42.7865775620677,292.1283742112397,647.4970572842299
419.20000000000005,1.589720438284807,2.0,24.705882352941178,49.99971560961279,50.0,42.78643627086666,292.1205324736198,647.4992596035423
419.3,1.589604573703271,2.0,24.705882352941178,49.999736714741346,50.0,42.786297624487766,292.11269772968615,647.5014559982199
419.40000000000003,1.589488718203104,2.0,24.705882352941178,49.99975716555451,50.0,42.78616168943276,292.10486998012294,647.503646468154
419.5,1.5893728717839244,2.0,24.705882352941178,49.999776963648515,50.0,42.78602853169165,292.09704922560434,647.5058310132443
419.6,1.5892570344453518,2.0,24.705882352941178,49.99979611065959,50.0,42.785898216740144,292.08923546679455,647.508009633399
419.70000000000005,1.5891412061870052,2.0,24.705882352941178,49.99981460826393,50.0,42.785770809538256,292.08142870434733,647.5101823285338
419.8,1.5890253870085038,2.0,24.705882352941178,49.99983245817731,50.0,42.78564637452529,292.0736289389058,647.512349098574
419.90000000000003,1.5889095769094663,2.0,24.705882352941178,49.9998496621547,50.0,42.78552497561894,292.06583617110243,647.5145099434528
420.0,1.5887937758895125,2.0,24.705882352941178,49.999866221990146,50.0,42.7854066762132,292.05805040155843,647.5166648631129
420.1,1.5886779839482612,2.0,24.705882352941178,49.99988213951633,50.0,42.78529153917472,292.05027163088374,647.518813857506
420.20000000000005,1.588562201085331,2.0,24.705882352941178,49.99989741660431,50.0,42.78517962684181,292.04249985967704,647.520956926593
420.3,1.5884464273003414,2.0,24.705882352941178,49.99991205516352,50.0,42.78507100102184,292.0347350885251,647.5230940703447
420.40000000000003,1.588330662592911,2.0,24.705882352941178,49.9999260571409,50.0,42.78496572298611,292.0269773180029,647.5252252887406
420.5,1.5882149069626592,2.0,24.705882352941178,49.999939424521074,50.0,42.784863853473844,292.01922654867315,647.5273505817711
420.6,1.5880991604092047,2.0,24.705882352941178,49.999952159326085,50.0,42.784765452684304,292.0114827810862,647.5294699494359
420.70000000000005,1.5879834229321665,2.0,24.705882352941178,49.999964263614515,50.0,42.78467058027541,292.00374601577994,647.5315833917452
420.8,1.587867694531164,2.0,24.705882352941178,49.99997573948201,50.0,42.784579295367394,291.99601625327944,647.5336909087192
420.90000000000003,1.587751975205816,2.0,24.705882352941178,49.999986589060256,50.0,42.784491656531465,291.9882934940968,647.5357925003891
421.0,1.5876362649557414,2.0,24.705882352941178,49.99999681451709,50.0,42.78440772179677,291.9805777387309,647.5378881667965
421.1,1.587520563780559,2.0,24.705882352941178,50.00000641805627,50.0,42.78432754864287,291.9728689876672,647.5399779079937
421.20000000000005,1.5874048716798879,2.0,24.705882352941178,50.0000154019167,50.0,42.78425119399795,291.9651672413777,647.5420617240443
421.3,1.587289188653347,2.0,24.705882352941178,50.00002376837256,50.0,42.78417871424207,291.9574725003205,647.5441396150228
421.40000000000003,1.5871735147005548,2.0,24.705882352941178,50.000031519732715,50.0,42.784110165199614,291.9497847649397,647.5462115810151
421.5,1.5870578498211312,2.0,24.705882352941178,50.000038658340884,50.0,42.78404560214182,291.9421040356654,647.5482776221187
421.6,1.586942194014694,2.0,24.705882352941178,50.000045186574596,50.0,42.78398507977955,291.93443031291304,647.5503377384425
421.70000000000005,1.5868265472808625,2.0,24.705882352941178,50.00005110684555,50.0,42.783928652269815,291.9267635970837,647.5523919301075
421.8,1.586710909619256,2.0,24.705882352941178,50.000056421598856,50.0,42.78387637320626,291.9191038885636,647.5544401972463
421.90000000000003,1.5865952810294925,2.0,24.705882352941178,50.00006113331301,50.0,42.78382829562321,291.9114511877241,647.5564825400038
422.0,1.5864796615111918,2.0,24.705882352941178,50.00006524449941,50.0,42.783784471990714,291.9038054949213,647.558518958537
422.1,1.5863640510639716,2.0,24.705882352941178,50.00006875770214,50.0,42.7837449542151,291.89616681049614,647.5605494530155
422.20000000000005,1.5862484496874516,2.0,24.705882352941178,50.00007167549745,50.0,42.78370979363637,291.888535134774,647.5625740236212
422.3,1.58613285738125,2.0,24.705882352941178,50.00007400049378,50.0,42.78367904102899,291.8809104680645,647.5645926705489
422.40000000000003,1.586017274144986,2.0,24.705882352941178,50.00007573533122,50.0,42.783652746597056,291.87329281066155,647.5666053940062
422.5,1.5859016999782787,2.0,24.705882352941178,50.000076882681185,50.0,42.78363095997557,291.86568216284286,647.5686121942133
422.6,1.5857861348807458,2.0,24.705882352941178,50.00007744524618,50.0,42.78361373022908,291.8580785248701,647.5706130714041
422.70000000000005,1.585670578852007,2.0,24.705882352941178,50.00007742575934,50.0,42.78360110584955,291.85048189698847,647.5726080258253
422.8,1.5855550318916807,2.0,24.705882352941178,50.0000768269843,50.0,42.78359313475675,291.84289227942656,647.5745970577372
422.90000000000003,1.5854394939993859,2.0,24.705882352941178,50.000075651714724,50.0,42.783589864295415,291.8353096723963,647.5765801674135
423.0,1.5853239651747413,2.0,24.705882352941178,50.000073902774034,50.0,42.7835913412353,291.8277340760929,647.5785573551416
423.1,1.585208445417365,2.0,24.705882352941178,50.00007158301514,50.0,42.78359761177017,291.82016549069436,647.5805286212227
423.20000000000005,1.585092934726876,2.0,24.705882352941178,50.00006869532001,50.0,42.78360872151589,291.81260391636147,647.5824939659717
423.3,1.584977433102893,2.0,24.705882352941178,50.000065242599305,50.0,42.783624715511024,291.80504935323773,647.5844533897181
423.40000000000003,1.584861940545035,2.0,24.705882352941178,50.000061227792344,50.0,42.783645638215894,291.7975018014491,647.5864068928048
423.5,1.5847464570529202,2.0,24.705882352941178,50.00005665386635,50.0,42.783671533509015,291.78996126110366,647.5883544755894
423.6,1.5846309826261675,2.0,24.705882352941178,50.00005152381658,50.0,42.783702444691045,291.782427732292,647.5902961384443
423.70000000000005,1.5845155172643957,2.0,24.705882352941178,50.00004584066545,50.0,42.78373841447878,291.77490121508663,647.5922318817559
423.8,1.5844000609672233,2.0,24.705882352941178,50.00003960746261,50.0,42.78377948501069,291.7673817095418,647.5941617059251
423.90000000000003,1.5842846137342688,2.0,24.705882352941178,50.000032827284656,50.0,42.78382569784131,291.75986921569336,647.5960856113683
424.0,1.5841691755651508,2.0,24.705882352941178,50.00002550323461,50.0,42.78387709394102,291.7523637335591,647.5980035985161
424.1,1.584053746459488,2.0,24.705882352941178,50.00001763844142,50.0,42.783933713697415,291.74486526313797,647.5999156678145
424.20000000000005,1.5839383264168987,2.0,24.705882352941178,50.00000923606012,50.0,42.78399559691626,291.73737380441025,647.6018218197241
424.3,1.5838229154370016,2.0,24.705882352941178,50.00000029927111,50.0,42.784062782815646,291.7298893573375,647.6037220547217
424.40000000000003,1.5837075135194154,2.0,24.705882352941178,49.99999083127983,50.0,42.78413531003067,291.72241192186215,647.6056163732987
424.5,1.5835921206637587,2.0,24.705882352941178,49.999980835316705,50.0,42.784213216611825,291.7149414979076,647.607504775962
424.6,1.5834767368696498,2.0,24.705882352941178,49.999970314636414,50.0,42.784296540022524,291.7074780853779,647.6093872632342
424.70000000000005,1.5833613621367075,2.0,24.705882352941178,49.99995927251797,50.0,42.784385317142814,291.70002168415783,647.6112638356537
424.8,1.5832459964645504,2.0,24.705882352941178,49.99994771226403,50.0,42.784479584264524,291.69257229411255,647.6131344937746
424.90000000000003,1.5831306398527965,2.0,24.705882352941178,49.999935637200736,50.0,42.78457937709533,291.68512991508766,647.6149992381665
425.0,1.5830152923010645,2.0,24.705882352941178,49.99992305067741,50.0,42.784684730756325,291.6776945469089,647.6168580694156
425.1,1.5828999538089727,2.0,24.705882352941178,49.99990995606629,50.0,42.7847956797817,291.6702661893821,647.6187109881237
425.20000000000005,1.5827846243761399,2.0,24.705882352941178,49.999896356761724,50.0,42.78491225811829,291.6628448422933,647.6205579949087
425.3,1.5826693040021844,2.0,24.705882352941178,49.99988225618057,50.0,42.785034499130305,291.6554305054081,647.6223990904055
425.40000000000003,1.5825539926867245,2.0,24.705882352941178,49.99986765776117,50.0,42.78516243559105,291.6480231784721,647.6242342752641
425.5,1.5824386904293788,2.0,24.705882352941178,49.99985256496336,50.0,42.78529609969138,291.6406228612105,647.6260635501524
425.6,1.582323397229766,2.0,24.705882352941178,49.999836981268174,50.0,42.785435523035076,291.63322955332785,647.6278869157536
425.70000000000005,1.5822081130875039,2.0,24.705882352941178,49.99982091017728,50.0,42.785580736639155,291.62584325450837,647.6297043727682
425.8,1.5820928380022112,2.0,24.705882352941178,49.99980435521303,50.0,42.78573177093647,291.6184639644153,647.6315159219132
425.90000000000003,1.581977571973506,2.0,24.705882352941178,49.999787319917516,50.0,42.78588865577159,291.61109168269144,647.6333215639223
426.0,1.5818623150010074,2.0,24.705882352941178,49.99976980785283,50.0,42.786051420408135,291.6037264089583,647.6351212995463
426.1,1.5817470670843328,2.0,24.705882352941178,49.99975182260033,50.0,42.786220093521635,291.59636814281674,647.636915129553
426.20000000000005,1.5816318282231012,2.0,24.705882352941178,49.99973336776054,50.0,42.786394703205204,291.5890168838463,647.6387030547271
426.3,1.5815165984169306,2.0,24.705882352941178,49.99971444695268,50.0,42.78657527696684,291.5816726316053,647.6404850758703
426.40000000000003,1.5814013776654396,2.0,24.705882352941178,49.999695063814386,50.0,42.786761841731554,291.57433538563083,647.6422611938017
426.5,1.5812861659682464,2.0,24.705882352941178,49.999675222001315,50.0,42.786954423841046,291.56700514543866,647.6440314093576
426.6,1.581170963324969,2.0,24.705882352941178,49.99965492518692,50.0,42.78715304905501,291.55968191052295,647.6457957233916
426.70000000000005,1.5810557697352265,2.0,24.705882352941178,49.99963417706198,50.0,42.78735774255042,291.55236568035633,647.6475541367747
426.8,1.5809405851986364,2.0,24.705882352941178,49.99961298133428,50.0,42.78756852892358,291.54505645438985,647.6493066503955
426.90000000000003,1.580825409714817,2.0,24.705882352941178,49.99959134172832,50.0,42.78778543219056,291.53775423205263,647.6510532651602
427.0,1.5807102432833873,2.0,24.705882352941178,49.999569261985016,50.0,42.78800847578738,291.5304590127522,647.6527939819921
427.1,1.5805950859039646,2.0,24.705882352941178,49.99954674586127,50.0,42.78823768257028,291.5231707958739,647.6545288018331
427.20000000000005,1.5804799375761673,2.0,24.705882352941178,49.99952379712971,50.0,42.78847307481782,291.51588958078133,647.6562577256418
427.3,1.580364798299614,2.0,24.705882352941178,49.999500419578396,50.0,42.788714674230306,291.50861536681583,647.6579807543957
427.40000000000003,1.5802496680739233,2.0,24.705882352941178,49.9994766170102,50.0,42.78896250193094,291.5013481532967,647.6596978890894
427.5,1.5801345468987125,2.0,24.705882352941178,49.999452393242905,50.0,42.78921657846902,291.494087939521,647.6614091307356
427.6,1.5800194347735999,2.0,24.705882352941178,49.999427752108375,50.0,42.789476923816466,291.4868347247635,647.6631144803649
427.70000000000005,1.5799043316982038,2.0,24.705882352941178,49.999402697452695,50.0,42.78974355737416,291.47958850827655,647.6648139390264
427.8,1.579789237672143,2.0,24.705882352941178,49.99937723313559,50.0,42.79001649796758,291.4723492892902,647.6665075077867
427.90000000000003,1.5796741526950346,2.0,24.705882352941178,49.99935136303003,50.0,42.790295763851,291.46511706701193,647.6681951877309
428.0,1.5795590767664973,2.0,24.705882352941178,49.999325091022115,50.0,42.790581372708786,291.45789184062664,647.6698769799623
428.1,1.5794440098861493,2.0,24.705882352941178,49.99929842101051,50.0,42.79087334165417,291.4506736092966,647.6715528856022
428.20000000000005,1.579328952053608,2.0,24.705882352941178,49.99927135690626,50.0,42.791171687233145,291.44346237216155,647.6732229057903
428.3,1.5792139032684924,2.0,24.705882352941178,49.99924390263237,50.0,42.791476425423625,291.4362581283383,647.6748870416848
428.40000000000003,1.5790988635304202,2.0,24.705882352941178,49.99921606212354,50.0,42.79178757163816,291.4290608769209,647.6765452944621
428.5,1.5789838328390098,2.0,24.705882352941178,49.99918783932577,50.0,42.792105140723905,291.4218706169808,647.6781976653172
428.6,1.5788688111938787,2.0,24.705882352941178,49.99915923819606,50.0,42.7924291469648,291.41468734756626,647.6798441554631
428.70000000000005,1.578753798594645,2.0,24.705882352941178,49.99913026270224,50.0,42.792759604082875,291.4075110677026,647.6814847661318
428.8,1.5786387950409273,2.0,24.705882352941178,49.99910091682227,50.0,42.79309652523738,291.40034177639245,647.6831194985735
428.90000000000003,1.578523800532343,2.0,24.705882352941178,49.99907120454418,50.0,42.79343992303073,291.3931794726151,647.6847483540575
429.0,1.5784088150685105,2.0,24.705882352941178,49.9990411298657,50.0,42.79378980950642,291.38602415532694,647.6863713338711
429.1,1.5782938386490477,2.0,24.705882352941178,49.9990106967939,50.0,42.794146196151125,291.378875823461,647.6879884393205
429.20000000000005,1.5781788712735725,2.0,24.705882352941178,49.998979909344826,50.0,42.7945090938969,291.37173447592744,647.6895996717305
429.3,1.5780639129417033,2.0,24.705882352941178,49.998948771543326,50.0,42.79487851312269,291.3646001116131,647.6912050324448
429.40000000000003,1.577948963653058,2.0,24.705882352941178,49.9989172874225,50.0,42.79525446365434,291.3574727293815,647.6928045228256
429.5,1.5778340234072536,2.0,24.705882352941178,49.998885461023576,50.0,42.79563695476889,291.35035232807314,647.6943981442538
429.6,1.5777190922039095,2.0,24.705882352941178,49.998853296395396,50.0,42.79602599519365,291.34323890650495,647.6959858981294
429.70000000000005,1.5776041700426424,2.0,24.705882352941178,49.99882079759419,50.0,42.79642159311016,291.3361324634706,647.6975677858705
429.8,1.5774892569230705,2.0,24.705882352941178,49.9987879686833,50.0,42.796823756154545,291.32903299774046,647.699143808915
429.90000000000003,1.5773743528448123,2.0,24.705882352941178,49.998754813732944,50.0,42.79723249141903,291.3219405080615,647.7007139687191
430.0,1.577259457807485,2.0,24.705882352941178,49.99872133681947,50.0,42.79764780545288,291.31485499315727,647.7022782667578
430.1,1.5771445718107067,2.0,24.705882352941178,49.99868754202549,50.0,42.798069704268556,291.3077764517278,647.7038367045253
430.20000000000005,1.5770296948540958,2.0,24.705882352941178,49.99865343343936,50.0,42.79849819333833,291.30070488244996,647.7053892835343
430.3,1.5769148269372695,2.0,24.705882352941178,49.99861901515493,50.0,42.798933277599005,291.29364028397686,647.7069360053165
430.40000000000003,1.576799968059846,2.0,24.705882352941178,49.99858429127113,50.0,42.79937496145243,291.28658265493823,647.7084768714227
430.5,1.5766851182214432,2.0,24.705882352941178,49.99854926589171,50.0,42.79982324876904,291.2795319939403,647.7100118834223
430.6,1.5765702774216783,2.0,24.705882352941178,49.99851394312486,50.0,42.80027814288861,291.2724882995657,647.7115410429043
430.70000000000005,1.5764554456601696,2.0,24.705882352941178,49.99847832708309,50.0,42.80073964662327,291.2654515703736,647.7130643514759
430.8,1.576340622936535,2.0,24.705882352941178,49.998442421882714,50.0,42.80120776225731,291.25842180489974,647.7145818107633
430.90000000000003,1.5762258092503927,2.0,24.705882352941178,49.99840623164357,50.0,42.80168249155161,291.2513990016563,647.7160934224123
431.0,1.5761110046013596,2.0,24.705882352941178,49.998369760488686,50.0,42.802163835745056,291.2443831591318,647.717599188087
431.1,1.5759962089890538,2.0,24.705882352941178,49.99833301254421,50.0,42.80265179555698,291.23737427579124,647.7190991094709
431.20000000000005,1.5758814224130933,2.0,24.705882352941178,49.99829599193862,50.0,42.803146371186685,291.23037235007604,647.720593188266
431.3,1.5757666448730954,2.0,24.705882352941178,49.9982587028029,50.0,42.80364756232099,291.2233773804042,647.7220814261937
431.40000000000003,1.575651876368678,2.0,24.705882352941178,49.99822114927002,50.0,42.80415536813065,291.2163893651701,647.723563824994
431.5,1.575537116899459,2.0,24.705882352941178,49.99818333547461,50.0,42.804669787275586,291.2094083027446,647.7250403864263
431.6,1.5754223664650564,2.0,24.705882352941178,49.99814526555264,50.0,42.80519081790704,291.202434191475,647.7265111122683
431.70000000000005,1.5753076250650873,2.0,24.705882352941178,49.99810694364123,50.0,42.8057184576696,291.19546702968495,647.727976004317
431.8,1.5751928926991696,2.0,24.705882352941178,49.998068373878084,50.0,42.806252703702754,291.1885068156748,647.7294350643886
431.90000000000003,1.575078169366921,2.0,24.705882352941178,49.99802956040156,50.0,42.80679355264606,291.1815535477213,647.7308882943177
432.0,1.574963455067959,2.0,24.705882352941178,49.99799050735021,50.0,42.80734100063679,291.1746072240776,647.732335695958
432.1,1.5748487498019015,2.0,24.705882352941178,49.99795121886223,50.0,42.80789504331525,291.1676678429735,647.7337772711821
432.20000000000005,1.574734053568366,2.0,24.705882352941178,49.99791169907559,50.0,42.80845567582891,291.16073540261533,647.7352130218817
432.3,1.5746193663669699,2.0,24.705882352941178,49.99787195212741,50.0,42.809022892830264,291.1538099011859,647.7366429499668
432.40000000000003,1.5745046881973315,2.0,24.705882352941178,49.99783198215391,50.0,42.80959668848345,291.1468913368447,647.7380670573668
432.5,1.5743900190590676,2.0,24.705882352941178,49.99779179328965,50.0,42.81017705646364,291.1399797077276,647.7394853460297
432.6,1.5742753589517966,2.0,24.705882352941178,49.997751389668,50.0,42.810763989964485,291.1330750119473,647.7408978179224
432.70000000000005,1.5741607078751356,2.0,24.705882352941178,49.9977107754201,50.0,42.81135748169235,291.1261772475931,647.7423044750302
432.8,1.574046065828702,2.0,24.705882352941178,49.99766995467502,50.0,42.81195752387757,291.11928641273096,647.7437053193576
432.90000000000003,1.573931432812114,2.0,24.705882352941178,49.99762893155935,50.0,42.81256410827162,291.1124025054034,647.7451003529277
433.0,1.5738168088249886,2.0,24.705882352941178,49.99758771019674,50.0,42.81317722615104,291.10552552362986,647.7464895777823
433.1,1.5737021938669433,2.0,24.705882352941178,49.99754629470789,50.0,42.81379686832217,291.0986554654064,647.7478729959819
433.20000000000005,1.5735875879375962,2.0,24.705882352941178,49.997504689210075,50.0,42.814423025120526,291.091792328706,647.7492506096056
433.3,1.5734729910365646,2.0,24.705882352941178,49.997462897817,50.0,42.81505568641575,291.08493611147827,647.7506224207509
433.40000000000003,1.5733584031634655,2.0,24.705882352941178,49.997420924638334,50.0,42.81569484161282,291.07808681164994,647.7519884315345
433.5,1.573243824317917,2.0,24.705882352941178,49.997378773779644,50.0,42.81634047965675,291.07124442712444,647.753348644091
433.6,1.5731292544995361,2.0,24.705882352941178,49.99733644934179,50.0,42.81699258903275,291.0644089557822,647.7547030605739
433.70000000000005,1.5730146937079406,2.0,24.705882352941178,49.99729395542107,50.0,42.81765115777292,291.05758039548067,647.7560516831551
433.8,1.5729001419427477,2.0,24.705882352941178,49.997251296108686,50.0,42.818316173453844,291.05075874405435,647.757394514025
433.90000000000003,1.5727855992035755,2.0,24.705882352941178,49.997208475490424,50.0,42.81898762320322,291.04394399931465,647.7587315553923
434.0,1.5726710654900404,2.0,24.705882352941178,49.99716549764656,50.0,42.81966549370222,291.0371361590503,647.7600628094842
434.1,1.5725565408017603,2.0,24.705882352941178,49.99712236665141,50.0,42.82034977118672,291.030335221027,647.7613882785463
434.20000000000005,1.572442025138353,2.0,24.705882352941178,49.99707908657314,50.0,42.821040441452354,291.02354118298786,647.7627079648421
434.3,1.572327518499435,2.0,24.705882352941178,49.99703566147355,50.0,42.821737489856005,291.01675404265313,647.7640218706539
434.40000000000003,1.5722130208846246,2.0,24.705882352941178,49.99699209540768,50.0,42.822440901318544,291.0099737977204,647.7653299982818
434.5,1.5720985322935386,2.0,24.705882352941178,49.99694839242375,50.0,42.82315066032914,291.0032004458646,647.7666323500442
434.6,1.571984052725795,2.0,24.705882352941178,49.99690455656258,50.0,42.82386675094586,290.99643398473825,647.7679289282778
434.70000000000005,1.5718695821810102,2.0,24.705882352941178,49.99686059185757,50.0,42.82458915680212,290.98967441197107,647.769219735337
434.8,1.5717551206588027,2.0,24.705882352941178,49.996816502334354,50.0,42.82531786110703,290.9829217251706,647.7705047735946
434.90000000000003,1.571640668158789,2.0,24.705882352941178,49.99677229201063,50.0,42.82605284664903,290.9761759219219,647.7717840454409
435.0,1.5715262246805863,2.0,24.705882352941178,49.996727964895854,50.0,42.82679409579854,290.96943699978743,647.7730575532846
435.1,1.5714117902238125,2.0,24.705882352941178,49.996683524990715,50.0,42.82754159051139,290.96270495630785,647.7743252995522
435.20000000000005,1.5712973647880843,2.0,24.705882352941178,49.996638976287386,50.0,42.82829531233433,290.9559797890012,647.7755872866877
435.3,1.5711829483730197,2.0,24.705882352941178,49.996594322768885,50.0,42.82905524240286,290.9492614953637,647.7768435171532
435.40000000000003,1.5710685409782352,2.0,24.705882352941178,49.99654956840891,50.0,42.82982136144894,290.9425500728692,647.7780939934281
435.5,1.5709541426033486,2.0,24.705882352941178,49.99650471717166,50.0,42.83059364980264,290.93584551896987,647.77933871801
435.6,1.570839753247977,2.0,24.705882352941178,49.99645977301151,50.0,42.83137208739457,290.92914783109563,647.7805776934135
435.70000000000005,1.5707253729117374,2.0,24.705882352941178,49.99641473987282,50.0,42.83215665376021,290.92245700665467,647.7818109221712
435.8,1.5706110015942474,2.0,24.705882352941178,49.99636962168967,50.0,42.83294732804207,290.9157730430335,647.7830384068328
435.90000000000003,1.570496639295124,2.0,24.705882352941178,49.99632442238567,50.0,42.833744088993456,290.9090959375967,647.7842601499658
436.0,1.5703822860139844,2.0,24.705882352941178,49.99627914587359,50.0,42.83454691498085,290.90242568768736,647.7854761541548
436.1,1.5702679417504457,2.0,24.705882352941178,49.99623379605515,50.0,42.83535578398885,290.895762290627,647.7866864220016
436.20000000000005,1.570153606504125,2.0,24.705882352941178,49.996188376820896,50.0,42.83617067362242,290.8891057437155,647.7878909561255
436.3,1.57003928027464,2.0,24.705882352941178,49.99614289204993,50.0,42.836991561109585,290.88245604423145,647.7890897591625
436.40000000000003,1.5699249630616072,2.0,24.705882352941178,49.99609734560954,50.0,42.83781842330473,290.8758131894323,647.790282833766
436.5,1.5698106548646442,2.0,24.705882352941178,49.996051741355075,50.0,42.83865123669356,290.869177176554,647.7914701826064
436.6,1.569696355683368,2.0,24.705882352941178,49.99600608312966,50.0,42.839489977394834,290.86254800281137,647.7926518083713
436.70000000000005,1.569582065517396,2.0,24.705882352941178,49.99596037476414,50.0,42.84033462116451,290.8559256653982,647.7938277137646
436.8,1.5694677843663447,2.0,24.705882352941178,49.995914620076576,50.0,42.84118514339717,290.8493101614874,647.7949979015074
436.90000000000003,1.5693535122298317,2.0,24.705882352941178,49.99586882287224,50.0,42.842041519132565,290.8427014882308,647.7961623743373
437.0,1.569239249107474,2.0,24.705882352941178,49.995822986943324,50.0,42.84290372305613,290.83609964275945,647.7973211350087
437.1,1.569124994998888,2.0,24.705882352941178,49.99577711606872,50.0,42.843771729503416,290.82950462218395,647.7984741862925
437.20000000000005,1.5690107499036918,2.0,24.705882352941178,49.99573121401363,50.0,42.844645512463345,290.82291642359394,647.7996215309764
437.3,1.568896513821502,2.0,24.705882352941178,49.99568528452971,50.0,42.84552504558343,290.81633504405863,647.800763171864
437.40000000000003,1.5687822867519354,2.0,24.705882352941178,49.99563933135465,50.0,42.846410302168856,290.80976048062684,647.8018991117756
437.5,1.5686680686946093,2.0,24.705882352941178,49.99559335821169,50.0,42.84730125518907,290.803192730327,647.803029353548
437.6,1.5685538596491406,2.0,24.705882352941178,49.995547368809866,50.0,42.84819787728315,290.7966317901673,647.8041539000337
437.70000000000005,1.5684396596151466,2.0,24.705882352941178,49.995501366843655,50.0,42.84910014075831,290.7900776571357,647.8052727541016
437.8,1.5683254685922436,2.0,24.705882352941178,49.99545535599265,50.0,42.850008017595535,290.7835303282003,647.8063859186365
437.90000000000003,1.5682112865800495,2.0,24.705882352941178,49.99540933992148,50.0,42.85092147945407,290.7769898003091,647.8074933965393
438.0,1.5680971135781807,2.0,24.705882352941178,49.99536332227939,50.0,42.851840497673145,290.77045607039025,647.8085951907267
438.1,1.5679829495862545,2.0,24.705882352941178,49.99531730670026,50.0,42.8527650432782,290.76392913535216,647.8096913041311
438.20000000000005,1.567868794603887,2.0,24.705882352941178,49.99527129680246,50.0,42.85369508698128,290.7574089920836,647.8107817397007
438.3,1.5677546486306961,2.0,24.705882352941178,49.995225296188494,50.0,42.85463059918474,290.75089563745377,647.8118665003994
438.40000000000003,1.5676405116662984,2.0,24.705882352941178,49.99517930844479,50.0,42.855571549986145,290.7443890683126,647.8129455892066
438.5,1.5675263837103108,2.0,24.705882352941178,49.99513333714145,50.0,42.85651790918189,290.7378892814906,647.8140190091168
438.6,1.5674122647623498,2.0,24.705882352941178,49.99508738583239,50.0,42.857469646270864,290.7313962737988,647.8150867631401
438.70000000000005,1.5672981548220326,2.0,24.705882352941178,49.99504145805474,50.0,42.85842673045493,290.72491004202936,647.8161488543022
438.8,1.5671840538889763,2.0,24.705882352941178,49.99499555732888,50.0,42.85938913064672,290.7184305829554,647.8172052856436
438.90000000000003,1.5670699619627975,2.0,24.705882352941178,49.99494968715828,50.0,42.86035681547061,290.7119578933312,647.8182560602198
439.0,1.566955879043113,2.0,24.705882352941178,49.99490385102905,50.0,42.861329753265835,290.70549196989214,647.8193011811018
439.1,1.5668418051295399,2.0,24.705882352941178,49.99485805241022,50.0,42.86230791209348,290.69903280935495,647.8203406513746
439.20000000000005,1.5667277402216948,2.0,24.705882352941178,49.994812294753046,50.0,42.86329125973407,290.6925804084179,647.8213744741389
439.3,1.566613684319195,2.0,24.705882352941178,49.994766581491206,50.0,42.86427976369781,290.68613476376066,647.8224026525096
439.40000000000003,1.5664996374216564,2.0,24.705882352941178,49.994720916040535,50.0,42.86527339122292,290.67969587204476,647.8234251896166
439.5,1.5663855995286968,2.0,24.705882352941178,49.99467530179868,50.0,42.86627210928108,290.67326372991334,647.8244420886041
439.6,1.5662715706399324,2.0,24.705882352941178,49.994629742145094,50.0,42.86727588458245,290.66683833399145,647.8254533526305
439.70000000000005,1.5661575507549799,2.0,24.705882352941178,49.99458424044093,50.0,42.86828468357718,290.6604196808863,647.826458984869
439.8,1.566043539873456,2.0,24.705882352941178,49.994538800028465,50.0,42.869298472458745,290.6540077671872,647.8274589885065
439.90000000000003,1.5659295379949782,2.0,24.705882352941178,49.99449342423151,50.0,42.87031721717164,290.6476025894656,647.8284533667446
440.0,1.5658155451191624,2.0,24.705882352941178,49.994448116354874,50.0,42.871340883408514,290.64120414427543,647.8294421227986
440.1,1.5657015612456262,2.0,24.705882352941178,49.994402879684344,50.0,42.87236943661834,290.63481242815317,647.8304252598979
440.20000000000005,1.5655875863739857,2.0,24.705882352941178,49.99435771748648,50.0,42.87340284200826,290.6284274376178,647.8314027812855
440.3,1.5654736205038573,2.0,24.705882352941178,49.99431263300835,50.0,42.87444106454746,290.62204916917125,647.8323746902183
440.40000000000003,1.565359663634858,2.0,24.705882352941178,49.99426762947758,50.0,42.87548406897204,290.61567761929814,647.8333409899669
440.5,1.565245715766604,2.0,24.705882352941178,49.994222710102065,50.0,42.876531819786194,290.60931278446617,647.8343016838153
440.6,1.565131776898713,2.0,24.705882352941178,49.99417787806976,50.0,42.877584281267524,290.6029546611261,647.8352567750609
440.70000000000005,1.5650178470308014,2.0,24.705882352941178,49.99413313654878,50.0,42.878641417471144,290.59660324571195,647.8362062670147
440.8,1.5649039261624853,2.0,24.705882352941178,49.99408848868694,50.0,42.879703192230494,290.59025853464124,647.8371501630006
440.90000000000003,1.5647900142933817,2.0,24.705882352941178,49.99404393761182,50.0,42.880769569164514,290.58392052431503,647.8380884663558
441.0,1.564676111423107,2.0,24.705882352941178,49.993999486430596,50.0,42.88184051167862,290.57758921111764,647.8390211804301
441.1,1.5645622175512777,2.0,24.705882352941178,49.99395513822975,50.0,42.88291598296895,290.5712645914176,647.8399483085867
441.20000000000005,1.564448332677511,2.0,24.705882352941178,49.993910896075135,50.0,42.88399594602738,290.56494666156715,647.8408698542013
441.3,1.5643344568014232,2.0,24.705882352941178,49.99386676301168,50.0,42.88508036364283,290.55863541790256,647.8417858206627
441.40000000000003,1.5642205899226307,2.0,24.705882352941178,49.9938227420634,50.0,42.88616919840674,290.55233085674433,647.8426962113718
441.5,1.5641067320407498,2.0,24.705882352941178,49.993778836233105,50.0,42.887262412715025,290.5460329743971,647.8436010297423
441.6,1.5639928831553978,2.0,24.705882352941178,49.9937350485024,50.0,42.88835996877345,290.5397417671502,647.8445002792
441.70000000000005,1.5638790432661906,2.0,24.705882352941178,49.993691381831354,50.0,42.88946182859961,290.5334572312773,647.8453939631833
441.8,1.563765212372745,2.0,24.705882352941178,49.9936478391586,50.0,42.89056795402891,290.5271793630368,647.846282085142
441.90000000000003,1.5636513904746778,2.0,24.705882352941178,49.99360442340128,50.0,42.89167830671535,290.52090815867206,647.8471646485389
442.0,1.563537577571605,2.0,24.705882352941178,49.993561137454435,50.0,42.89279284813487,290.5146436144112,647.8480416568481
442.1,1.5634237736631431,2.0,24.705882352941178,49.9935179841915,50.0,42.89391153959414,290.5083857264676,647.8489131135556
442.20000000000005,1.5633099787489089,2.0,24.705882352941178,49.99347496646391,50.0,42.89503434222684,290.50213449103995,647.8497790221593
442.3,1.5631961928285187,2.0,24.705882352941178,49.993432087100814,50.0,42.896161217001215,290.4958899043121,647.8506393861685
442.40000000000003,1.5630824159015893,2.0,24.705882352941178,49.99338934890915,50.0,42.89729212472486,290.48965196245365,647.851494209104
442.5,1.5629686479677365,2.0,24.705882352941178,49.99334675467355,50.0,42.89842702604624,290.4834206616196,647.852343494498
442.6,1.5628548890265777,2.0,24.705882352941178,49.99330430715611,50.0,42.89956588145804,290.47719599795107,647.8531872458937
442.70000000000005,1.5627411390777282,2.0,24.705882352941178,49.99326200909644,50.0,42.90070865130256,290.4709779675749,647.8540254668459
442.8,1.5626273981208045,2.0,24.705882352941178,49.993219863211436,50.0,42.901855295772776,290.464766566604,647.8548581609201
442.90000000000003,1.562513666155424,2.0,24.705882352941178,49.99317787219519,50.0,42.903005774918114,290.4585617911376,647.8556853316928
443.0,1.5623999431812021,2.0,24.705882352941178,49.993136038718944,50.0,42.90416004864715,290.45236363726127,647.8565069827512
443.1,1.5622862291977557,2.0,24.705882352941178,49.99309436543092,50.0,42.905318076730836,290.44617210104707,647.8573231176931
443.20000000000005,1.5621725242047013,2.0,24.705882352941178,49.993052854956204,50.0,42.90647981880687,290.4399871785537,647.8581337401268
443.3,1.5620588282016548,2.0,24.705882352941178,49.99301150989686,50.0,42.90764523438324,290.43380886582656,647.8589388536715
443.40000000000003,1.5619451411882328,2.0,24.705882352941178,49.99297033283153,50.0,42.90881428283962,290.4276371588983,647.8597384619562
443.5,1.5618314631640513,2.0,24.705882352941178,49.99292932631562,50.0,42.90998692343442,290.42147205378825,647.8605325686206
443.6,1.5617177941287268,2.0,24.705882352941178,49.99288849288092,50.0,42.91116311530504,290.4153135465032,647.8613211773137
443.70000000000005,1.5616041340818763,2.0,24.705882352941178,49.992847835035775,50.0,42.91234281747445,290.40916163303723,647.8621042916953
443.8,1.561490483023115,2.0,24.705882352941178,49.992807355264915,50.0,42.91352598885224,290.40301630937194,647.8628819154345
443.90000000000003,1.5613768409520603,2.0,24.705882352941178,49.99276705602932,50.0,42.91471258823876,290.3968775714767,647.8636540522103
444.0,1.561263207868327,2.0,24.705882352941178,49.99272693976616,50.0,42.91590257432945,290.3907454153086,647.8644207057113
444.1,1.5611495837715326,2.0,24.705882352941178,49.992687008888765,50.0,42.91709590571798,290.3846198368126,647.8651818796357
444.20000000000005,1.5610359686612933,2.0,24.705882352941178,49.992647265786445,50.0,42.91829254089892,290.3785008319219,647.8659375776907
444.3,1.5609223625372246,2.0,24.705882352941178,49.99260771282468,50.0,42.91949243827296,290.3723883965578,647.8666878035932
444.40000000000003,1.5608087653989433,2.0,24.705882352941178,49.992568352344676,50.0,42.920695556147024,290.3662825266301,647.8674325610689
444.5,1.5606951772460653,2.0,24.705882352941178,49.99252918666349,50.0,42.92190185274215,290.3601832180371,647.8681718538525
444.6,1.5605815980782074,2.0,24.705882352941178,49.9924902180739,50.0,42.9231112861944,290.3540904666658,647.8689056856879
444.70000000000005,1.560468027894985,2.0,24.705882352941178,49.99245144884452,50.0,42.92432381455909,290.3480042683922,647.8696340603276
444.8,1.5603544666960147,2.0,24.705882352941178,49.99241288121948,50.0,42.92553939581233,290.341924619081,647.8703569815326
444.90000000000003,1.5602409144809124,2.0,24.705882352941178,49.9923745174184,50.0,42.926757987857634,290.3358515145862,647.8710744530725
445.0,1.5601273712492947,2.0,24.705882352941178,49.99233635963674,50.0,42.927979548528164,290.32978495075105,647.8717864787254
445.1,1.5600138370007772,2.0,24.705882352941178,49.99229841004501,50.0,42.92920403558618,290.32372492340824,647.8724930622776
445.20000000000005,1.5599003117349766,2.0,24.705882352941178,49.992260670789335,50.0,42.93043140673475,290.3176714283801,647.8731942075235
445.3,1.5597867954515086,2.0,24.705882352941178,49.99222314399111,50.0,42.931661619613315,290.31162446147863,647.8738899182656
445.40000000000003,1.5596732881499897,2.0,24.705882352941178,49.99218583174701,50.0,42.93289463180526,290.30558401850567,647.8745801983143
445.5,1.5595597898300357,2.0,24.705882352941178,49.992148736129025,50.0,42.93413040084021,290.2995500952532,647.8752650514878
445.6,1.5594463004912626,2.0,24.705882352941178,49.99211185918415,50.0,42.93536888419636,290.2935226875034,647.8759444816119
445.70000000000005,1.5593328201332868,2.0,24.705882352941178,49.992075202934814,50.0,42.93661003930705,290.28750179102866,647.8766184925198
445.8,1.5592193487557247,2.0,24.705882352941178,49.99203876937827,50.0,42.93785382355848,290.2814874015919,647.8772870880524
445.90000000000003,1.5591058863581913,2.0,24.705882352941178,49.99200256048687,50.0,42.93910019429986,290.2754795149468,647.877950272058
446.0,1.558992432940303,2.0,24.705882352941178,49.99196657820795,50.0,42.94034910884236,290.2694781268377,647.8786080483916
446.1,1.5588789885016763,2.0,24.705882352941178,49.99193082446402,50.0,42.94160052446377,290.26348323300004,647.8792604209158
446.20000000000005,1.5587655530419269,2.0,24.705882352941178,49.991895301152454,50.0,42.94285439840955,290.25749482916007,647.8799073934995
446.3,1.5586521265606708,2.0,24.705882352941178,49.99186001014533,50.0,42.94411068789907,290.25151291103555,647.8805489700189
446.40000000000003,1.558538709057524,2.0,24.705882352941178,49.99182495328978,50.0,42.94536935012972,290.2455374743355,647.8811851543567
446.5,1.558425300532103,2.0,24.705882352941178,49.99179013240769,50.0,42.946630342276215,290.23956851476055,647.881815950402
446.6,1.5583119009840227,2.0,24.705882352941178,49.9917555492957,50.0,42.94789362149711,290.2336060280032,647.8824413620507
446.70000000000005,1.5581985104129,2.0,24.705882352941178,49.99172120572558,50.0,42.94915914493727,290.2276500097474,647.8830613932047
446.8,1.5580851288183504,2.0,24.705882352941178,49.99168710344344,50.0,42.950426869727444,290.2217004556694,647.8836760477723
446.90000000000003,1.5579717561999897,2.0,24.705882352941178,49.99165324417032,50.0,42.951696752995424,290.2157573614375,647.8842853296674
447.0,1.5578583925574343,2.0,24.705882352941178,49.99161962960193,50.0,42.95296875186186,290.2098207227125,647.8848892428103
447.1,1.5577450378903,2.0,24.705882352941178,49.991586261408656,50.0,42.95424282344734,290.20389053514737,647.8854877911274
447.20000000000005,1.5576316921982027,2.0,24.705882352941178,49.99155314123561,50.0,42.95551892487423,290.1979667943879,647.8860809785499
447.3,1.5575183554807581,2.0,24.705882352941178,49.991520270702665,50.0,42.95679701326984,290.1920494960725,647.8866688090153
447.40000000000003,1.557405027737582,2.0,24.705882352941178,49.99148765140404,50.0,42.95807704576891,290.18613863583266,647.887251286466
447.5,1.5572917089682905,2.0,24.705882352941178,49.99145528490902,50.0,42.95935897952075,290.18023420929285,647.8878284148502
447.6,1.5571783991724995,2.0,24.705882352941178,49.99142317276119,50.0,42.96064277168463,290.1743362120708,647.888400198121
447.70000000000005,1.5570650983498247,2.0,24.705882352941178,49.99139131647888,50.0,42.9619283794416,290.1684446397776,647.8889666402366
447.8,1.556951806499882,2.0,24.705882352941178,49.99135971755487,50.0,42.96321575999152,290.1625594880178,647.8895277451602
447.90000000000003,1.5568385236222873,2.0,24.705882352941178,49.99132837745691,50.0,42.96450487056043,290.1566807523898,647.8900835168599
448.0,1.5567252497166566,2.0,24.705882352941178,49.99129729762717,50.0,42.965795668397206,290.15080842848556,647.8906339593084
448.1,1.556611984782605,2.0,24.705882352941178,49.99126647948236,50.0,42.967088110783415,290.14494251189126,647.8911790764829
448.20000000000005,1.5564987288197487,2.0,24.705882352941178,49.991235924413786,50.0,42.96838215503413,290.1390829981872,647.8917188723652
448.3,1.5563854818277036,2.0,24.705882352941178,49.99120563378756,50.0,42.96967775850062,290.13322988294783,647.8922533509414
448.40000000000003,1.5562722438060854,2.0,24.705882352941178,49.99117560894433,50.0,42.97097487857125,290.1273831617421,647.8927825162017
448.5,1.5561590147545097,2.0,24.705882352941178,49.99114585119935,50.0,42.972273472677735,290.12154283013365,647.8933063721405
448.6,1.5560457946725923,2.0,24.705882352941178,49.99111636184256,50.0,42.97357349829719,290.1157088836808,647.8938249227559
448.70000000000005,1.5559325835599493,2.0,24.705882352941178,49.99108714213844,50.0,42.974874912954036,290.10988131793664,647.8943381720504
448.8,1.5558193814161958,2.0,24.705882352941178,49.99105819332641,50.0,42.97617767422501,290.1040601284493,647.8948461240296
448.90000000000003,1.555706188240948,2.0,24.705882352941178,49.991029516620245,50.0,42.97748173973791,290.0982453107624,647.8953487827032
449.0,1.5555930040338213,2.0,24.705882352941178,49.991001113208654,50.0,42.978787067181074,290.09243686041464,647.8958461520839
449.1,1.5554798287944316,2.0,24.705882352941178,49.99097298425494,50.0,42.98009361429961,290.08663477294016,647.896338236188
449.20000000000005,1.5553666625223943,2.0,24.705882352941178,49.99094513089716,50.0,42.98140133890299,290.08083904386893,647.896825039035
449.3,1.5552535052173255,2.0,24.705882352941178,49.99091755424814,50.0,42.98271019886568,290.0750496687266,647.8973065646476
449.40000000000003,1.5551403568788404,2.0,24.705882352941178,49.99089025539564,50.0,42.984020152130526,290.06926664303484,647.8977828170512
449.5,1.5550272175065551,2.0,24.705882352941178,49.99086323540206,50.0,42.98533115671003,290.0634899623114,647.8982538002743
449.6,1.5549140871000846,2.0,24.705882352941178,49.99083649530462,50.0,42.986643170692595,290.05771962207024,647.8987195183483
449.70000000000005,1.554800965659045,2.0,24.705882352941178,49.99081003611553,50.0,42.98795615224327,290.05195561782165,647.8991799753069
449.8,1.5546878531830517,2.0,24.705882352941178,49.99078385882183,50.0,42.9892700596054,290.0461979450725,647.8996351751862
449.90000000000003,1.5545747496717204,2.0,24.705882352941178,49.99075796438541,50.0,42.99058485110566,290.04044659932634,647.900085122025
450.0,1.5544616551246668,2.0,24.705882352941178,49.990732353743226,50.0,42.99190048515619,290.0347015760837,647.9005298198642
450.1,1.5543485695415067,2.0,24.705882352941178,49.990707027807275,50.0,42.99321692025599,290.0289628708418,647.900969272747
450.20000000000005,1.554235492921855,2.0,24.705882352941178,49.99068198746454,50.0,42.99453411499426,290.02323047909533,647.9014034847183
450.3,1.5541224252653272,2.0,24.705882352941178,49.99065723357705,50.0,42.99585202805395,290.017504396336,647.9018324598253
450.40000000000003,1.5540093665715393,2.0,24.705882352941178,49.99063276698206,50.0,42.99717061821412,290.011784618053,647.9022562021167
450.5,1.5538963168401068,2.0,24.705882352941178,49.990608588491796,50.0,42.99848984435123,290.0060711397332,647.9026747156429
450.6,1.5537832760706451,2.0,24.705882352941178,49.99058469889388,50.0,42.99980966544487,290.00036395686095,647.903088004456
450.70000000000005,1.5536702442627695,2.0,24.705882352941178,49.99056109895099,50.0,43.00113004057619,289.99466306491877,647.9034960726091
450.8,1.5535572214160958,2.0,24.705882352941178,49.9905377894014,50.0,43.002450928935176,289.988968459387,647.9038989241571
450.90000000000003,1.5534442075302395,2.0,24.705882352941178,49.990514770958555,50.0,43.00377228981713,289.98328013574405,647.9042965631559
451.0,1.5533312026048158,2.0,24.705882352941178,49.99049204431117,50.0,43.00509408263138,289.9775980894668,647.9046889936623
451.1,1.5532182066394402,2.0,24.705882352941178,49.990469610123625,50.0,43.00641626690222,289.9719223160306,647.9050762197344
451.20000000000005,1.5531052196337285,2.0,24.705882352941178,49.99044746903576,50.0,43.00773880226804,289.9662528109092,647.9054582454309
451.3,1.5529922415872959,2.0,24.705882352941178,49.990425621662894,50.0,43.00906164848734,289.96058956957523,647.9058350748113
451.40000000000003,1.5528792724997575,2.0,24.705882352941178,49.99040406859609,50.0,43.01038476544069,289.95493258749997,647.9062067119356
451.5,1.5527663123707292,2.0,24.705882352941178,49.99038281040191,50.0,43.011708113131455,289.949281860154,647.9065731608645
451.6,1.5526533611998263,2.0,24.705882352941178,49.99036184762275,50.0,43.01303165169143,289.94363738300683,647.9069344256588
451.70000000000005,1.5525404189866638,2.0,24.705882352941178,49.990341180776966,50.0,43.01435534137994,289.93799915152744,647.9072905103798
451.8,1.5524274857308573,2.0,24.705882352941178,49.99032081035864,50.0,43.01567914258624,289.9323671611841,647.9076414190889
451.90000000000003,1.5523145614320224,2.0,24.705882352941178,49.99030073683764,50.0,43.017003015834895,289.9267414074448,647.9079871558474
452.0,1.552201646089774,2.0,24.705882352941178,49.990280960660016,50.0,43.018326921787725,289.92112188577715,647.9083277247166
452.1,1.5520887397037284,2.0,24.705882352941178,49.99026148224789,50.0,43.01965082124276,289.91550859164863,647.9086631297575
452.20000000000005,1.5519758422735,2.0,24.705882352941178,49.99024230199939,50.0,43.02097467513905,289.9099015205267,647.9089933750312
452.3,1.5518629537987043,2.0,24.705882352941178,49.990223420289,50.0,43.02229844455987,289.90430066787906,647.9093184645978
452.40000000000003,1.551750074278957,2.0,24.705882352941178,49.99020483746733,50.0,43.02362209073208,289.8987060291736,647.9096384025173
452.5,1.5516372037138728,2.0,24.705882352941178,49.99018655386146,50.0,43.0249455750319,289.89311759987856,647.9099531928487
452.6,1.5515243421030676,2.0,24.705882352941178,49.99016856977488,50.0,43.026268858983876,289.8875353754629,647.9102628396506
452.70000000000005,1.5514114894461561,2.0,24.705882352941178,49.99015088548754,50.0,43.02759190426497,289.8819593513961,647.9105673469804
452.8,1.5512986457427538,2.0,24.705882352941178,49.99013350125591,50.0,43.02891467270673,289.8763895231486,647.9108667188949
452.90000000000003,1.551185810992476,2.0,24.705882352941178,49.99011641731323,50.0,43.03023712629759,289.8708258861916,647.9111609594495
453.0,1.5510729851949379,2.0,24.705882352941178,49.99009963386942,50.0,43.03155922718356,289.86526843599773,647.9114500726984
453.1,1.5509601683497545,2.0,24.705882352941178,49.99008315111132,50.0,43.03288093767198,289.8597171680405,647.9117340626947
453.20000000000005,1.5508473604565416,2.0,24.705882352941178,49.99006696920247,50.0,43.03420222023199,289.85417207779506,647.9120129334899
453.3,1.550734561514914,2.0,24.705882352941178,49.99005108828368,50.0,43.03552303749997,289.8486331607378,647.9122866891342
453.40000000000003,1.5506217715244868,2.0,24.705882352941178,49.990035508472545,50.0,43.036843352276186,289.8431004123469,647.9125553336761
453.5,1.5505089904848752,2.0,24.705882352941178,49.99002022986406,50.0,43.038163127533224,289.8375738281023,647.9128188711621
453.6,1.5503962183956945,2.0,24.705882352941178,49.99000525253041,50.0,43.03948232641214,289.83205340348565,647.9130773056371
453.70000000000005,1.55028345525656,2.0,24.705882352941178,49.98999057652105,50.0,43.04080091222801,289.82653913398093,647.9133306411442
453.8,1.5501707010670864,2.0,24.705882352941178,49.98997620186299,50.0,43.04211884847175,289.82103101507414,647.9135788817239
453.90000000000003,1.5500579558268894,2.0,24.705882352941178,49.98996212856059,50.0,43.043436098810126,289.81552904225344,647.913822031415
454.0,1.5499452195355838,2.0,24.705882352941178,49.98994835659602,50.0,43.04475262709068,289.8100332110095,647.914060094254
454.1,1.5498324921927848,2.0,24.705882352941178,49.98993488592913,50.0,43.04606839734012,289.80454351683557,647.9142930742747
454.20000000000005,1.5497197737981074,2.0,24.705882352941178,49.98992171649752,50.0,43.047383373768334,289.79905995522756,647.9145209755089
454.3,1.549607064351167,2.0,24.705882352941178,49.98990884821666,50.0,43.048697520770965,289.79358252168413,647.9147438019857
454.40000000000003,1.5494943638515781,2.0,24.705882352941178,49.98989628098025,50.0,43.050010802930366,289.78811121170696,647.9149615577311
454.5,1.5493816722989562,2.0,24.705882352941178,49.98988401465988,50.0,43.05132318501512,289.78264602080054,647.9151742467689
454.6,1.5492689896929162,2.0,24.705882352941178,49.98987204910554,50.0,43.0526346319868,289.7771869444728,647.9153818731195
454.70000000000005,1.5491563160330732,2.0,24.705882352941178,49.98986038414529,50.0,43.05394510899675,289.771733978235,647.9155844408008
454.8,1.5490436513190422,2.0,24.705882352941178,49.98984901958585,50.0,43.05525458139319,289.7662871176014,647.9157819538271
454.90000000000003,1.5489309955504382,2.0,24.705882352941178,49.98983795521235,50.0,43.056563014716794,289.76084635809025,647.91597441621
455.0,1.5488183487268763,2.0,24.705882352941178,49.989827190788674,50.0,43.057870374707385,289.7554116952233,647.9161618319575
455.1,1.5487057108479716,2.0,24.705882352941178,49.98981672605731,50.0,43.05917662730253,289.7499831245262,647.9163442050744
455.20000000000005,1.5485930819133387,2.0,24.705882352941178,49.98980656073957,50.0,43.060481738641904,289.7445606415284,647.916521539562
455.3,1.5484804619225931,2.0,24.705882352941178,49.98979669453587,50.0,43.0617856750679,289.73914424176337,647.9166938394179
455.40000000000003,1.5483678508753491,2.0,24.705882352941178,49.989787127125624,50.0,43.06308840312508,289.73373392076877,647.916861108636
455.5,1.5482552487712224,2.0,24.705882352941178,49.989777858167315,50.0,43.064389889565064,289.7283296740866,647.9170233512067
455.6,1.5481426556098274,2.0,24.705882352941178,49.98976888729902,50.0,43.06569010134758,289.7229314972631,647.9171805711163
455.70000000000005,1.548030071390779,2.0,24.705882352941178,49.98976021413779,50.0,43.066989005638014,289.7175393858492,647.9173327723471
455.8,1.547917496113693,2.0,24.705882352941178,49.989751838280654,50.0,43.06828656981722,289.7121533354003,647.9174799588776
455.90000000000003,1.5478049297781833,2.0,24.705882352941178,49.989743759304076,50.0,43.069582761472425,289.70677334147655,647.9176221346818
456.0,1.547692372383865,2.0,24.705882352941178,49.98973597676411,50.0,43.07087754840744,289.70139939964304,647.9177593037299
456.1,1.5475798239303533,2.0,24.705882352941178,49.98972849019697,50.0,43.07217089864226,289.6960315054699,647.9178914699874
456.20000000000005,1.5474672844172626,2.0,24.705882352941178,49.989721299118685,50.0,43.07346278041012,289.69066965453214,647.9180186374153
456.3,1.547354753844208,2.0,24.705882352941178,49.989714403025516,50.0,43.074753162164406,289.68531384241015,647.9181408099706
456.40000000000003,1.5472422322108048,2.0,24.705882352941178,49.98970780139382,50.0,43.076042012576465,289.6799640646895,647.9182579916052
456.5,1.5471297195166671,2.0,24.705882352941178,49.9897014936804,50.0,43.07732930053984,289.67462031696135,647.9183701862663
456.6,1.5470172157614102,2.0,24.705882352941178,49.98969547932262,50.0,43.07861499516899,289.66928259482216,647.9184773978966
456.70000000000005,1.5469047209446487,2.0,24.705882352941178,49.98968975773823,50.0,43.079899065801236,289.6639508938742,647.9185796304337
456.8,1.5467922350659973,2.0,24.705882352941178,49.98968432832595,50.0,43.08118148200096,289.65862520972547,647.9186768878104
456.90000000000003,1.546679758125071,2.0,24.705882352941178,49.989679190465154,50.0,43.0824622135559,289.65330553798975,647.9187691739545
457.0,1.5465672901214849,2.0,24.705882352941178,49.9896743435163,50.0,43.08374123048348,289.6479918742869,647.9188564927883
457.1,1.5464548310548532,2.0,24.705882352941178,49.98966978682097,50.0,43.085018503028486,289.6426842142428,647.9189388482292
457.20000000000005,1.5463423809247907,2.0,24.705882352941178,49.98966551970187,50.0,43.08629400166556,289.63738255348954,647.9190162441894
457.3,1.5462299397309125,2.0,24.705882352941178,49.989661541463306,50.0,43.08756769710163,289.63208688766537,647.9190886845751
457.40000000000003,1.546117507472833,2.0,24.705882352941178,49.98965785139086,50.0,43.08883956027351,289.62679721241506,647.9191561732874
457.5,1.5460050841501674,2.0,24.705882352941178,49.98965444875171,50.0,43.090109562353945,289.6215135233899,647.9192187142222
457.6,1.5458926697625297,2.0,24.705882352941178,49.989651332795006,50.0,43.09137767475037,289.6162358162478,647.9192763112692
457.70000000000005,1.5457802643095355,2.0,24.705882352941178,49.98964850275166,50.0,43.09264386910368,289.61096408665327,647.9193289683124
457.8,1.545667867790799,2.0,24.705882352941178,49.989645957834625,50.0,43.09390811729351,289.60569833027756,647.9193766892303
457.90000000000003,1.5455554802059344,2.0,24.705882352941178,49.98964369723893,50.0,43.09517039143705,289.60043854279905,647.9194194778953
458.0,1.545443101554557,2.0,24.705882352941178,49.98964172014206,50.0,43.09643066389123,289.5951847199028,647.919457338174
458.1,1.5453307318362812,2.0,24.705882352941178,49.98964002570381,50.0,43.097688907251516,289.58993685728126,647.9194902739266
458.20000000000005,1.545218371050722,2.0,24.705882352941178,49.98963861306663,50.0,43.098945094355855,289.58469495063395,647.9195182890074
458.3,1.5451060191974932,2.0,24.705882352941178,49.9896374813556,50.0,43.1001991982831,289.5794589956677,647.9195413872648
458.40000000000003,1.5449936762762102,2.0,24.705882352941178,49.98963662967867,50.0,43.101451192356386,289.5742289880968,647.9195595725404
458.5,1.5448813422864875,2.0,24.705882352941178,49.989636057126745,50.0,43.10270105014219,289.56900492364286,647.9195728486694
458.6,1.5447690172279396,2.0,24.705882352941178,49.989635762773844,50.0,43.10394874545238,289.5637867980352,647.919581219481
458.70000000000005,1.544656701100181,2.0,24.705882352941178,49.98963574567739,50.0,43.105194252344674,289.55857460701077,647.9195846887975
458.8,1.5445443939028267,2.0,24.705882352941178,49.98963600487798,50.0,43.10643754512213,289.55336834631436,647.9195832604349
458.90000000000003,1.5444320956354909,2.0,24.705882352941178,49.98963653939984,50.0,43.10767859833796,289.5481680116985,647.9195769382026
459.0,1.5443198062977883,2.0,24.705882352941178,49.98963734825088,50.0,43.10891738679257,289.5429735989237,647.9195657259027
459.1,1.544207525889333,2.0,24.705882352941178,49.98963843042293,50.0,43.110153885535766,289.5377851037586,647.9195496273311
459.20000000000005,1.5440952544097397,2.0,24.705882352941178,49.98963978489172,50.0,43.11138806986662,289.5326025219798,647.9195286462765
459.3,1.5439829918586232,2.0,24.705882352941178,49.98964141061697,50.0,43.11261991533578,289.52742584937226,647.9195027865206
459.40000000000003,1.5438707382355978,2.0,24.705882352941178,49.989643306542746,50.0,43.11384939774686,289.5222550817292,647.9194720518386
459.5,1.5437584935402782,2.0,24.705882352941178,49.98964547159761,50.0,43.115076493154454,289.51709021485226,647.9194364459979
459.6,1.5436462577722785,2.0,24.705882352941178,49.98964790469455,50.0,43.11630117786564,289.5119312445515,647.919395972759
459.70000000000005,1.5435340309312138,2.0,24.705882352941178,49.98965060473131,50.0,43.11752342844264,289.50677816664546,647.9193506358753
459.8,1.5434218130166983,2.0,24.705882352941178,49.98965357059035,50.0,43.11874322170116,289.5016309769616,647.9193004390927
459.90000000000003,1.543309604028346,2.0,24.705882352941178,49.98965680113923,50.0,43.11996053471344,289.49648967133584,647.9192453861501
460.0,1.5431974039657719,2.0,24.705882352941178,49.98966029523069,50.0,43.12117534480597,289.4913542456129,647.9191854807785
460.1,1.5430852128285901,2.0,24.705882352941178,49.989664051702675,50.0,43.122387629561466,289.48622469564657,647.9191207267019
460.20000000000005,1.5429730306164153,2.0,24.705882352941178,49.98966806937858,50.0,43.123597366820235,289.4811010172995,647.9190511276361
460.3,1.5428608573288616,2.0,24.705882352941178,49.98967234706731,50.0,43.12480453467971,289.4759832064435,647.9189766872897
460.40000000000003,1.5427486929655432,2.0,24.705882352941178,49.989676883563504,50.0,43.12600911149613,289.4708712589593,647.9188974093639
460.5,1.542636537526075,2.0,24.705882352941178,49.98968167764775,50.0,43.127211075884055,289.46576517073703,647.9188132975517
460.6,1.5425243910100714,2.0,24.705882352941178,49.989686728086724,50.0,43.128410406716235,289.460664937676,647.9187243555381
460.70000000000005,1.5424122534171463,2.0,24.705882352941178,49.98969203363305,50.0,43.129607083124604,289.45557055568486,647.9186305870006
460.8,1.5423001247469144,2.0,24.705882352941178,49.98969759302577,50.0,43.13080108450334,289.4504820206817,647.9185319956089
460.90000000000003,1.5421880049989898,2.0,24.705882352941178,49.98970340499062,50.0,43.131992390505715,289.44539932859425,647.9184285850245
461.0,1.542075894172987,2.0,24.705882352941178,49.989709468239596,50.0,43.13318098104373,289.4403224753596,647.9183203589006
461.1,1.5419637922685203,2.0,24.705882352941178,49.98971578147189,50.0,43.13436683629494,289.4352514569246,647.9182073208827
461.20000000000005,1.5418516992852038,2.0,24.705882352941178,49.98972234337322,50.0,43.13554993669335,289.43018626924595,647.9180894746081
461.3,1.5417396152226523,2.0,24.705882352941178,49.98972915261669,50.0,43.13673026293985,289.4251269082898,647.9179668237058
461.40000000000003,1.5416275400804793,2.0,24.705882352941178,49.98973620786251,50.0,43.137907795993776,289.42007337003264,647.9178393717964
461.5,1.5415154738583,2.0,24.705882352941178,49.98974350775836,50.0,43.13908251707905,289.4150256504604,647.9177071224922
461.6,1.5414034165557278,2.0,24.705882352941178,49.98975105093939,50.0,43.14025440768112,289.40998374556926,647.9175700793971
461.70000000000005,1.5412913681723774,2.0,24.705882352941178,49.98975883602844,50.0,43.141423449549826,289.40494765136543,647.9174282461069
461.8,1.541179328707863,2.0,24.705882352941178,49.98976686163627,50.0,43.14258962469793,289.3999173638652,647.9172816262084
461.90000000000003,1.541067298161799,2.0,24.705882352941178,49.98977512636168,50.0,43.14375291540142,289.3948928790951,647.9171302232803
462.0,1.5409552765337993,2.0,24.705882352941178,49.989783628791486,50.0,43.144913304199584,289.3898741930919,647.9169740408925
462.1,1.540843263823478,2.0,24.705882352941178,49.989792367501025,50.0,43.14607077389735,289.3848613019027,647.916813082606
462.20000000000005,1.5407312600304492,2.0,24.705882352941178,49.98980134105403,50.0,43.14722530756145,289.3798542015849,647.9166473519739
462.3,1.5406192651543278,2.0,24.705882352941178,49.98981054800282,50.0,43.14837688852396,289.37485288820653,647.9164768525395
462.40000000000003,1.5405072791947276,2.0,24.705882352941178,49.98981998688845,50.0,43.14952550038175,289.36985735784583,647.9163015878383
462.5,1.5403953021512626,2.0,24.705882352941178,49.98982965624106,50.0,43.15067112699644,289.36486760659193,647.9161215613963
462.6,1.5402833340235467,2.0,24.705882352941178,49.98983955457987,50.0,43.15181375249269,289.3598836305443,647.915936776731
462.70000000000005,1.5401713748111947,2.0,24.705882352941178,49.989849680413215,50.0,43.15295336126015,289.3549054258131,647.9157472373506
462.8,1.5400594245138202,2.0,24.705882352941178,49.98986003223888,50.0,43.15408993795479,289.34993298851947,647.9155529467549
462.90000000000003,1.5399474831310371,2.0,24.705882352941178,49.989870608544436,50.0,43.15522346749615,289.34496631479504,647.9153539084341
463.0,1.5398355506624601,2.0,24.705882352941178,49.989881407806934,50.0,43.15635393506658,289.34000540078245,647.9151501258696
463.1,1.5397236271077035,2.0,24.705882352941178,49.98989242849336,50.0,43.157481326115885,289.33505024263525,647.9149416025336
463.20000000000005,1.5396117124663804,2.0,24.705882352941178,49.98990366906082,50.0,43.15860562635739,289.3301008365178,647.9147283418895
463.3,1.5394998067381054,2.0,24.705882352941178,49.98991512795658,50.0,43.159726821768345,289.32515717860537,647.9145103473909
463.40000000000003,1.5393879099224927,2.0,24.705882352941178,49.989926803618175,50.0,43.16084489859092,289.32021926508463,647.9142876224827
463.5,1.5392760220191564,2.0,24.705882352941178,49.98993869447361,50.0,43.16195984333229,289.3152870921531,647.9140601706004
463.6,1.5391641430277099,2.0,24.705882352941178,49.98995079894189,50.0,43.16307164276432,289.3103606560193,647.9138279951699
463.70000000000005,1.5390522729477678,2.0,24.705882352941178,49.989963115432374,50.0,43.164180283919336,289.30543995290344,647.9135910996083
463.8,1.5389404117789445,2.0,24.705882352941178,49.98997564234577,50.0,43.16528575409918,289.3005249790364,647.913349487323
463.90000000000003,1.5388285595208528,2.0,24.705882352941178,49.989988378073804,50.0,43.16638804086471,289.2956157306606,647.913103161712
464.0,1.538716716173108,2.0,24.705882352941178,49.99000132099934,50.0,43.1674871320423,289.29071220402983,647.9128521261639
464.1,1.5386048817353228,2.0,24.705882352941178,49.99001446949694,50.0,43.16858301572307,289.28581439540915,647.9125963840579
464.20000000000005,1.538493056207112,2.0,24.705882352941178,49.99002782193264,50.0,43.16967568025851,289.2809223010752,647.9123359387634
464.3,1.538381239588089,2.0,24.705882352941178,49.990041376664294,50.0,43.17076511426478,289.2760359173159,647.9120707936406
464.40000000000003,1.5382694318778685,2.0,24.705882352941178,49.99005513204162,50.0,43.17185130661995,289.27115524043063,647.9118009520397
464.5,1.5381576330760638,2.0,24.705882352941178,49.990069086406436,50.0,43.17293424646501,289.26628026673046,647.9115264173017
464.6,1.538045843182289,2.0,24.705882352941178,49.990083238092836,50.0,43.174013923202715,289.26141099253795,647.911247192758
464.70000000000005,1.537934062196158,2.0,24.705882352941178,49.990097585427236,50.0,43.175090326497205,289.25654741418725,647.9109632817298
464.8,1.5378222901172849,2.0,24.705882352941178,49.99011212672866,50.0,43.176163446274735,289.2516895280243,647.9106746875291
464.90000000000003,1.5377105269452833,2.0,24.705882352941178,49.990126860308806,50.0,43.17723327272184,289.2468373304066,647.9103814134577
465.0,1.5375987726797673,2.0,24.705882352941178,49.9901417844722,50.0,43.17829979628619,289.24199081770337,647.9100834628081
465.1,1.53748702732035,2.0,24.705882352941178,49.9901568975165,50.0,43.17936300767587,289.2371499862956,647.9097808388626
465.20000000000005,1.5373752908666463,2.0,24.705882352941178,49.99017219773248,50.0,43.18042289785769,289.2323148325762,647.9094735448941
465.3,1.5372635633182694,2.0,24.705882352941178,49.99018768340426,50.0,43.18147945805861,289.2274853529496,647.9091615841655
465.40000000000003,1.5371518446748338,2.0,24.705882352941178,49.990203352809374,50.0,43.182532679764236,289.22266154383243,647.9088449599298
465.5,1.5370401349359526,2.0,24.705882352941178,49.990219204219045,50.0,43.183582554719514,289.21784340165294,647.9085236754298
465.6,1.5369284341012395,2.0,24.705882352941178,49.99023523589841,50.0,43.184629074926754,289.2130309228515,647.908197733899
465.70000000000005,1.5368167421703094,2.0,24.705882352941178,49.9902514461063,50.0,43.185672232644635,289.20822410388035,647.9078671385604
465.8,1.5367050591427749,2.0,24.705882352941178,49.99026783309586,50.0,43.186712020391724,289.2034229412037,647.9075318926275
465.90000000000003,1.5365933850182503,2.0,24.705882352941178,49.990284395114486,50.0,43.187748430940424,289.19862743129767,647.9071919993034
466.0,1.5364817197963492,2.0,24.705882352941178,49.990301130403964,50.0,43.1887814573195,289.19383757065043,647.9068474617817
466.1,1.5363700634766853,2.0,24.705882352941178,49.990318037200666,50.0,43.18981109281351,289.1890533557623,647.9064982832454
466.20000000000005,1.5362584160588724,2.0,24.705882352941178,49.99033511373557,50.0,43.190837330961365,289.1842747831457,647.9061444668678
466.3,1.5361467775425242,2.0,24.705882352941178,49.990352358234645,50.0,43.19186016555748,289.17950184932505,647.9057860158119
466.40000000000003,1.5360351479272547,2.0,24.705882352941178,49.99036976891898,50.0,43.19287959064836,289.1747345508369,647.9054229332313
466.5,1.5359235272126774,2.0,24.705882352941178,49.99038734400477,50.0,43.19389560053287,289.16997288422994,647.9050552222687
466.6,1.535811915398406,2.0,24.705882352941178,49.99040508170356,50.0,43.19490818976305,289.16521684606505,647.904682886057
466.70000000000005,1.535700312484054,2.0,24.705882352941178,49.99042298022226,50.0,43.19591735314237,289.1604664329153,647.904305927719
466.8,1.5355887184692354,2.0,24.705882352941178,49.99044103776356,50.0,43.196923085726205,289.1557216413659,647.9039243503671
466.90000000000003,1.5354771333535635,2.0,24.705882352941178,49.99045925252602,50.0,43.19792538281902,289.1509824680143,647.9035381571041
467.0,1.5353655571366518,2.0,24.705882352941178,49.99047762270402,50.0,43.19892423997387,289.1462489094703,647.9031473510222
467.1,1.535253989818115,2.0,24.705882352941178,49.99049614648817,50.0,43.19991965299434,289.14152096235586,647.9027519352036
467.20000000000005,1.5351424313975657,2.0,24.705882352941178,49.99051482206522,50.0,43.20091161793026,289.13679862330514,647.9023519127201
467.3,1.5350308818746177,2.0,24.705882352941178,49.99053364761835,50.0,43.2019001310802,289.13208188896476,647.9019472866335
467.40000000000003,1.5349193412488846,2.0,24.705882352941178,49.99055262132731,50.0,43.20288518898883,289.12737075599347,647.9015380599953
467.5,1.5348078095199802,2.0,24.705882352941178,49.990571741368626,50.0,43.2038667884462,289.12266522106245,647.9011242358472
467.6,1.534696286687518,2.0,24.705882352941178,49.99059100591552,50.0,43.20484492648673,289.11796528085506,647.9007058172198
467.70000000000005,1.5345847727511113,2.0,24.705882352941178,49.99061041313843,50.0,43.20581960039057,289.11327093206717,647.9002828071342
467.8,1.534473267710374,2.0,24.705882352941178,49.99062996120483,50.0,43.206790807678665,289.10858217140685,647.8998552086007
467.90000000000003,1.5343617715649196,2.0,24.705882352941178,49.99064964827943,50.0,43.20775854611585,289.1038989955946,647.8994230246199
468.0,1.5342502843143613,2.0,24.705882352941178,49.99066947252447,50.0,43.208722813709144,289.09922140136325,647.8989862581818
468.1,1.5341388059583134,2.0,24.705882352941178,49.99068943209994,50.0,43.20968360870497,289.094549385458,647.8985449122663
468.20000000000005,1.5340273364963888,2.0,24.705882352941178,49.990709525163425,50.0,43.210640929588386,289.08988294463643,647.8980989898429
468.3,1.5339158759282008,2.0,24.705882352941178,49.990729749870354,50.0,43.21159477508488,289.0852220756685,647.8976484938707
468.40000000000003,1.5338044242533633,2.0,24.705882352941178,49.99075010437423,50.0,43.212545144158106,289.0805667753366,647.897193427299
468.5,1.5336929814714897,2.0,24.705882352941178,49.990770586826784,50.0,43.21349203600831,289.0759170404354,647.8967337930663
468.6,1.5335815475821934,2.0,24.705882352941178,49.99079119537805,50.0,43.21443545007129,289.07127286777205,647.8962695941012
468.70000000000005,1.5334701225850877,2.0,24.705882352941178,49.99081192817664,50.0,43.215375386018366,289.0666342541661,647.8958008333219
468.8,1.533358706479786,2.0,24.705882352941178,49.99083278336974,50.0,43.216311843753815,289.0620011964494,647.8953275136361
468.90000000000003,1.5332472992659023,2.0,24.705882352941178,49.99085375910323,50.0,43.217244823415626,289.05737369146624,647.8948496379413
469.0,1.5331359009430494,2.0,24.705882352941178,49.990874853521916,50.0,43.21817432537452,289.05275173607345,647.8943672091251
469.1,1.5330245115108414,2.0,24.705882352941178,49.990896064769686,50.0,43.219100350232026,289.04813532714,647.8938802300644
469.20000000000005,1.532913130968891,2.0,24.705882352941178,49.990917390989694,50.0,43.22002289881933,289.04352446154746,647.8933887036259
469.3,1.532801759316812,2.0,24.705882352941178,49.99093883032435,50.0,43.22094197219603,289.03891913618975,647.8928926326661
469.40000000000003,1.5326903965542173,2.0,24.705882352941178,49.99096038091551,50.0,43.221857571650524,289.0343193479731,647.8923920200314
469.5,1.532579042680721,2.0,24.705882352941178,49.99098204090478,50.0,43.222769698698414,289.0297250938162,647.8918868685575
469.6,1.5324676976959362,2.0,24.705882352941178,49.99100380843339,50.0,43.22367835507943,289.02513637065005,647.8913771810703
469.70000000000005,1.5323563615994757,2.0,24.705882352941178,49.9910256816425,50.0,43.22458354275989,289.02055317541806,647.890862960385
469.8,1.5322450343909535,2.0,24.705882352941178,49.99104765867338,50.0,43.22548526392894,289.0159755050761,647.8903442093069
469.90000000000003,1.5321337160699824,2.0,24.705882352941178,49.991069737667544,50.0,43.226383520997516,289.0114033565922,647.889820930631
470.0,1.5320224066361758,2.0,24.705882352941178,49.99109191676655,50.0,43.227278316597534,289.0068367269469,647.8892931271417
470.1,1.5319111060891473,2.0,24.705882352941178,49.9911141941127,50.0,43.22816965358383,289.0022756131331,647.8887608016139
470.20000000000005,1.5317998144285099,2.0,24.705882352941178,49.991136567848685,50.0,43.22905753502684,288.99772001215587,647.8882239568115
470.3,1.531688531653877,2.0,24.705882352941178,49.991159036118006,50.0,43.22994196421741,288.9931699210327,647.8876825954887
470.40000000000003,1.5315772577648619,2.0,24.705882352941178,49.99118159706501,50.0,43.23082294466201,288.98862533679335,647.8871367203891
470.5,1.5314659927610779,2.0,24.705882352941178,49.99120424883506,50.0,43.231700480082836,288.98408625648005,647.8865863342467
470.6,1.5313547366421383,2.0,24.705882352941178,49.99122698957467,50.0,43.232574574416105,288.97955267714707,647.8860314397846
470.70000000000005,1.5312434894076559,2.0,24.705882352941178,49.991249817431594,50.0,43.23344523181115,288.97502459586104,647.8854720397163
470.8,1.5311322510572445,2.0,24.705882352941178,49.991272730554954,50.0,43.23431245662935,288.97050200970085,647.884908136745
470.90000000000003,1.5310210215905165,2.0,24.705882352941178,49.991295727095405,50.0,43.23517625344301,288.96598491575764,647.8843397335637
471.0,1.530909801007086,2.0,24.705882352941178,49.99131880520531,50.0,43.23603662703376,288.96147331113485,647.8837668328553
471.1,1.5307985893065654,2.0,24.705882352941178,49.99134196303896,50.0,43.236893582390984,288.9569671929479,647.8831894372923
471.20000000000005,1.5306873864885684,2.0,24.705882352941178,49.99136519875219,50.0,43.237747124709585,288.9524665583248,647.8826075495377
471.3,1.530576192552708,2.0,24.705882352941178,49.991388510503214,50.0,43.23859725939433,288.94797140440517,647.882021172244
471.40000000000003,1.5304650074985975,2.0,24.705882352941178,49.991411896452234,50.0,43.23944399205019,288.94348172834134,647.8814303080536
471.5,1.5303538313258496,2.0,24.705882352941178,49.99143535476196,50.0,43.24028732848776,288.93899752729743,647.880834959599
471.6,1.5302426640340776,2.0,24.705882352941178,49.99145888359732,50.0,43.2411272747171,288.93451879844974,647.8802351295027
471.70000000000005,1.530131505622895,2.0,24.705882352941178,49.991482481125956,50.0,43.24196383695131,288.93004553898675,647.8796308203772
471.8,1.5300203560919146,2.0,24.705882352941178,49.9915061455182,50.0,43.242797021600516,288.925577746109,647.8790220348249
471.90000000000003,1.5299092154407494,2.0,24.705882352941178,49.991529874947105,50.0,43.24362683527316,288.92111541702906,647.8784087754381
472.0,1.529798083669013,2.0,24.705882352941178,49.99155366758879,50.0,43.24445328477496,288.9166585489714,647.8777910447993
472.1,1.5296869607763177,2.0,24.705882352941178,49.99157752162233,50.0,43.24527637710527,288.9122071391725,647.8771688454812
472.20000000000005,1.529575846762277,2.0,24.705882352941178,49.99160143522994,50.0,43.24609611945853,288.90776118488094,647.8765421800464
472.3,1.5294647416265044,2.0,24.705882352941178,49.99162540659722,50.0,43.246912519221965,288.90332068335726,647.8759110510478
472.40000000000003,1.5293536453686118,2.0,24.705882352941178,49.99164943391338,50.0,43.24772558397267,288.89888563187384,647.875275461028
472.5,1.529242557988213,2.0,24.705882352941178,49.991673515370906,50.0,43.24853532147605,288.8944560277151,647.8746354125202
472.6,1.529131479484921,2.0,24.705882352941178,49.99169764916593,50.0,43.24934173968861,288.8900318681771,647.8739909080474
472.70000000000005,1.5290204098583484,2.0,24.705882352941178,49.99172183349867,50.0,43.25014484675352,288.8856131505679,647.8733419501233
472.8,1.5289093491081087,2.0,24.705882352941178,49.991746066572944,50.0,43.250944650996274,288.8811998722072,647.8726885412514
472.90000000000003,1.5287982972338148,2.0,24.705882352941178,49.991770346596866,50.0,43.25174116093031,288.87679203042677,647.8720306839253
473.0,1.5286872542350793,2.0,24.705882352941178,49.991794671782486,50.0,43.252534385248005,288.87238962256987,647.8713683806295
473.1,1.528576220111515,2.0,24.705882352941178,49.99181904034617,50.0,43.25332433282574,288.8679926459916,647.8707016338383
473.20000000000005,1.5284651948627357,2.0,24.705882352941178,49.991843450508725,50.0,43.25411101271858,288.8636010980587,647.8700304460162
473.3,1.5283541784883536,2.0,24.705882352941178,49.99186790049532,50.0,43.25489443415938,288.85921497614964,647.8693548196188
473.40000000000003,1.5282431709879822,2.0,24.705882352941178,49.99189238853586,50.0,43.255674606559076,288.85483427765445,647.8686747570912
473.5,1.5281321723612338,2.0,24.705882352941178,49.99191691286484,50.0,43.256451539502585,288.85045899997476,647.8679902608695
473.6,1.5280211826077215,2.0,24.705882352941178,49.99194147172176,50.0,43.2572252427501,288.8460891405237,647.86730133338
473.70000000000005,1.5279102017270583,2.0,24.705882352941178,49.99196606335096,50.0,43.25799572623223,288.84172469672615,647.8666079770394
473.8,1.5277992297188574,2.0,24.705882352941178,49.99199068600166,50.0,43.25876300005197,288.83736566601823,647.8659101942549
473.90000000000003,1.5276882665827307,2.0,24.705882352941178,49.992015337928535,50.0,43.25952707448318,288.83301204584757,647.8652079874242
474.0,1.527577312318292,2.0,24.705882352941178,49.99204001739133,50.0,43.260287959964366,288.8286638336732,647.8645013589361
474.1,1.5274663669251538,2.0,24.705882352941178,49.992064722655186,50.0,43.2610456671032,288.8243210269656,647.863790311169
474.20000000000005,1.5273554304029286,2.0,24.705882352941178,49.99208945199075,50.0,43.26180020667163,288.81998362320667,647.8630748464927
474.3,1.5272445027512302,2.0,24.705882352941178,49.99211420367436,50.0,43.262551589604804,288.8156516198893,647.8623549672674
474.40000000000003,1.5271335839696705,2.0,24.705882352941178,49.99213897598787,50.0,43.263299826998896,288.81132501451793,647.8616306758439
474.5,1.5270226740578627,2.0,24.705882352941178,49.9921637672191,50.0,43.26404493011249,288.8070038046082,647.8609019745638
474.6,1.5269117730154198,2.0,24.705882352941178,49.992188575661714,50.0,43.264786910360954,288.80268798768674,647.8601688657594
474.70000000000005,1.526800880841954,2.0,24.705882352941178,49.992213399615196,50.0,43.26552577931783,288.79837756129155,647.8594313517538
474.8,1.5266899975370787,2.0,24.705882352941178,49.99223823738532,50.0,43.26626154871442,288.7940725229715,647.8586894348608
474.90000000000003,1.5265791231004056,2.0,24.705882352941178,49.99226308728407,50.0,43.26699423043387,288.78977287028664,647.8579431173853
475.0,1.5264682575315485,2.0,24.705882352941178,49.99228794762979,50.0,43.26772383651254,288.7854786008082,647.8571924016229
475.1,1.52635740083012,2.0,24.705882352941178,49.992312816747074,50.0,43.268450379137285,288.781189712118,647.8564372898601
475.20000000000005,1.5262465529957325,2.0,24.705882352941178,49.99233769296694,50.0,43.269173870646235,288.7769062018092,647.8556777843744
475.3,1.5261357140279985,2.0,24.705882352941178,49.992362574627236,50.0,43.26989432352609,288.77262806748547,647.8549138874342
475.40000000000003,1.5260248839265314,2.0,24.705882352941178,49.99238746007251,50.0,43.2706117504076,288.7683553067616,647.8541456012994
475.5,1.5259140626909433,2.0,24.705882352941178,49.99241234765395,50.0,43.271326164066785,288.76408791726305,647.8533729282202
475.6,1.5258032503208472,2.0,24.705882352941178,49.9924372357296,50.0,43.27203757742439,288.75982589662607,647.8525958704382
475.70000000000005,1.5256924468158555,2.0,24.705882352941178,49.99246212266462,50.0,43.272746003543304,288.7555692424976,647.8518144301866
475.8,1.525581652175581,2.0,24.705882352941178,49.99248700683114,50.0,43.2734514556246,288.75131795253526,647.8510286096891
475.90000000000003,1.525470866399636,2.0,24.705882352941178,49.99251188660861,50.0,43.27415394700971,288.74707202440715,647.850238411161
476.0,1.5253600894876336,2.0,24.705882352941178,49.99253676038359,50.0,43.27485349117501,288.74283145579204,647.8494438368086
476.1,1.5252493214391862,2.0,24.705882352941178,49.992561626550014,50.0,43.27555010173416,288.7385962443793,647.84864488883
476.20000000000005,1.5251385622539066,2.0,24.705882352941178,49.992586483509285,50.0,43.27624379243384,288.7343663878687,647.8478415694141
476.3,1.5250278119314076,2.0,24.705882352941178,49.99261132967024,50.0,43.276934577152865,288.73014188397036,647.8470338807414
476.40000000000003,1.524917070471301,2.0,24.705882352941178,49.99263616344939,50.0,43.27762246990144,288.72592273040476,647.8462218249836
476.5,1.5248063378732004,2.0,24.705882352941178,49.99266098327104,50.0,43.278307484817915,288.72170892490277,647.8454054043043
476.6,1.524695614136718,2.0,24.705882352941178,49.99268578756704,50.0,43.27898963616722,288.7175004652055,647.8445846208583
476.70000000000005,1.524584899261466,2.0,24.705882352941178,49.992710574777334,50.0,43.27966893834243,288.7132973490642,647.843759476792
476.8,1.524474193247057,2.0,24.705882352941178,49.99273534334969,50.0,43.28034540585822,288.70909957424044,647.8429299742434
476.90000000000003,1.5243634960931034,2.0,24.705882352941178,49.9927600917398,50.0,43.281019053353255,288.7049071385058,647.8420961153419
477.0,1.5242528077992183,2.0,24.705882352941178,49.992784818411735,50.0,43.28168989558816,288.7007200396419,647.841257902209
477.1,1.5241421283650138,2.0,24.705882352941178,49.992809521837614,50.0,43.28235794743957,288.69653827544045,647.8404153369576
477.20000000000005,1.5240314577901026,2.0,24.705882352941178,49.99283420049778,50.0,43.283023223904145,288.692361843703,647.8395684216924
477.3,1.5239207960740973,2.0,24.705882352941178,49.99285885288106,50.0,43.28368574009449,288.68819074224103,647.8387171585101
477.40000000000003,1.5238101432166098,2.0,24.705882352941178,49.9928834774845,50.0,43.28434551123636,288.684024968876,647.8378615494989
477.5,1.5236994992172532,2.0,24.705882352941178,49.99290807281386,50.0,43.28500255267037,288.6798645214389,647.8370015967392
477.6,1.5235888640756392,2.0,24.705882352941178,49.99293263738332,50.0,43.285656879845945,288.6757093977708,647.836137302303
477.70000000000005,1.5234782377913811,2.0,24.705882352941178,49.992957169715794,50.0,43.286308508324105,288.6715595957221,647.8352686682549
477.8,1.523367620364091,2.0,24.705882352941178,49.99298166834302,50.0,43.286957453772374,288.6674151131529,647.8343956966507
477.90000000000003,1.523257011793381,2.0,24.705882352941178,49.99300613180537,50.0,43.2876037319639,288.66327594793313,647.833518389539
478.0,1.5231464120788643,2.0,24.705882352941178,49.99303055865215,50.0,43.28824735877818,288.65914209794204,647.8326367489601
478.1,1.523035821220152,2.0,24.705882352941178,49.99305494744169,50.0,43.28888835019685,288.65501356106824,647.8317507769467
478.20000000000005,1.5229252392168573,2.0,24.705882352941178,49.9930792967412,50.0,43.28952672230199,288.65089033520985,647.8308604755235
478.3,1.5228146660685928,2.0,24.705882352941178,49.99310360512703,50.0,43.29016249127705,288.6467724182743,647.8299658467076
478.40000000000003,1.5227041017749705,2.0,24.705882352941178,49.99312787118464,50.0,43.2907956734025,288.64265980817834,647.8290668925082
478.5,1.5225935463356028,2.0,24.705882352941178,49.9931520935088,50.0,43.291426285055934,288.6385525028479,647.8281636149272
478.6,1.522482999750102,2.0,24.705882352941178,49.993176270703486,50.0,43.29205434270852,288.6344505002182,647.8272560159587
478.70000000000005,1.5223724620180807,2.0,24.705882352941178,49.99320040138201,50.0,43.292679862925525,288.6303537982333,647.8263440975894
478.8,1.522261933139151,2.0,24.705882352941178,49.993224484167115,50.0,43.29330286236381,288.6262623948464,647.8254278617981
478.90000000000003,1.5221514131129252,2.0,24.705882352941178,49.99324851769114,50.0,43.29392335776977,288.62217628801983,647.8245073105567
479.0,1.522040901939016,2.0,24.705882352941178,49.99327250059582,50.0,43.29454136597676,288.6180954757249,647.8235824458293
479.1,1.5219303996170352,2.0,24.705882352941178,49.99329643153243,50.0,43.29515690390653,288.61401995594144,647.8226532695729
479.20000000000005,1.5218199061465956,2.0,24.705882352941178,49.99332030916213,50.0,43.29576998856593,288.60994972665833,647.8217197837372
479.3,1.5217094215273086,2.0,24.705882352941178,49.99334413215564,50.0,43.296380637042674,288.6058847858732,647.8207819902644
479.40000000000003,1.5215989457587868,2.0,24.705882352941178,49.99336789919346,50.0,43.29698886650828,288.6018251315922,647.8198398910896
479.5,1.5214884788406429,2.0,24.705882352941178,49.99339160896585,50.0,43.29759469421391,288.5977707618302,647.8188934881409
479.6,1.5213780207724887,2.0,24.705882352941178,49.99341526017321,50.0,43.29819813748973,288.5937216746107,647.8179427833393
479.70000000000005,1.5212675715539363,2.0,24.705882352941178,49.99343885152575,50.0,43.29879921374016,288.5896778679657,647.8169877785984
479.8,1.5211571311845984,2.0,24.705882352941178,49.993462381743484,50.0,43.29939794044633,288.58563933993537,647.8160284758251
479.90000000000003,1.5210466996640868,2.0,24.705882352941178,49.99348584955675,50.0,43.29999433516489,288.5816060885685,647.8150648769193
480.0,1.5209362769920138,2.0,24.705882352941178,49.993509253705895,50.0,43.3005884155209,288.57757811192215,647.8140969837743
480.1,1.5208258631679918,2.0,24.705882352941178,49.99353259294139,50.0,43.30118019921125,288.57355540806157,647.8131247982761
480.20000000000005,1.5207154581916325,2.0,24.705882352941178,49.993555866023996,50.0,43.30176970400161,288.56953797506026,647.8121483223042
480.3,1.5206050620625484,2.0,24.705882352941178,49.99357907172458,50.0,43.30235694772368,288.5655258109997,647.8111675577311
480.40000000000003,1.5204946747803516,2.0,24.705882352941178,49.993602208824484,50.0,43.30294194827608,288.5615189139696,647.810182506423
480.5,1.520384296344654,2.0,24.705882352941178,49.993625276115324,50.0,43.30352472361929,288.5575172820675,647.8091931702388
480.6,1.5202739267550678,2.0,24.705882352941178,49.99364827239913,50.0,43.30410529177686,288.553520913399,647.8081995510317
480.70000000000005,1.5201635660112054,2.0,24.705882352941178,49.99367119648832,50.0,43.3046836708326,288.5495298060773,647.807201650648
480.8,1.5200532141126786,2.0,24.705882352941178,49.99369404720579,50.0,43.305259878929675,288.5455439582238,647.806199470927
480.90000000000003,1.5199428710590996,2.0,24.705882352941178,49.99371682338506,50.0,43.305833934268655,288.5415633679672,647.8051930137026
481.0,1.5198325368500805,2.0,24.705882352941178,49.99373952387009,50.0,43.30640585510474,288.53758803344425,647.8041822808013
481.1,1.5197222114852333,2.0,24.705882352941178,49.99376214751567,50.0,43.30697565974853,288.5336179527989,647.8031672740443
481.20000000000005,1.5196118949641702,2.0,24.705882352941178,49.99378469318708,50.0,43.30754336656094,288.529653124183,647.8021479952457
481.3,1.5195015872865028,2.0,24.705882352941178,49.99380715976031,50.0,43.30810899395552,288.52569354575564,647.8011244462137
481.40000000000003,1.5193912884518432,2.0,24.705882352941178,49.99382954612207,50.0,43.30867256039483,288.52173921568334,647.8000966287506
481.5,1.5192809984598044,2.0,24.705882352941178,49.99385185116989,50.0,43.309234084389004,288.51779013213996,647.7990645446521
481.6,1.5191707173099969,2.0,24.705882352941178,49.993874073812094,50.0,43.309793584493924,288.5138462933067,647.7980281957083
481.70000000000005,1.5190604450020337,2.0,24.705882352941178,49.99389621296791,50.0,43.31035107931011,288.5099076973718,647.7969875837033
481.8,1.5189501815355269,2.0,24.705882352941178,49.993918267567324,50.0,43.31090658748019,288.5059743425308,647.7959427104148
481.90000000000003,1.5188399269100878,2.0,24.705882352941178,49.99394023655128,50.0,43.31146012768962,288.5020462269862,647.7948935776152
482.0,1.518729681125329,2.0,24.705882352941178,49.99396211887171,50.0,43.31201171866271,288.49812334894756,647.7938401870708
482.1,1.5186194441808618,2.0,24.705882352941178,49.99398391349149,50.0,43.312561379161764,288.4942057066312,647.7927825405422
482.20000000000005,1.5185092160762987,2.0,24.705882352941178,49.994005619384495,50.0,43.313109127985804,288.4902932982605,647.7917206397843
482.3,1.5183989968112508,2.0,24.705882352941178,49.994027235535555,50.0,43.31365498396918,288.48638612206554,647.7906544865463
482.40000000000003,1.518288786385331,2.0,24.705882352941178,49.99404876094076,50.0,43.31419896598033,288.4824841762831,647.7895840825718
482.5,1.5181785847981508,2.0,24.705882352941178,49.994070194607104,50.0,43.31474109291754,288.4785874591568,647.7885094295988
482.6,1.518068392049322,2.0,24.705882352941178,49.994091535552855,50.0,43.31528138371161,288.47469596893654,647.7874305293599
482.70000000000005,1.5179582081384568,2.0,24.705882352941178,49.99411278280735,50.0,43.31581985732046,288.470809703879,647.7863473835824
482.8,1.517848033065167,2.0,24.705882352941178,49.99413393541113,50.0,43.31635653273014,288.46692866224726,647.785259993988
482.90000000000003,1.5177378668290642,2.0,24.705882352941178,49.994154992415815,50.0,43.316891428952005,288.46305284231056,647.7841683622931
483.0,1.51762770942976,2.0,24.705882352941178,49.994175952884405,50.0,43.3174245650228,288.4591822423448,647.7830724902092
483.1,1.517517560866867,2.0,24.705882352941178,49.99419681589103,50.0,43.31795596000015,288.4553168606319,647.7819723794419
483.20000000000005,1.5174074211399966,2.0,24.705882352941178,49.99421758052125,50.0,43.31848563296415,288.45145669546,647.7808680316923
483.3,1.5172972902487607,2.0,24.705882352941178,49.9942382458716,50.0,43.319013603012635,288.4476017451234,647.7797594486561
483.40000000000003,1.517187168192771,2.0,24.705882352941178,49.9942588110502,50.0,43.319539889265,288.4437520079222,647.778646632024
483.5,1.5170770549716397,2.0,24.705882352941178,49.99427927517638,50.0,43.32006451085366,288.43990748216294,647.7775295834817
483.6,1.516966950584978,2.0,24.705882352941178,49.994299637380834,50.0,43.3205874869279,288.4360681661576,647.7764083047103
483.70000000000005,1.516856855032398,2.0,24.705882352941178,49.99431989680568,50.0,43.32110883665003,288.43223405822425,647.7752827973854
483.8,1.5167467683135114,2.0,24.705882352941178,49.99434005260423,50.0,43.32162857919383,288.42840515668667,647.7741530631782
483.90000000000003,1.5166366904279298,2.0,24.705882352941178,49.99436010394135,50.0,43.322146733745484,288.4245814598742,647.7730191037552
484.0,1.516526621375265,2.0,24.705882352941178,49.99438004999314,50.0,43.32266331949845,288.42076296612197,647.771880920778
484.1,1.516416561155129,2.0,24.705882352941178,49.99439988994726,50.0,43.32317835565558,288.4169496737706,647.7707385159036
484.20000000000005,1.5163065097671335,2.0,24.705882352941178,49.99441962300273,50.0,43.323691861424294,288.4131415811662,647.7695918907847
484.3,1.5161964672108899,2.0,24.705882352941178,49.99443924837004,50.0,43.32420385601754,288.4093386866603,647.7684410470689
484.40000000000003,1.51608643348601,2.0,24.705882352941178,49.99445876527119,50.0,43.324714358650915,288.4055409886098,647.7672859863997
484.5,1.5159764085921057,2.0,24.705882352941178,49.994478172939466,50.0,43.325223388541524,288.40174848537674,647.7661267104162
484.6,1.5158663925287883,2.0,24.705882352941178,49.994497470619706,50.0,43.325730964908324,288.3979611753286,647.7649632207531
484.70000000000005,1.5157563852956697,2.0,24.705882352941178,49.99451665756828,50.0,43.326237106968115,288.3941790568378,647.763795519041
484.8,1.5156463868923615,2.0,24.705882352941178,49.99453573305294,50.0,43.32674183393462,288.3904021282819,647.7626236069059
484.90000000000003,1.5155363973184754,2.0,24.705882352941178,49.994554696352964,50.0,43.32724516501884,288.38663038804344,647.7614474859695
485.0,1.5154264165736229,2.0,24.705882352941178,49.99457354675906,50.0,43.32774711942558,288.38286383450986,647.7602671578497
485.1,1.5153164446574157,2.0,24.705882352941178,49.994592283573525,50.0,43.32824771635361,288.3791024660736,647.7590826241604
485.20000000000005,1.5152064815694655,2.0,24.705882352941178,49.994610906110154,50.0,43.32874697499229,288.3753462811318,647.7578938865113
485.3,1.515096527309384,2.0,24.705882352941178,49.99462941369427,50.0,43.32924491452172,288.37159527808615,647.7567009465082
485.40000000000003,1.5149865818767825,2.0,24.705882352941178,49.99464780566251,50.0,43.329741554110505,288.3678494553433,647.7555038057528
485.5,1.514876645271272,2.0,24.705882352941178,49.99466608136311,50.0,43.33023691291684,288.36410881131417,647.7543024658434
485.6,1.5147667174924655,2.0,24.705882352941178,49.994684240155834,50.0,43.330731010083774,288.36037334441454,647.7530969283738
485.70000000000005,1.5146567985399735,2.0,24.705882352941178,49.994702281411946,50.0,43.331223864738995,288.3566430530644,647.7518871949347
485.8,1.5145468884134077,2.0,24.705882352941178,49.994720204514294,50.0,43.3317154959939,288.352917935688,647.750673267113
485.90000000000003,1.51443698711238,2.0,24.705882352941178,49.99473800885693,50.0,43.33220592294093,288.34919799071423,647.7494551464919
486.0,1.5143270946365013,2.0,24.705882352941178,49.99475569384572,50.0,43.332695164656464,288.34548321657593,647.7482328346508
486.1,1.5142172109853835,2.0,24.705882352941178,49.99477325889785,50.0,43.333183240192334,288.3417736117102,647.7470063331659
486.20000000000005,1.5141073361586384,2.0,24.705882352941178,49.99479070344199,50.0,43.333670168580845,288.3380691745583,647.74577564361
486.3,1.5139974701558765,2.0,24.705882352941178,49.99480802691835,50.0,43.33415596883065,288.33436990356546,647.7445407675522
486.40000000000003,1.5138876129767105,2.0,24.705882352941178,49.99482522877855,50.0,43.33464065992517,288.33067579718085,647.7433017065584
486.5,1.513777764620751,2.0,24.705882352941178,49.99484230848566,50.0,43.335124260822425,288.32698685385753,647.7420584621915
486.6,1.51366792508761,2.0,24.705882352941178,49.99485926551421,50.0,43.33560679045349,288.3233030720525,647.7408110360107
486.70000000000005,1.5135580943768985,2.0,24.705882352941178,49.994876099350165,50.0,43.336088267720505,288.3196244502263,647.7395594295721
486.8,1.5134482724882286,2.0,24.705882352941178,49.99489280949098,50.0,43.33656871149601,288.3159509868433,647.738303644429
486.90000000000003,1.5133384594212105,2.0,24.705882352941178,49.99490939544546,50.0,43.33704814062088,288.3122826803714,647.7370436821316
487.0,1.5132286551754566,2.0,24.705882352941178,49.9949258567338,50.0,43.33752657390422,288.3086195292822,647.7357795442266
487.1,1.5131188597505778,2.0,24.705882352941178,49.994942192887606,50.0,43.33800403012173,288.30496153205075,647.7345112322585
487.20000000000005,1.5130090731461863,2.0,24.705882352941178,49.994958403449914,50.0,43.33848052801384,288.3013086871552,647.733238747768
487.3,1.5128992953618927,2.0,24.705882352941178,49.99497448797513,50.0,43.338956086284384,288.29766099307744,647.7319620922942
487.40000000000003,1.5127895263973081,2.0,24.705882352941178,49.99499044602891,50.0,43.33943072359985,288.2940184483025,647.730681267372
487.5,1.5126797662520446,2.0,24.705882352941178,49.995006277188224,50.0,43.339904458589004,288.2903810513185,647.7293962745346
487.6,1.5125700149257133,2.0,24.705882352941178,49.995021981041475,50.0,43.34037730984081,288.28674880061675,647.728107115312
487.70000000000005,1.5124602724179252,2.0,24.705882352941178,49.99503755718831,50.0,43.34084929590196,288.2831216946918,647.726813791232
487.8,1.5123505387282923,2.0,24.705882352941178,49.9950530052397,50.0,43.341320435277495,288.2794997320411,647.7255163038194
487.90000000000003,1.5122408138564254,2.0,24.705882352941178,49.995068324817794,50.0,43.34179074642855,288.27588291116496,647.7242146545968
488.0,1.5121310978019358,2.0,24.705882352941178,49.99508351555602,50.0,43.34226024777222,288.2722712305666,647.7229088450842
488.1,1.5120213905644349,2.0,24.705882352941178,49.99509857709904,50.0,43.34272895767944,288.26866468875215,647.7215988767992
488.20000000000005,1.5119116921435338,2.0,24.705882352941178,49.99511350910262,50.0,43.34319689447376,288.2650632842303,647.7202847512573
488.3,1.511802002538844,2.0,24.705882352941178,49.99512831123383,50.0,43.34366407643169,288.26146701551244,647.7189664699713
488.40000000000003,1.5116923217499765,2.0,24.705882352941178,49.995142983170865,50.0,43.34413052177875,288.2578758811128,647.7176440344522
488.5,1.511582649776543,2.0,24.705882352941178,49.99515752460292,50.0,43.34459624869028,288.2542898795478,647.7163174462082
488.6,1.5114729866181544,2.0,24.705882352941178,49.99517193523042,50.0,43.34506127529149,288.25070900933656,647.7149867067462
488.70000000000005,1.5113633322744215,2.0,24.705882352941178,49.99518621476494,50.0,43.345525619652946,288.24713326900064,647.7136518175703
488.8,1.5112536867449564,2.0,24.705882352941178,49.99520036292893,50.0,43.345989299790894,288.2435626570638,647.7123127801829
488.90000000000003,1.5111440500293698,2.0,24.705882352941178,49.995214379455774,50.0,43.34645233366863,288.2399971720521,647.7109695960844
489.0,1.5110344221272731,2.0,24.705882352941178,49.995228264090144,50.0,43.34691473919343,288.2364368124938,647.7096222667734
489.1,1.5109248030382774,2.0,24.705882352941178,49.99524201658767,50.0,43.34737653421261,288.23288157691945,647.7082707937465
489.20000000000005,1.5108151927619933,2.0,24.705882352941178,49.99525563671466,50.0,43.3478377365156,288.2293314638615,647.7069151784983
489.3,1.510705591298033,2.0,24.705882352941178,49.995269124248466,50.0,43.348298363834964,288.2257864718544,647.705555422522
489.40000000000003,1.5105959986460067,2.0,24.705882352941178,49.9952824789774,50.0,43.34875843384106,288.22224659943475,647.7041915273089
489.5,1.5104864148055261,2.0,24.705882352941178,49.99529570070047,50.0,43.349217964142035,288.21871184514094,647.7028234943488
489.6,1.510376839776202,2.0,24.705882352941178,49.995308789227636,50.0,43.349676972285195,288.2151822075131,647.7014513251295
489.70000000000005,1.5102672735576457,2.0,24.705882352941178,49.99532174437957,50.0,43.350135475752325,288.2116576850932,647.7000750211379
489.8,1.5101577161494681,2.0,24.705882352941178,49.99533456598772,50.0,43.3505934919618,288.20813827642485,647.6986945838589
489.90000000000003,1.510048167551281,2.0,24.705882352941178,49.99534725389418,50.0,43.35105103826562,288.2046239800534,647.6973100147759
490.0,1.509938627762694,2.0,24.705882352941178,49.995359807951786,50.0,43.35150813195,288.2011147945256,647.6959213153715
490.1,1.50982909678332,2.0,24.705882352941178,49.99537222802411,50.0,43.35196479023266,288.19761071838985,647.6945284871261
490.20000000000005,1.5097195746127683,2.0,24.705882352941178,49.99538451398513,50.0,43.352421030261745,288.1941117501959,647.6931315315197
490.3,1.5096100612506513,2.0,24.705882352941178,49.99539666571957,50.0,43.35287686911797,288.19061788849496,647.6917304500304
490.40000000000003,1.5095005566965793,2.0,24.705882352941178,49.99540868312266,50.0,43.35333232380928,288.1871291318395,647.6903252441354
490.5,1.5093910609501637,2.0,24.705882352941178,49.995420566100165,50.0,43.3537874112725,288.1836454787833,647.6889159153105
490.6,1.509281574011015,2.0,24.705882352941178,49.995432314568234,50.0,43.35424214837163,288.1801669278813,647.6875024650309
490.70000000000005,1.5091720958787447,2.0,24.705882352941178,49.99544392845337,50.0,43.35469655189776,288.1766934776896,647.6860848947704
490.8,1.5090626265529634,2.0,24.705882352941178,49.995455407692646,50.0,43.35515063856814,288.17322512676526,647.6846632060019
490.90000000000003,1.508953166033282,2.0,24.705882352941178,49.99546675223337,50.0,43.355604425022534,288.1697618736665,647.6832374001973
491.0,1.5088437143193119,2.0,24.705882352941178,49.99547796203319,50.0,43.356057927825844,288.16630371695237,647.6818074788275
491.1,1.508734271410664,2.0,24.705882352941178,49.99548903705994,50.0,43.356511163465086,288.1628506551829,647.6803734433629
491.20000000000005,1.5086248373069493,2.0,24.705882352941178,49.99549997729173,50.0,43.35696414835006,288.159402686919,647.6789352952727
491.3,1.5085154120077784,2.0,24.705882352941178,49.99551078271679,50.0,43.357416898810655,288.15595981072215,647.6774930360258
491.40000000000003,1.5084059955127624,2.0,24.705882352941178,49.99552145333371,50.0,43.35786943109759,288.1525220251547,647.6760466670902
491.5,1.5082965878215122,2.0,24.705882352941178,49.99553198915089,50.0,43.35832176137851,288.14908932877955,647.674596189933
491.6,1.5081871889336387,2.0,24.705882352941178,49.99554239018693,50.0,43.35877390574242,288.1456617201603,647.6731416060212
491.70000000000005,1.5080777988487526,2.0,24.705882352941178,49.995552656470295,50.0,43.35922588019399,288.1422391978611,647.6716829168207
491.8,1.5079684175664652,2.0,24.705882352941178,49.995562788039535,50.0,43.359677700655936,288.13882176044643,647.6702201237973
491.90000000000003,1.507859045086387,2.0,24.705882352941178,49.99557278494308,50.0,43.36012938296553,288.13540940648124,647.6687532284162
492.0,1.5077496814081288,2.0,24.705882352941178,49.99558264723919,50.0,43.36058094287541,288.1320021345309,647.6672822321422
492.1,1.5076403265313019,2.0,24.705882352941178,49.99559237499602,50.0,43.36103239605269,288.12859994316113,647.6658071364396
492.20000000000005,1.507530980455517,2.0,24.705882352941178,49.995601968291396,50.0,43.36148375807706,288.12520283093767,647.6643279427728
492.3,1.5074216431803849,2.0,24.705882352941178,49.995611427212964,50.0,43.36193504444202,288.1218107964267,647.6628446526055
492.40000000000003,1.507312314705516,2.0,24.705882352941178,49.99562075185776,50.0,43.36238627055153,288.1184238381944,647.6613572674013
492.5,1.5072029950305217,2.0,24.705882352941178,49.99562994233287,50.0,43.3628374517238,288.115041954807,647.6598657886238
492.6,1.5070936841550122,2.0,24.705882352941178,49.995638998754714,50.0,43.363288603182326,288.1116651448308,647.6583702177361
492.70000000000005,1.5069843820785986,2.0,24.705882352941178,49.995647921249144,50.0,43.36373974006354,288.10829340683205,647.6568705562014
492.8,1.5068750888008917,2.0,24.705882352941178,49.99565670995173,50.0,43.36419087741302,288.104926739377,647.655366805483
492.90000000000003,1.5067658043215022,2.0,24.705882352941178,49.9956653650072,50.0,43.364642030181805,288.1015651410316,647.6538589670441
493.0,1.5066565286400408,2.0,24.705882352941178,49.995673886569875,50.0,43.36509321323144,288.0982086103617,647.6523470423479
493.1,1.5065472617561184,2.0,24.705882352941178,49.9956822748033,50.0,43.36554444132722,288.0948571459329,647.6508310328575
493.20000000000005,1.5064380036693457,2.0,24.705882352941178,49.99569052988022,50.0,43.36599572914193,288.09151074631046,647.6493109400363
493.3,1.5063287543793331,2.0,24.705882352941178,49.99569865198265,50.0,43.366447091253946,288.08816941005915,647.6477867653484
493.40000000000003,1.5062195138856918,2.0,24.705882352941178,49.99570664130175,50.0,43.36689854214558,288.0848331357436,647.6462585102574
493.5,1.5061102821880317,2.0,24.705882352941178,49.99571449803784,50.0,43.36735009620321,288.0815019219278,647.6447261762274
493.6,1.506001059285964,2.0,24.705882352941178,49.995722222400104,50.0,43.367801767715974,288.0781757671751,647.6431897647226
493.70000000000005,1.5058918451790997,2.0,24.705882352941178,49.99572981460699,50.0,43.36825357087751,288.0748546700485,647.641649277208
493.8,1.5057826398670489,2.0,24.705882352941178,49.9957372748857,50.0,43.368705519780356,288.0715386291103,647.6401047151485
493.90000000000003,1.5056734433494223,2.0,24.705882352941178,49.99574460347225,50.0,43.369157628420744,288.0682276429222,647.6385560800097
494.0,1.5055642556258308,2.0,24.705882352941178,49.99575180061157,50.0,43.36960991069601,288.0649217100449,647.637003373258
494.1,1.505455076695885,2.0,24.705882352941178,49.99575886655742,50.0,43.370062380402466,288.0616208290386,647.6354465963597
494.20000000000005,1.5053459065591952,2.0,24.705882352941178,49.99576580157225,50.0,43.370515051235714,288.0583249984625,647.6338857507818
494.3,1.5052367452153719,2.0,24.705882352941178,49.995772605927016,50.0,43.37096793679051,288.0550342168752,647.6323208379922
494.40000000000003,1.505127592664026,2.0,24.705882352941178,49.995779279901456,50.0,43.37142105056123,288.0517484828339,647.6307518594591
494.5,1.5050184489047684,2.0,24.705882352941178,49.99578582378382,50.0,43.37187440593819,288.0484677948952,647.6291788166517
494.6,1.5049093139372096,2.0,24.705882352941178,49.995792237870546,50.0,43.37232801620937,288.0451921516146,647.6276017110396
494.70000000000005,1.5048001877609598,2.0,24.705882352941178,49.995798522466885,50.0,43.37278189456237,288.0419215515464,647.6260205440932
494.8,1.504691070375629,2.0,24.705882352941178,49.99580467788627,50.0,43.373236054076415,288.03865599324394,647.624435317284
494.90000000000003,1.504581961780829,2.0,24.705882352941178,49.99581070445032,50.0,43.37369050772889,288.0353954752593,647.622846032084
495.0,1.5044728619761696,2.0,24.705882352941178,49.995816602489015,50.0,43.37414526839311,288.0321399961432,647.6212526899662
495.1,1.5043637709612616,2.0,24.705882352941178,49.99582237234057,50.0,43.37460034883559,288.02888955444536,647.6196552924044
495.20000000000005,1.5042546887357149,2.0,24.705882352941178,49.99582801435122,50.0,43.37505576171656,288.025644148714,647.6180538408738
495.3,1.504145615299141,2.0,24.705882352941178,49.995833528875266,50.0,43.375511519591036,288.0224037774961,647.6164483368498
495.40000000000003,1.5040365506511495,2.0,24.705882352941178,49.99583891627492,50.0,43.37596763490682,288.0191684393371,647.6148387818095
495.5,1.503927494791351,2.0,24.705882352941178,49.995844176920514,50.0,43.37642412000539,288.01593813278123,647.6132251772309
495.6,1.5038184477193564,2.0,24.705882352941178,49.99584931119006,50.0,43.3768809871183,288.01271285637085,647.6116075245928
495.70000000000005,1.5037094094347754,2.0,24.705882352941178,49.9958543194694,50.0,43.37733824837125,288.00949260864707,647.6099858253755
495.8,1.503600379937219,2.0,24.705882352941178,49.9958592021523,50.0,43.37779591578056,288.00627738814933,647.6083600810603
495.90000000000003,1.5034913592262982,2.0,24.705882352941178,49.99586395963996,50.0,43.37825400125195,288.00306719341546,647.6067302931297
496.0,1.5033823473016226,2.0,24.705882352941178,49.99586859234137,50.0,43.37871251658438,287.9998620229816,647.6050964630675
496.1,1.5032733441628023,2.0,24.705882352941178,49.995873100672895,50.0,43.37917147346469,287.996661875382,647.6034585923587
496.20000000000005,1.503164349809448,2.0,24.705882352941178,49.99587748505854,50.0,43.37963088347146,287.99346674914955,647.6018166824896
496.3,1.5030553642411706,2.0,24.705882352941178,49.99588174592958,50.0,43.38009075807102,287.990276642815,647.6001707349479
496.40000000000003,1.5029463874575801,2.0,24.705882352941178,49.99588588372484,50.0,43.38055110862039,287.98709155490735,647.5985207512228
496.5,1.502837419458287,2.0,24.705882352941178,49.99588989889031,50.0,43.381011946362904,287.98391148395365,647.5968667328048
496.6,1.5027284602429012,2.0,24.705882352941178,49.9958937918791,50.0,43.38147328243185,287.98073642847913,647.5952086811857
496.70000000000005,1.502619509811033,2.0,24.705882352941178,49.99589756315174,50.0,43.38193512784944,287.977566387007,647.5935465978589
496.8,1.5025105681622937,2.0,24.705882352941178,49.995901213175614,50.0,43.38239749352235,287.9744013580586,647.5918804843195
496.90000000000003,1.5024016352962926,2.0,24.705882352941178,49.99590474242524,50.0,43.38286039024786,287.9712413401529,647.5902103420639
497.0,1.5022927112126405,2.0,24.705882352941178,49.99590815138208,50.0,43.38332382870832,287.9680863318071,647.5885361725901
497.1,1.5021837959109476,2.0,24.705882352941178,49.99591144053443,50.0,43.3837878194733,287.9649363315362,647.5868579773979
497.20000000000005,1.502074889390824,2.0,24.705882352941178,49.99591461037744,50.0,43.38425237299939,287.9617913378528,647.5851757579883
497.3,1.5019659916518804,2.0,24.705882352941178,49.995917661413046,50.0,43.38471749962867,287.95865134926754,647.5834895158645
497.40000000000003,1.5018571026937266,2.0,24.705882352941178,49.99592059414988,50.0,43.38518320958907,287.9555163642888,647.5817992525309
497.5,1.5017482225159733,2.0,24.705882352941178,49.99592340910311,50.0,43.38564951299396,287.9523863814226,647.5801049694941
497.6,1.5016393511182302,2.0,24.705882352941178,49.99592610679463,50.0,43.386116419842914,287.9492613991727,647.5784066682622
497.70000000000005,1.5015304885001084,2.0,24.705882352941178,49.99592868775261,50.0,43.38658394001889,287.94614141604046,647.5767043503453
497.8,1.5014216346612173,2.0,24.705882352941178,49.99593115251179,50.0,43.38705208329178,287.94302643052487,647.574998017255
497.90000000000003,1.5013127896011673,2.0,24.705882352941178,49.99593350161314,50.0,43.387520859314556,287.9399164411224,647.573287670505
498.0,1.5012039533195685,2.0,24.705882352941178,49.99593573560395,50.0,43.387990277625825,287.9368114463273,647.5715733116109
498.1,1.5010951258160314,2.0,24.705882352941178,49.99593785503782,50.0,43.38846034764793,287.933711444631,647.5698549420899
498.20000000000005,1.5009863070901661,2.0,24.705882352941178,49.99593986047432,50.0,43.388931078686284,287.9306164345226,647.5681325634615
498.3,1.5008774971415826,2.0,24.705882352941178,49.99594175247921,50.0,43.389402479932116,287.9275264144888,647.566406177247
498.40000000000003,1.500768695969891,2.0,24.705882352941178,49.99594353162428,50.0,43.38987456045872,287.92444138301323,647.5646757849696
498.5,1.500659903574701,2.0,24.705882352941178,49.99594519848705,50.0,43.39034732922293,287.9213613385773,647.5629413881549
498.6,1.5005511199556238,2.0,24.705882352941178,49.99594675365114,50.0,43.39082079506689,287.9182862796596,647.5612029883298
498.70000000000005,1.500442345112269,2.0,24.705882352941178,49.995948197705786,50.0,43.391294966713396,287.91521620473594,647.5594605870241
498.8,1.5003335790442465,2.0,24.705882352941178,49.99594953124608,50.0,43.391769852770416,287.91215111227956,647.5577141857692
498.90000000000003,1.500224821751167,2.0,24.705882352941178,49.99595075487264,50.0,43.39224546172721,287.9090910007608,647.5559637860988
499.0,1.5001160732326397,2.0,24.705882352941178,49.995951869191856,50.0,43.39272180195754,287.90603586864734,647.5542093895485
499.1,1.5000073334882758,2.0,24.705882352941178,49.99595287481537,50.0,43.39319888171544,287.90298571440394,647.5524509976567
499.20000000000005,1.4998986025176841,2.0,24.705882352941178,49.99595377236045,50.0,43.39367670914086,287.8999405364925,647.5506886119632
499.3,1.4997898803204757,2.0,24.705882352941178,49.99595456244964,50.0,43.394155292253856,287.8969003333721,647.5489222340105
499.40000000000003,1.4996811668962604,2.0,24.705882352941178,49.99595524571089,50.0,43.39463463895817,287.89386510349885,647.5471518653433
499.5,1.499572462244648,2.0,24.705882352941178,49.99595582277732,50.0,43.395114757038755,287.8908348453259,647.5453775075083
499.6,1.4994637663652486,2.0,24.705882352941178,49.99595629428717,50.0,43.395595654163664,287.8878095573035,647.543599162055
499.70000000000005,1.4993550792576722,2.0,24.705882352941178,49.995956660883735,50.0,43.39607733788357,287.8847892378788,647.5418168305348
499.8,1.4992464009215285,2.0,24.705882352941178,49.995956923215374,50.0,43.396559815631555,287.881773885496,647.5400305145015
499.90000000000003,1.4991377313564278,2.0,24.705882352941178,49.9959570819355,50.0,43.397043094722456,287.87876349859624,647.5382402155112
