Time_s,Level_PV_m,Level_SP_m,Level_OP_pct,Temp_PV_C,Temp_SP_C,Temp_OP_pct,CA_PV_mol/m3,CC_PV_mol/m3
0.0,0.6050732660479334,0.5,46.470588235294116,29.983317198313728,39.0,48.23529411764706,747.1558520570156,247.43251872629935
0.1,0.6050497826748967,0.5,46.470588235294116,29.988112512499697,39.0,48.23529411764706,747.2014598086869,247.38814161356456
0.2,0.6050263049131243,0.5,46.470588235294116,29.992908939956635,39.0,48.23529411764706,747.2470122671808,247.3438188341932
0.30000000000000004,0.6050028327613842,0.5,46.470588235294116,29.997706481642638,39.0,48.23529411764706,747.2925094349274,247.29955038563557
0.4,0.6049793662184448,0.5,46.470588235294116,30.002505138516426,39.0,48.23529411764706,747.3379513143441,247.25533626535395
0.5,0.6049559052830744,0.5,46.470588235294116,30.007304911537688,39.0,48.23529411764706,747.3833379078355,247.21117647082275
0.6000000000000001,0.6049324499540419,0.5,46.470588235294116,30.01210580166662,39.0,48.23529411764706,747.4286692177938,247.16707099952845
0.7000000000000001,0.6049090002301163,0.5,46.470588235294116,30.016907809864392,39.0,48.23529411764706,747.4739452465981,247.1230198489696
0.8,0.6048855561100666,0.5,46.470588235294116,30.02171093709302,39.0,48.23529411764706,747.5191659966155,247.07902301665686
0.9,0.6048621175926623,0.5,46.470588235294116,30.026515184315087,39.0,48.23529411764706,747.5643314701997,247.035080500113
1.0,0.6048386846766729,0.5,46.470588235294116,30.031320552494094,39.0,48.23529411764706,747.6094416696919,246.99119229687298
1.1,0.6048152573608683,0.5,46.470588235294116,30.036127042594273,39.0,48.23529411764706,747.654496597421,246.94735840448388
1.2000000000000002,0.6047918356440184,0.5,46.470588235294116,30.040934655580713,39.0,48.23529411764706,747.6994962557025,246.90357882050495
1.3,0.6047684195248935,0.5,46.470588235294116,30.045743392419183,39.0,48.23529411764706,747.7444406468394,246.8598535425076
1.4000000000000001,0.6047450090022644,0.5,46.470588235294116,30.050553254076306,39.0,48.23529411764706,747.7893297731221,246.81618256807542
1.5,0.6047216040749014,0.5,46.470588235294116,30.055364241519612,39.0,48.23529411764706,747.834163636828,246.77256589480425
1.6,0.6046982047415755,0.5,46.470588235294116,30.060176355717203,39.0,48.23529411764706,747.8789422402216,246.72900352030214
1.7000000000000002,0.6046748110010581,0.5,46.470588235294116,30.06498959763809,39.0,48.23529411764706,747.9236655855549,246.6854954421893
1.8,0.6046514228521205,0.5,46.470588235294116,30.069803968252074,39.0,48.23529411764706,747.9683336750666,246.64204165809832
1.9000000000000001,0.6046280402935342,0.5,46.470588235294116,30.07461946852976,39.0,48.23529411764706,748.0129465109832,246.59864216567394
2.0,0.6046046633240713,0.5,46.470588235294116,30.07943609944249,39.0,48.23529411764706,748.0575040955177,246.55529696257324
2.1,0.6045812919425034,0.5,46.470588235294116,30.084253861962452,39.0,48.23529411764706,748.1020064308707,246.51200604646547
2.2,0.6045579261476031,0.5,46.470588235294116,30.089072757062638,39.0,48.23529411764706,748.1464535192295,246.46876941503234
2.3000000000000003,0.6045345659381428,0.5,46.470588235294116,30.093892785716776,39.0,48.23529411764706,748.1908453627686,246.4255870659678
2.4000000000000004,0.6045112113128952,0.5,46.470588235294116,30.098713948899444,39.0,48.23529411764706,748.2351819636499,246.38245899697813
2.5,0.6044878622706332,0.5,46.470588235294116,30.10353624758602,39.0,48.23529411764706,748.2794633240221,246.33938520578198
2.6,0.6044645188101302,0.5,46.470588235294116,30.10835968275279,39.0,48.23529411764706,748.3236894460208,246.29636569011038
2.7,0.6044411809301593,0.5,46.470588235294116,30.113184255376666,39.0,48.23529411764706,748.3678603317688,246.25340044770658
2.8000000000000003,0.6044178486294943,0.5,46.470588235294116,30.11800996643541,39.0,48.23529411764706,748.4119759833761,246.2104894763264
2.9000000000000004,0.604394521906909,0.5,46.470588235294116,30.122836816907636,39.0,48.23529411764706,748.4560364029395,246.16763277373795
3.0,0.6043712007611775,0.5,46.470588235294116,30.12766480777276,39.0,48.23529411764706,748.5000415925429,246.1248303377218
3.1,0.6043478851910737,0.5,46.470588235294116,30.132493940010875,39.0,48.23529411764706,748.5439915542568,246.082082166071
3.2,0.6043245751953726,0.5,46.470588235294116,30.137324214603154,39.0,48.23529411764706,748.5878862901388,246.03938825659094
3.3000000000000003,0.6043012707728487,0.5,46.470588235294116,30.1421556325314,39.0,48.23529411764706,748.6317258022339,245.99674860709953
3.4000000000000004,0.6042779719222768,0.5,46.470588235294116,30.14698819477826,39.0,48.23529411764706,748.6755100925736,245.95416321542712
3.5,0.6042546786424322,0.5,46.470588235294116,30.151821902327185,39.0,48.23529411764706,748.7192391631764,245.91163207941656
3.6,0.6042313909320904,0.5,46.470588235294116,30.156656756162477,39.0,48.23529411764706,748.7629130160477,245.86915519692323
3.7,0.6042081087900268,0.5,46.470588235294116,30.161492757269116,39.0,48.23529411764706,748.80653165318,245.82673256581492
3.8000000000000003,0.6041848322150172,0.5,46.470588235294116,30.166329906633166,39.0,48.23529411764706,748.8500950765521,245.78436418397206
3.9000000000000004,0.6041615612058379,0.5,46.470588235294116,30.1711682052412,39.0,48.23529411764706,748.8936032881302,245.74205004928763
4.0,0.604138295761265,0.5,46.470588235294116,30.176007654080934,39.0,48.23529411764706,748.9370562898671,245.6997901596671
4.1000000000000005,0.604115035880075,0.5,46.470588235294116,30.1808482541407,39.0,48.23529411764706,748.9804540837024,245.65758451302847
4.2,0.6040917815610446,0.5,46.470588235294116,30.18569000640963,39.0,48.23529411764706,749.0237966715628,245.61543310730247
4.3,0.6040685328029508,0.5,46.470588235294116,30.190532911877767,39.0,48.23529411764706,749.0670840553612,245.5733359404323
4.4,0.6040452896045707,0.5,46.470588235294116,30.195376971535893,39.0,48.23529411764706,749.1103162369978,245.5312930103738
4.5,0.6040220519646817,0.5,46.470588235294116,30.200222186375754,39.0,48.23529411764706,749.1534932183598,245.4893043150955
4.6000000000000005,0.6039988198820615,0.5,46.470588235294116,30.20506855738978,39.0,48.23529411764706,749.1966150013203,245.4473698525785
4.7,0.6039755933554878,0.5,46.470588235294116,30.209916085571308,39.0,48.23529411764706,749.2396815877396,245.40548962081664
4.800000000000001,0.6039523723837388,0.5,46.470588235294116,30.21476477191453,39.0,48.23529411764706,749.2826929794647,245.36366361781631
4.9,0.6039291569655924,0.5,46.470588235294116,30.219614617414436,39.0,48.23529411764706,749.3256491783296,245.32189184159674
5.0,0.6039059470998276,0.5,46.470588235294116,30.22446562306675,39.0,48.23529411764706,749.3685501861545,245.28017429018976
5.1000000000000005,0.6038827427852228,0.5,46.470588235294116,30.229317789868276,39.0,48.23529411764706,749.4113960047464,245.23851096163986
5.2,0.6038595440205569,0.5,46.470588235294116,30.234171118816334,39.0,48.23529411764706,749.4541866358991,245.19690185400438
5.300000000000001,0.6038363508046093,0.5,46.470588235294116,30.23902561090938,39.0,48.23529411764706,749.4969220813928,245.15534696535337
5.4,0.6038131631361592,0.5,46.470588235294116,30.243881267146378,39.0,48.23529411764706,749.5396023429945,245.1138462937696
5.5,0.6037899810139861,0.5,46.470588235294116,30.248738088527546,39.0,48.23529411764706,749.5822274224578,245.07239983734866
5.6000000000000005,0.6037668044368699,0.5,46.470588235294116,30.25359607605361,39.0,48.23529411764706,749.6247973215229,245.03100759419885
5.7,0.6037436334035908,0.5,46.470588235294116,30.258455230726213,39.0,48.23529411764706,749.6673120419166,244.98966956244143
5.800000000000001,0.603720467912929,0.5,46.470588235294116,30.263315553547955,39.0,48.23529411764706,749.7097715853521,244.94838574021034
5.9,0.6036973079636648,0.5,46.470588235294116,30.268177045522123,39.0,48.23529411764706,749.7521759535292,244.9071561256523
6.0,0.603674153554579,0.5,46.470588235294116,30.273039707653027,39.0,48.23529411764706,749.7945251481344,244.8659807169271
6.1000000000000005,0.6036510046844527,0.5,46.470588235294116,30.2779035409456,39.0,48.23529411764706,749.8368191708407,244.82485951220718
6.2,0.6036278613520667,0.5,46.470588235294116,30.282768546405862,39.0,48.23529411764706,749.8790580233075,244.78379250967794
6.300000000000001,0.6036047235562028,0.5,46.470588235294116,30.287634725040505,39.0,48.23529411764706,749.9212417071806,244.74277970753766
6.4,0.6035815912956422,0.5,46.470588235294116,30.29250207785708,39.0,48.23529411764706,749.9633702240923,244.70182110399753
6.5,0.6035584645691668,0.5,46.470588235294116,30.297370605864046,39.0,48.23529411764706,750.0054435756614,244.66091669728164
6.6000000000000005,0.6035353433755588,0.5,46.470588235294116,30.302240310070772,39.0,48.23529411764706,750.0474617634932,244.62006648562706
6.7,0.6035122277136006,0.5,46.470588235294116,30.307111191487365,39.0,48.23529411764706,750.0894247891794,244.57927046728378
6.800000000000001,0.6034891175820742,0.5,46.470588235294116,30.311983251124786,39.0,48.23529411764706,750.131332654298,244.53852864051476
6.9,0.6034660129797628,0.5,46.470588235294116,30.31685648999496,39.0,48.23529411764706,750.1731853604136,244.4978410035959
7.0,0.6034429139054489,0.5,46.470588235294116,30.321730909110613,39.0,48.23529411764706,750.2149829090771,244.4572075548162
7.1000000000000005,0.6034198203579159,0.5,46.470588235294116,30.326606509485373,39.0,48.23529411764706,750.2567253018256,244.41662829247755
7.2,0.6033967323359469,0.5,46.470588235294116,30.331483292133612,39.0,48.23529411764706,750.2984125401824,244.37610321489493
7.300000000000001,0.603373649838326,0.5,46.470588235294116,30.33636125807061,39.0,48.23529411764706,750.3400446256577,244.33563232039634
7.4,0.6033505728638365,0.5,46.470588235294116,30.341240408312615,39.0,48.23529411764706,750.3816215597476,244.2952156073228
7.5,0.6033275014112626,0.5,46.470588235294116,30.34612074387661,39.0,48.23529411764706,750.4231433439345,244.25485307402852
7.6000000000000005,0.6033044354793885,0.5,46.470588235294116,30.351002265780437,39.0,48.23529411764706,750.4646099796872,244.2145447188806
7.7,0.6032813750669986,0.5,46.470588235294116,30.355884975042898,39.0,48.23529411764706,750.5060214684609,244.17429054025945
7.800000000000001,0.6032583201728777,0.5,46.470588235294116,30.360768872683707,39.0,48.23529411764706,750.5473778116967,244.13409053655843
7.9,0.6032352707958111,0.5,46.470588235294116,30.36565395972326,39.0,48.23529411764706,750.5886790108221,244.09394470618412
8.0,0.6032122269345834,0.5,46.470588235294116,30.370540237182865,39.0,48.23529411764706,750.629925067251,244.05385304755623
8.1,0.60318918858798,0.5,46.470588235294116,30.37542770608485,39.0,48.23529411764706,750.671115982383,244.01381555910757
8.200000000000001,0.6031661557547866,0.5,46.470588235294116,30.380316367452338,39.0,48.23529411764706,750.7122517576043,243.9738322392842
8.3,0.603143128433789,0.5,46.470588235294116,30.385206222309364,39.0,48.23529411764706,750.7533323942876,243.93390308654537
8.4,0.6031201066237732,0.5,46.470588235294116,30.390097271680702,39.0,48.23529411764706,750.7943578937908,243.89402809936345
8.5,0.6030970903235253,0.5,46.470588235294116,30.394989516592034,39.0,48.23529411764706,750.8353282574587,243.85420727622414
8.6,0.603074079531832,0.5,46.470588235294116,30.399882958070066,39.0,48.23529411764706,750.8762434866222,243.81444061562627
8.700000000000001,0.60305107424748,0.5,46.470588235294116,30.4047775971423,39.0,48.23529411764706,750.9171035825979,243.77472811608197
8.8,0.6030280744692559,0.5,46.470588235294116,30.409673434837032,39.0,48.23529411764706,750.9579085466885,243.7350697761167
8.9,0.603005080195947,0.5,46.470588235294116,30.414570472183584,39.0,48.23529411764706,750.9986583801832,243.69546559426902
9.0,0.6029820914263406,0.5,46.470588235294116,30.419468710212016,39.0,48.23529411764706,751.039353084357,243.655915569091
9.1,0.6029591081592243,0.5,46.470588235294116,30.424368149953523,39.0,48.23529411764706,751.0799926604709,243.61641969914785
9.200000000000001,0.6029361303933859,0.5,46.470588235294116,30.429268792439814,39.0,48.23529411764706,751.120577109772,243.57697798301825
9.3,0.6029131581276134,0.5,46.470588235294116,30.434170638703847,39.0,48.23529411764706,751.1611064334932,243.53759041929413
9.4,0.602890191360695,0.5,46.470588235294116,30.43907368977915,39.0,48.23529411764706,751.2015806328538,243.4982570065808
9.5,0.6028672300914192,0.5,46.470588235294116,30.443977946700443,39.0,48.23529411764706,751.2419997090591,243.4589777434969
9.600000000000001,0.6028442743185746,0.5,46.470588235294116,30.448883410503242,39.0,48.23529411764706,751.2823636632995,243.41975262867456
9.700000000000001,0.6028213240409502,0.5,46.470588235294116,30.453790082223748,39.0,48.23529411764706,751.3226724967524,243.38058166075922
9.8,0.6027983792573349,0.5,46.470588235294116,30.458697962899237,39.0,48.23529411764706,751.3629262105806,243.34146483840976
9.9,0.6027754399665184,0.5,46.470588235294116,30.463607053567955,39.0,48.23529411764706,751.4031248059327,243.30240216029853
10.0,0.6027525061672898,0.5,46.470588235294116,30.468517355268887,39.0,48.23529411764706,751.4432682839438,243.26339362511132
10.100000000000001,0.6027295778584392,0.5,46.470588235294116,30.47342886904198,39.0,48.23529411764706,751.4833566457341,243.22443923154734
10.200000000000001,0.6027066550387565,0.5,46.470588235294116,30.478341595927986,39.0,48.23529411764706,751.5233898924101,243.18553897831933
10.3,0.6026837377070319,0.5,46.470588235294116,30.483255536968784,39.0,48.23529411764706,751.5633680250643,243.14669286415352
10.4,0.6026608258620557,0.5,46.470588235294116,30.48817069320694,39.0,48.23529411764706,751.6032910447744,243.10790088778958
10.5,0.6026379195026187,0.5,46.470588235294116,30.493087065686098,39.0,48.23529411764706,751.6431589526046,243.06916304798088
10.600000000000001,0.6026150186275117,0.5,46.470588235294116,30.498004655450586,39.0,48.23529411764706,751.6829717496045,243.03047934349414
10.700000000000001,0.6025921232355258,0.5,46.470588235294116,30.502923463545812,39.0,48.23529411764706,751.7227294368095,242.99184977310975
10.8,0.6025692333254524,0.5,46.470588235294116,30.507843491018093,39.0,48.23529411764706,751.762432015241,242.95327433562161
10.9,0.602546348896083,0.5,46.470588235294116,30.512764738914484,39.0,48.23529411764706,751.802079485906,242.91475302983727
11.0,0.6025234699462095,0.5,46.470588235294116,30.517687208283178,39.0,48.23529411764706,751.8416718497971,242.8762858545779
11.100000000000001,0.6025005964746236,0.5,46.470588235294116,30.522610900173163,39.0,48.23529411764706,751.8812091078928,242.8378728086782
11.200000000000001,0.6024777284801177,0.5,46.470588235294116,30.527535815634224,39.0,48.23529411764706,751.9206912611572,242.79951389098662
11.3,0.6024548659614842,0.5,46.470588235294116,30.532461955717167,39.0,48.23529411764706,751.9601183105402,242.7612091003652
11.4,0.6024320089175157,0.5,46.470588235294116,30.53738932147394,39.0,48.23529411764706,751.9994902569772,242.72295843568963
11.5,0.602409157347005,0.5,46.470588235294116,30.542317913956992,39.0,48.23529411764706,752.0388071013894,242.6847618958493
11.600000000000001,0.6023863112487451,0.5,46.470588235294116,30.547247734220093,39.0,48.23529411764706,752.0780688446833,242.64661947974736
11.700000000000001,0.6023634706215296,0.5,46.470588235294116,30.55217878331763,39.0,48.23529411764706,752.1172754877514,242.60853118630055
11.8,0.6023406354641517,0.5,46.470588235294116,30.557111062304955,39.0,48.23529411764706,752.1564270314718,242.5704970144395
11.9,0.6023178057754053,0.5,46.470588235294116,30.562044572238506,39.0,48.23529411764706,752.1955234767079,242.53251696310843
12.0,0.6022949815540845,0.5,46.470588235294116,30.5669793141754,39.0,48.23529411764706,752.2345648243087,242.49459103126546
12.100000000000001,0.6022721627989831,0.5,46.470588235294116,30.571915289173944,39.0,48.23529411764706,752.2735510751088,242.45671921788244
12.200000000000001,0.6022493495088962,0.5,46.470588235294116,30.576852498293135,39.0,48.23529411764706,752.3124822299286,242.41890152194495
12.3,0.6022265416826175,0.5,46.470588235294116,30.58179094259316,39.0,48.23529411764706,752.3513582895736,242.38113794245248
12.4,0.6022037393189426,0.5,46.470588235294116,30.586730623134827,39.0,48.23529411764706,752.3901792548351,242.3434284784183
12.5,0.6021809424166661,0.5,46.470588235294116,30.591671540980087,39.0,48.23529411764706,752.4289451264896,242.30577312886953
12.600000000000001,0.6021581509745834,0.5,46.470588235294116,30.5966136971918,39.0,48.23529411764706,752.4676559052992,242.26817189284716
12.700000000000001,0.60213536499149,0.5,46.470588235294116,30.60155709283373,39.0,48.23529411764706,752.5063115920117,242.23062476940606
12.8,0.6021125844661819,0.5,46.470588235294116,30.606501728970443,39.0,48.23529411764706,752.5449121873598,242.19313175761496
12.9,0.6020898093974546,0.5,46.470588235294116,30.611447606667696,39.0,48.23529411764706,752.5834576920621,242.15569285655653
13.0,0.6020670397841047,0.5,46.470588235294116,30.616394726991984,39.0,48.23529411764706,752.6219481068221,242.11830806532734
13.100000000000001,0.6020442756249282,0.5,46.470588235294116,30.621343091010885,39.0,48.23529411764706,752.6603834323291,242.08097738303798
13.200000000000001,0.602021516918722,0.5,46.470588235294116,30.626292699792828,39.0,48.23529411764706,752.6987636692577,242.04370080881287
13.3,0.6019987636642825,0.5,46.470588235294116,30.63124355440715,39.0,48.23529411764706,752.7370888182676,242.0064783417905
13.4,0.6019760158604072,0.5,46.470588235294116,30.63619565592421,39.0,48.23529411764706,752.7753588800042,241.9693099811233
13.5,0.6019532735058932,0.5,46.470588235294116,30.64114900541523,39.0,48.23529411764706,752.8135738550978,241.93219572597772
13.600000000000001,0.6019305365995379,0.5,46.470588235294116,30.646103603952554,39.0,48.23529411764706,752.8517337441642,241.89513557553425
13.700000000000001,0.6019078051401391,0.5,46.470588235294116,30.651059452609275,39.0,48.23529411764706,752.8898385478044,241.85812952898743
13.8,0.6018850791264949,0.5,46.470588235294116,30.656016552459505,39.0,48.23529411764706,752.9278882666048,241.82117758554574
13.9,0.601862358557403,0.5,46.470588235294116,30.660974904578325,39.0,48.23529411764706,752.9658829011368,241.7842797444319
14.0,0.6018396434316622,0.5,46.470588235294116,30.66593451004161,39.0,48.23529411764706,753.0038224519571,241.74743600488262
14.100000000000001,0.6018169337480708,0.5,46.470588235294116,30.670895369926427,39.0,48.23529411764706,753.0417069196077,241.71064636614867
14.200000000000001,0.6017942295054276,0.5,46.470588235294116,30.675857485310814,39.0,48.23529411764706,753.0795363046159,241.6739108274951
14.3,0.6017715307025316,0.5,46.470588235294116,30.680820857273545,39.0,48.23529411764706,753.1173106074938,241.63722938820095
14.4,0.6017488373381823,0.5,46.470588235294116,30.685785486894417,39.0,48.23529411764706,753.155029828739,241.60060204755945
14.5,0.6017261494111792,0.5,46.470588235294116,30.69075137525425,39.0,48.23529411764706,753.192693968834,241.56402880487803
14.600000000000001,0.6017034669203216,0.5,46.470588235294116,30.695718523434834,39.0,48.23529411764706,753.2303030282466,241.52750965947828
14.700000000000001,0.6016807898644096,0.5,46.470588235294116,30.70068693251892,39.0,48.23529411764706,753.2678570074295,241.49104461069598
14.8,0.6016581182422436,0.5,46.470588235294116,30.70565660359,39.0,48.23529411764706,753.3053559068206,241.45463365788117
14.9,0.6016354520526235,0.5,46.470588235294116,30.710627537732933,39.0,48.23529411764706,753.3427997268428,241.41827680039813
15.0,0.6016127912943501,0.5,46.470588235294116,30.715599736033198,39.0,48.23529411764706,753.3801884679042,241.3819740376253
15.100000000000001,0.601590135966224,0.5,46.470588235294116,30.720573199577416,39.0,48.23529411764706,753.4175221303979,241.34572536895547
15.200000000000001,0.6015674860670462,0.5,46.470588235294116,30.72554792945317,39.0,48.23529411764706,753.4548007147016,241.30953079379572
15.3,0.6015448415956183,0.5,46.470588235294116,30.730523926748845,39.0,48.23529411764706,753.4920242211786,241.2733903115674
15.4,0.6015222025507413,0.5,46.470588235294116,30.735501192553954,39.0,48.23529411764706,753.5291926501767,241.23730392170623
15.5,0.601499568931217,0.5,46.470588235294116,30.74047972795904,39.0,48.23529411764706,753.566306002029,241.2012716236622
15.600000000000001,0.6014769407358475,0.5,46.470588235294116,30.7454595340555,39.0,48.23529411764706,753.6033642770533,241.1652934168997
15.700000000000001,0.6014543179634343,0.5,46.470588235294116,30.750440611935687,39.0,48.23529411764706,753.6403674755525,241.12936930089745
15.8,0.6014317006127803,0.5,46.470588235294116,30.755422962693046,39.0,48.23529411764706,753.6773155978142,241.0934992751486
15.9,0.6014090886826879,0.5,46.470588235294116,30.76040658742187,39.0,48.23529411764706,753.7142086441111,241.05768333916066
16.0,0.60138648217196,0.5,46.470588235294116,30.765391487217528,39.0,48.23529411764706,753.7510466147007,241.02192149245556
16.1,0.6013638810793991,0.5,46.470588235294116,30.77037766317636,39.0,48.23529411764706,753.7878295098252,240.98621373456973
16.2,0.6013412854038087,0.5,46.470588235294116,30.775365116395733,39.0,48.23529411764706,753.8245573297118,240.950560065054
16.3,0.601318695143992,0.5,46.470588235294116,30.7803538479738,39.0,48.23529411764706,753.8612300745725,240.9149604834736
16.400000000000002,0.6012961102987532,0.5,46.470588235294116,30.785343859009856,39.0,48.23529411764706,753.8978477446041,240.87941498940842
16.5,0.6012735308668956,0.5,46.470588235294116,30.79033515060422,39.0,48.23529411764706,753.934410339988,240.84392358245273
16.6,0.6012509568472235,0.5,46.470588235294116,30.795327723858236,39.0,48.23529411764706,753.9709178608905,240.80848626221535
16.7,0.6012283882385412,0.5,46.470588235294116,30.800321579873923,39.0,48.23529411764706,754.0073703074628,240.77310302831964
16.8,0.601205825039653,0.5,46.470588235294116,30.805316719754614,39.0,48.23529411764706,754.0437676798405,240.73777388040355
16.900000000000002,0.601183267249364,0.5,46.470588235294116,30.81031314460455,39.0,48.23529411764706,754.0801099781443,240.70249881811952
17.0,0.6011607148664787,0.5,46.470588235294116,30.815310855528878,39.0,48.23529411764706,754.116397202479,240.66727784113468
17.1,0.6011381678898026,0.5,46.470588235294116,30.820309853634,39.0,48.23529411764706,754.1526293529347,240.6321109491307
17.2,0.601115626318141,0.5,46.470588235294116,30.825310140027,39.0,48.23529411764706,754.1888064295858,240.59699814180385
17.3,0.6010930901502995,0.5,46.470588235294116,30.83031171581598,39.0,48.23529411764706,754.2249284324915,240.5619394188651
17.400000000000002,0.6010705593850839,0.5,46.470588235294116,30.835314582110357,39.0,48.23529411764706,754.2609953616956,240.52693478004005
17.5,0.6010480340213002,0.5,46.470588235294116,30.840318740020336,39.0,48.23529411764706,754.2970072172262,240.491984225069
17.6,0.6010255140577548,0.5,46.470588235294116,30.84532419065698,39.0,48.23529411764706,754.3329639990965,240.45708775370693
17.7,0.6010029994932542,0.5,46.470588235294116,30.85033093513266,39.0,48.23529411764706,754.3688657073037,240.42224536572348
17.8,0.6009804903266048,0.5,46.470588235294116,30.85533897456054,39.0,48.23529411764706,754.4047123418298,240.38745706090313
17.900000000000002,0.6009579865566138,0.5,46.470588235294116,30.860348310054803,39.0,48.23529411764706,754.4405039026416,240.352722839045
18.0,0.6009354881820884,0.5,46.470588235294116,30.865358942730722,39.0,48.23529411764706,754.4762403896899,240.31804269996294
18.1,0.6009129952018359,0.5,46.470588235294116,30.870370873704587,39.0,48.23529411764706,754.5119218029105,240.28341664348577
18.2,0.6008905076146639,0.5,46.470588235294116,30.875384104093655,39.0,48.23529411764706,754.5475481422231,240.24884466945693
18.3,0.6008680254193799,0.5,46.470588235294116,30.880398635016263,39.0,48.23529411764706,754.5831194075323,240.2143267777347
18.400000000000002,0.600845548614792,0.5,46.470588235294116,30.88541446759166,39.0,48.23529411764706,754.618635598727,240.17986296819225
18.5,0.6008230771997085,0.5,46.470588235294116,30.89043160294017,39.0,48.23529411764706,754.6540967156806,240.14545324071756
18.6,0.6008006111729383,0.5,46.470588235294116,30.895450042183143,39.0,48.23529411764706,754.6895027582505,240.1110975952135
18.7,0.6007781505332895,0.5,46.470588235294116,30.900469786442898,39.0,48.23529411764706,754.724853726279,240.07679603159775
18.8,0.6007556952795711,0.5,46.470588235294116,30.90549083684283,39.0,48.23529411764706,754.7601496195924,240.042548549803
18.900000000000002,0.6007332454105926,0.5,46.470588235294116,30.910513194507246,39.0,48.23529411764706,754.7953904380016,240.00835514977683
19.0,0.6007108009251628,0.5,46.470588235294116,30.915536860561758,39.0,48.23529411764706,754.8305761813016,239.97421583148167
19.1,0.6008196574804232,0.5,25.294117647058822,30.88806640273424,39.0,27.647058823529413,754.8657904124829,239.9400487346673
19.200000000000003,0.6009284998273448,0.5,25.294117647058822,30.860598686588844,39.0,27.647058823529413,754.9011581444855,239.90573139243656
19.3,0.6010373279690685,0.5,25.294117647058822,30.83313374447016,39.0,27.647058823529413,754.9366788253867,239.87126434284644
19.400000000000002,0.6011461419087343,0.5,25.294117647058822,30.805671608613522,39.0,27.647058823529413,754.9723519047645,239.83664812248998
19.5,0.6012549416494809,0.5,25.294117647058822,30.77821231114541,39.0,27.647058823529413,755.008176833695,239.80188326649935
19.6,0.6013637271944454,0.5,25.294117647058822,30.750755884083617,39.0,27.647058823529413,755.0441530647487,239.76697030854882
19.700000000000003,0.601472498546764,0.5,25.294117647058822,30.723302359337538,39.0,27.647058823529413,755.0802800519883,239.73190978085776
19.8,0.6015812557095717,0.5,25.294117647058822,30.695851768708394,39.0,27.647058823529413,755.116557250965,239.69670221419383
19.900000000000002,0.6016899986860018,0.5,25.294117647058822,30.668404143889347,39.0,27.647058823529413,755.152984118716,239.66134813787568
20.0,0.6017987274791867,0.5,25.294117647058822,30.64095951646584,39.0,27.647058823529413,755.1895601137609,239.62584807977626
20.1,0.6019074420922573,0.5,25.294117647058822,30.613517917915942,39.0,27.647058823529413,755.2262846960991,239.5902025663257
20.200000000000003,0.6020161425283437,0.5,25.294117647058822,30.58607937961034,39.0,27.647058823529413,755.2631573272066,239.55441212251432
20.3,0.6021248287905739,0.5,25.294117647058822,30.558643932812743,39.0,27.647058823529413,755.3001774700331,239.5184772718957
20.400000000000002,0.6022335008820756,0.5,25.294117647058822,30.53121160867994,39.0,27.647058823529413,755.3373445889986,239.4823985365897
20.5,0.6023421588059749,0.5,25.294117647058822,30.503782438262306,39.0,27.647058823529413,755.3746581499909,239.4461764372853
20.6,0.6024508025653962,0.5,25.294117647058822,30.47635645250375,39.0,27.647058823529413,755.412117620362,239.40981149324384
20.700000000000003,0.6025594321634632,0.5,25.294117647058822,30.448933682241943,39.0,27.647058823529413,755.4497224689254,239.37330422230193
20.8,0.6026680476032981,0.5,25.294117647058822,30.42151415820888,39.0,27.647058823529413,755.4874721659535,239.33665514087448
20.900000000000002,0.6027766488880216,0.5,25.294117647058822,30.39409791103077,39.0,27.647058823529413,755.5253661831733,239.29986476395766
21.0,0.602885236020754,0.5,25.294117647058822,30.366684971228494,39.0,27.647058823529413,755.5634039937646,239.262933605132
21.1,0.6029938090046136,0.5,25.294117647058822,30.33927536921766,39.0,27.647058823529413,755.6015850723563,239.22586217656527
21.200000000000003,0.6031023678427176,0.5,25.294117647058822,30.311869135308882,39.0,27.647058823529413,755.639908895024,239.18865098901557
21.3,0.6032109125381822,0.5,25.294117647058822,30.284466299708015,39.0,27.647058823529413,755.6783749392858,239.15130055183437
21.400000000000002,0.6033194430941218,0.5,25.294117647058822,30.25706689251649,39.0,27.647058823529413,755.7169826841009,239.1138113729694
21.5,0.6034279595136501,0.5,25.294117647058822,30.229670943731435,39.0,27.647058823529413,755.755731609865,239.07618395896773
21.6,0.6035364617998795,0.5,25.294117647058822,30.202278483245834,39.0,27.647058823529413,755.7946211984083,239.03841881497874
21.700000000000003,0.603644949955921,0.5,25.294117647058822,30.174889540848937,39.0,27.647058823529413,755.8336509329919,239.00051644475718
21.8,0.6037534239848842,0.5,25.294117647058822,30.147504146226424,39.0,27.647058823529413,755.8728202983052,238.96247735066606
21.900000000000002,0.603861883889878,0.5,25.294117647058822,30.120122328960576,39.0,27.647058823529413,755.9121287804626,238.92430203367974
22.0,0.6039703296740092,0.5,25.294117647058822,30.092744118530618,39.0,27.647058823529413,755.9515758670003,238.88599099338688
22.1,0.6040787613403842,0.5,25.294117647058822,30.065369544312603,39.0,27.647058823529413,755.9911610468741,238.84754472799344
22.200000000000003,0.6041871788921077,0.5,25.294117647058822,30.037998635580323,39.0,27.647058823529413,756.0308838104552,238.8089637343257
22.3,0.6042955823322832,0.5,25.294117647058822,30.010631421504854,39.0,27.647058823529413,756.0707436495279,238.77024850783306
22.400000000000002,0.6044039716640133,0.5,25.294117647058822,29.983267931155126,39.0,27.647058823529413,756.1107400572869,238.73139954259148
22.5,0.6045123468903988,0.5,25.294117647058822,29.95590819349809,39.0,27.647058823529413,756.1508725283331,238.69241733130593
22.6,0.6046207080145396,0.5,25.294117647058822,29.928552237398947,39.0,27.647058823529413,756.1911405586719,238.65330236531378
22.700000000000003,0.6047290550395344,0.5,25.294117647058822,29.901200091621433,39.0,27.647058823529413,756.2315436457095,238.61405513458755
22.8,0.6048373879684806,0.5,25.294117647058822,29.873851784827934,39.0,27.647058823529413,756.2720812882495,238.57467612773792
22.900000000000002,0.6049457068044745,0.5,25.294117647058822,29.846507345579653,39.0,27.647058823529413,756.312752986491,238.53516583201684
23.0,0.6050540115506107,0.5,25.294117647058822,29.81916680233718,39.0,27.647058823529413,756.3535582420243,238.49552473332045
23.1,0.6051623022099831,0.5,25.294117647058822,29.791830183460434,39.0,27.647058823529413,756.3944965578289,238.4557533161919
23.200000000000003,0.6052705787856841,0.5,25.294117647058822,29.76449751720901,39.0,27.647058823529413,756.4355674382703,238.4158520638246
23.3,0.605378841280805,0.5,25.294117647058822,29.73716883174211,39.0,27.647058823529413,756.4767703890964,238.3758214580649
23.400000000000002,0.6054870896984356,0.5,25.294117647058822,29.7098441551193,39.0,27.647058823529413,756.518104917435,238.33566197941536
23.5,0.6055953240416648,0.5,25.294117647058822,29.68252351530026,39.0,27.647058823529413,756.5595705317909,238.29537410703747
23.6,0.60570354431358,0.5,25.294117647058822,29.655206940145376,39.0,27.647058823529413,756.6011667420421,238.25495831875475
23.700000000000003,0.6058117505172675,0.5,25.294117647058822,29.627894457415778,39.0,27.647058823529413,756.6428930594384,238.21441509105563
23.8,0.6059199426558126,0.5,25.294117647058822,29.600586094773575,39.0,27.647058823529413,756.6847489965962,238.1737448990965
23.900000000000002,0.606028120732299,0.5,25.294117647058822,29.573281879781916,39.0,27.647058823529413,756.7267340674974,238.13294821670462
24.0,0.6061362847498092,0.5,25.294117647058822,29.54598183990572,39.0,27.647058823529413,756.7688477874852,238.09202551638106
24.1,0.6062444347114248,0.5,25.294117647058822,29.518686002511345,39.0,27.647058823529413,756.811089673262,238.05097726930367
24.200000000000003,0.606352570620226,0.5,25.294117647058822,29.4913943948672,39.0,27.647058823529413,756.8534592428858,238.00980394533013
24.3,0.6064606924792914,0.5,25.294117647058822,29.464107044143816,39.0,27.647058823529413,756.8959560157674,237.9685060130007
24.400000000000002,0.606568800291699,0.5,25.294117647058822,29.436823977414065,39.0,27.647058823529413,756.938579512667,237.92708393954138
24.5,0.6066768940605253,0.5,25.294117647058822,29.409545221653445,39.0,27.647058823529413,756.9813292556925,237.8855381908667
24.6,0.6067849737888454,0.5,25.294117647058822,29.382270803740198,39.0,27.647058823529413,757.0242047682946,237.84386923158277
24.700000000000003,0.6068930394797334,0.5,25.294117647058822,29.3550007504557,39.0,27.647058823529413,757.0672055752651,237.80207752499012
24.8,0.6070010911362623,0.5,25.294117647058822,29.3277350884847,39.0,27.647058823529413,757.1103312027342,237.7601635330868
24.900000000000002,0.6071091287615036,0.5,25.294117647058822,29.30047384441525,39.0,27.647058823529413,757.1535811781662,237.71812771657108
25.0,0.6072171523585278,0.5,25.294117647058822,29.273217044739226,39.0,27.647058823529413,757.1969550303578,237.6759705348446
25.1,0.607325161930404,0.5,25.294117647058822,29.24596471585255,39.0,27.647058823529413,757.2404522894343,237.6336924460151
25.200000000000003,0.6074331574802,0.5,25.294117647058822,29.21871688405514,39.0,27.647058823529413,757.2840724868469,237.59129390689964
25.3,0.6075411390109827,0.5,25.294117647058822,29.191473575551584,39.0,27.647058823529413,757.3278151553695,237.54877537302733
25.400000000000002,0.6076491065258176,0.5,25.294117647058822,29.164234816450914,39.0,27.647058823529413,757.3716798290967,237.50613729864216
25.5,0.607757060027769,0.5,25.294117647058822,29.13700063276707,39.0,27.647058823529413,757.4156660434395,237.46338013670612
25.6,0.6078649995199001,0.5,25.294117647058822,29.109771050419113,39.0,27.647058823529413,757.459773335123,237.42050433890202
25.700000000000003,0.6079729250052727,0.5,25.294117647058822,29.082546095231464,39.0,27.647058823529413,757.5040012421834,237.37751035563642
25.8,0.6080808364869476,0.5,25.294117647058822,29.055325792934013,39.0,27.647058823529413,757.5483493039651,237.33439863604264
25.900000000000002,0.6081887339679838,0.5,25.294117647058822,29.028110169162517,39.0,27.647058823529413,757.5928170611174,237.29116962798346
26.0,0.6082966174514401,0.5,25.294117647058822,29.000899249458655,39.0,27.647058823529413,757.6374040555921,237.24782377805423
26.1,0.6084044869403733,0.5,25.294117647058822,28.973693059270317,39.0,27.647058823529413,757.6821098306398,237.20436153158565
26.200000000000003,0.6085123424378391,0.5,25.294117647058822,28.946491623952,39.0,27.647058823529413,757.7269339308076,237.1607833326467
26.3,0.6086201839468924,0.5,25.294117647058822,28.919294968764632,39.0,27.647058823529413,757.7718759019359,237.11708962404768
26.400000000000002,0.6087280114705865,0.5,25.294117647058822,28.892103118876264,39.0,27.647058823529413,757.8169352911556,237.07328084734283
26.5,0.6088358250119735,0.5,25.294117647058822,28.864916099361835,39.0,27.647058823529413,757.8621116468846,237.02935744283346
26.6,0.6089436245741044,0.5,25.294117647058822,28.83773393520397,39.0,27.647058823529413,757.9074045188257,236.98531984957077
26.700000000000003,0.6090514101600293,0.5,25.294117647058822,28.810556651292586,39.0,27.647058823529413,757.9528134579631,236.94116850535872
26.8,0.6091591817727964,0.5,25.294117647058822,28.78338427242545,39.0,27.647058823529413,757.9983380165593,236.8969038467569
26.900000000000002,0.6092669394154534,0.5,25.294117647058822,28.756216823308478,39.0,27.647058823529413,758.0439777481529,236.8525263090835
27.0,0.6093746830910463,0.5,25.294117647058822,28.729054328555662,39.0,27.647058823529413,758.0897322075548,236.808036326418
27.1,0.6094824128026202,0.5,25.294117647058822,28.701896812689654,39.0,27.647058823529413,758.1356009508459,236.76343433160434
27.200000000000003,0.6095901285532186,0.5,25.294117647058822,28.67474430014164,39.0,27.647058823529413,758.1815835353741,236.71872075625348
27.3,0.6096978303458843,0.5,25.294117647058822,28.647596815251745,39.0,27.647058823529413,758.2276795197512,236.67389603074653
27.400000000000002,0.6098055181836586,0.5,25.294117647058822,28.620454382269315,39.0,27.647058823529413,758.2738884638495,236.62896058423746
27.5,0.6099131920695817,0.5,25.294117647058822,28.59331702535303,39.0,27.647058823529413,758.3202099288002,236.58391484465608
27.6,0.6100208520066925,0.5,25.294117647058822,28.566184768571134,39.0,27.647058823529413,758.3666434769889,236.53875923871067
27.700000000000003,0.6101284979980288,0.5,25.294117647058822,28.539057635901713,39.0,27.647058823529413,758.413188672054,236.49349419189113
27.8,0.6102361300466275,0.5,25.294117647058822,28.511935651232875,39.0,27.647058823529413,758.4598450788832,236.44812012847166
27.900000000000002,0.6103437481555235,0.5,25.294117647058822,28.484818838362912,39.0,27.647058823529413,758.5066122636101,236.40263747151369
28.0,0.6104513523277512,0.5,25.294117647058822,28.457707221000646,39.0,27.647058823529413,758.5534897936125,236.35704664286868
28.1,0.6105589425663437,0.5,25.294117647058822,28.43060082276571,39.0,27.647058823529413,758.6004772375086,236.3113480631809
28.200000000000003,0.6106665188743325,0.5,25.294117647058822,28.40349966718844,39.0,27.647058823529413,758.6475741651541,236.26554215189054
28.3,0.6107740812547484,0.5,25.294117647058822,28.376403777710493,39.0,27.647058823529413,758.6947801476399,236.21962932723616
28.400000000000002,0.6108816297106209,0.5,25.294117647058822,28.349313177684735,39.0,27.647058823529413,758.7420947572887,236.17361000625783
28.5,0.6109891642449781,0.5,25.294117647058822,28.322227890375757,39.0,27.647058823529413,758.789517567652,236.12748460479986
28.6,0.6110966848608469,0.5,25.294117647058822,28.29514793895987,39.0,27.647058823529413,758.8370481535078,236.08125353751362
28.700000000000003,0.6112041915612533,0.5,25.294117647058822,28.26807334652551,39.0,27.647058823529413,758.8846860908575,236.0349172178603
28.8,0.6113116843492219,0.5,25.294117647058822,28.241004136073173,39.0,27.647058823529413,758.9324309569225,235.98847605811392
28.900000000000002,0.6114191632277763,0.5,25.294117647058822,28.21394033051598,39.0,27.647058823529413,758.9802823301418,235.941930469364
29.0,0.6115266281999385,0.5,25.294117647058822,28.18688195267964,39.0,27.647058823529413,759.0282397901691,235.8952808615183
29.1,0.6116340792687299,0.5,25.294117647058822,28.159829025302827,39.0,27.647058823529413,759.0763029178701,235.84852764330589
29.200000000000003,0.6117415164371701,0.5,25.294117647058822,28.132781571037242,39.0,27.647058823529413,759.124471295319,235.8016712222797
29.3,0.611848939708278,0.5,25.294117647058822,28.105739612448076,39.0,27.647058823529413,759.1727445057965,235.7547120048195
29.400000000000002,0.611956349085071,0.5,25.294117647058822,28.07870317201389,39.0,27.647058823529413,759.2211221337861,235.70765039613462
29.5,0.6120637445705654,0.5,25.294117647058822,28.051672272127348,39.0,27.647058823529413,759.2696037649719,235.6604868002668
29.6,0.6121711261677764,0.5,25.294117647058822,28.024646935094665,39.0,27.647058823529413,759.318188986235,235.61322162009284
29.700000000000003,0.612278493879718,0.5,25.294117647058822,27.997627183136615,39.0,27.647058823529413,759.3668773856517,235.56585525732757
29.8,0.612385847709403,0.5,25.294117647058822,27.97061303838825,39.0,27.647058823529413,759.4156685524898,235.51838811252654
29.900000000000002,0.6124931876598428,0.5,25.294117647058822,27.943604522899307,39.0,27.647058823529413,759.464562077206,235.47082058508886
30.0,0.6126005137340483,0.5,25.294117647058822,27.916601658634363,39.0,27.647058823529413,759.5135575514431,235.42315307325993
30.1,0.6127078259350285,0.5,25.294117647058822,27.889604467473077,39.0,27.647058823529413,759.5626545680271,235.37538597413425
30.200000000000003,0.6128151242657913,0.5,25.294117647058822,27.862612971210524,39.0,27.647058823529413,759.6118527209646,235.32751968365815
30.3,0.6129224087293437,0.5,25.294117647058822,27.835627191557137,39.0,27.647058823529413,759.6611516054394,235.27955459663258
30.400000000000002,0.6130296793286916,0.5,25.294117647058822,27.808647150139223,39.0,27.647058823529413,759.7105508178105,235.2314911067159
30.5,0.6131369360668392,0.5,25.294117647058822,27.7816728684989,39.0,27.647058823529413,759.7600499556085,235.18332960642667
30.6,0.6132441789467898,0.5,25.294117647058822,27.754704368094508,39.0,27.647058823529413,759.8096486175332,235.13507048714627
30.700000000000003,0.6133514079715461,0.5,25.294117647058822,27.72774167030076,39.0,27.647058823529413,759.8593464034507,235.08671413912177
30.8,0.6134586231441086,0.5,25.294117647058822,27.700784796409096,39.0,27.647058823529413,759.9091429143906,235.03826095146874
30.900000000000002,0.6135658244674773,0.5,25.294117647058822,27.67383376762757,39.0,27.647058823529413,759.959037752543,234.9897113121738
31.0,0.6136730119446508,0.5,25.294117647058822,27.6468886050813,39.0,27.647058823529413,760.0090305212562,234.94106560809752
31.1,0.6137801855786268,0.5,25.294117647058822,27.619949329812698,39.0,27.647058823529413,760.0591208250331,234.89232422497713
31.200000000000003,0.6138873453724012,0.5,25.294117647058822,27.593015962781635,39.0,27.647058823529413,760.1093082695292,234.8434875474292
31.3,0.6139944913289695,0.5,25.294117647058822,27.56608852486562,39.0,27.647058823529413,760.1595924615492,234.79455595895243
31.400000000000002,0.6141016234513257,0.5,25.294117647058822,27.53916703686002,39.0,27.647058823529413,760.2099730090448,234.74552984193042
31.5,0.6142087417424624,0.5,25.294117647058822,27.512251519478298,39.0,27.647058823529413,760.2604495211111,234.6964095776343
31.6,0.6143158462053712,0.5,25.294117647058822,27.485341993352392,39.0,27.647058823529413,760.3110216079848,234.64719554622542
31.700000000000003,0.6144229368430426,0.5,25.294117647058822,27.458438479032452,39.0,27.647058823529413,760.3616888810404,234.59788812675822
31.8,0.6145300136584659,0.5,25.294117647058822,27.431540996987565,39.0,27.647058823529413,760.4124509527886,234.54848769718274
31.900000000000002,0.6146370766546294,0.5,25.294117647058822,27.40464956760576,39.0,27.647058823529413,760.463307436872,234.49899463434753
32.0,0.6147441258345199,0.5,25.294117647058822,27.377764211194062,39.0,27.647058823529413,760.5142579480639,234.44940931400222
32.1,0.6148511612011232,0.5,25.294117647058822,27.35088494797907,39.0,27.647058823529413,760.5653021022648,234.39973211080033
32.2,0.6149581827574236,0.5,25.294117647058822,27.32401179810688,39.0,27.647058823529413,760.6164395164991,234.34996339830187
32.300000000000004,0.6150651905064052,0.5,25.294117647058822,27.297144781643283,39.0,27.647058823529413,760.6676698089134,234.300103548976
32.4,0.6151721844510498,0.5,25.294117647058822,27.27028391857425,39.0,27.647058823529413,760.7189925987731,234.2501529342039
32.5,0.6152791645943388,0.5,25.294117647058822,27.24342922880578,39.0,27.647058823529413,760.7704075064598,234.2001119242812
32.6,0.6153861309392521,0.5,25.294117647058822,27.216580732164402,39.0,27.647058823529413,760.8219141534686,234.14998088842094
32.7,0.6154930834887685,0.5,25.294117647058822,27.189738448397293,39.0,27.647058823529413,760.8735121624051,234.099760194756
32.800000000000004,0.6156000222458656,0.5,25.294117647058822,27.162902397172388,39.0,27.647058823529413,760.9252011569832,234.04945021034192
32.9,0.6157069472135199,0.5,25.294117647058822,27.13607259807867,39.0,27.647058823529413,760.976980762022,233.9990513011595
33.0,0.6158138583947068,0.5,25.294117647058822,27.109249070626504,39.0,27.647058823529413,761.0288506034424,233.94856383211754
33.1,0.6159207557924005,0.5,25.294117647058822,27.082431834247643,39.0,27.647058823529413,761.0808103082662,233.89798816705547
33.2,0.616027639409574,0.5,25.294117647058822,27.05562090829534,39.0,27.647058823529413,761.1328595046115,233.84732466874587
33.300000000000004,0.6161345092491992,0.5,25.294117647058822,27.028816312045024,39.0,27.647058823529413,761.1849978216911,233.79657369889733
33.4,0.6162413653142467,0.5,25.294117647058822,27.002018064694084,39.0,27.647058823529413,761.2372248898092,233.745735618157
33.5,0.6163482076076859,0.5,25.294117647058822,26.975226185362203,39.0,27.647058823529413,761.2895403403589,233.6948107861133
33.6,0.6164550361324856,0.5,25.294117647058822,26.948440693091527,39.0,27.647058823529413,761.3419438058197,233.64379956129832
33.7,0.6165618508916129,0.5,25.294117647058822,26.921661606847067,39.0,27.647058823529413,761.3944349197546,233.59270230119083
33.800000000000004,0.6166686518880337,0.5,25.294117647058822,26.89488894551647,39.0,27.647058823529413,761.4470133168071,233.54151936221865
33.9,0.6167754391247128,0.5,25.294117647058822,26.868122727910816,39.0,27.647058823529413,761.4996786326991,233.4902510997613
34.0,0.6168822126046142,0.5,25.294117647058822,26.84136297276433,39.0,27.647058823529413,761.5524305042277,233.4388978681528
34.1,0.6169889723307006,0.5,25.294117647058822,26.814609698734785,39.0,27.647058823529413,761.605268569263,233.38746002068396
34.2,0.6170957183059335,0.5,25.294117647058822,26.78786292440384,39.0,27.647058823529413,761.6581924667449,233.33593790960538
34.300000000000004,0.617202450533273,0.5,25.294117647058822,26.76112266827687,39.0,27.647058823529413,761.7112018366807,233.2843318861298
34.4,0.6173091690156786,0.5,25.294117647058822,26.73438894878359,39.0,27.647058823529413,761.7642963201426,233.2326423004348
34.5,0.6174158737561081,0.5,25.294117647058822,26.70766178427806,39.0,27.647058823529413,761.8174755592647,233.1808695016654
34.6,0.6175225647575184,0.5,25.294117647058822,26.680941193038677,39.0,27.647058823529413,761.8707391972405,233.1290138379366
34.7,0.6176292420228653,0.5,25.294117647058822,26.65422719326881,39.0,27.647058823529413,761.9240868783198,233.07707565633606
34.800000000000004,0.6177359055551034,0.5,25.294117647058822,26.627519803096845,39.0,27.647058823529413,761.9775182478072,233.02505530292663
34.9,0.617842555357186,0.5,25.294117647058822,26.60081904057614,39.0,27.647058823529413,762.031032952058,232.97295312274898
35.0,0.6179491914320656,0.5,25.294117647058822,26.574124923685588,39.0,27.647058823529413,762.0846306384767,232.9207694598241
35.1,0.6180558137826933,0.5,25.294117647058822,26.5474374703295,39.0,27.647058823529413,762.1383109555136,232.868504657156
35.2,0.6181624224120188,0.5,25.294117647058822,26.52075669833812,39.0,27.647058823529413,762.1920735526625,232.81615905673414
35.300000000000004,0.6182690173229914,0.5,25.294117647058822,26.49408262546757,39.0,27.647058823529413,762.2459180804581,232.76373299953616
35.4,0.6183755985185587,0.5,25.294117647058822,26.467415269400192,39.0,27.647058823529413,762.299844190473,232.71122682553028
35.5,0.6184821660016673,0.5,25.294117647058822,26.440754647744598,39.0,27.647058823529413,762.3538515353159,232.65864087367797
35.6,0.6185887197752625,0.5,25.294117647058822,26.414100778036243,39.0,27.647058823529413,762.407939768628,232.60597548193658
35.7,0.6186952598422888,0.5,25.294117647058822,26.387453677737085,39.0,27.647058823529413,762.462108545081,232.55323098726157
35.800000000000004,0.618801786205689,0.5,25.294117647058822,26.36081336423615,39.0,27.647058823529413,762.5163575203741,232.50040772560948
35.9,0.6189082988684057,0.5,25.294117647058822,26.334179854849765,39.0,27.647058823529413,762.5706863512316,232.44750603194012
36.0,0.6190147978333793,0.5,25.294117647058822,26.30755316682155,39.0,27.647058823529413,762.6250946954007,232.3945262402193
36.1,0.6191212831035496,0.5,25.294117647058822,26.280933317322706,39.0,27.647058823529413,762.6795822116479,232.34146868342134
36.2,0.6192277546818555,0.5,25.294117647058822,26.254320323452077,39.0,27.647058823529413,762.7341485597575,232.2883336935316
36.300000000000004,0.6193342125712344,0.5,25.294117647058822,26.22771420223671,39.0,27.647058823529413,762.7887934005279,232.23512160154885
36.4,0.6194406567746227,0.5,25.294117647058822,26.201114970631693,39.0,27.647058823529413,762.8435163957699,232.18183273748812
36.5,0.6195470872949552,0.5,25.294117647058822,26.17452264552054,39.0,27.647058823529413,762.898317208304,232.1284674303829
36.6,0.6196535041351663,0.5,25.294117647058822,26.147937243715205,39.0,27.647058823529413,762.9531955019572,232.07502600828772
36.7,0.6197599072981889,0.5,25.294117647058822,26.1213587819567,39.0,27.647058823529413,763.0081509415612,232.02150879828088
36.800000000000004,0.6198662967869548,0.5,25.294117647058822,26.0947872769147,39.0,27.647058823529413,763.0631831929493,231.96791612646666
36.9,0.6199726726043948,0.5,25.294117647058822,26.068222745188052,39.0,27.647058823529413,763.1182919229541,231.91424831797792
37.0,0.6200790347534384,0.5,25.294117647058822,26.041665203305286,39.0,27.647058823529413,763.1734767994047,231.8605056969787
37.1,0.620185383237014,0.5,25.294117647058822,26.01511466772405,39.0,27.647058823529413,763.2287374911245,231.8066885866666
37.2,0.6202917180580487,0.5,25.294117647058822,25.98857115483213,39.0,27.647058823529413,763.2840736679284,231.75279730927525
37.300000000000004,0.6203980392194688,0.5,25.294117647058822,25.962034680947,39.0,27.647058823529413,763.3394850006201,231.6988321860769
37.4,0.6205043467241994,0.5,25.294117647058822,25.935505262316383,39.0,27.647058823529413,763.3949711609899,231.64479353738486
37.5,0.6206106405751644,0.5,25.294117647058822,25.90898291511826,39.0,27.647058823529413,763.4505318218119,231.5906816825558
37.6,0.6207169207752866,0.5,25.294117647058822,25.88246765546114,39.0,27.647058823529413,763.5061666568415,231.53649693999253
37.7,0.6208231873274875,0.5,25.294117647058822,25.85595949938437,39.0,27.647058823529413,763.5618753408131,231.48223962714616
37.800000000000004,0.6209294402346877,0.5,25.294117647058822,25.829458462858042,39.0,27.647058823529413,763.6176575494374,231.4279100605188
37.9,0.6210356794998064,0.5,25.294117647058822,25.80296456178354,39.0,27.647058823529413,763.6735129593985,231.3735085556658
38.0,0.6211419051257622,0.5,25.294117647058822,25.776477811993345,39.0,27.647058823529413,763.7294412483524,231.3190354271984
38.1,0.6212481171154721,0.5,25.294117647058822,25.749998229251617,39.0,27.647058823529413,763.7854420949232,231.2644909887861
38.2,0.621354315471852,0.5,25.294117647058822,25.723525829254015,39.0,27.647058823529413,763.8415151787015,231.209875553159
38.300000000000004,0.6214605001978174,0.5,25.294117647058822,25.69706062762816,39.0,27.647058823529413,763.8976601802417,231.1551894321104
38.400000000000006,0.6215666712962812,0.5,25.294117647058822,25.67060263993386,39.0,27.647058823529413,763.9538767810595,231.10043293649915
38.5,0.6216728287701567,0.5,25.294117647058822,25.64415188166305,39.0,27.647058823529413,764.0101646636291,231.04560637625198
38.6,0.6217789726223553,0.5,25.294117647058822,25.61770836824013,39.0,27.647058823529413,764.066523511381,230.99071006036618
38.7,0.6218851028557872,0.5,25.294117647058822,25.591272115022036,39.0,27.647058823529413,764.1229530086994,230.93574429691174
38.800000000000004,0.6219912194733622,0.5,25.294117647058822,25.564843137298737,39.0,27.647058823529413,764.17945284092,230.88070939303398
38.900000000000006,0.6220973224779882,0.5,25.294117647058822,25.53842145029313,39.0,27.647058823529413,764.236022694327,230.82560565495584
39.0,0.6222034118725722,0.5,25.294117647058822,25.5120070691612,39.0,27.647058823529413,764.292662256151,230.7704333879803
39.1,0.6223094876600204,0.5,25.294117647058822,25.485600008992435,39.0,27.647058823529413,764.3493712145664,230.7151928964928
39.2,0.6224155498432373,0.5,25.294117647058822,25.45920028480998,39.0,27.647058823529413,764.4061492586891,230.65988448396365
39.300000000000004,0.6225215984251269,0.5,25.294117647058822,25.432807911570592,39.0,27.647058823529413,764.4629960785738,230.60450845295045
39.400000000000006,0.6226276334085917,0.5,25.294117647058822,25.406422904165197,39.0,27.647058823529413,764.519911365212,230.54906510510034
39.5,0.6227336547965334,0.5,25.294117647058822,25.38004527741856,39.0,27.647058823529413,764.5768948105285,230.4935547411525
39.6,0.6228396625918521,0.5,25.294117647058822,25.353675046090075,39.0,27.647058823529413,764.6339461073804,230.43797766094056
39.7,0.6229456567974471,0.5,25.294117647058822,25.327312224873538,39.0,27.647058823529413,764.6910649495536,230.38233416339483
39.800000000000004,0.6230516374162167,0.5,25.294117647058822,25.30095682839743,39.0,27.647058823529413,764.7482510317606,230.3266245465448
39.900000000000006,0.623157604451058,0.5,25.294117647058822,25.27460887122521,39.0,27.647058823529413,764.8055040496379,230.2708491075215
40.0,0.6232635579048669,0.5,25.294117647058822,25.248268367855246,39.0,27.647058823529413,764.8628236997445,230.21500814255984
40.1,0.6233694977805381,0.5,25.294117647058822,25.221935332721387,39.0,27.647058823529413,764.9202096795583,230.15910194700083
40.2,0.6234754240809653,0.5,25.294117647058822,25.195609780192797,39.0,27.647058823529413,764.9776616874744,230.1031308152941
40.300000000000004,0.6235813368090413,0.5,25.294117647058822,25.169291724574236,39.0,27.647058823529413,765.0351794228027,230.0470950410002
40.400000000000006,0.6236872359676576,0.5,25.294117647058822,25.142981180106574,39.0,27.647058823529413,765.0927625857645,229.99099491679303
40.5,0.6237931215597045,0.5,25.294117647058822,25.116678160966217,39.0,27.647058823529413,765.1504108774914,229.9348307344619
40.6,0.6238989935880713,0.5,25.294117647058822,25.090382681266078,39.0,27.647058823529413,765.208124000022,229.87860278491425
40.7,0.6240048520556465,0.5,25.294117647058822,25.06409475505535,39.0,27.647058823529413,765.2659016563006,229.82231135817761
40.800000000000004,0.6241106969653166,0.5,25.294117647058822,25.037814396319845,39.0,27.647058823529413,765.323743550173,229.76595674340214
40.900000000000006,0.6242165283199679,0.5,25.294117647058822,25.011541618981994,39.0,27.647058823529413,765.3816493863861,229.70953922886298
41.0,0.6243223461224852,0.5,25.294117647058822,24.985276436901188,39.0,27.647058823529413,765.4396188705839,229.6530591019623
41.1,0.6244281503757524,0.5,25.294117647058822,24.959018863874007,39.0,27.647058823529413,765.4976517093062,229.59651664923197
41.2,0.624533941082652,0.5,25.294117647058822,24.932768913634277,39.0,27.647058823529413,765.5557476099856,229.53991215633565
41.300000000000004,0.624639718246066,0.5,25.294117647058822,24.90652659985318,39.0,27.647058823529413,765.6139062809456,229.48324590807104
41.400000000000006,0.6247454818688744,0.5,25.294117647058822,24.8802919361396,39.0,27.647058823529413,765.6721274313978,229.42651818837237
41.5,0.6248512319539566,0.5,25.294117647058822,24.85406493604023,39.0,27.647058823529413,765.73041077144,229.36972928031255
41.6,0.6249569685041911,0.5,25.294117647058822,24.827845613039756,39.0,27.647058823529413,765.7887560120532,229.31287946610541
41.7,0.625062691522455,0.5,25.294117647058822,24.80163398056112,39.0,27.647058823529413,765.8471628651,229.25596902710822
41.800000000000004,0.6251684010116243,0.5,25.294117647058822,24.7754300519656,39.0,27.647058823529413,765.9056310433217,229.19899824382375
41.900000000000006,0.6252740969745739,0.5,25.294117647058822,24.749233840553018,39.0,27.647058823529413,765.9641602603361,229.14196739590258
42.0,0.6253797794141779,0.5,25.294117647058822,24.72304535956181,39.0,27.647058823529413,766.0227502306356,229.0848767621454
42.1,0.6254854483333089,0.5,25.294117647058822,24.696864622169414,39.0,27.647058823529413,766.0814006695838,229.02772662050535
42.2,0.6255911037348387,0.5,25.294117647058822,24.670691641492283,39.0,27.647058823529413,766.1401112934144,228.97051724809006
42.300000000000004,0.6256967456216377,0.5,25.294117647058822,24.644526430586154,39.0,27.647058823529413,766.1988818192282,228.9132489211642
42.400000000000006,0.6258023739965756,0.5,25.294117647058822,24.618369002446173,39.0,27.647058823529413,766.2577119649907,228.85592191515147
42.5,0.6259079888625207,0.5,25.294117647058822,24.59221937000723,39.0,27.647058823529413,766.3166014495304,228.79853650463704
42.6,0.6260135902223406,0.5,25.294117647058822,24.566077546143788,39.0,27.647058823529413,766.3755499925356,228.74109296336962
42.7,0.6261191780789008,0.5,25.294117647058822,24.539943543670347,39.0,27.647058823529413,766.4345573145532,228.68359156426382
42.800000000000004,0.626224752435067,0.5,25.294117647058822,24.513817375341603,39.0,27.647058823529413,766.4936231369853,228.62603257940236
42.900000000000006,0.6263303132937033,0.5,25.294117647058822,24.48769905385251,39.0,27.647058823529413,766.5527471820874,228.5684162800382
43.0,0.6264358606576724,0.5,25.294117647058822,24.461588591838506,39.0,27.647058823529413,766.6119291729665,228.51074293659704
43.1,0.6265413945298363,0.5,25.294117647058822,24.43548600187563,39.0,27.647058823529413,766.6711688335779,228.45301281867907
43.2,0.6266469149130557,0.5,25.294117647058822,24.409391296480806,39.0,27.647058823529413,766.7304658887239,228.39522619506167
43.300000000000004,0.6267524218101901,0.5,25.294117647058822,24.383304488112003,39.0,27.647058823529413,766.7898200640507,228.33738333370135
43.400000000000006,0.6268579152240984,0.5,25.294117647058822,24.357225589168365,39.0,27.647058823529413,766.8492310860468,228.279484501736
43.5,0.626963395157638,0.5,25.294117647058822,24.331154611990314,39.0,27.647058823529413,766.9086986820399,228.22152996548706
43.6,0.6270688616136652,0.5,25.294117647058822,24.305091568859893,39.0,27.647058823529413,766.968222580196,228.16351999046185
43.7,0.6271743145950356,0.5,25.294117647058822,24.27903647200077,39.0,27.647058823529413,767.0278025095157,228.10545484135557
43.800000000000004,0.6272797541046031,0.5,25.294117647058822,24.252989333578455,39.0,27.647058823529413,767.0874381998326,228.0473347820537
43.900000000000006,0.6273851801452213,0.5,25.294117647058822,24.226950165700543,39.0,27.647058823529413,767.147129381811,227.98916007563395
44.0,0.6274905927197417,0.5,25.294117647058822,24.200918980416986,39.0,27.647058823529413,767.206875786944,227.9309309843686
44.1,0.627595991831016,0.5,25.294117647058822,24.17489578971987,39.0,27.647058823529413,767.2666771475505,227.87264776972665
44.2,0.6277013774818934,0.5,25.294117647058822,24.14888060554398,39.0,27.647058823529413,767.3265331967735,227.81431069237598
44.300000000000004,0.6278067496752231,0.5,25.294117647058822,24.122873439766863,39.0,27.647058823529413,767.3864436685778,227.75592001218544
44.400000000000006,0.6279121084138527,0.5,25.294117647058822,24.096874304208825,39.0,27.647058823529413,767.4464082977479,227.69747598822713
44.5,0.628017453700629,0.5,25.294117647058822,24.070883210633383,39.0,27.647058823529413,767.5064268198852,227.6389788787784
44.6,0.6281227855383976,0.5,25.294117647058822,24.044900170747155,39.0,27.647058823529413,767.5664989714068,227.5804289413242
44.7,0.628228103930003,0.5,25.294117647058822,24.018925196200144,39.0,27.647058823529413,767.6266244895421,227.521826432559
44.800000000000004,0.6283334088782887,0.5,25.294117647058822,23.99295829858613,39.0,27.647058823529413,767.6868031123314,227.4631716083892
44.900000000000006,0.6284387003860968,0.5,25.294117647058822,23.966999489442458,39.0,27.647058823529413,767.7470345786235,227.404464723935
45.0,0.6285439784562689,0.5,25.294117647058822,23.941048780250412,39.0,27.647058823529413,767.8073186280735,227.34570603353268
45.1,0.628649243091645,0.5,25.294117647058822,23.91510618243541,39.0,27.647058823529413,767.8676550011406,227.2868957907367
45.2,0.6287544942950644,0.5,25.294117647058822,23.88917170736704,39.0,27.647058823529413,767.9280434390859,227.22803424832185
45.300000000000004,0.6288597320693649,0.5,25.294117647058822,23.86324536635931,39.0,27.647058823529413,767.98848368397,227.16912165828518
45.400000000000006,0.6289649564173836,0.5,25.294117647058822,23.837327170670903,39.0,27.647058823529413,768.0489754786512,227.11015827184846
45.5,0.6290701673419563,0.5,25.294117647058822,23.81141713150498,39.0,27.647058823529413,768.1095185667831,227.05114433946002
45.6,0.6291753648459182,0.5,25.294117647058822,23.785515260009845,39.0,27.647058823529413,768.1701126928128,226.9920801107969
45.7,0.6292805489321026,0.5,25.294117647058822,23.759621567278828,39.0,27.647058823529413,768.2307576019783,226.93296583476703
45.800000000000004,0.6293857196033424,0.5,25.294117647058822,23.733736064350467,39.0,27.647058823529413,768.291453040306,226.87380175951125
45.900000000000006,0.6294908768624692,0.5,25.294117647058822,23.70785876220873,39.0,27.647058823529413,768.3521987546096,226.81458813240542
46.0,0.6295960207123136,0.5,25.294117647058822,23.68198967178313,39.0,27.647058823529413,768.4129944924872,226.7553252000625
46.1,0.629701151155705,0.5,25.294117647058822,23.65612880394889,39.0,27.647058823529413,768.4738400023193,226.69601320833465
46.2,0.6298062681954718,0.5,25.294117647058822,23.630276169527065,39.0,27.647058823529413,768.5347350332665,226.63665240231535
46.300000000000004,0.6299113718344415,0.5,25.294117647058822,23.60443177928488,39.0,27.647058823529413,768.5956793352678,226.5772430263414
46.400000000000006,0.63001646207544,0.5,25.294117647058822,23.578595643935728,39.0,27.647058823529413,768.6566726590381,226.51778532399496
46.5,0.6301215389212927,0.5,25.294117647058822,23.552767774139454,39.0,27.647058823529413,768.7177147560662,226.45827953810573
46.6,0.6302266023748239,0.5,25.294117647058822,23.526948180502245,39.0,27.647058823529413,768.7788053786126,226.3987259107529
46.7,0.6303316524388566,0.5,25.294117647058822,23.50113687357714,39.0,27.647058823529413,768.8399442797075,226.33912468326722
46.800000000000004,0.6304366891162126,0.5,25.294117647058822,23.475333863864023,39.0,27.647058823529413,768.9011312131487,226.27947609623314
46.900000000000006,0.6305417124097131,0.5,25.294117647058822,23.44953916180998,39.0,27.647058823529413,768.9623659334993,226.21978038949075
47.0,0.6306467223221778,0.5,25.294117647058822,23.423752777808943,39.0,27.647058823529413,769.0236481960858,226.16003780213794
47.1,0.6307517188564254,0.5,25.294117647058822,23.39797472220232,39.0,27.647058823529413,769.0849777569956,226.10024857253225
47.2,0.630856702015274,0.5,25.294117647058822,23.372205005279056,39.0,27.647058823529413,769.146354373076,226.0404129382931
47.300000000000004,0.63096167180154,0.5,25.294117647058822,23.346443637275797,39.0,27.647058823529413,769.2077778019304,225.98053113630363
47.400000000000006,0.6310666282180388,0.5,25.294117647058822,23.32069062837695,39.0,27.647058823529413,769.2692478019179,225.9206034027129
47.5,0.6311715712675855,0.5,25.294117647058822,23.294945988714858,39.0,27.647058823529413,769.3307641321502,225.86062997293786
47.6,0.6312765009529931,0.5,25.294117647058822,23.26920972837013,39.0,27.647058823529413,769.3923265524894,225.80061108166515
47.7,0.6313814172770744,0.5,25.294117647058822,23.24348185737165,39.0,27.647058823529413,769.4539348235469,225.74054696285356
47.800000000000004,0.6314863202426407,0.5,25.294117647058822,23.217762385696574,39.0,27.647058823529413,769.5155887066804,225.6804378497355
47.900000000000006,0.6315912098525025,0.5,25.294117647058822,23.19205132327096,39.0,27.647058823529413,769.5772879639924,225.6202839748195
48.0,0.6316960861094688,0.5,25.294117647058822,23.166348679969417,39.0,27.647058823529413,769.6390323583278,225.56008556989175
48.1,0.6318009490163478,0.5,25.294117647058822,23.14065446561557,39.0,27.647058823529413,769.7008216532719,225.4998428660185
48.2,0.6319057985759466,0.5,25.294117647058822,23.11496868998205,39.0,27.647058823529413,769.7626556131486,225.4395560935477
48.300000000000004,0.6320106347910716,0.5,25.294117647058822,23.089291362790902,39.0,27.647058823529413,769.824534003018,225.37922548211137
48.400000000000006,0.6321154576645274,0.5,25.294117647058822,23.063622493713297,39.0,27.647058823529413,769.8864565886751,225.31885126062704
48.5,0.6322202671991183,0.5,25.294117647058822,23.03796209237015,39.0,27.647058823529413,769.9484231366463,225.2584336573003
48.6,0.6323250633976472,0.5,25.294117647058822,23.01231016833202,39.0,27.647058823529413,770.0104334141888,225.1979728996263
48.7,0.6324298462629159,0.5,25.294117647058822,22.98666673111927,39.0,27.647058823529413,770.0724871892883,225.13746921439207
48.800000000000004,0.6325346157977253,0.5,25.294117647058822,22.96103179020247,39.0,27.647058823529413,770.1345842306562,225.0769228276782
48.900000000000006,0.6326393720048753,0.5,25.294117647058822,22.935405355002217,39.0,27.647058823529413,770.1967243077282,225.01633396486105
49.0,0.6327441148871642,0.5,25.294117647058822,22.909787434889267,39.0,27.647058823529413,770.2589071906627,224.95570285061447
49.1,0.6328488444473901,0.5,25.294117647058822,22.884178039185144,39.0,27.647058823529413,770.3211326503377,224.89502970891186
49.2,0.6329535606883494,0.5,25.294117647058822,22.858577177161806,39.0,27.647058823529413,770.38340045835,224.83431476302815
49.300000000000004,0.6330582636128377,0.5,25.294117647058822,22.832984858041982,39.0,27.647058823529413,770.4457103870119,224.7735582355416
49.400000000000006,0.6331629532236496,0.5,25.294117647058822,22.807401090999463,39.0,27.647058823529413,770.5080622093502,224.7127603483359
49.5,0.6332676295235784,0.5,25.294117647058822,22.781825885159037,39.0,27.647058823529413,770.5704556991042,224.65192132260202
49.6,0.6333722925154166,0.5,25.294117647058822,22.756259249596667,39.0,27.647058823529413,770.632890630723,224.59104137884006
49.7,0.6334769422019557,0.5,25.294117647058822,22.730701193339883,39.0,27.647058823529413,770.695366779364,224.5301207368613
49.800000000000004,0.633581578585986,0.5,25.294117647058822,22.705151725367443,39.0,27.647058823529413,770.7578839208913,224.46915961579003
49.900000000000006,0.6336862016702967,0.5,25.294117647058822,22.679610854610075,39.0,27.647058823529413,770.8204418318727,224.4081582340655
50.0,0.6337908114576758,0.5,25.294117647058822,22.65407858995019,39.0,27.647058823529413,770.8830402895787,224.3471168094438
50.1,0.6338954079509109,0.5,25.294117647058822,22.628554940222216,39.0,27.647058823529413,770.9456790719803,224.28603555899983
50.2,0.633999991152788,0.5,25.294117647058822,22.60303991421273,39.0,27.647058823529413,771.0083579577465,224.22491469912904
50.300000000000004,0.6341045610660924,0.5,25.294117647058822,22.577533520660438,39.0,27.647058823529413,771.0710767262431,224.1637544455495
50.400000000000006,0.6342091176936079,0.5,25.294117647058822,22.552035768256644,39.0,27.647058823529413,771.1338351575301,224.10255501330371
50.5,0.6343136610381175,0.5,25.294117647058822,22.5265466656453,39.0,27.647058823529413,771.1966330323603,224.04131661676053
50.6,0.6344181911024034,0.5,25.294117647058822,22.50106622142289,39.0,27.647058823529413,771.2594701321773,223.98003946961683
50.7,0.6345227078892464,0.5,25.294117647058822,22.475594444138835,39.0,27.647058823529413,771.322346239113,223.91872378489984
50.800000000000004,0.6346272114014264,0.5,25.294117647058822,22.45013134229555,39.0,27.647058823529413,771.3852611359864,223.85736977496853
50.900000000000006,0.6347317016417224,0.5,25.294117647058822,22.424676924348603,39.0,27.647058823529413,771.448214606301,223.79597765151576
51.0,0.6348361786129121,0.5,25.294117647058822,22.399231198706957,39.0,27.647058823529413,771.5112064342434,223.73454762557006
51.1,0.6349406423177721,0.5,25.294117647058822,22.37379417373296,39.0,27.647058823529413,771.5742364046812,223.67307990749748
51.2,0.6350450927590783,0.5,25.294117647058822,22.34836585774258,39.0,27.647058823529413,771.6373043031609,223.61157470700348
51.300000000000004,0.6351495299396055,0.5,25.294117647058822,22.322946259005448,39.0,27.647058823529413,771.7004099159068,223.55003223313477
51.400000000000006,0.6352539538621274,0.5,25.294117647058822,22.29753538574522,39.0,27.647058823529413,771.7635530298178,223.48845269428105
51.5,0.6353583645294163,0.5,25.294117647058822,22.272133246139447,39.0,27.647058823529413,771.8267334324665,223.42683629817708
51.6,0.6354627619442442,0.5,25.294117647058822,22.246739848319976,39.0,27.647058823529413,771.8899509120968,223.36518325190423
51.7,0.6355671461093814,0.5,25.294117647058822,22.221355200372955,39.0,27.647058823529413,771.9532052576222,223.30349376189258
51.800000000000004,0.6356715170275976,0.5,25.294117647058822,22.195979310339055,39.0,27.647058823529413,772.0164962586241,223.24176803392257
51.900000000000006,0.6357758747016613,0.5,25.294117647058822,22.170612186213305,39.0,27.647058823529413,772.0798237053498,223.18000627312688
52.0,0.6358802191343398,0.5,25.294117647058822,22.145253835945766,39.0,27.647058823529413,772.1431873887101,223.11820868399232
52.1,0.6359845503283995,0.5,25.294117647058822,22.119904267441257,39.0,27.647058823529413,772.2065871002782,223.05637547036147
52.2,0.636088868286606,0.5,25.294117647058822,22.09456348855963,39.0,27.647058823529413,772.2700226322875,222.99450683543475
52.300000000000004,0.6361931730117237,0.5,25.294117647058822,22.069231507115944,39.0,27.647058823529413,772.3334937776297,222.9326029817719
52.400000000000006,0.6362974645065158,0.5,25.294117647058822,22.043908330880583,39.0,27.647058823529413,772.3970003298531,222.87066411129402
52.5,0.6364017427737445,0.5,25.294117647058822,22.018593967579307,39.0,27.647058823529413,772.4605420831605,222.80869042528533
52.6,0.6365060078161713,0.5,25.294117647058822,21.99328842489365,39.0,27.647058823529413,772.5241188324073,222.74668212439494
52.7,0.6366102596365564,0.5,25.294117647058822,21.96799171046075,39.0,27.647058823529413,772.5877303731003,222.6846394086385
52.800000000000004,0.6367144982376589,0.5,25.294117647058822,21.942703831873587,39.0,27.647058823529413,772.6513765013948,222.6225624774003
52.900000000000006,0.6368187236222371,0.5,25.294117647058822,21.917424796681246,39.0,27.647058823529413,772.715057014094,222.56045152943472
53.0,0.6369229357930483,0.5,25.294117647058822,21.892154612388993,39.0,27.647058823529413,772.7787717086462,222.49830676286828
53.1,0.6370271347528482,0.5,25.294117647058822,21.86689328645832,39.0,27.647058823529413,772.8425203831433,222.43612837520124
53.2,0.6371313205043925,0.5,25.294117647058822,21.841640826307128,39.0,27.647058823529413,772.906302836319,222.37391656330936
53.300000000000004,0.6372354930504348,0.5,25.294117647058822,21.816397239309936,39.0,27.647058823529413,772.9701188675468,222.3116715234458
53.400000000000006,0.6373396523937285,0.5,25.294117647058822,21.791162532798126,39.0,27.647058823529413,773.0339682768387,222.2493934512427
53.5,0.6374437985370253,0.5,25.294117647058822,21.765936714059706,39.0,27.647058823529413,773.0978508648428,222.18708254171307
53.6,0.6375479314830764,0.5,25.294117647058822,21.740719790339654,39.0,27.647058823529413,773.1617664328417,222.12473898925253
53.7,0.6376520512346318,0.5,25.294117647058822,21.715511768840315,39.0,27.647058823529413,773.2257147827507,222.06236298764102
53.800000000000004,0.6377561577944405,0.5,25.294117647058822,21.690312656721062,39.0,27.647058823529413,773.2896957171163,221.9999547300445
53.900000000000006,0.6378602511652505,0.5,25.294117647058822,21.665122461098804,39.0,27.647058823529413,773.3537090391138,221.93751440901673
54.0,0.6379643313498086,0.5,25.294117647058822,21.639941189047818,39.0,27.647058823529413,773.417754552546,221.87504221650107
54.1,0.6380683983508608,0.5,25.294117647058822,21.61476884760026,39.0,27.647058823529413,773.4818320618413,221.81253834383216
54.2,0.6381724521711519,0.5,25.294117647058822,21.58960544374594,39.0,27.647058823529413,773.5459413720517,221.7500029817375
54.300000000000004,0.638276492813426,0.5,25.294117647058822,21.564450984432654,39.0,27.647058823529413,773.6100822888516,221.68743632033954
54.400000000000006,0.6383805202804257,0.5,25.294117647058822,21.5393054765662,39.0,27.647058823529413,773.674254618535,221.6248385491569
54.5,0.638484534574893,0.5,25.294117647058822,21.5141689270107,39.0,27.647058823529413,773.7384581680147,221.56220985710647
54.6,0.6385885356995685,0.5,25.294117647058822,21.489041342588507,39.0,27.647058823529413,773.8026927448207,221.499550432505
54.7,0.6386925236571923,0.5,25.294117647058822,21.463922730080526,39.0,27.647058823529413,773.8669581570969,221.4368604630708
54.800000000000004,0.6387964984505029,0.5,25.294117647058822,21.438813096226284,39.0,27.647058823529413,773.9312542136012,221.37414013592536
54.900000000000006,0.6389004600822382,0.5,25.294117647058822,21.41371244772381,39.0,27.647058823529413,773.9955807237028,221.31138963759514
55.0,0.6390044085551351,0.5,25.294117647058822,21.38862079123038,39.0,27.647058823529413,774.0599374973804,221.2486091540133
55.1,0.639108343871929,0.5,25.294117647058822,21.363538133362,39.0,27.647058823529413,774.1243243452209,221.18579887052132
55.2,0.6392122660353551,0.5,25.294117647058822,21.338464480693858,39.0,27.647058823529413,774.1887410784171,221.12295897187067
55.300000000000004,0.6393161750481469,0.5,25.294117647058822,21.31339983976045,39.0,27.647058823529413,774.2531875087666,221.0600896422245
55.400000000000006,0.6394200709130368,0.5,25.294117647058822,21.288344217055624,39.0,27.647058823529413,774.3176634486695,220.99719106515937
55.5,0.6395239536327568,0.5,25.294117647058822,21.26329761903287,39.0,27.647058823529413,774.382168711127,220.93426342366678
55.6,0.6396278232100375,0.5,25.294117647058822,21.238260052105204,39.0,27.647058823529413,774.4467031097398,220.87130690015502
55.7,0.6397316796476087,0.5,25.294117647058822,21.213231522645458,39.0,27.647058823529413,774.5112664587059,220.80832167645076
55.800000000000004,0.6398355229481989,0.5,25.294117647058822,21.1882120369865,39.0,27.647058823529413,774.5758585728195,220.74530793380063
55.900000000000006,0.6399393531145358,0.5,25.294117647058822,21.163201601421008,39.0,27.647058823529413,774.6404792674688,220.68226585287294
56.0,0.640043170149346,0.5,25.294117647058822,21.138200222201988,39.0,27.647058823529413,774.7051283586343,220.61919561375942
56.1,0.6401469740553554,0.5,25.294117647058822,21.113207905542765,39.0,27.647058823529413,774.7698056628877,220.55609739597668
56.2,0.6402507648352883,0.5,25.294117647058822,21.088224657617047,39.0,27.647058823529413,774.8345109973894,220.49297137846804
56.300000000000004,0.6403545424918685,0.5,25.294117647058822,21.063250484559205,39.0,27.647058823529413,774.8992441798875,220.42981773960494
56.400000000000006,0.6404583070278186,0.5,25.294117647058822,21.038285392464104,39.0,27.647058823529413,774.9640050287156,220.36663665718882
56.5,0.64056205844586,0.5,25.294117647058822,21.013329387387614,39.0,27.647058823529413,775.0287933627914,220.3034283084526
56.6,0.6406657967487134,0.5,25.294117647058822,20.988382475346384,39.0,27.647058823529413,775.0936090016148,220.24019287006232
56.7,0.6407695219390985,0.5,25.294117647058822,20.96344466231824,39.0,27.647058823529413,775.1584517652668,220.17693051811884
56.800000000000004,0.640873234019734,0.5,25.294117647058822,20.938515954242234,39.0,27.647058823529413,775.2233214744066,220.11364142815935
56.900000000000006,0.6409769329933371,0.5,25.294117647058822,20.913596357018548,39.0,27.647058823529413,775.2882179502716,220.0503257751591
57.0,0.6410806188626246,0.5,25.294117647058822,20.8886858765091,39.0,27.647058823529413,775.3531410146746,219.98698373353295
57.1,0.6411842916303122,0.5,25.294117647058822,20.863784518537216,39.0,27.647058823529413,775.4180904900023,219.92361547713685
57.2,0.6412879512991143,0.5,25.294117647058822,20.83889228888785,39.0,27.647058823529413,775.4830661992138,219.86022117926967
57.300000000000004,0.6413915978717445,0.5,25.294117647058822,20.81400919330781,39.0,27.647058823529413,775.5480679658389,219.7968010126747
57.400000000000006,0.6414952313509156,0.5,25.294117647058822,20.789135237505945,39.0,27.647058823529413,775.6130956139765,219.73335514954118
57.5,0.6415988517393388,0.5,25.294117647058822,20.764270427153235,39.0,27.647058823529413,775.6781489682932,219.669883761506
57.6,0.6417024590397251,0.5,25.294117647058822,20.739414767882693,39.0,27.647058823529413,775.743227854021,219.60638701965513
57.7,0.6418060532547838,0.5,25.294117647058822,20.7145682652897,39.0,27.647058823529413,775.8083320969561,219.54286509452544
57.800000000000004,0.6419096343872236,0.5,25.294117647058822,20.689730924932064,39.0,27.647058823529413,775.8734615234574,219.479318156106
57.900000000000006,0.642013202439752,0.5,25.294117647058822,20.66490275233008,39.0,27.647058823529413,775.9386159604452,219.41574637383985
58.0,0.6421167574150756,0.5,25.294117647058822,20.64008375296703,39.0,27.647058823529413,776.0037952353981,219.3521499166255
58.1,0.6422202993159,0.5,25.294117647058822,20.615273932288687,39.0,27.647058823529413,776.0689991763529,219.28852895281864
58.2,0.6423238281449298,0.5,25.294117647058822,20.59047329570393,39.0,27.647058823529413,776.1342276119026,219.22488365023335
58.300000000000004,0.6424273439048687,0.5,25.294117647058822,20.565681848584518,39.0,27.647058823529413,776.1994803711946,219.16121417614397
58.400000000000006,0.6425308465984192,0.5,25.294117647058822,20.54089959626566,39.0,27.647058823529413,776.2647572839288,219.0975206972866
58.5,0.642634336228283,0.5,25.294117647058822,20.516126544045676,39.0,27.647058823529413,776.3300581803569,219.0338033798605
58.6,0.6427378127971605,0.5,25.294117647058822,20.49136269718616,39.0,27.647058823529413,776.39538289128,218.97006238952983
58.7,0.6428412763077517,0.5,25.294117647058822,20.466608060912563,39.0,27.647058823529413,776.4607312480471,218.90629789142514
58.800000000000004,0.6429447267627547,0.5,25.294117647058822,20.44186264041383,39.0,27.647058823529413,776.526103082554,218.84251005014482
58.900000000000006,0.6430481641648674,0.5,25.294117647058822,20.41712644084265,39.0,27.647058823529413,776.5914982272413,218.7786990297566
59.0,0.6431515885167868,0.5,25.294117647058822,20.392399467315613,39.0,27.647058823529413,776.656916515093,218.71486499379932
59.1,0.6432549998212082,0.5,25.294117647058822,20.367681724913382,39.0,27.647058823529413,776.722357779635,218.6510081052843
59.2,0.6433583980808263,0.5,25.294117647058822,20.342973218680754,39.0,27.647058823529413,776.7878218549328,218.58712852669663
59.300000000000004,0.6434617832983348,0.5,25.294117647058822,20.318273953626658,39.0,27.647058823529413,776.8533085755907,218.5232264199972
59.400000000000006,0.6435651554764263,0.5,25.294117647058822,20.293583934724552,39.0,27.647058823529413,776.9188177767509,218.45930194662384
59.5,0.6436685146177928,0.5,25.294117647058822,20.268903166912253,39.0,27.647058823529413,776.98434929409,218.3953552674929
59.6,0.6437718607251247,0.5,25.294117647058822,20.24423165509228,39.0,27.647058823529413,777.0499029638189,218.33138654300078
59.7,0.6438751938011118,0.5,25.294117647058822,20.21956940413179,39.0,27.647058823529413,777.1154786226813,218.26739593302545
59.800000000000004,0.6439785138484431,0.5,25.294117647058822,20.194916418862817,39.0,27.647058823529413,777.1810761079513,218.20338359692798
59.900000000000006,0.6440818208698058,0.5,25.294117647058822,20.170272704082322,39.0,27.647058823529413,777.2466952574323,218.13934969355392
60.0,0.6441851148678872,0.5,25.294117647058822,20.145638264552417,39.0,27.647058823529413,777.3123359094557,218.0752943812349
60.1,0.6442883958453727,0.5,25.294117647058822,20.121013105000316,39.0,27.647058823529413,777.3779979028791,218.01121781779014
60.2,0.6443916638049475,0.5,25.294117647058822,20.096397230118555,39.0,27.647058823529413,777.4436810770845,217.9471201605278
60.300000000000004,0.6444949187492952,0.5,25.294117647058822,20.071790644565,39.0,27.647058823529413,777.5093852719776,217.8830015662465
60.400000000000006,0.6445981606810984,0.5,25.294117647058822,20.04719335296329,39.0,27.647058823529413,777.5751103279852,217.81886219123686
60.5,0.6447013896030391,0.5,25.294117647058822,20.022605359902514,39.0,27.647058823529413,777.6408560860544,217.754702191283
60.6,0.6448046055177984,0.5,25.294117647058822,19.99802666993753,39.0,27.647058823529413,777.7066223876512,217.69052172166386
60.7,0.6449078084280561,0.5,25.294117647058822,19.973457287589156,39.0,27.647058823529413,777.7724090747586,217.6263209371548
60.800000000000004,0.6450109983364908,0.5,25.294117647058822,19.94889721734404,39.0,27.647058823529413,777.8382159898746,217.562099992029
60.900000000000006,0.6451141752457807,0.5,25.294117647058822,19.924346463655183,39.0,27.647058823529413,777.9040429760123,217.497859040059
61.0,0.6452173391586028,0.5,25.294117647058822,19.89980503094165,39.0,27.647058823529413,777.9698898766967,217.433598234518
61.1,0.6453204900776331,0.5,25.294117647058822,19.875272923588795,39.0,27.647058823529413,778.035756535964,217.36931772818141
61.2,0.6454236280055464,0.5,25.294117647058822,19.850750145948382,39.0,27.647058823529413,778.10164279836,217.30501767332828
61.300000000000004,0.6455267529450167,0.5,25.294117647058822,19.826236702338917,39.0,27.647058823529413,778.1675485089388,217.24069822174275
61.400000000000006,0.6456298648987171,0.5,25.294117647058822,19.801732597045486,39.0,27.647058823529413,778.2334735132612,217.17635952471542
61.5,0.6457329638693197,0.5,25.294117647058822,19.777237834319806,39.0,27.647058823529413,778.2994176573928,217.11200173304496
61.6,0.6458360498594955,0.5,25.294117647058822,19.752752418380624,39.0,27.647058823529413,778.3653807879033,217.04762499703932
61.7,0.6459391228719146,0.5,25.294117647058822,19.728276353413776,39.0,27.647058823529413,778.4313627518643,216.98322946651732
61.800000000000004,0.6460421829092462,0.5,25.294117647058822,19.703809643571958,39.0,27.647058823529413,778.4973633968482,216.91881529081
61.900000000000006,0.6461452299741582,0.5,25.294117647058822,19.67935229297518,39.0,27.647058823529413,778.5633825709266,216.854382618762
62.0,0.6462482640693181,0.5,25.294117647058822,19.65490430571083,39.0,27.647058823529413,778.6294201226693,216.7899315987331
62.1,0.6463512851973922,0.5,25.294117647058822,19.630465685833826,39.0,27.647058823529413,778.695475901142,216.72546237859953
62.2,0.6464542933610455,0.5,25.294117647058822,19.606036437366413,39.0,27.647058823529413,778.7615497559057,216.66097510575543
62.300000000000004,0.646557288562942,0.5,25.294117647058822,19.581616564298713,39.0,27.647058823529413,778.8276415370144,216.5964699271142
62.400000000000006,0.6466602708057453,0.5,25.294117647058822,19.557206070588393,39.0,27.647058823529413,778.8937510950144,216.53194698911
62.5,0.6467632400921178,0.5,25.294117647058822,19.53280496016123,39.0,27.647058823529413,778.9598782809427,216.46740643769888
62.6,0.6468661964247207,0.5,25.294117647058822,19.508413236910712,39.0,27.647058823529413,779.0260229463252,216.40284841836063
62.7,0.6469691398062142,0.5,25.294117647058822,19.48403090469867,39.0,27.647058823529413,779.0921849431755,216.33827307609977
62.800000000000004,0.6470720702392581,0.5,25.294117647058822,19.459657967354985,39.0,27.647058823529413,779.1583641239937,216.27368055544713
62.900000000000006,0.6471749877265106,0.5,25.294117647058822,19.435294428677878,39.0,27.647058823529413,779.2245603417645,216.20907100046117
63.0,0.6472778922706293,0.5,25.294117647058822,19.41094029243402,39.0,27.647058823529413,779.2907734499561,216.14444455472932
63.1,0.6473807838742703,0.5,25.294117647058822,19.386595562358593,39.0,27.647058823529413,779.3570033025187,216.07980136136948
63.2,0.6474836625400897,0.5,25.294117647058822,19.3622602421554,39.0,27.647058823529413,779.4232497538829,216.01514156303136
63.300000000000004,0.6475865282707417,0.5,25.294117647058822,19.33793433549687,39.0,27.647058823529413,779.4895126589591,215.95046530189768
63.400000000000006,0.6476893810688799,0.5,25.294117647058822,19.313617846024385,39.0,27.647058823529413,779.5557918731348,215.88577271968572
63.5,0.6477922209371572,0.5,25.294117647058822,19.289310777348305,39.0,27.647058823529413,779.6220872522742,215.82106395764868
63.6,0.6478950478782252,0.5,25.294117647058822,19.265013133047887,39.0,27.647058823529413,779.6883986527162,215.75633915657684
63.7,0.6479978618947342,0.5,25.294117647058822,19.240724916671752,39.0,27.647058823529413,779.7547259312735,215.69159845679923
63.800000000000004,0.6481006629893344,0.5,25.294117647058822,19.21644613173754,39.0,27.647058823529413,779.8210689452309,215.62684199818463
63.900000000000006,0.6482034511646744,0.5,25.294117647058822,19.192176781732485,39.0,27.647058823529413,779.8874275523441,215.56206992014322
64.0,0.6483062264234021,0.5,25.294117647058822,19.167916870113118,39.0,27.647058823529413,779.953801610838,215.4972823616277
64.10000000000001,0.6484089887681641,0.5,25.294117647058822,19.143666400305563,39.0,27.647058823529413,780.0201909794056,215.43247946113476
64.2,0.6485117382016068,0.5,25.294117647058822,19.119425375705703,39.0,27.647058823529413,780.0865955172067,215.3676613567065
64.3,0.6486144747263747,0.5,25.294117647058822,19.09519379967918,39.0,27.647058823529413,780.1530150838659,215.30282818593133
64.4,0.6487171983451118,0.5,25.294117647058822,19.07097167556151,39.0,27.647058823529413,780.2194495394722,215.237980085946
64.5,0.648819909060461,0.5,25.294117647058822,19.04675900665808,39.0,27.647058823529413,780.285898744577,215.17311719343618
64.60000000000001,0.6489226068750646,0.5,25.294117647058822,19.022555796244546,39.0,27.647058823529413,780.3523625601929,215.10823964463836
64.7,0.6490252917915637,0.5,25.294117647058822,18.998362047566502,39.0,27.647058823529413,780.4188408477921,215.04334757534082
64.8,0.6491279638125982,0.5,25.294117647058822,18.97417776384009,39.0,27.647058823529413,780.4853334693054,214.97844112088515
64.9,0.6492306229408076,0.5,25.294117647058822,18.95000294825178,39.0,27.647058823529413,780.5518402871205,214.91352041616744
65.0,0.6493332691788297,0.5,25.294117647058822,18.925837603958485,39.0,27.647058823529413,780.6183611640814,214.84858559563966
65.10000000000001,0.6494359025293023,0.5,25.294117647058822,18.901681734087617,39.0,27.647058823529413,780.6848959634857,214.78363679331088
65.2,0.6495385229948613,0.5,25.294117647058822,18.877535341737484,39.0,27.647058823529413,780.7514445490848,214.7186741427486
65.3,0.6496411305781419,0.5,25.294117647058822,18.853398429977062,39.0,27.647058823529413,780.8180067850813,214.65369777708017
65.4,0.6497437252817788,0.5,25.294117647058822,18.829271001846337,39.0,27.647058823529413,780.8845825361284,214.58870782899393
65.5,0.6498463071084053,0.5,25.294117647058822,18.80515306035602,39.0,27.647058823529413,780.9511716673285,214.5237044307405
65.60000000000001,0.6499488760606541,0.5,25.294117647058822,18.78104460848823,39.0,27.647058823529413,781.0177740442314,214.45868771413421
65.7,0.6500514321411566,0.5,25.294117647058822,18.756945649196155,39.0,27.647058823529413,781.0843895328336,214.3936578105543
65.8,0.6501539753525433,0.5,25.294117647058822,18.732856185404273,39.0,27.647058823529413,781.1510179995768,214.328614850946
65.9,0.6502565056974438,0.5,25.294117647058822,18.708776220008417,39.0,27.647058823529413,781.2176593113459,214.26355896582223
66.0,0.6503590231784868,0.5,25.294117647058822,18.68470575587594,39.0,27.647058823529413,781.2843133354688,214.19849028526454
66.10000000000001,0.6504615277983002,0.5,25.294117647058822,18.66064479584577,39.0,27.647058823529413,781.3509799397145,214.13340893892453
66.2,0.6505640195595105,0.5,25.294117647058822,18.636593342728588,39.0,27.647058823529413,781.4176589922915,214.06831505602494
66.3,0.6506664984647438,0.5,25.294117647058822,18.612551399306767,39.0,27.647058823529413,781.4843503618471,214.00320876536117
66.4,0.6507689645166244,0.5,25.294117647058822,18.588518968334597,39.0,27.647058823529413,781.5510539174659,213.93809019530238
66.5,0.6508714177177768,0.5,25.294117647058822,18.564496052538402,39.0,27.647058823529413,781.6177695286681,213.87295947379272
66.60000000000001,0.6509738580708239,0.5,25.294117647058822,18.540482654616483,39.0,27.647058823529413,781.6844970654091,213.80781672835275
66.7,0.6510762855783875,0.5,25.294117647058822,18.516478777239286,39.0,27.647058823529413,781.7512363980773,213.7426620860805
66.8,0.6511787002430888,0.5,25.294117647058822,18.492484423049746,39.0,27.647058823529413,781.8179873974929,213.67749567365271
66.9,0.651281102067548,0.5,25.294117647058822,18.468499594662944,39.0,27.647058823529413,781.8847499349079,213.61231761732634
67.0,0.6513834910543841,0.5,25.294117647058822,18.44452429466645,39.0,27.647058823529413,781.9515238820026,213.54712804293948
67.10000000000001,0.6514858672062154,0.5,25.294117647058822,18.420558525620493,39.0,27.647058823529413,782.0183091108864,213.48192707591278
67.2,0.6515882305256592,0.5,25.294117647058822,18.396602290057785,39.0,27.647058823529413,782.0851054940954,213.41671484125067
67.3,0.651690581015332,0.5,25.294117647058822,18.372655590484044,39.0,27.647058823529413,782.1519129045913,213.3514914635424
67.4,0.6517929186778489,0.5,25.294117647058822,18.348718429377527,39.0,27.647058823529413,782.2187312157604,213.28625706696363
67.5,0.6518952435158245,0.5,25.294117647058822,18.324790809189665,39.0,27.647058823529413,782.2855603014121,213.22101177527736
67.60000000000001,0.6519975555318726,0.5,25.294117647058822,18.300872732344658,39.0,27.647058823529413,782.3524000357779,213.15575571183513
67.7,0.6520998547286055,0.5,25.294117647058822,18.276964201240162,39.0,27.647058823529413,782.4192502935098,213.09048899957844
67.8,0.6522021411086347,0.5,25.294117647058822,18.25306521824683,39.0,27.647058823529413,782.4861109496793,213.0252117610398
67.9,0.6523044146745711,0.5,25.294117647058822,18.229175785708605,39.0,27.647058823529413,782.5529818797761,212.95992411834408
68.0,0.6524066754290243,0.5,25.294117647058822,18.205295905942876,39.0,27.647058823529413,782.6198629597067,212.89462619320952
68.10000000000001,0.6525089233746033,0.5,25.294117647058822,18.181425581240717,39.0,27.647058823529413,782.6867540657933,212.82931810694913
68.2,0.6526111585139158,0.5,25.294117647058822,18.15756481386643,39.0,27.647058823529413,782.7536550747727,212.7639999804718
68.3,0.6527133808495688,0.5,25.294117647058822,18.133713606058222,39.0,27.647058823529413,782.8205658637951,212.69867193428342
68.4,0.6528155903841681,0.5,25.294117647058822,18.109871960028045,39.0,27.647058823529413,782.8874863104222,212.63333408848823
68.5,0.652917787120319,0.5,25.294117647058822,18.086039877961696,39.0,27.647058823529413,782.9544162926267,212.56798656278988
68.60000000000001,0.6530199710606255,0.5,25.294117647058822,18.062217362018885,39.0,27.647058823529413,783.021355688791,212.5026294764927
68.7,0.6531221422076908,0.5,25.294117647058822,18.038404414333456,39.0,27.647058823529413,783.0883043777058,212.43726294850288
68.8,0.6532243005641172,0.5,25.294117647058822,18.01460103701328,39.0,27.647058823529413,783.1552622385686,212.37188709732956
68.9,0.6533264461325058,0.5,25.294117647058822,17.99080723214064,39.0,27.647058823529413,783.222229150983,212.30650204108608
69.0,0.6534285789154572,0.5,25.294117647058822,17.967023001771906,39.0,27.647058823529413,783.2892049949575,212.2411078974912
69.10000000000001,0.6535306989155707,0.5,25.294117647058822,17.94324834793798,39.0,27.647058823529413,783.3561896509037,212.17570478387015
69.2,0.6536328061354448,0.5,25.294117647058822,17.9194832726443,39.0,27.647058823529413,783.4231829996357,212.11029281715588
69.3,0.6537349005776771,0.5,25.294117647058822,17.895727777870775,39.0,27.647058823529413,783.4901849223687,212.04487211389022
69.4,0.6538369822448643,0.5,25.294117647058822,17.871981865572025,39.0,27.647058823529413,783.5571953007175,211.97944279022497
69.5,0.653939051139602,0.5,25.294117647058822,17.848245537677542,39.0,27.647058823529413,783.6242140166956,211.91400496192313
69.60000000000001,0.6540411072644849,0.5,25.294117647058822,17.824518796091468,39.0,27.647058823529413,783.6912409527148,211.84855874436008
69.7,0.654143150622107,0.5,25.294117647058822,17.80080164269316,39.0,27.647058823529413,783.7582759915822,211.78310425252465
69.8,0.6542451812150613,0.5,25.294117647058822,17.777094079336734,39.0,27.647058823529413,783.8253190165003,211.7176416010203
69.9,0.6543471990459394,0.5,25.294117647058822,17.753396107851586,39.0,27.647058823529413,783.892369911066,211.65217090406628
70.0,0.6544492041173323,0.5,25.294117647058822,17.729707730042264,39.0,27.647058823529413,783.9594285592683,211.5866922754988
70.10000000000001,0.6545511964318305,0.5,25.294117647058822,17.70602894768865,39.0,27.647058823529413,784.0264948454883,211.52120582877197
70.2,0.6546531759920229,0.5,25.294117647058822,17.682359762546014,39.0,27.647058823529413,784.0935686544974,211.4557116769593
70.3,0.654755142800498,0.5,25.294117647058822,17.65870017634495,39.0,27.647058823529413,784.160649871456,211.39020993275452
70.4,0.6548570968598428,0.5,25.294117647058822,17.635050190791844,39.0,27.647058823529413,784.2277383819129,211.32470070847288
70.5,0.654959038172644,0.5,25.294117647058822,17.611409807568634,39.0,27.647058823529413,784.2948340718038,211.25918411605207
70.60000000000001,0.6550609667414871,0.5,25.294117647058822,17.58777902833276,39.0,27.647058823529413,784.3619368274502,211.19366026705362
70.7,0.6551628825689562,0.5,25.294117647058822,17.56415785471779,39.0,27.647058823529413,784.429046535558,211.12812927266384
70.8,0.6552647856576352,0.5,25.294117647058822,17.540546288333076,39.0,27.647058823529413,784.4961630832165,211.06259124369498
70.9,0.6553666760101068,0.5,25.294117647058822,17.516944330763863,39.0,27.647058823529413,784.5632863578976,210.99704629058635
71.0,0.6554685536289526,0.5,25.294117647058822,17.4933519835717,39.0,27.647058823529413,784.6304162474543,210.93149452340538
71.10000000000001,0.6555704185167536,0.5,25.294117647058822,17.46976924829403,39.0,27.647058823529413,784.6975526401197,210.86593605184885
71.2,0.6556722706760898,0.5,25.294117647058822,17.446196126444647,39.0,27.647058823529413,784.7646954245059,210.80037098524392
71.3,0.65577411010954,0.5,25.294117647058822,17.422632619513763,39.0,27.647058823529413,784.8318444896023,210.73479943254912
71.4,0.6558759368196824,0.5,25.294117647058822,17.399078728967766,39.0,27.647058823529413,784.8989997247753,210.66922150235567
71.5,0.6559777508090938,0.5,25.294117647058822,17.375534456249852,39.0,27.647058823529413,784.9661610197667,210.6036373028884
71.60000000000001,0.6560795520803511,0.5,25.294117647058822,17.351999802779517,39.0,27.647058823529413,785.0333282646925,210.5380469420069
71.7,0.656181340636029,0.5,25.294117647058822,17.32847476995306,39.0,27.647058823529413,785.1005013500425,210.47245052720666
71.8,0.6562831164787021,0.5,25.294117647058822,17.304959359143538,39.0,27.647058823529413,785.1676801666779,210.4068481656201
71.9,0.6563848796109437,0.5,25.294117647058822,17.28145357170081,39.0,27.647058823529413,785.2348646058316,210.3412399640176
72.0,0.6564866300353266,0.5,25.294117647058822,17.25795740895154,39.0,27.647058823529413,785.3020545591058,210.27562602880877
72.10000000000001,0.6565883677544224,0.5,25.294117647058822,17.234470872199495,39.0,27.647058823529413,785.3692499184721,210.21000646604324
72.2,0.6566900927708019,0.5,25.294117647058822,17.210993962725468,39.0,27.647058823529413,785.4364505762692,210.14438138141202
72.3,0.6567918050870347,0.5,25.294117647058822,17.187526681787517,39.0,27.647058823529413,785.5036564252027,210.07875088024838
72.4,0.6568935047056895,0.5,25.294117647058822,17.164069030620794,39.0,27.647058823529413,785.5708673583437,210.01311506752904
72.5,0.6569951916293345,0.5,25.294117647058822,17.140621010437826,39.0,27.647058823529413,785.6380832691276,209.94747404787512
72.60000000000001,0.6570968658605366,0.5,25.294117647058822,17.117182622428572,39.0,27.647058823529413,785.7053040513531,209.8818279255533
72.7,0.657198527401862,0.5,25.294117647058822,17.093753867760427,39.0,27.647058823529413,785.772529599181,209.8161768044768
72.8,0.6573001762558758,0.5,25.294117647058822,17.070334747578386,39.0,27.647058823529413,785.8397598071332,209.75052078820653
72.9,0.6574018124251424,0.5,25.294117647058822,17.046925263005107,39.0,27.647058823529413,785.9069945700919,209.68485997995205
73.0,0.6575034359122252,0.5,25.294117647058822,17.023525415140966,39.0,27.647058823529413,785.9742337832979,209.6191944825727
73.10000000000001,0.6576050467196864,0.5,25.294117647058822,17.000135205064055,39.0,27.647058823529413,786.04147734235,209.55352439857862
73.2,0.6577066448500879,0.5,25.294117647058822,16.97675463383041,39.0,27.647058823529413,786.1087251432041,209.48784983013164
73.3,0.6578082303059901,0.5,25.294117647058822,16.95338370247407,39.0,27.647058823529413,786.1759770821711,209.42217087904663
73.4,0.6579098030899527,0.5,25.294117647058822,16.930022412007133,39.0,27.647058823529413,786.2432330559174,209.35648764679232
73.5,0.6580113632045347,0.5,25.294117647058822,16.90667076341981,39.0,27.647058823529413,786.310492961462,209.2908002344924
73.60000000000001,0.6581129106522937,0.5,25.294117647058822,16.883328757680374,39.0,27.647058823529413,786.3777566961772,209.22510874292652
73.7,0.6582144454357869,0.5,25.294117647058822,16.85999639573555,39.0,27.647058823529413,786.4450241577864,209.15941327253134
73.8,0.6583159675575704,0.5,25.294117647058822,16.836673678510294,39.0,27.647058823529413,786.5122952443635,209.0937139234016
73.9,0.6584174770201994,0.5,25.294117647058822,16.813360606908077,39.0,27.647058823529413,786.5795698543316,209.02801079529104
74.0,0.6585189738262279,0.5,25.294117647058822,16.790057181810994,39.0,27.647058823529413,786.6468478864622,208.96230398761358
74.10000000000001,0.6586204579782095,0.5,25.294117647058822,16.766763404079484,39.0,27.647058823529413,786.7141292398741,208.89659359944417
74.2,0.6587219294786966,0.5,25.294117647058822,16.74347927455284,39.0,27.647058823529413,786.7814138140319,208.83087972951986
74.3,0.6588233883302405,0.5,25.294117647058822,16.720204794049152,39.0,27.647058823529413,786.8487015087458,208.76516247624096
74.4,0.6589248345353919,0.5,25.294117647058822,16.696939963365082,39.0,27.647058823529413,786.9159922241697,208.69944193767176
74.5,0.6590262680967005,0.5,25.294117647058822,16.67368478327643,39.0,27.647058823529413,786.983285860801,208.63371821154186
74.60000000000001,0.6591276890167154,0.5,25.294117647058822,16.6504392545379,39.0,27.647058823529413,787.0505823194788,208.56799139524685
74.7,0.6592290972979842,0.5,25.294117647058822,16.627203377883234,39.0,27.647058823529413,787.1178815013833,208.5022615858496
74.8,0.6593304929430539,0.5,25.294117647058822,16.60397715402536,39.0,27.647058823529413,787.1851833080347,208.4365288800811
74.9,0.6594318759544708,0.5,25.294117647058822,16.5807605836564,39.0,27.647058823529413,787.252487641292,208.37079337434153
75.0,0.6595332463347798,0.5,25.294117647058822,16.55755366744762,39.0,27.647058823529413,787.319794403352,208.30505516470114
75.10000000000001,0.6596346040865253,0.5,25.294117647058822,16.534356406049938,39.0,27.647058823529413,787.387103496749,208.23931434690132
75.2,0.6597359492122509,0.5,25.294117647058822,16.511168800093458,39.0,27.647058823529413,787.4544148243524,208.17357101635565
75.3,0.6598372817144987,0.5,25.294117647058822,16.487990850187828,39.0,27.647058823529413,787.521728289367,208.1078252681508
75.4,0.6599386015958106,0.5,25.294117647058822,16.464822556922343,39.0,27.647058823529413,787.5890437953313,208.0420771970475
75.5,0.6600399088587273,0.5,25.294117647058822,16.44166392086595,39.0,27.647058823529413,787.6563612461165,207.97632689748156
75.60000000000001,0.6601412035057882,0.5,25.294117647058822,16.418514942567356,39.0,27.647058823529413,787.7236805459258,207.91057446356484
75.7,0.6602424855395325,0.5,25.294117647058822,16.395375622555036,39.0,27.647058823529413,787.7910015992933,207.84481998908623
75.8,0.6603437549624979,0.5,25.294117647058822,16.37224596133734,39.0,27.647058823529413,787.8583243110828,207.77906356751257
75.9,0.6604450117772216,0.5,25.294117647058822,16.349125959402556,39.0,27.647058823529413,787.9256485864867,207.7133052919897
76.0,0.6605462559862398,0.5,25.294117647058822,16.326015617219184,39.0,27.647058823529413,787.9929743310256,207.64754525534346
76.10000000000001,0.6606474875920878,0.5,25.294117647058822,16.30291493523555,39.0,27.647058823529413,788.0603014505471,207.58178355008036
76.2,0.6607487065972998,0.5,25.294117647058822,16.279823913880307,39.0,27.647058823529413,788.1276298512241,207.51602026838898
76.3,0.6608499130044094,0.5,25.294117647058822,16.256742553562333,39.0,27.647058823529413,788.194959439555,207.4502555021406
76.4,0.6609511068159493,0.5,25.294117647058822,16.233670854670834,39.0,27.647058823529413,788.2622901223613,207.38448934289028
76.5,0.661052288034451,0.5,25.294117647058822,16.21060881757552,39.0,27.647058823529413,788.3296218067882,207.31872188187774
76.60000000000001,0.6611534566624453,0.5,25.294117647058822,16.18755644262626,39.0,27.647058823529413,788.3969544003023,207.25295321002847
76.7,0.6612546127024621,0.5,25.294117647058822,16.16451373015377,39.0,27.647058823529413,788.4642878106914,207.18718341795451
76.80000000000001,0.6613557561570305,0.5,25.294117647058822,16.141480680469215,39.0,27.647058823529413,788.5316219460634,207.1214125959554
76.9,0.6614568870286782,0.5,25.294117647058822,16.118457293864537,39.0,27.647058823529413,788.5989567148449,207.05564083401927
77.0,0.661558005319933,0.5,25.294117647058822,16.095443570612417,39.0,27.647058823529413,788.6662920257809,206.98986822182357
77.10000000000001,0.661659111033321,0.5,25.294117647058822,16.072439510966376,39.0,27.647058823529413,788.7336277879331,206.92409484873625
77.2,0.6617602041713674,0.5,25.294117647058822,16.049445115160665,39.0,27.647058823529413,788.8009639106796,206.85832080381647
77.30000000000001,0.6618612847365969,0.5,25.294117647058822,16.02646038341061,39.0,27.647058823529413,788.8683003037135,206.7925461758156
77.4,0.6619623527315331,0.5,25.294117647058822,16.003485315912656,39.0,27.647058823529413,788.935636877042,206.72677105317828
77.5,0.6620634081586988,0.5,25.294117647058822,15.980519912844272,39.0,27.647058823529413,789.0029735409862,206.66099552404313
77.60000000000001,0.6621644510206157,0.5,25.294117647058822,15.957564174364109,39.0,27.647058823529413,789.0703102061784,206.59521967624383
77.7,0.6622654813198048,0.5,25.294117647058822,15.934618100612113,39.0,27.647058823529413,789.1376467835635,206.52944359730998
77.80000000000001,0.6623664990587861,0.5,25.294117647058822,15.911681691709418,39.0,27.647058823529413,789.204983184396,206.46366737446797
77.9,0.6624675042400789,0.5,25.294117647058822,15.888754947758798,39.0,27.647058823529413,789.2723193202401,206.3978910946421
78.0,0.6625684968662018,0.5,25.294117647058822,15.865837868844096,39.0,27.647058823529413,789.3396551029684,206.33211484445513
78.10000000000001,0.6626694769396716,0.5,25.294117647058822,15.842930455031023,39.0,27.647058823529413,789.4069904447614,206.26633871022958
78.2,0.6627704444630051,0.5,25.294117647058822,15.820032706366817,39.0,27.647058823529413,789.4743252581059,206.20056277798838
78.30000000000001,0.662871399438718,0.5,25.294117647058822,15.79714462288024,39.0,27.647058823529413,789.5416594557946,206.1347871334559
78.4,0.662972341869325,0.5,25.294117647058822,15.77426620458192,39.0,27.647058823529413,789.6089929509251,206.06901186205866
78.5,0.6630732717573398,0.5,25.294117647058822,15.751397451464129,39.0,27.647058823529413,789.6763256568987,206.00323704892662
78.60000000000001,0.6631741891052755,0.5,25.294117647058822,15.728538363501173,39.0,27.647058823529413,789.7436574874197,205.93746277889363
78.7,0.6632750939156442,0.5,25.294117647058822,15.705688940649281,39.0,27.647058823529413,789.8109883564944,205.87168913649856
78.80000000000001,0.6633759861909568,0.5,25.294117647058822,15.682849182846553,39.0,27.647058823529413,789.8783181784303,205.80591620598622
78.9,0.663476865933724,0.5,25.294117647058822,15.660019090013236,39.0,27.647058823529413,789.9456468678352,205.74014407130824
79.0,0.663577733146455,0.5,25.294117647058822,15.637198662051787,39.0,27.647058823529413,790.0129743396159,205.67437281612374
79.10000000000001,0.6636785878316582,0.5,25.294117647058822,15.6143878988467,39.0,27.647058823529413,790.0803005089776,205.60860252380047
79.2,0.6637794299918416,0.5,25.294117647058822,15.59158680026485,39.0,27.647058823529413,790.1476252914234,205.54283327741564
79.30000000000001,0.6638802596295118,0.5,25.294117647058822,15.568795366155484,39.0,27.647058823529413,790.2149486027524,205.4770651597566
79.4,0.6639810767471748,0.5,25.294117647058822,15.546013596350122,39.0,27.647058823529413,790.2822703590597,205.4112982533221
79.5,0.6640818813473354,0.5,25.294117647058822,15.523241490662826,39.0,27.647058823529413,790.3495904767349,205.34553264032274
79.60000000000001,0.6641826734324978,0.5,25.294117647058822,15.500479048890327,39.0,27.647058823529413,790.4169088724617,205.27976840268218
79.7,0.6642834530051653,0.5,25.294117647058822,15.477726270811672,39.0,27.647058823529413,790.484225463217,205.21400562203772
79.80000000000001,0.6643842200678403,0.5,25.294117647058822,15.45498315618886,39.0,27.647058823529413,790.551540166269,205.1482443797415
79.9,0.664484974623024,0.5,25.294117647058822,15.432249704766377,39.0,27.647058823529413,790.6188528991777,205.08248475686105
80.0,0.6645857166732175,0.5,25.294117647058822,15.409525916271605,39.0,27.647058823529413,790.6861635797934,205.01672683418028
80.10000000000001,0.6646864462209202,0.5,25.294117647058822,15.386811790414981,39.0,27.647058823529413,790.7534721262555,204.9509706922004
80.2,0.664787163268631,0.5,25.294117647058822,15.364107326889496,39.0,27.647058823529413,790.8207784569919,204.88521641114073
80.30000000000001,0.6648878678188479,0.5,25.294117647058822,15.341412525371481,39.0,27.647058823529413,790.8880824907187,204.8194640709395
80.4,0.664988559874068,0.5,25.294117647058822,15.318727385519992,39.0,27.647058823529413,790.9553841464382,204.7537137512547
80.5,0.6650892394367875,0.5,25.294117647058822,15.296051906977482,39.0,27.647058823529413,791.0226833434389,204.6879655314651
80.60000000000001,0.6651899065095018,0.5,25.294117647058822,15.273386089369524,39.0,27.647058823529413,791.0899800012941,204.62221949067083
80.7,0.6652905610947051,0.5,25.294117647058822,15.250729932304807,39.0,27.647058823529413,791.1572740398616,204.55647570769446
80.80000000000001,0.6653912031948913,0.5,25.294117647058822,15.228083435375481,39.0,27.647058823529413,791.2245653792821,204.49073426108168
80.9,0.6654918328125529,0.5,25.294117647058822,15.205446598156868,39.0,27.647058823529413,791.291853939979,204.42499522910225
81.0,0.6655924499501819,0.5,25.294117647058822,15.182819420208034,39.0,27.647058823529413,791.3591396426574,204.35925868975076
81.10000000000001,0.6656930546102691,0.5,25.294117647058822,15.160201901071275,39.0,27.647058823529413,791.4264224083026,204.29352472074748
81.2,0.6657936467953046,0.5,25.294117647058822,15.137594040272575,39.0,27.647058823529413,791.4937021581803,204.22779339953928
81.30000000000001,0.6658942265077779,0.5,25.294117647058822,15.114995837321601,39.0,27.647058823529413,791.5609788138347,204.16206480330038
81.4,0.665994793750177,0.5,25.294117647058822,15.092407291711652,39.0,27.647058823529413,791.6282522970887,204.0963390089331
81.5,0.6660953485249897,0.5,25.294117647058822,15.069828402919654,39.0,27.647058823529413,791.6955225300419,204.03061609306891
81.60000000000001,0.6661958908347022,0.5,25.294117647058822,15.047259170406505,39.0,27.647058823529413,791.7627894350708,203.964896132069
81.7,0.6662964206818007,0.5,25.294117647058822,15.024699593616901,39.0,27.647058823529413,791.8300529348272,203.89917920202524
81.80000000000001,0.6663969380687697,0.5,25.294117647058822,15.00214967197951,39.0,27.647058823529413,791.897312952238,203.833465378761
81.9,0.6664974429980931,0.5,25.294117647058822,14.979609404906967,39.0,27.647058823529413,791.9645694105037,203.7677547378319
82.0,0.6665979354722543,0.5,25.294117647058822,14.95707879179605,39.0,27.647058823529413,792.0318222330981,203.70204735452668
82.10000000000001,0.6666984154937355,0.5,25.294117647058822,14.934557832027508,39.0,27.647058823529413,792.0990713437672,203.63634330386805
82.2,0.6667988830650182,0.5,25.294117647058822,14.912046524966343,39.0,27.647058823529413,792.1663166665284,203.5706426606134
82.30000000000001,0.6668993381885825,0.5,25.294117647058822,14.88954486996181,39.0,27.647058823529413,792.2335581256696,203.5049454992556
82.4,0.6669997808669084,0.5,25.294117647058822,14.867052866347478,39.0,27.647058823529413,792.3007956457486,203.4392518940239
82.5,0.6671002111024749,0.5,25.294117647058822,14.844570513441283,39.0,27.647058823529413,792.3680291515922,203.3735619188847
82.60000000000001,0.6672006288977593,0.5,25.294117647058822,14.822097810545529,39.0,27.647058823529413,792.4352585682949,203.3078756475423
82.7,0.6673010342552389,0.5,25.294117647058822,14.799634756947,39.0,27.647058823529413,792.5024838212191,203.24219315343976
82.80000000000001,0.66740142717739,0.5,25.294117647058822,14.77718135191708,39.0,27.647058823529413,792.5697048359932,203.1765145097596
82.9,0.667501807666688,0.5,25.294117647058822,14.754737594711742,39.0,27.647058823529413,792.6369215385114,203.11083978942477
83.0,0.667602175725607,0.5,25.294117647058822,14.732303484571673,39.0,27.647058823529413,792.7041338549329,203.04516906509926
83.10000000000001,0.6677025313566206,0.5,25.294117647058822,14.709879020722042,39.0,27.647058823529413,792.7713417116809,202.9795024091889
83.2,0.6678028745622017,0.5,25.294117647058822,14.687464202373121,39.0,27.647058823529413,792.8385450354417,202.91383989384238
83.30000000000001,0.6679032053448222,0.5,25.294117647058822,14.665059028719782,39.0,27.647058823529413,792.905743753164,202.84818159095167
83.4,0.6680035237069529,0.5,25.294117647058822,14.642663498941829,39.0,27.647058823529413,792.9729377920581,202.78252757215304
83.5,0.6681038296510644,0.5,25.294117647058822,14.620277612204234,39.0,27.647058823529413,793.0401270795953,202.71687790882783
83.60000000000001,0.6682041231796254,0.5,25.294117647058822,14.597901367656732,39.0,27.647058823529413,793.107311543507,202.65123267210316
83.7,0.6683044042951045,0.5,25.294117647058822,14.575534764434167,39.0,27.647058823529413,793.1744911117834,202.58559193285274
83.80000000000001,0.6684046729999693,0.5,25.294117647058822,14.553177801656602,39.0,27.647058823529413,793.2416657126735,202.5199557616976
83.9,0.6685049292966865,0.5,25.294117647058822,14.530830478429152,39.0,27.647058823529413,793.3088352746839,202.45432422900683
84.0,0.668605173187722,0.5,25.294117647058822,14.508492793842493,39.0,27.647058823529413,793.3759997265779,202.38869740489852
84.10000000000001,0.6687054046755405,0.5,25.294117647058822,14.486164746972236,39.0,27.647058823529413,793.443158997375,202.3230753592404
84.2,0.6688056237626063,0.5,25.294117647058822,14.463846336879499,39.0,27.647058823529413,793.5103130163498,202.2574581616506
84.30000000000001,0.6689058304513826,0.5,25.294117647058822,14.44153756261079,39.0,27.647058823529413,793.5774617130314,202.19184588149832
84.4,0.6690060247443319,0.5,25.294117647058822,14.419238423198124,39.0,27.647058823529413,793.6446050172029,202.12623858790485
84.5,0.6691062066439156,0.5,25.294117647058822,14.396948917659017,39.0,27.647058823529413,793.7117428589,202.06063634974404
84.60000000000001,0.6692063761525945,0.5,25.294117647058822,14.374669044996608,39.0,27.647058823529413,793.7788751684109,201.99503923564328
84.7,0.6693065332728281,0.5,25.294117647058822,14.352398804199595,39.0,27.647058823529413,793.8460018762747,201.92944731398416
84.80000000000001,0.6694066780070755,0.5,25.294117647058822,14.33013819424258,39.0,27.647058823529413,793.9131229132818,201.8638606529031
84.9,0.6695068103577951,0.5,25.294117647058822,14.307887214085667,39.0,27.647058823529413,793.9802382104716,201.79827932029232
85.0,0.6696069303274439,0.5,25.294117647058822,14.285645862674983,39.0,27.647058823529413,794.0473476991333,201.73270338380047
85.10000000000001,0.6697070379184783,0.5,25.294117647058822,14.263414138942267,39.0,27.647058823529413,794.1144513108039,201.66713291083337
85.2,0.6698071331333539,0.5,25.294117647058822,14.241192041805334,39.0,27.647058823529413,794.1815489772683,201.60156796855472
85.30000000000001,0.6699072159745252,0.5,25.294117647058822,14.218979570168074,39.0,27.647058823529413,794.2486406305582,201.53600862388697
85.4,0.6700072864444462,0.5,25.294117647058822,14.19677672292022,39.0,27.647058823529413,794.3157262029508,201.47045494351198
85.5,0.6701073445455697,0.5,25.294117647058822,14.174583498937807,39.0,27.647058823529413,794.3828056269693,201.4049069938716
85.60000000000001,0.6702073902803481,0.5,25.294117647058822,14.152399897082717,39.0,27.647058823529413,794.449878835381,201.3393648411687
85.7,0.6703074236512327,0.5,25.294117647058822,14.130225916203301,39.0,27.647058823529413,794.5169457611971,201.27382855136764
85.80000000000001,0.6704074446606739,0.5,25.294117647058822,14.108061555134043,39.0,27.647058823529413,794.5840063376716,201.20829819019522
85.9,0.6705074533111212,0.5,25.294117647058822,14.085906812695725,39.0,27.647058823529413,794.651060498301,201.14277382314125
86.0,0.6706074496050233,0.5,25.294117647058822,14.063761687695433,39.0,27.647058823529413,794.7181081768233,201.07725551545923
86.10000000000001,0.6707074335448279,0.5,25.294117647058822,14.041626178926833,39.0,27.647058823529413,794.7851493072175,201.01174333216733
86.2,0.6708074051329823,0.5,25.294117647058822,14.019500285169954,39.0,27.647058823529413,794.8521838237021,200.94623733804877
86.30000000000001,0.6709073643719325,0.5,25.294117647058822,13.99738400519118,39.0,27.647058823529413,794.9192116607354,200.88073759765285
86.4,0.6710073112641237,0.5,25.294117647058822,13.975277337743876,39.0,27.647058823529413,794.986232753014,200.8152441752954
86.5,0.6711072458120009,0.5,25.294117647058822,13.953180281567654,39.0,27.647058823529413,795.0532470354724,200.74975713505967
86.60000000000001,0.6712071680180071,0.5,25.294117647058822,13.931092835389052,39.0,27.647058823529413,795.1202544432823,200.68427654079704
86.7,0.6713070778845853,0.5,25.294117647058822,13.909014997921133,39.0,27.647058823529413,795.1872549118515,200.61880245612758
86.80000000000001,0.6714069754141776,0.5,25.294117647058822,13.88694676786389,39.0,27.647058823529413,795.254248376824,200.55333494444096
86.9,0.6715068606092249,0.5,25.294117647058822,13.864888143904125,39.0,27.647058823529413,795.3212347740782,200.48787406889704
87.0,0.6716067334721675,0.5,25.294117647058822,13.842839124715454,39.0,27.647058823529413,795.388214039727,200.42241989242646
87.10000000000001,0.6717065940054449,0.5,25.294117647058822,13.820799708958532,39.0,27.647058823529413,795.4551861101165,200.3569724777316
87.2,0.6718064422114955,0.5,25.294117647058822,13.798769895280941,39.0,27.647058823529413,795.5221509218256,200.29153188728708
87.30000000000001,0.6719062780927572,0.5,25.294117647058822,13.776749682317416,39.0,27.647058823529413,795.5891084116657,200.22609818334058
87.4,0.6720061016516666,0.5,25.294117647058822,13.75473906868973,39.0,27.647058823529413,795.6560585166792,200.1606714279134
87.5,0.6721059128906599,0.5,25.294117647058822,13.732738053006642,39.0,27.647058823529413,795.7230011741389,200.0952516828013
87.60000000000001,0.6722057118121721,0.5,25.294117647058822,13.710746633864403,39.0,27.647058823529413,795.7899363215477,200.02983900957508
87.7,0.6723054984186377,0.5,25.294117647058822,13.688764809846418,39.0,27.647058823529413,795.8568638966376,199.96443346958134
87.80000000000001,0.6724052727124902,0.5,25.294117647058822,13.66679257952319,39.0,27.647058823529413,795.9237838373693,199.89903512394312
87.9,0.672505034696162,0.5,25.294117647058822,13.644829941452883,39.0,27.647058823529413,795.9906960819314,199.83364403356057
88.0,0.6726047843720852,0.5,25.294117647058822,13.622876894180877,39.0,27.647058823529413,796.0576005687394,199.7682602591118
88.10000000000001,0.6727045217426906,0.5,25.294117647058822,13.600933436239927,39.0,27.647058823529413,796.1244972364349,199.70288386105324
88.2,0.6728042468104083,0.5,25.294117647058822,13.578999566150571,39.0,27.647058823529413,796.1913860238855,199.63751489962064
88.30000000000001,0.6729039595776677,0.5,25.294117647058822,13.557075282420783,39.0,27.647058823529413,796.2582668701838,199.5721534348296
88.4,0.6730036600468972,0.5,25.294117647058822,13.535160583545974,39.0,27.647058823529413,796.3251397146466,199.5067995264762
88.5,0.6731033482205243,0.5,25.294117647058822,13.51325546800939,39.0,27.647058823529413,796.3920044968143,199.44145323413773
88.60000000000001,0.6732030241009761,0.5,25.294117647058822,13.491359934281945,39.0,27.647058823529413,796.4588611564503,199.37611461717344
88.7,0.673302687690678,0.5,25.294117647058822,13.469473980822443,39.0,27.647058823529413,796.5257096335403,199.31078373472508
88.80000000000001,0.6734023389920555,0.5,25.294117647058822,13.447597606077181,39.0,27.647058823529413,796.592549868291,199.24546064571763
88.9,0.6735019780075329,0.5,25.294117647058822,13.42573080848058,39.0,27.647058823529413,796.6593818011308,199.18014540885994
89.0,0.6736016047395332,0.5,25.294117647058822,13.403873586454779,39.0,27.647058823529413,796.7262053727077,199.11483808264546
89.10000000000001,0.6737012191904793,0.5,25.294117647058822,13.382025938410038,39.0,27.647058823529413,796.7930205238893,199.0495387253528
89.2,0.6738008213627927,0.5,25.294117647058822,13.36018786274451,39.0,27.647058823529413,796.859827195762,198.98424739504637
89.30000000000001,0.6739004112588948,0.5,25.294117647058822,13.338359357844524,39.0,27.647058823529413,796.9266253296305,198.91896414957725
89.4,0.673999988881205,0.5,25.294117647058822,13.316540422084245,39.0,27.647058823529413,796.9934148670169,198.8536890465836
89.5,0.6740995542321431,0.5,25.294117647058822,13.294731053826297,39.0,27.647058823529413,797.0601957496599,198.78842214349152
89.60000000000001,0.6741991073141271,0.5,25.294117647058822,13.272931251421312,39.0,27.647058823529413,797.1269679195148,198.72316349751546
89.7,0.6742986481295749,0.5,25.294117647058822,13.251141013208155,39.0,27.647058823529413,797.1937313187517,198.65791316565904
89.80000000000001,0.674398176680903,0.5,25.294117647058822,13.229360337514208,39.0,27.647058823529413,797.2604858897562,198.5926712047158
89.9,0.6744976929705274,0.5,25.294117647058822,13.207589222654804,39.0,27.647058823529413,797.3272315751275,198.52743767126952
90.0,0.6745971970008633,0.5,25.294117647058822,13.185827666934017,39.0,27.647058823529413,797.3939683176784,198.4622126216952
90.10000000000001,0.6746966887743249,0.5,25.294117647058822,13.164075668644216,39.0,27.647058823529413,797.4606960604345,198.39699611215943
90.2,0.6747961682933252,0.5,25.294117647058822,13.142333226066171,39.0,27.647058823529413,797.5274147466337,198.33178819862127
90.30000000000001,0.6748956355602773,0.5,25.294117647058822,13.120600337469398,39.0,27.647058823529413,797.5941243197254,198.26658893683273
90.4,0.6749950905775927,0.5,25.294117647058822,13.09887700111176,39.0,27.647058823529413,797.6608247233695,198.20139838233942
90.5,0.6750945333476823,0.5,25.294117647058822,13.077163215239864,39.0,27.647058823529413,797.7275159014365,198.1362165904813
90.60000000000001,0.6751939638729563,0.5,25.294117647058822,13.055458978089007,39.0,27.647058823529413,797.7941977980062,198.07104361639315
90.7,0.6752933821558238,0.5,25.294117647058822,13.033764287883116,39.0,27.647058823529413,797.8608703573674,198.0058795150053
90.80000000000001,0.6753927881986932,0.5,25.294117647058822,13.012079142835034,39.0,27.647058823529413,797.927533524017,197.9407243410442
90.9,0.6754921820039723,0.5,25.294117647058822,12.99040354114618,39.0,27.647058823529413,797.9941872426596,197.87557814903317
91.0,0.6755915635740679,0.5,25.294117647058822,12.96873748100694,39.0,27.647058823529413,798.0608314582067,197.81044099329293
91.10000000000001,0.6756909329113857,0.5,25.294117647058822,12.947080960596622,39.0,27.647058823529413,798.1274661157764,197.74531292794214
91.2,0.6757902900183309,0.5,25.294117647058822,12.92543397808356,39.0,27.647058823529413,798.1940911606922,197.68019400689826
91.30000000000001,0.6758896348973081,0.5,25.294117647058822,12.903796531624948,39.0,27.647058823529413,798.2607065384824,197.61508428387788
91.4,0.6759889675507206,0.5,25.294117647058822,12.882168619367064,39.0,27.647058823529413,798.32731219488,197.54998381239756
91.5,0.6760882879809709,0.5,25.294117647058822,12.860550239445217,39.0,27.647058823529413,798.3939080758222,197.48489264577438
91.60000000000001,0.6761875961904609,0.5,25.294117647058822,12.838941389983972,39.0,27.647058823529413,798.4604941274484,197.41981083712653
91.7,0.6762868921815914,0.5,25.294117647058822,12.817342069096867,39.0,27.647058823529413,798.5270702961013,197.35473843937393
91.80000000000001,0.676386175956763,0.5,25.294117647058822,12.795752274886866,39.0,27.647058823529413,798.593636528325,197.28967550523888
91.9,0.6764854475183746,0.5,25.294117647058822,12.774172005446133,39.0,27.647058823529413,798.6601927708651,197.22462208724656
92.0,0.6765847068688249,0.5,25.294117647058822,12.752601258856146,39.0,27.647058823529413,798.7267389706678,197.15957823772578
92.10000000000001,0.6766839540105115,0.5,25.294117647058822,12.731040033187583,39.0,27.647058823529413,798.7932750748794,197.0945440088095
92.2,0.6767831889458314,0.5,25.294117647058822,12.709488326500832,39.0,27.647058823529413,798.8598010308455,197.0295194524355
92.30000000000001,0.6768824116771808,0.5,25.294117647058822,12.687946136845483,39.0,27.647058823529413,798.9263167861102,196.96450462034684
92.4,0.6769816222069547,0.5,25.294117647058822,12.666413462260607,39.0,27.647058823529413,798.9928222884163,196.89949956409262
92.5,0.6770808205375475,0.5,25.294117647058822,12.644890300774932,39.0,27.647058823529413,799.0593174857034,196.8345043350285
92.60000000000001,0.6771800066713529,0.5,25.294117647058822,12.623376650406556,39.0,27.647058823529413,799.1258023261091,196.76951898431727
92.7,0.6772791806107636,0.5,25.294117647058822,12.601872509163456,39.0,27.647058823529413,799.1922767579664,196.70454356292956
92.80000000000001,0.6773783423581715,0.5,25.294117647058822,12.580377875043041,39.0,27.647058823529413,799.2587407298043,196.6395781216443
92.9,0.6774774919159678,0.5,25.294117647058822,12.558892746032598,39.0,27.647058823529413,799.325194190347,196.57462271104936
93.0,0.677576629286543,0.5,25.294117647058822,12.537417120109126,39.0,27.647058823529413,799.3916370885132,196.50967738154222
93.10000000000001,0.6776757544722863,0.5,25.294117647058822,12.515950995239336,39.0,27.647058823529413,799.4580693734155,196.4447421833304
93.2,0.6777748674755865,0.5,25.294117647058822,12.494494369379822,39.0,27.647058823529413,799.5244909943592,196.3798171664322
93.30000000000001,0.6778739682988314,0.5,25.294117647058822,12.473047240477115,39.0,27.647058823529413,799.5909019008433,196.31490238067715
93.4,0.6779730569444081,0.5,25.294117647058822,12.451609606467514,39.0,27.647058823529413,799.6573020425583,196.24999787570675
93.5,0.6780721334147028,0.5,25.294117647058822,12.430181465277371,39.0,27.647058823529413,799.7236913693862,196.1851037009748
93.60000000000001,0.678171197712101,0.5,25.294117647058822,12.408762814822978,39.0,27.647058823529413,799.7900698314,196.12021990574834
93.7,0.6782702498389871,0.5,25.294117647058822,12.387353653010848,39.0,27.647058823529413,799.8564373788633,196.0553465391079
93.80000000000001,0.6783692897977451,0.5,25.294117647058822,12.365953977737433,39.0,27.647058823529413,799.922793962229,195.99048364994815
93.9,0.6784683175907578,0.5,25.294117647058822,12.344563786889353,39.0,27.647058823529413,799.989139532139,195.92563128697864
94.0,0.6785673332204074,0.5,25.294117647058822,12.32318307834339,39.0,27.647058823529413,800.0554740394243,195.8607894987242
94.10000000000001,0.6786663366890751,0.5,25.294117647058822,12.301811849966498,39.0,27.647058823529413,800.1217974351034,195.7959583335256
94.2,0.6787653279991415,0.5,25.294117647058822,12.280450099615962,39.0,27.647058823529413,800.1881096703826,195.73113783954005
94.30000000000001,0.6788643071529864,0.5,25.294117647058822,12.259097825139293,39.0,27.647058823529413,800.2544106966545,195.66632806474183
94.4,0.6789632741529888,0.5,25.294117647058822,12.23775502437445,39.0,27.647058823529413,800.3207004654981,195.6015290569228
94.5,0.6790622290015266,0.5,25.294117647058822,12.21642169514962,39.0,27.647058823529413,800.3869789286783,195.536740863693
94.60000000000001,0.6791611717009771,0.5,25.294117647058822,12.195097835283661,39.0,27.647058823529413,800.4532460381446,195.47196353248125
94.7,0.6792601022537167,0.5,25.294117647058822,12.173783442585602,39.0,27.647058823529413,800.5195017460313,195.40719711053558
94.80000000000001,0.6793590206621213,0.5,25.294117647058822,12.15247851485509,39.0,27.647058823529413,800.5857460046566,195.34244164492392
94.9,0.6794579269285654,0.5,25.294117647058822,12.131183049882395,39.0,27.647058823529413,800.6519787665218,195.27769718253464
95.0,0.6795568210554231,0.5,25.294117647058822,12.109897045448236,39.0,27.647058823529413,800.7181999843111,195.212963770077
95.10000000000001,0.6796557030450677,0.5,25.294117647058822,12.088620499324122,39.0,27.647058823529413,800.7844096108911,195.14824145408187
95.2,0.6797545728998718,0.5,25.294117647058822,12.06735340927196,39.0,27.647058823529413,800.8506075993096,195.08353028090215
95.30000000000001,0.6798534306222066,0.5,25.294117647058822,12.04609577304467,39.0,27.647058823529413,800.9167939027957,195.01883029671333
95.4,0.6799522762144432,0.5,25.294117647058822,12.02484758838574,39.0,27.647058823529413,800.9829684747591,194.9541415475141
95.5,0.6800511096789513,0.5,25.294117647058822,12.003608853029391,39.0,27.647058823529413,801.0491312687893,194.8894640791269
95.60000000000001,0.6801499310181003,0.5,25.294117647058822,11.982379564700864,39.0,27.647058823529413,801.1152822386553,194.8247979371983
95.7,0.6802487402342585,0.5,25.294117647058822,11.961159721116132,39.0,27.647058823529413,801.1814213383045,194.7601431671999
95.80000000000001,0.6803475373297936,0.5,25.294117647058822,11.939949319982077,39.0,27.647058823529413,801.2475485218632,194.69549981442853
95.9,0.6804463223070721,0.5,25.294117647058822,11.918748358996538,39.0,27.647058823529413,801.313663743635,194.63086792400685
96.0,0.6805450951684603,0.5,25.294117647058822,11.89755683584832,39.0,27.647058823529413,801.3797669581005,194.566247540884
96.10000000000001,0.680643855916323,0.5,25.294117647058822,11.876374748217302,39.0,27.647058823529413,801.4458581199176,194.50163870983616
96.2,0.6807426045530247,0.5,25.294117647058822,11.855202093774324,39.0,27.647058823529413,801.5119371839196,194.43704147546688
96.30000000000001,0.6808413410809288,0.5,25.294117647058822,11.83403887018153,39.0,27.647058823529413,801.5780041051153,194.37245588220787
96.4,0.680940065502398,0.5,25.294117647058822,11.81288507509197,39.0,27.647058823529413,801.6440588386886,194.30788197431937
96.5,0.6810387778197946,0.5,25.294117647058822,11.791740706150051,39.0,27.647058823529413,801.7101013399981,194.2433197958907
96.60000000000001,0.6811374780354793,0.5,25.294117647058822,11.770605760991089,39.0,27.647058823529413,801.776131564576,194.17876939084084
96.7,0.6812361661518128,0.5,25.294117647058822,11.749480237242096,39.0,27.647058823529413,801.8421494681277,194.11423080291885
96.80000000000001,0.6813348421711543,0.5,25.294117647058822,11.728364132521051,39.0,27.647058823529413,801.9081550065315,194.04970407570462
96.9,0.6814335060958626,0.5,25.294117647058822,11.707257444437346,39.0,27.647058823529413,801.974148135838,193.98518925260913
97.0,0.6815321579282956,0.5,25.294117647058822,11.686160170591847,39.0,27.647058823529413,802.0401288122698,193.92068637687515
97.10000000000001,0.6816307976708107,0.5,25.294117647058822,11.665072308576612,39.0,27.647058823529413,802.10609699222,193.85619549157767
97.2,0.681729425325764,0.5,25.294117647058822,11.643993855975339,39.0,27.647058823529413,802.1720526322528,193.79171663962447
97.30000000000001,0.6818280408955107,0.5,25.294117647058822,11.622924810363202,39.0,27.647058823529413,802.2379956891021,193.72724986375667
97.4,0.681926644382406,0.5,25.294117647058822,11.601865169306734,39.0,27.647058823529413,802.3039261196722,193.66279520654922
97.5,0.6820252357888037,0.5,25.294117647058822,11.580814930364056,39.0,27.647058823529413,802.3698438810356,193.59835271041123
97.60000000000001,0.682123815117057,0.5,25.294117647058822,11.559774091085046,39.0,27.647058823529413,802.4357489304339,193.53392241758684
97.7,0.6822223823695179,0.5,25.294117647058822,11.53874264901117,39.0,27.647058823529413,802.5016412252761,193.46950437015542
97.80000000000001,0.6823209375485381,0.5,25.294117647058822,11.517720601675308,39.0,27.647058823529413,802.5675207231391,193.40509861003233
97.9,0.6824194806564683,0.5,25.294117647058822,11.496707946602385,39.0,27.647058823529413,802.6333873817667,193.34070517896916
98.0,0.6825180116956583,0.5,25.294117647058822,11.475704681308855,39.0,27.647058823529413,802.6992411590692,193.27632411855453
98.10000000000001,0.6826165306684576,0.5,25.294117647058822,11.454710803302987,39.0,27.647058823529413,802.7650820131224,193.2119554702143
98.2,0.6827150375772143,0.5,25.294117647058822,11.433726310084978,39.0,27.647058823529413,802.830909902168,193.1475992752123
98.30000000000001,0.6828135324242759,0.5,25.294117647058822,11.412751199146726,39.0,27.647058823529413,802.896724784612,193.0832555746508
98.4,0.6829120152119893,0.5,25.294117647058822,11.391785467972056,39.0,27.647058823529413,802.9625266190255,193.01892440947088
98.5,0.6830104859427002,0.5,25.294117647058822,11.370829114036724,39.0,27.647058823529413,803.0283153641426,192.95460582045308
98.60000000000001,0.6831089446187539,0.5,25.294117647058822,11.349882134808581,39.0,27.647058823529413,803.0940909788615,192.8902998482178
98.7,0.6832073912424951,0.5,25.294117647058822,11.32894452774724,39.0,27.647058823529413,803.1598534222427,192.8260065332259
98.80000000000001,0.6833058258162665,0.5,25.294117647058822,11.308016290304408,39.0,27.647058823529413,803.2256026535093,192.76172591577907
98.9,0.6834042483424116,0.5,25.294117647058822,11.28709741992401,39.0,27.647058823529413,803.2913386320461,192.69745803602044
99.0,0.6835026588232723,0.5,25.294117647058822,11.266187914041893,39.0,27.647058823529413,803.3570613173989,192.63320293393494
99.10000000000001,0.6836010572611896,0.5,25.294117647058822,11.245287770086122,39.0,27.647058823529413,803.4227706692749,192.56896064934995
99.2,0.6836994436585039,0.5,25.294117647058822,11.224396985477028,39.0,27.647058823529413,803.488466647541,192.50473122193563
99.30000000000001,0.6837978180175548,0.5,25.294117647058822,11.203515557626929,39.0,27.647058823529413,803.5541492122244,192.4405146912056
99.4,0.6838961803406811,0.5,25.294117647058822,11.18264348394058,39.0,27.647058823529413,803.6198183235113,192.37631109651718
99.5,0.6839945306302211,0.5,25.294117647058822,11.161780761814839,39.0,27.647058823529413,803.6854739417465,192.31212047707217
99.60000000000001,0.6840928688885117,0.5,25.294117647058822,11.140927388639,39.0,27.647058823529413,803.7511160274337,192.24794287191705
99.7,0.6841911951178896,0.5,25.294117647058822,11.120083361794741,39.0,27.647058823529413,803.8167445412338,192.18377831994366
99.80000000000001,0.6842895093206902,0.5,25.294117647058822,11.099248678656068,39.0,27.647058823529413,803.8823594439652,192.11962685988956
99.9,0.6843878114992485,0.5,25.294117647058822,11.078423336589367,39.0,27.647058823529413,803.9479606966034,192.05548853033855
100.0,0.6844861016558983,0.5,25.294117647058822,11.057607332953467,39.0,27.647058823529413,804.0135482602797,191.99136336972128
100.10000000000001,0.6845843797929735,0.5,25.294117647058822,11.036800665099861,39.0,27.647058823529413,804.0791220962816,191.92725141631547
100.2,0.6846826459128061,0.5,25.294117647058822,11.016003330372314,39.0,27.647058823529413,804.1446821660518,191.86315270824662
100.30000000000001,0.684780900017728,0.5,25.294117647058822,10.995215326107257,39.0,27.647058823529413,804.2102284311879,191.79906728348823
100.4,0.6848791421100701,0.5,25.294117647058822,10.97443664963373,39.0,27.647058823529413,804.275760853442,191.73499517986266
100.5,0.6849773721921623,0.5,25.294117647058822,10.953667298273274,39.0,27.647058823529413,804.3412793947199,191.67093643504117
100.60000000000001,0.6850755902663345,0.5,25.294117647058822,10.932907269340376,39.0,27.647058823529413,804.4067840170808,191.60689108654472
100.7,0.6851737963349148,0.5,25.294117647058822,10.912156560141796,39.0,27.647058823529413,804.4722746827368,191.54285917174423
100.80000000000001,0.6852719904002311,0.5,25.294117647058822,10.891415167977414,39.0,27.647058823529413,804.5377513540532,191.47884072786113
100.9,0.6853701724646104,0.5,25.294117647058822,10.870683090139664,39.0,27.647058823529413,804.6032139935459,191.41483579196785
101.0,0.6854683425303789,0.5,25.294117647058822,10.84996032391382,39.0,27.647058823529413,804.6686625638831,191.35084440098825
101.10000000000001,0.6855665005998619,0.5,25.294117647058822,10.829246866577876,39.0,27.647058823529413,804.7340970278842,191.28686659169813
101.2,0.6856646466753843,0.5,25.294117647058822,10.80854271540278,39.0,27.647058823529413,804.7995173485187,191.2229024007255
101.30000000000001,0.6857627807592697,0.5,25.294117647058822,10.787847867652374,39.0,27.647058823529413,804.8649234889068,191.1589518645514
101.4,0.6858609028538414,0.5,25.294117647058822,10.767162320583338,39.0,27.647058823529413,804.9303154123173,191.09501501951002
101.5,0.6859590129614218,0.5,25.294117647058822,10.746486071445418,39.0,27.647058823529413,804.9956930821689,191.03109190178932
101.60000000000001,0.686057111084332,0.5,25.294117647058822,10.725819117481251,39.0,27.647058823529413,805.0610564620289,190.96718254743143
101.7,0.686155197224893,0.5,25.294117647058822,10.7051614559266,39.0,27.647058823529413,805.1264055156124,190.9032869923332
101.80000000000001,0.6862532713854248,0.5,25.294117647058822,10.684513084010177,39.0,27.647058823529413,805.1917402067828,190.83940527224644
101.9,0.6863513335682465,0.5,25.294117647058822,10.663873998953818,39.0,27.647058823529413,805.2570604995503,190.77553742277863
102.0,0.6864493837756763,0.5,25.294117647058822,10.643244197972479,39.0,27.647058823529413,805.322366358072,190.71168347939317
102.10000000000001,0.6865474220100322,0.5,25.294117647058822,10.622623678274294,39.0,27.647058823529413,805.3876577466517,190.64784347741002
102.2,0.6866454482736306,0.5,25.294117647058822,10.602012437060523,39.0,27.647058823529413,805.4529346297385,190.584017452006
102.30000000000001,0.686743462568788,0.5,25.294117647058822,10.581410471525658,39.0,27.647058823529413,805.5181969719274,190.5202054382152
102.4,0.6868414648978193,0.5,25.294117647058822,10.560817778857427,39.0,27.647058823529413,805.5834447379584,190.4564074709296
102.5,0.686939455263039,0.5,25.294117647058822,10.540234356236738,39.0,27.647058823529413,805.6486778927156,190.39262358489938
102.60000000000001,0.6870374336667612,0.5,25.294117647058822,10.519660200838018,39.0,27.647058823529413,805.7138964012274,190.32885381473338
102.7,0.6871354001112983,0.5,25.294117647058822,10.499095309828988,39.0,27.647058823529413,805.7791002286663,190.26509819489956
102.80000000000001,0.6872333545989626,0.5,25.294117647058822,10.478539680370602,39.0,27.647058823529413,805.8442893403469,190.2013567597255
102.9,0.6873312971320658,0.5,25.294117647058822,10.457993309617336,39.0,27.647058823529413,805.9094637017274,190.13762954339873
103.0,0.6874292277129184,0.5,25.294117647058822,10.437456194716958,39.0,27.647058823529413,805.974623278408,190.07391657996715
103.10000000000001,0.6875271463438302,0.5,25.294117647058822,10.416928332810869,39.0,27.647058823529413,806.0397680361307,190.01021790333968
103.2,0.6876250530271101,0.5,25.294117647058822,10.396409721033876,39.0,27.647058823529413,806.1048979407789,189.9465335472864
103.30000000000001,0.6877229477650666,0.5,25.294117647058822,10.375900356514364,39.0,27.647058823529413,806.1700129583769,189.88286354543925
103.4,0.687820830560007,0.5,25.294117647058822,10.35540023637418,39.0,27.647058823529413,806.2351130550892,189.81920793129223
103.5,0.6879187014142383,0.5,25.294117647058822,10.334909357728861,39.0,27.647058823529413,806.3001981972209,189.75556673820202
103.60000000000001,0.6880165603300663,0.5,25.294117647058822,10.314427717687465,39.0,27.647058823529413,806.3652683512165,189.69193999938835
103.7,0.688114407309796,0.5,25.294117647058822,10.293955313352797,39.0,27.647058823529413,806.4303234836594,189.62832774793438
103.80000000000001,0.6882122423557322,0.5,25.294117647058822,10.273492141821237,39.0,27.647058823529413,806.4953635612721,189.5647300167871
103.9,0.6883100654701783,0.5,25.294117647058822,10.253038200183028,39.0,27.647058823529413,806.5603885509153,189.5011468387579
104.0,0.6884078766554373,0.5,25.294117647058822,10.232593485521932,39.0,27.647058823529413,806.625398419587,189.43757824652286
104.10000000000001,0.6885056759138112,0.5,25.294117647058822,10.212157994915628,39.0,27.647058823529413,806.6903931344236,189.37402427262316
104.2,0.6886034632476014,0.5,25.294117647058822,10.191731725435602,39.0,27.647058823529413,806.7553726626978,189.31048494946572
104.30000000000001,0.6887012386591084,0.5,25.294117647058822,10.171314674147084,39.0,27.647058823529413,806.8203369718191,189.24696030932333
104.4,0.688799002150632,0.5,25.294117647058822,10.150906838109222,39.0,27.647058823529413,806.885286029333,189.18345038433523
104.5,0.6888967537244713,0.5,25.294117647058822,10.130508214375027,39.0,27.647058823529413,806.9502198029207,189.11995520650757
104.60000000000001,0.6889944933829246,0.5,25.294117647058822,10.110118799991483,39.0,27.647058823529413,807.0151382603991,189.0564748077136
104.7,0.6890922211282889,0.5,25.294117647058822,10.089738591999435,39.0,27.647058823529413,807.0800413697193,188.99300921969444
104.80000000000001,0.6891899369628615,0.5,25.294117647058822,10.069367587433817,39.0,27.647058823529413,807.1449290989672,188.92955847405918
104.9,0.6892876408889379,0.5,25.294117647058822,10.049005783323423,39.0,27.647058823529413,807.2098014163627,188.8661226022854
105.0,0.6893853329088135,0.5,25.294117647058822,10.028653176691137,39.0,27.647058823529413,807.2746582902591,188.80270163571961
105.10000000000001,0.6894830130247828,0.5,25.294117647058822,10.008309764554042,39.0,27.647058823529413,807.3394996891432,188.73929560557764
105.2,0.6895806812391392,0.5,25.294117647058822,9.987975543923142,39.0,27.647058823529413,807.4043255816339,188.67590454294512
105.30000000000001,0.6896783375541757,0.5,25.294117647058822,9.967650511803527,39.0,27.647058823529413,807.4691359364832,188.61252847877762
105.4,0.6897759819721845,0.5,25.294117647058822,9.947334665194546,39.0,27.647058823529413,807.5339307225745,188.5491674439015
105.5,0.6898736144954566,0.5,25.294117647058822,9.927028001089866,39.0,27.647058823529413,807.5987099089228,188.48582146901396
105.60000000000001,0.6899712351262829,0.5,25.294117647058822,9.906730516477069,39.0,27.647058823529413,807.6634734646743,188.42249058468352
105.7,0.6900688438669531,0.5,25.294117647058822,9.886442208338167,39.0,27.647058823529413,807.7282213591055,188.35917482135048
105.80000000000001,0.6901664407197562,0.5,25.294117647058822,9.866163073649375,39.0,27.647058823529413,807.7929535616237,188.29587420932737
105.9,0.6902640256869806,0.5,25.294117647058822,9.845893109381166,39.0,27.647058823529413,807.8576700417655,188.23258877879917
106.0,0.6903615987709137,0.5,25.294117647058822,9.825632312498385,39.0,27.647058823529413,807.9223707691971,188.16931855982386
106.10000000000001,0.6904591599738426,0.5,25.294117647058822,9.805380679960138,39.0,27.647058823529413,807.987055713714,188.10606358233287
106.2,0.6905567092980526,0.5,25.294117647058822,9.78513820872007,39.0,27.647058823529413,808.05172484524,188.04282387613125
106.30000000000001,0.6906542467458294,0.5,25.294117647058822,9.76490489572609,39.0,27.647058823529413,808.1163781338272,187.97959947089828
106.4,0.6907517723194574,0.5,25.294117647058822,9.744680737920646,39.0,27.647058823529413,808.1810155496556,187.91639039618775
106.5,0.6908492860212203,0.5,25.294117647058822,9.72446573224056,39.0,27.647058823529413,808.2456370630324,187.85319668142844
106.60000000000001,0.690946787853401,0.5,25.294117647058822,9.704259875617254,39.0,27.647058823529413,808.310242644392,187.79001835592442
106.7,0.6910442778182817,0.5,25.294117647058822,9.684063164976408,39.0,27.647058823529413,808.3748322642953,187.72685544885547
106.80000000000001,0.6911417559181438,0.5,25.294117647058822,9.66387559723853,39.0,27.647058823529413,808.4394058934294,187.66370798927755
106.9,0.6912392221552679,0.5,25.294117647058822,9.64369716931867,39.0,27.647058823529413,808.5039635026072,187.60057600612308
107.0,0.691336676531934,0.5,25.294117647058822,9.623527878126197,39.0,27.647058823529413,808.5685050627669,187.53745952820134
107.10000000000001,0.6914341190504213,0.5,25.294117647058822,9.603367720565473,39.0,27.647058823529413,808.6330305449719,187.4743585841989
107.2,0.6915315497130081,0.5,25.294117647058822,9.583216693535235,39.0,27.647058823529413,808.6975399204102,187.4112732026801
107.30000000000001,0.6916289685219719,0.5,25.294117647058822,9.56307479392899,39.0,27.647058823529413,808.7620331603938,187.34820341208712
107.4,0.6917263754795897,0.5,25.294117647058822,9.542942018635017,39.0,27.647058823529413,808.8265102363588,187.28514924074076
107.5,0.6918237705881377,0.5,25.294117647058822,9.52281836453625,39.0,27.647058823529413,808.8909711198645,187.22211071684052
107.60000000000001,0.6919211538498907,0.5,25.294117647058822,9.502703828510391,39.0,27.647058823529413,808.9554157825934,187.15908786846515
107.7,0.6920185252671239,0.5,25.294117647058822,9.482598407429975,39.0,27.647058823529413,809.0198441963506,187.09608072357295
107.80000000000001,0.6921158848421111,0.5,25.294117647058822,9.462502098162247,39.0,27.647058823529413,809.0842563330634,187.03308931000214
107.9,0.692213232577125,0.5,25.294117647058822,9.44241489756945,39.0,27.647058823529413,809.1486521647811,186.97011365547127
108.0,0.6923105684744383,0.5,25.294117647058822,9.422336802508482,39.0,27.647058823529413,809.2130316636743,186.9071537875797
108.10000000000001,0.6924078925363226,0.5,25.294117647058822,9.402267809831471,39.0,27.647058823529413,809.2773948020351,186.8442097338077
108.2,0.6925052047650483,0.5,25.294117647058822,9.382207916385028,39.0,27.647058823529413,809.3417415522761,186.78128152151712
108.30000000000001,0.6926025051628856,0.5,25.294117647058822,9.362157119011101,39.0,27.647058823529413,809.4060718869299,186.7183691779516
108.4,0.6926997937321039,0.5,25.294117647058822,9.342115414546186,39.0,27.647058823529413,809.4703857786498,186.65547273023697
108.5,0.6927970704749719,0.5,25.294117647058822,9.322082799822283,39.0,27.647058823529413,809.5346832002078,186.5925922053816
108.60000000000001,0.6928943353937569,0.5,25.294117647058822,9.30205927166594,39.0,27.647058823529413,809.5989641244962,186.52972763027685
108.7,0.6929915884907263,0.5,25.294117647058822,9.282044826899096,39.0,27.647058823529413,809.6632285245252,186.46687903169735
108.80000000000001,0.6930888297681466,0.5,25.294117647058822,9.262039462338464,39.0,27.647058823529413,809.7274763734238,186.40404643630134
108.9,0.6931860592282829,0.5,25.294117647058822,9.242043174796095,39.0,27.647058823529413,809.791707644439,186.34122987063128
109.0,0.6932832768734002,0.5,25.294117647058822,9.222055961079093,39.0,27.647058823529413,809.8559223109357,186.27842936111384
109.10000000000001,0.6933804827057625,0.5,25.294117647058822,9.202077817989732,39.0,27.647058823529413,809.9201203463962,186.21564493406052
109.2,0.693477676727633,0.5,25.294117647058822,9.182108742325454,39.0,27.647058823529413,809.9843017244194,186.15287661566796
109.30000000000001,0.6935748589412744,0.5,25.294117647058822,9.162148730878755,39.0,27.647058823529413,810.048466418721,186.09012443201837
109.4,0.6936720293489482,0.5,25.294117647058822,9.142197780437527,39.0,27.647058823529413,810.1126144031327,186.0273884090797
109.5,0.6937691879529156,0.5,25.294117647058822,9.122255887784888,39.0,27.647058823529413,810.1767456516025,185.9646685727061
109.60000000000001,0.6938663347554371,0.5,25.294117647058822,9.10232304969918,39.0,27.647058823529413,810.2408601381934,185.90196494863838
109.7,0.6939634697587719,0.5,25.294117647058822,9.082399262954027,39.0,27.647058823529413,810.3049578370839,185.8392775625042
109.80000000000001,0.6940605929651789,0.5,25.294117647058822,9.062484524318506,39.0,27.647058823529413,810.3690387225672,185.77660643981855
109.9,0.694157704376916,0.5,25.294117647058822,9.042578830556863,39.0,27.647058823529413,810.4331027690506,185.71395160598402
110.0,0.6942548039962407,0.5,25.294117647058822,9.022682178428852,39.0,27.647058823529413,810.4971499510558,185.65131308629125
110.10000000000001,0.6943518918254095,0.5,25.294117647058822,9.00279456468951,39.0,27.647058823529413,810.5611802432179,185.58869090591915
110.2,0.694448967866678,0.5,25.294117647058822,8.982915986089495,39.0,27.647058823529413,810.6251936202856,185.52608508993538
110.30000000000001,0.6945460321223014,0.5,25.294117647058822,8.963046439374693,39.0,27.647058823529413,810.6891900571203,185.46349566329664
110.4,0.6946430845945339,0.5,25.294117647058822,8.9431859212865,39.0,27.647058823529413,810.7531695286959,185.400922650849
110.5,0.6947401252856292,0.5,25.294117647058822,8.92333442856193,39.0,27.647058823529413,810.817132010099,185.33836607732826
110.60000000000001,0.6948371541978402,0.5,25.294117647058822,8.903491957933454,39.0,27.647058823529413,810.8810774765275,185.2758259673604
110.7,0.6949341713334186,0.5,25.294117647058822,8.883658506129052,39.0,27.647058823529413,810.9450059032912,185.21330234546178
110.80000000000001,0.6950311766946161,0.5,25.294117647058822,8.863834069872269,39.0,27.647058823529413,811.0089172658111,185.15079523603958
110.9,0.695128170283683,0.5,25.294117647058822,8.844018645882272,39.0,27.647058823529413,811.0728115396188,185.08830466339208
111.0,0.6952251521028692,0.5,25.294117647058822,8.824212230873854,39.0,27.647058823529413,811.1366887003564,185.02583065170901
111.10000000000001,0.6951769516366727,0.5,47.05882352941176,8.835396532198047,39.0,50.588235294117645,811.2005430571777,184.96337890658933
111.2,0.6951287620513527,0.5,47.05882352941176,8.846578262743662,39.0,50.588235294117645,811.26436609758,184.9009579628722
111.30000000000001,0.69508058334483,0.5,47.05882352941176,8.857757423903877,39.0,50.588235294117645,811.3281578166778,184.83856782548457
111.4,0.6950324155150261,0.5,47.05882352941176,8.86893401707249,39.0,50.588235294117645,811.391918209581,184.77620849935778
111.5,0.6949842585598619,0.5,47.05882352941176,8.880108043643418,39.0,50.588235294117645,811.455647271395,184.7138799894277
111.60000000000001,0.6949361124772591,0.5,47.05882352941176,8.89127950501154,39.0,50.588235294117645,811.5193449972207,184.65158230063471
111.7,0.6948879772651391,0.5,47.05882352941176,8.902448402571792,39.0,50.588235294117645,811.5830113821544,184.58931543792366
111.80000000000001,0.6948398529214241,0.5,47.05882352941176,8.913614737719797,39.0,50.588235294117645,811.646646421288,184.52707940624387
111.9,0.6947917394440367,0.5,47.05882352941176,8.92477851185157,39.0,50.588235294117645,811.7102501097089,184.46487421054917
112.0,0.6947436368308992,0.5,47.05882352941176,8.935939726363756,39.0,50.588235294117645,811.7738224425001,184.40269985579786
112.10000000000001,0.6946955450799343,0.5,47.05882352941176,8.947098382653394,39.0,50.588235294117645,811.8373634147399,184.34055634695275
112.2,0.6946474641890651,0.5,47.05882352941176,8.958254482118036,39.0,50.588235294117645,811.9008730215022,184.27844368898116
112.30000000000001,0.6945993941562149,0.5,47.05882352941176,8.969408026155577,39.0,50.588235294117645,811.9643512578565,184.21636188685486
112.4,0.6945513349793071,0.5,47.05882352941176,8.980559016164648,39.0,50.588235294117645,812.0277981188676,184.15431094555007
112.5,0.694503286656266,0.5,47.05882352941176,8.991707453544166,39.0,50.588235294117645,812.091213599596,184.0922908700476
112.60000000000001,0.6944552491850152,0.5,47.05882352941176,9.002853339693559,39.0,50.588235294117645,812.1545976950974,184.03030166533273
112.7,0.6944072225634791,0.5,47.05882352941176,9.013996676012766,39.0,50.588235294117645,812.2179504004234,183.9683433363952
112.80000000000001,0.6943592067895825,0.5,47.05882352941176,9.025137463902297,39.0,50.588235294117645,812.2812717106207,183.9064158882293
112.9,0.6943112018612498,0.5,47.05882352941176,9.036275704763,39.0,50.588235294117645,812.3445616207316,183.84451932583374
113.0,0.6942632077764065,0.5,47.05882352941176,9.047411399996292,39.0,50.588235294117645,812.407820125794,183.78265365421177
113.10000000000001,0.6942152245329775,0.5,47.05882352941176,9.058544551004047,39.0,50.588235294117645,812.4710472208415,183.72081887837118
113.2,0.6941672521288889,0.5,47.05882352941176,9.069675159188648,39.0,50.588235294117645,812.5342429009024,183.65901500332419
113.30000000000001,0.6941192905620661,0.5,47.05882352941176,9.080803225952934,39.0,50.588235294117645,812.5974071610015,183.59724203408751
113.4,0.6940713398304353,0.5,47.05882352941176,9.091928752700142,39.0,50.588235294117645,812.6605399961584,183.5354999756824
113.5,0.6940233999319229,0.5,47.05882352941176,9.10305174083419,39.0,50.588235294117645,812.7236414013885,183.4737888331346
113.60000000000001,0.6939754708644553,0.5,47.05882352941176,9.11417219175928,39.0,50.588235294117645,812.7867113717026,183.4121086114743
113.7,0.6939275526259597,0.5,47.05882352941176,9.125290106880243,39.0,50.588235294117645,812.8497499021069,183.35045931573634
113.80000000000001,0.6938796452143631,0.5,47.05882352941176,9.136405487602303,39.0,50.588235294117645,812.9127569876031,183.2888409509599
113.9,0.6938317486275927,0.5,47.05882352941176,9.147518335331142,39.0,50.588235294117645,812.9757326231886,183.22725352218873
114.0,0.6937838628635761,0.5,47.05882352941176,9.158628651473009,39.0,50.588235294117645,813.038676803856,183.16569703447107
114.10000000000001,0.6937359879202413,0.5,47.05882352941176,9.169736437434722,39.0,50.588235294117645,813.1015895245937,183.1041714928597
114.2,0.6936881237955163,0.5,47.05882352941176,9.180841694623382,39.0,50.588235294117645,813.164470780385,183.04267690241184
114.30000000000001,0.6936402704873298,0.5,47.05882352941176,9.191944424446604,39.0,50.588235294117645,813.2273205662094,182.9812132681893
114.4,0.6935924279936098,0.5,47.05882352941176,9.203044628312568,39.0,50.588235294117645,813.2901388770418,182.91978059525832
114.5,0.6935445963122856,0.5,47.05882352941176,9.214142307629913,39.0,50.588235294117645,813.352925707852,182.85837888868966
114.60000000000001,0.6934967754412862,0.5,47.05882352941176,9.225237463807673,39.0,50.588235294117645,813.4156810536056,182.7970081535586
114.7,0.6934489653785413,0.5,47.05882352941176,9.23633009825545,39.0,50.588235294117645,813.4784049092638,182.73566839494498
114.80000000000001,0.6934011661219801,0.5,47.05882352941176,9.24742021238336,39.0,50.588235294117645,813.5410972697831,182.67435961793308
114.9,0.6933533776695326,0.5,47.05882352941176,9.258507807601973,39.0,50.588235294117645,813.6037581301158,182.61308182761172
115.0,0.693305600019129,0.5,47.05882352941176,9.26959288532231,39.0,50.588235294117645,813.666387485209,182.55183502907417
115.10000000000001,0.6932578331686999,0.5,47.05882352941176,9.280675446955854,39.0,50.588235294117645,813.7289853300061,182.49061922741834
115.2,0.6932100771161757,0.5,47.05882352941176,9.291755493914536,39.0,50.588235294117645,813.7915516594455,182.4294344277465
115.30000000000001,0.6931623318594872,0.5,47.05882352941176,9.302833027610916,39.0,50.588235294117645,813.8540864684612,182.36828063516555
115.4,0.6931145973965658,0.5,47.05882352941176,9.313908049457893,39.0,50.588235294117645,813.9165897519827,182.30715785478685
115.5,0.6930668737253429,0.5,47.05882352941176,9.324980560868937,39.0,50.588235294117645,813.9790615049346,182.2460660917263
115.60000000000001,0.6930191608437501,0.5,47.05882352941176,9.336050563257857,39.0,50.588235294117645,814.0415017222374,182.18500535110422
115.7,0.6929714587497194,0.5,47.05882352941176,9.347118058039143,39.0,50.588235294117645,814.1039103988071,182.12397563804564
115.80000000000001,0.6929237674411829,0.5,47.05882352941176,9.358183046627744,39.0,50.588235294117645,814.1662875295549,182.0629769576799
115.9,0.6928760869160729,0.5,47.05882352941176,9.369245530438832,39.0,50.588235294117645,814.2286331093877,182.002009315141
116.0,0.6928284171723225,0.5,47.05882352941176,9.38030551088832,39.0,50.588235294117645,814.2909471332076,181.94107271556743
116.10000000000001,0.6927807582078641,0.5,47.05882352941176,9.391362989392519,39.0,50.588235294117645,814.3532295959125,181.88016716410212
116.2,0.6927331100206314,0.5,47.05882352941176,9.402417967368194,39.0,50.588235294117645,814.4154804923955,181.8192926658926
116.30000000000001,0.6926854726085577,0.5,47.05882352941176,9.41347044623268,39.0,50.588235294117645,814.4776998175452,181.75844922609087
116.4,0.6926378459695766,0.5,47.05882352941176,9.42452042740365,39.0,50.588235294117645,814.5398875662457,181.69763684985352
116.5,0.692590230101622,0.5,47.05882352941176,9.435567912299291,39.0,50.588235294117645,814.6020437333768,181.63685554234164
116.60000000000001,0.6925426250026284,0.5,47.05882352941176,9.446612902338472,39.0,50.588235294117645,814.6641683138135,181.5761053087208
116.7,0.69249503067053,0.5,47.05882352941176,9.45765539894029,39.0,50.588235294117645,814.7262613024262,181.51538615416106
116.80000000000001,0.6924474471032613,0.5,47.05882352941176,9.468695403524407,39.0,50.588235294117645,814.7883226940809,181.45469808383712
116.9,0.6923998742987579,0.5,47.05882352941176,9.479732917510887,39.0,50.588235294117645,814.8503524836391,181.3940411029281
117.0,0.6923523122549545,0.5,47.05882352941176,9.490767942320417,39.0,50.588235294117645,814.9123506659577,181.33341521661774
117.10000000000001,0.692304760969787,0.5,47.05882352941176,9.50180047937414,39.0,50.588235294117645,814.974317235889,181.27282043009419
117.2,0.6922572204411908,0.5,47.05882352941176,9.512830530093538,39.0,50.588235294117645,815.0362521882809,181.21225674855023
117.30000000000001,0.692209690667102,0.5,47.05882352941176,9.523858095900778,39.0,50.588235294117645,815.0981555179766,181.15172417718316
117.4,0.6921621716454567,0.5,47.05882352941176,9.534883178218365,39.0,50.588235294117645,815.160027219815,181.09122272119475
117.5,0.6921146633741917,0.5,47.05882352941176,9.545905778469262,39.0,50.588235294117645,815.2218672886299,181.03075238579132
117.60000000000001,0.6920671658512436,0.5,47.05882352941176,9.556925898076997,39.0,50.588235294117645,815.2836757192514,180.9703131761838
117.7,0.6920196790745494,0.5,47.05882352941176,9.567943538465556,39.0,50.588235294117645,815.3454525065042,180.90990509758748
117.80000000000001,0.6919722030420464,0.5,47.05882352941176,9.578958701059321,39.0,50.588235294117645,815.407197645209,180.84952815522237
117.9,0.691924737751672,0.5,47.05882352941176,9.589971387283242,39.0,50.588235294117645,815.4689111301817,180.78918235431289
118.0,0.6918772832013642,0.5,47.05882352941176,9.600981598562782,39.0,50.588235294117645,815.530592956234,180.72886770008805
118.10000000000001,0.6918298393890606,0.5,47.05882352941176,9.611989336323745,39.0,50.588235294117645,815.5922431181727,180.66858419778137
118.2,0.6917824063127,0.5,47.05882352941176,9.62299460199256,39.0,50.588235294117645,815.6538616108002,180.60833185263095
118.30000000000001,0.6917349839702208,0.5,47.05882352941176,9.633997396995994,39.0,50.588235294117645,815.7154484289141,180.54811066987938
118.4,0.6916875723595618,0.5,47.05882352941176,9.644997722761445,39.0,50.588235294117645,815.7770035673079,180.48792065477372
118.5,0.6916401714786619,0.5,47.05882352941176,9.655995580716592,39.0,50.588235294117645,815.83852702077,180.42776181256573
118.60000000000001,0.6915927813254604,0.5,47.05882352941176,9.666990972289739,39.0,50.588235294117645,815.9000187840849,180.3676341485116
118.7,0.6915454018978969,0.5,47.05882352941176,9.677983898909702,39.0,50.588235294117645,815.9614788520317,180.30753766787208
118.80000000000001,0.6914980331939111,0.5,47.05882352941176,9.688974362005638,39.0,50.588235294117645,816.022907219386,180.24747237591248
118.9,0.6914506752114432,0.5,47.05882352941176,9.699962363007216,39.0,50.588235294117645,816.0843038809179,180.18743827790263
119.0,0.6914033279484336,0.5,47.05882352941176,9.710947903344675,39.0,50.588235294117645,816.1456688313934,180.12743537911692
119.10000000000001,0.6913559914028228,0.5,47.05882352941176,9.72193098444859,39.0,50.588235294117645,816.207002065574,180.06746368483425
119.2,0.6913086655725516,0.5,47.05882352941176,9.732911607750168,39.0,50.588235294117645,816.2683035782161,180.00752320033814
119.30000000000001,0.6912613504555609,0.5,47.05882352941176,9.743889774680952,39.0,50.588235294117645,816.3295733640722,179.9476139309166
119.4,0.6912140460497924,0.5,47.05882352941176,9.754865486673168,39.0,50.588235294117645,816.39081141789,179.88773588186214
119.5,0.6911667523531874,0.5,47.05882352941176,9.765838745159158,39.0,50.588235294117645,816.4520177344125,179.8278890584719
119.60000000000001,0.6911194693636877,0.5,47.05882352941176,9.776809551572114,39.0,50.588235294117645,816.5131923083783,179.76807346604753
119.7,0.6910721970792356,0.5,47.05882352941176,9.7877779073454,39.0,50.588235294117645,816.5743351345213,179.70828910989522
119.80000000000001,0.6910249354977736,0.5,47.05882352941176,9.798743813913177,39.0,50.588235294117645,816.6354462075711,179.64853599532574
119.9,0.6909776846172438,0.5,47.05882352941176,9.809707272709772,39.0,50.588235294117645,816.6965255222524,179.58881412765442
120.0,0.6909304444355896,0.5,47.05882352941176,9.820668285170257,39.0,50.588235294117645,816.7575730732854,179.52912351220107
120.10000000000001,0.6908832149507538,0.5,47.05882352941176,9.831626852729926,39.0,50.588235294117645,816.818588855386,179.4694641542901
120.2,0.6908359961606799,0.5,47.05882352941176,9.842582976824701,39.0,50.588235294117645,816.8795728632653,179.4098360592505
120.30000000000001,0.6907887880633116,0.5,47.05882352941176,9.85353665889096,39.0,50.588235294117645,816.9405250916298,179.35023923241576
120.4,0.6907415906565926,0.5,47.05882352941176,9.864487900365418,39.0,50.588235294117645,817.0014455351813,179.29067367912396
120.5,0.690694403938467,0.5,47.05882352941176,9.875436702685477,39.0,50.588235294117645,817.0623341886176,179.2311394047178
120.60000000000001,0.6906472279068797,0.5,47.05882352941176,9.886383067288989,39.0,50.588235294117645,817.1231910466313,179.1716364145444
120.7,0.6906000625597747,0.5,47.05882352941176,9.897326995614208,39.0,50.588235294117645,817.1840161039107,179.11216471395548
120.80000000000001,0.6905529078950974,0.5,47.05882352941176,9.908268489099896,39.0,50.588235294117645,817.2448093551398,179.05272430830735
120.9,0.6905057639107924,0.5,47.05882352941176,9.91920754918516,39.0,50.588235294117645,817.3055707949973,178.9933152029609
121.0,0.6904586306048056,0.5,47.05882352941176,9.930144177309728,39.0,50.588235294117645,817.366300418158,178.9339374032815
121.10000000000001,0.6904115079750827,0.5,47.05882352941176,9.941078374913786,39.0,50.588235294117645,817.4269982192916,178.8745909146392
121.2,0.6903643960195691,0.5,47.05882352941176,9.952010143437974,39.0,50.588235294117645,817.4876641930637,178.81527574240852
121.30000000000001,0.6903172947362116,0.5,47.05882352941176,9.962939484323385,39.0,50.588235294117645,817.548298334135,178.7559918919686
121.4,0.6902702041229565,0.5,47.05882352941176,9.973866399011683,39.0,50.588235294117645,817.6089006371618,178.69673936870308
121.5,0.6902231241777502,0.5,47.05882352941176,9.984790888944872,39.0,50.588235294117645,817.6694710967956,178.6375181780002
121.60000000000001,0.6901760548985397,0.5,47.05882352941176,9.995712955565466,39.0,50.588235294117645,817.7300097076837,178.57832832525278
121.7,0.6901289962832724,0.5,47.05882352941176,10.00663260031655,39.0,50.588235294117645,817.7905164644685,178.5191698158582
121.80000000000001,0.6900819483298957,0.5,47.05882352941176,10.017549824641605,39.0,50.588235294117645,817.8509913617878,178.4600426552184
121.9,0.6900349110363571,0.5,47.05882352941176,10.028464629984512,39.0,50.588235294117645,817.9114343942749,178.40094684873986
122.0,0.6899878844006049,0.5,47.05882352941176,10.039377017789718,39.0,50.588235294117645,817.9718455565586,178.34188240183374
122.10000000000001,0.689940868420587,0.5,47.05882352941176,10.05028698950224,39.0,50.588235294117645,818.032224843263,178.28284931991567
122.2,0.689893863094252,0.5,47.05882352941176,10.061194546567378,39.0,50.588235294117645,818.0925722490073,178.22384760840583
122.30000000000001,0.6898468684195488,0.5,47.05882352941176,10.072099690430946,39.0,50.588235294117645,818.1528877684068,178.1648772727291
122.4,0.6897998843944261,0.5,47.05882352941176,10.08300242253938,39.0,50.588235294117645,818.2131713960716,178.10593831831474
122.5,0.6897529110168333,0.5,47.05882352941176,10.09390274433946,39.0,50.588235294117645,818.2734231266078,178.04703075059683
122.60000000000001,0.6897059482847199,0.5,47.05882352941176,10.104800657278417,39.0,50.588235294117645,818.3336429546162,177.98815457501385
122.7,0.6896589961960355,0.5,47.05882352941176,10.115696162804056,39.0,50.588235294117645,818.3938308746934,177.92930979700887
122.80000000000001,0.6896120547487304,0.5,47.05882352941176,10.126589262364575,39.0,50.588235294117645,818.4539868814314,177.87049642202962
122.9,0.6895651239407546,0.5,47.05882352941176,10.13747995740863,39.0,50.588235294117645,818.5141109694177,177.81171445552837
123.0,0.6895182037700588,0.5,47.05882352941176,10.148368249385442,39.0,50.588235294117645,818.574203133235,177.75296390296194
123.10000000000001,0.6894712942345935,0.5,47.05882352941176,10.159254139744746,39.0,50.588235294117645,818.6342633674612,177.69424476979177
123.2,0.6894243953323103,0.5,47.05882352941176,10.170137629936448,39.0,50.588235294117645,818.6942916666702,177.63555706148387
123.30000000000001,0.6893775070611597,0.5,47.05882352941176,10.181018721411363,39.0,50.588235294117645,818.7542880254308,177.57690078350885
123.4,0.689330629419094,0.5,47.05882352941176,10.191897415620417,39.0,50.588235294117645,818.8142524383074,177.51827594134187
123.5,0.6892837624040644,0.5,47.05882352941176,10.202773714015166,39.0,50.588235294117645,818.8741848998598,177.4596825404627
123.60000000000001,0.6892369060140234,0.5,47.05882352941176,10.213647618047617,39.0,50.588235294117645,818.9340854046428,177.4011205863557
123.7,0.6891900602469229,0.5,47.05882352941176,10.224519129170233,39.0,50.588235294117645,818.9939539472073,177.3425900845098
123.80000000000001,0.6891432251007158,0.5,47.05882352941176,10.235388248836102,39.0,50.588235294117645,819.0537905220991,177.28409104041853
123.9,0.6890964005733548,0.5,47.05882352941176,10.246254978498598,39.0,50.588235294117645,819.1135951238596,177.22562345958002
124.0,0.6890495866627926,0.5,47.05882352941176,10.257119319611547,39.0,50.588235294117645,819.1733677470252,177.167187347497
124.10000000000001,0.689002783366983,0.5,47.05882352941176,10.267981273629346,39.0,50.588235294117645,819.2331083861282,177.10878270967672
124.2,0.6889559906838796,0.5,47.05882352941176,10.2788408420069,39.0,50.588235294117645,819.292817035696,177.05040955163113
124.30000000000001,0.688909208611436,0.5,47.05882352941176,10.289698026199517,39.0,50.588235294117645,819.3524936902517,176.99206787887675
124.4,0.6888624371476062,0.5,47.05882352941176,10.300552827662898,39.0,50.588235294117645,819.4121383443133,176.9337576969346
124.5,0.688815676290345,0.5,47.05882352941176,10.311405247853429,39.0,50.588235294117645,819.4717509923946,176.8754790113304
124.60000000000001,0.6887689260376069,0.5,47.05882352941176,10.32225528822778,39.0,50.588235294117645,819.5313316290044,176.81723182759444
124.7,0.6887221863873464,0.5,47.05882352941176,10.33310295024313,39.0,50.588235294117645,819.5908802486473,176.75901615126156
124.80000000000001,0.6886754573375189,0.5,47.05882352941176,10.343948235357232,39.0,50.588235294117645,819.6503968458229,176.70083198787123
124.9,0.6886287388860796,0.5,47.05882352941176,10.354791145028287,39.0,50.588235294117645,819.7098814150265,176.6426793429676
125.0,0.6885820310309844,0.5,47.05882352941176,10.365631680714728,39.0,50.588235294117645,819.7693339507487,176.58455822209936
125.10000000000001,0.6885353337701888,0.5,47.05882352941176,10.376469843875839,39.0,50.588235294117645,819.828754447475,176.52646863081975
125.2,0.6884886471016494,0.5,47.05882352941176,10.387305635971074,39.0,50.588235294117645,819.8881428996871,176.46841057468666
125.30000000000001,0.688441971023322,0.5,47.05882352941176,10.398139058460572,39.0,50.588235294117645,819.9474993018614,176.4103840592626
125.4,0.6883953055331639,0.5,47.05882352941176,10.408970112804695,39.0,50.588235294117645,820.00682364847,176.35238909011474
125.5,0.6883486506291316,0.5,47.05882352941176,10.419798800464548,39.0,50.588235294117645,820.0661159339803,176.29442567281473
125.60000000000001,0.6883020063091825,0.5,47.05882352941176,10.430625122901574,39.0,50.588235294117645,820.1253761528552,176.23649381293893
125.7,0.6882553725712737,0.5,47.05882352941176,10.441449081577673,39.0,50.588235294117645,820.1846042995526,176.17859351606825
125.80000000000001,0.6882087494133631,0.5,47.05882352941176,10.452270677955312,39.0,50.588235294117645,820.243800368526,176.12072478778822
125.9,0.6881621368334085,0.5,47.05882352941176,10.463089913497242,39.0,50.588235294117645,820.3029643542244,176.06288763368903
126.0,0.6881155348293684,0.5,47.05882352941176,10.473906789666842,39.0,50.588235294117645,820.3620962510919,176.00508205936544
126.10000000000001,0.6880689433992008,0.5,47.05882352941176,10.484721307927941,39.0,50.588235294117645,820.4211960535682,175.94730807041682
126.2,0.6880223625408648,0.5,47.05882352941176,10.495533469744828,39.0,50.588235294117645,820.4802637560882,175.88956567244725
126.30000000000001,0.687975792252319,0.5,47.05882352941176,10.506343276582243,39.0,50.588235294117645,820.5392993530822,175.83185487106527
126.4,0.6879292325315228,0.5,47.05882352941176,10.517150729905381,39.0,50.588235294117645,820.598302838976,175.77417567188417
126.5,0.6878826833764358,0.5,47.05882352941176,10.527955831179952,39.0,50.588235294117645,820.6572742081904,175.7165280805218
126.60000000000001,0.6878361447850174,0.5,47.05882352941176,10.538758581872173,39.0,50.588235294117645,820.7162134551419,175.65891210260062
126.7,0.687789616755228,0.5,47.05882352941176,10.549558983448605,39.0,50.588235294117645,820.7751205742424,175.6013277437478
126.80000000000001,0.6877430992850273,0.5,47.05882352941176,10.560357037376491,39.0,50.588235294117645,820.8339955598988,175.54377500959498
126.9,0.6876965923723761,0.5,47.05882352941176,10.571152745123243,39.0,50.588235294117645,820.8928384065136,175.4862539057786
127.0,0.6876500960152352,0.5,47.05882352941176,10.581946108157013,39.0,50.588235294117645,820.9516491084847,175.42876443793955
127.10000000000001,0.6876036102115656,0.5,47.05882352941176,10.592737127946293,39.0,50.588235294117645,821.0104276602053,175.3713066117235
127.2,0.6875571349593282,0.5,47.05882352941176,10.603525805960032,39.0,50.588235294117645,821.0691740560637,175.31388043278068
127.30000000000001,0.6875106702564849,0.5,47.05882352941176,10.614312143667746,39.0,50.588235294117645,821.1278882904438,175.25648590676593
127.4,0.6874642161009974,0.5,47.05882352941176,10.625096142539348,39.0,50.588235294117645,821.1865703577249,175.19912303933873
127.5,0.6874177724908276,0.5,47.05882352941176,10.635877804045265,39.0,50.588235294117645,821.2452202522815,175.14179183616324
127.60000000000001,0.6873713394239379,0.5,47.05882352941176,10.646657129656262,39.0,50.588235294117645,821.3038379684833,175.08449230290822
127.7,0.6873249168982907,0.5,47.05882352941176,10.657434120843845,39.0,50.588235294117645,821.3624235006957,175.02722444524704
127.80000000000001,0.6872785049118489,0.5,47.05882352941176,10.668208779079634,39.0,50.588235294117645,821.4209768432792,174.96998826885778
127.9,0.6872321034625757,0.5,47.05882352941176,10.678981105836101,39.0,50.588235294117645,821.4794979905898,174.91278377942308
128.0,0.6871857125484342,0.5,47.05882352941176,10.68975110258583,39.0,50.588235294117645,821.5379869369787,174.85561098263022
128.1,0.6871393321673881,0.5,47.05882352941176,10.700518770802148,39.0,50.588235294117645,821.5964436767925,174.7984698841712
128.20000000000002,0.6870929623174009,0.5,47.05882352941176,10.711284111958719,39.0,50.588235294117645,821.6548682043732,174.74136048974253
128.3,0.6870466029964372,0.5,47.05882352941176,10.722047127529663,39.0,50.588235294117645,821.7132605140579,174.68428280504554
128.4,0.6870002542024608,0.5,47.05882352941176,10.73280781898967,39.0,50.588235294117645,821.7716206001792,174.62723683578605
128.5,0.6869539159334365,0.5,47.05882352941176,10.743566187813826,39.0,50.588235294117645,821.8299484570649,174.5702225876746
128.6,0.6869075881873293,0.5,47.05882352941176,10.754322235477673,39.0,50.588235294117645,821.8882440790385,174.51324006642633
128.70000000000002,0.6868612709621041,0.5,47.05882352941176,10.76507596345732,39.0,50.588235294117645,821.9465074604185,174.45628927776107
128.8,0.6868149642557264,0.5,47.05882352941176,10.77582737322922,39.0,50.588235294117645,822.0047385955188,174.39937022740324
128.9,0.6867686680661618,0.5,47.05882352941176,10.786576466270333,39.0,50.588235294117645,822.0629374786486,174.34248292108202
129.0,0.6867223823913761,0.5,47.05882352941176,10.797323244058191,39.0,50.588235294117645,822.1211041041124,174.28562736453117
129.1,0.6866761072293353,0.5,47.05882352941176,10.80806770807061,39.0,50.588235294117645,822.1792384662101,174.22880356348907
129.20000000000002,0.686629842578006,0.5,47.05882352941176,10.818809859786029,39.0,50.588235294117645,822.237340559237,174.1720115236988
129.3,0.6865835884353547,0.5,47.05882352941176,10.829549700683287,39.0,50.588235294117645,822.2954103774836,174.1152512509081
129.4,0.6865373447993485,0.5,47.05882352941176,10.840287232241792,39.0,50.588235294117645,822.3534479152356,174.05852275086932
129.5,0.6864911116679545,0.5,47.05882352941176,10.851022455941234,39.0,50.588235294117645,822.4114531667741,174.0018260293395
129.6,0.6864448890391398,0.5,47.05882352941176,10.861755373261985,39.0,50.588235294117645,822.4694261263758,173.9451610920804
129.70000000000002,0.6863986769108723,0.5,47.05882352941176,10.872485985684705,39.0,50.588235294117645,822.5273667883123,173.88852794485837
129.8,0.6863524752811198,0.5,47.05882352941176,10.883214294690617,39.0,50.588235294117645,822.5852751468508,173.83192659344436
129.9,0.6863062841478504,0.5,47.05882352941176,10.893940301761347,39.0,50.588235294117645,822.6431511962537,173.77535704361412
130.0,0.686260103509033,0.5,47.05882352941176,10.90466400837903,39.0,50.588235294117645,822.7009949307787,173.71881930114802
130.1,0.6862139333626359,0.5,47.05882352941176,10.91538541602631,39.0,50.588235294117645,822.7588063446788,173.66231337183106
130.20000000000002,0.6861677737066283,0.5,47.05882352941176,10.92610452618635,39.0,50.588235294117645,822.8165854322023,173.60583926145293
130.3,0.6861216245389792,0.5,47.05882352941176,10.93682134034259,39.0,50.588235294117645,822.8743321875928,173.54939697580795
130.4,0.6860754858576581,0.5,47.05882352941176,10.947535859978984,39.0,50.588235294117645,822.9320466050893,173.4929865206952
130.5,0.6860293576606346,0.5,47.05882352941176,10.95824808658017,39.0,50.588235294117645,822.989728678926,173.43660790191834
130.6,0.6859832399458787,0.5,47.05882352941176,10.968958021631124,39.0,50.588235294117645,823.0473784033326,173.38026112528578
130.70000000000002,0.685937132711361,0.5,47.05882352941176,10.979665666617166,39.0,50.588235294117645,823.1049957725337,173.3239461966106
130.8,0.6858910359550515,0.5,47.05882352941176,10.990371023024238,39.0,50.588235294117645,823.1625807807496,173.26766312171046
130.9,0.6858449496749213,0.5,47.05882352941176,11.001074092338683,39.0,50.588235294117645,823.2201334221958,173.2114119064078
131.0,0.6857988738689411,0.5,47.05882352941176,11.011774876047241,39.0,50.588235294117645,823.2776536910827,173.15519255652967
131.1,0.6857528085350826,0.5,47.05882352941176,11.022473375637219,39.0,50.588235294117645,823.3351415816164,173.09900507790783
131.20000000000002,0.685706753671317,0.5,47.05882352941176,11.033169592596437,39.0,50.588235294117645,823.3925970879984,173.04284947637876
131.3,0.6856607092756158,0.5,47.05882352941176,11.043863528413283,39.0,50.588235294117645,823.4500202044253,172.9867257577836
131.4,0.6856146753459514,0.5,47.05882352941176,11.054555184576316,39.0,50.588235294117645,823.507410925089,172.93063392796813
131.5,0.685568651880296,0.5,47.05882352941176,11.065244562574719,39.0,50.588235294117645,823.5647692441764,172.87457399278284
131.6,0.6855226388766222,0.5,47.05882352941176,11.075931663898132,39.0,50.588235294117645,823.6220951558703,172.81854595808298
131.70000000000002,0.6854766363329028,0.5,47.05882352941176,11.086616490036647,39.0,50.588235294117645,823.6793886543483,172.76254982972839
131.8,0.6854306442471109,0.5,47.05882352941176,11.097299042480813,39.0,50.588235294117645,823.7366497337835,172.7065856135836
131.9,0.6853846626172194,0.5,47.05882352941176,11.107979322721746,39.0,50.588235294117645,823.7938783883438,172.6506533155179
132.0,0.6853386914412023,0.5,47.05882352941176,11.118657332250905,39.0,50.588235294117645,823.8510746121933,172.59475294140532
132.1,0.6852927307170332,0.5,47.05882352941176,11.129333072560314,39.0,50.588235294117645,823.9082383994906,172.53888449712437
132.20000000000002,0.6852467804426863,0.5,47.05882352941176,11.140006545142455,39.0,50.588235294117645,823.96536974439,172.48304798855852
132.3,0.685200840616136,0.5,47.05882352941176,11.15067775149015,39.0,50.588235294117645,824.0224686410409,172.4272434215958
132.4,0.6851549112353568,0.5,47.05882352941176,11.161346693096846,39.0,50.588235294117645,824.0795350835878,172.37147080212895
132.5,0.6851089922983234,0.5,47.05882352941176,11.17201337145633,39.0,50.588235294117645,824.1365690661708,172.31573013605538
132.6,0.6850630838030113,0.5,47.05882352941176,11.182677788063074,39.0,50.588235294117645,824.193570582925,172.2600214292773
132.70000000000002,0.6850171857473953,0.5,47.05882352941176,11.193339944411775,39.0,50.588235294117645,824.250539627981,172.2043446877015
132.8,0.6849712981294517,0.5,47.05882352941176,11.2039998419977,39.0,50.588235294117645,824.3074761954645,172.1486999172396
132.9,0.6849254209471558,0.5,47.05882352941176,11.214657482316454,39.0,50.588235294117645,824.3643802794965,172.09308712380786
133.0,0.6848795541984841,0.5,47.05882352941176,11.225312866864385,39.0,50.588235294117645,824.4212518741932,172.03750631332727
133.1,0.6848336978814129,0.5,47.05882352941176,11.235965997138123,39.0,50.588235294117645,824.4780909736663,171.98195749172348
133.20000000000002,0.6847878519939188,0.5,47.05882352941176,11.246616874634753,39.0,50.588235294117645,824.5348975720226,171.9264406649269
133.3,0.6847420165339785,0.5,47.05882352941176,11.257265500851986,39.0,50.588235294117645,824.5916716633642,171.87095583887265
133.4,0.6846961914995695,0.5,47.05882352941176,11.267911877287816,39.0,50.588235294117645,824.6484132417883,171.81550301950062
133.5,0.684650376888669,0.5,47.05882352941176,11.278556005440691,39.0,50.588235294117645,824.7051223013873,171.7600822127553
133.6,0.6846045726992549,0.5,47.05882352941176,11.289197886809745,39.0,50.588235294117645,824.7617988362493,171.70469342458597
133.70000000000002,0.684558778929305,0.5,47.05882352941176,11.299837522894393,39.0,50.588235294117645,824.8184428404572,171.64933666094663
133.8,0.6845129955767975,0.5,47.05882352941176,11.310474915194561,39.0,50.588235294117645,824.8750543080895,171.594011927796
133.9,0.6844672226397109,0.5,47.05882352941176,11.321110065210632,39.0,50.588235294117645,824.9316332332195,171.53871923109753
134.0,0.6844214601160239,0.5,47.05882352941176,11.3317429744435,39.0,50.588235294117645,824.9881796099162,171.48345857681934
134.1,0.6843757080037153,0.5,47.05882352941176,11.34237364439457,39.0,50.588235294117645,825.0446934322437,171.42822997093432
134.20000000000002,0.6843299663007644,0.5,47.05882352941176,11.35300207656553,39.0,50.588235294117645,825.1011746942611,171.37303341942012
134.3,0.6842842350051508,0.5,47.05882352941176,11.363628272458755,39.0,50.588235294117645,825.157623390023,171.3178689282591
134.4,0.6842385141148541,0.5,47.05882352941176,11.374252233576897,39.0,50.588235294117645,825.2140395135792,171.26273650343822
134.5,0.6841928036278543,0.5,47.05882352941176,11.384873961423295,39.0,50.588235294117645,825.2704230589749,171.20763615094944
134.6,0.6841471035421319,0.5,47.05882352941176,11.395493457501516,39.0,50.588235294117645,825.3267740202499,171.15256787678922
134.70000000000002,0.6841014138556673,0.5,47.05882352941176,11.406110723315749,39.0,50.588235294117645,825.3830923914401,171.0975316869589
134.8,0.6840557345664409,0.5,47.05882352941176,11.416725760370582,39.0,50.588235294117645,825.4393781665759,171.04252758746446
134.9,0.684010065672434,0.5,47.05882352941176,11.42733857017106,39.0,50.588235294117645,825.4956313396835,170.98755558431668
135.0,0.683964407171628,0.5,47.05882352941176,11.437949154222792,39.0,50.588235294117645,825.551851904784,170.93261568353108
135.1,0.6839187590620042,0.5,47.05882352941176,11.448557514031847,39.0,50.588235294117645,825.6080398558936,170.8777078911279
135.20000000000002,0.6838731213415444,0.5,47.05882352941176,11.459163651104632,39.0,50.588235294117645,825.664195187024,170.8228322131321
135.3,0.683827494008231,0.5,47.05882352941176,11.469767566948065,39.0,50.588235294117645,825.7203178921823,170.76798865557342
135.4,0.6837818770600458,0.5,47.05882352941176,11.480369263069576,39.0,50.588235294117645,825.77640796537,170.7131772244864
135.5,0.6837362704949717,0.5,47.05882352941176,11.49096874097711,39.0,50.588235294117645,825.832465400585,170.65839792591024
135.6,0.6836906743109915,0.5,47.05882352941176,11.50156600217906,39.0,50.588235294117645,825.8884901918194,170.60365076588891
135.70000000000002,0.6836450885060882,0.5,47.05882352941176,11.512161048184169,39.0,50.588235294117645,825.944482333061,170.54893575047123
135.8,0.6835995130782452,0.5,47.05882352941176,11.522753880501682,39.0,50.588235294117645,826.000441818293,170.49425288571064
135.9,0.6835539480254461,0.5,47.05882352941176,11.533344500641363,39.0,50.588235294117645,826.056368641493,170.43960217766542
136.0,0.6835083933456747,0.5,47.05882352941176,11.543932910113483,39.0,50.588235294117645,826.1122627966346,170.38498363239856
136.1,0.6834628490369152,0.5,47.05882352941176,11.554519110428714,39.0,50.588235294117645,826.1681242776864,170.33039725597786
136.20000000000002,0.6834173150971518,0.5,47.05882352941176,11.565103103098181,39.0,50.588235294117645,826.223953078612,170.27584305447584
136.3,0.6833717915243691,0.5,47.05882352941176,11.575684889633578,39.0,50.588235294117645,826.2797491933707,170.22132103396987
136.4,0.683326278316552,0.5,47.05882352941176,11.586264471546997,39.0,50.588235294117645,826.3355126159164,170.16683120054194
136.5,0.683280775471686,0.5,47.05882352941176,11.596841850350927,39.0,50.588235294117645,826.3912433401983,170.11237356027894
136.6,0.683235282987756,0.5,47.05882352941176,11.607417027558427,39.0,50.588235294117645,826.4469413601614,170.05794811927245
136.70000000000002,0.683189800862748,0.5,47.05882352941176,11.617990004682952,39.0,50.588235294117645,826.502606669745,170.00355488361885
136.8,0.6831443290946478,0.5,47.05882352941176,11.628560783238584,39.0,50.588235294117645,826.5582392628844,169.94919385941932
136.9,0.6830988676814417,0.5,47.05882352941176,11.639129364739574,39.0,50.588235294117645,826.6138391335095,169.89486505277975
137.0,0.6830534166211158,0.5,47.05882352941176,11.649695750700914,39.0,50.588235294117645,826.6694062755455,169.84056846981088
137.1,0.6830079759116571,0.5,47.05882352941176,11.660259942637936,39.0,50.588235294117645,826.7249406829134,169.78630411662817
137.20000000000002,0.6829625455510524,0.5,47.05882352941176,11.670821942066539,39.0,50.588235294117645,826.7804423495285,169.73207199935186
137.3,0.6829171255372889,0.5,47.05882352941176,11.681381750502965,39.0,50.588235294117645,826.8359112693016,169.67787212410704
137.4,0.682871715868354,0.5,47.05882352941176,11.69193936946391,39.0,50.588235294117645,826.8913474361392,169.62370449702354
137.5,0.6828263165422358,0.5,47.05882352941176,11.702494800466638,39.0,50.588235294117645,826.9467508439421,169.56956912423598
137.6,0.6827809275569217,0.5,47.05882352941176,11.713048045028927,39.0,50.588235294117645,827.0021214866072,169.51546601188375
137.70000000000002,0.6827355489104001,0.5,47.05882352941176,11.723599104668892,39.0,50.588235294117645,827.0574593580257,169.461395166111
137.8,0.6826901806006597,0.5,47.05882352941176,11.734147980905163,39.0,50.588235294117645,827.1127644520845,169.40735659306677
137.9,0.6826448226256893,0.5,47.05882352941176,11.74469467525688,39.0,50.588235294117645,827.1680367626658,169.35335029890481
138.0,0.6825994749834774,0.5,47.05882352941176,11.755239189243582,39.0,50.588235294117645,827.2232762836464,169.2993762897837
138.1,0.6825541376720138,0.5,47.05882352941176,11.765781524385261,39.0,50.588235294117645,827.2784830088987,169.24543457186687
138.20000000000002,0.6825088106892878,0.5,47.05882352941176,11.776321682202422,39.0,50.588235294117645,827.3336569322901,169.19152515132242
138.3,0.6824634940332891,0.5,47.05882352941176,11.786859664216081,39.0,50.588235294117645,827.3887980476833,169.13764803432332
138.4,0.682418187702008,0.5,47.05882352941176,11.797395471947652,39.0,50.588235294117645,827.4439063489361,169.08380322704735
138.5,0.6823728916934345,0.5,47.05882352941176,11.807929106918948,39.0,50.588235294117645,827.4989818299014,169.02999073567716
138.6,0.6823276060055594,0.5,47.05882352941176,11.818460570652519,39.0,50.588235294117645,827.5540244844273,168.97621056640008
138.70000000000002,0.6822823306363733,0.5,47.05882352941176,11.828989864671087,39.0,50.588235294117645,827.6090343063569,168.92246272540837
138.8,0.6822370655838674,0.5,47.05882352941176,11.839516990497941,39.0,50.588235294117645,827.6640112895288,168.86874721889893
138.9,0.682191810846033,0.5,47.05882352941176,11.850041949656884,39.0,50.588235294117645,827.7189554277767,168.8150640530736
139.0,0.6821465664208615,0.5,47.05882352941176,11.860564743672171,39.0,50.588235294117645,827.773866714929,168.76141323413904
139.1,0.682101332306345,0.5,47.05882352941176,11.871085374068514,39.0,50.588235294117645,827.8287451448097,168.7077947683067
139.20000000000002,0.6820561085004754,0.5,47.05882352941176,11.881603842371021,39.0,50.588235294117645,827.8835907112377,168.65420866179286
139.3,0.6820108950012452,0.5,47.05882352941176,11.892120150105427,39.0,50.588235294117645,827.9384034080274,168.6006549208186
139.4,0.681965691806647,0.5,47.05882352941176,11.90263429879775,39.0,50.588235294117645,827.9931832289878,168.54713355160985
139.5,0.6819204989146734,0.5,47.05882352941176,11.913146289974634,39.0,50.588235294117645,828.0479301679237,168.4936445603973
139.6,0.6818753163233179,0.5,47.05882352941176,11.923656125163063,39.0,50.588235294117645,828.1026442186344,168.44018795341657
139.70000000000002,0.6818301440305737,0.5,47.05882352941176,11.934163805890648,39.0,50.588235294117645,828.1573253749148,168.38676373690805
139.8,0.6817849820344346,0.5,47.05882352941176,11.944669333685226,39.0,50.588235294117645,828.2119736305543,168.33337191711686
139.9,0.6817398303328943,0.5,47.05882352941176,11.955172710075374,39.0,50.588235294117645,828.2665889793383,168.2800125002932
140.0,0.6816946889239471,0.5,47.05882352941176,11.965673936589894,39.0,50.588235294117645,828.3211714150467,168.22668549269187
140.1,0.6816495578055874,0.5,47.05882352941176,11.976173014758274,39.0,50.588235294117645,828.3757209314549,168.1733909005726
140.20000000000002,0.68160443697581,0.5,47.05882352941176,11.98666994611034,39.0,50.588235294117645,828.4302375223331,168.1201287302
140.3,0.6815593264326095,0.5,47.05882352941176,11.997164732176316,39.0,50.588235294117645,828.4847211814467,168.06689898784344
140.4,0.6815142261739813,0.5,47.05882352941176,12.007657374487053,39.0,50.588235294117645,828.5391719025564,168.01370167977714
140.5,0.6814691361979208,0.5,47.05882352941176,12.018147874573742,39.0,50.588235294117645,828.593589679418,167.96053681228025
140.6,0.6814240565024239,0.5,47.05882352941176,12.028636233968086,39.0,50.588235294117645,828.6479745057821,167.9074043916367
140.70000000000002,0.6813789870854863,0.5,47.05882352941176,12.039122454202356,39.0,50.588235294117645,828.7023263753948,167.85430442413528
140.8,0.6813339279451043,0.5,47.05882352941176,12.049606536809165,39.0,50.588235294117645,828.7566452819972,167.8012369160696
140.9,0.6812888790792745,0.5,47.05882352941176,12.060088483321579,39.0,50.588235294117645,828.8109312193252,167.74820187373814
141.0,0.6812438404859935,0.5,47.05882352941176,12.07056829527329,39.0,50.588235294117645,828.8651841811103,167.6951993034443
141.1,0.6811988121632583,0.5,47.05882352941176,12.081045974198275,39.0,50.588235294117645,828.9194041610789,167.64222921149624
141.20000000000002,0.6811537941090664,0.5,47.05882352941176,12.09152152163108,39.0,50.588235294117645,828.9735911529524,167.58929160420706
141.3,0.681108786321415,0.5,47.05882352941176,12.101994939106646,39.0,50.588235294117645,829.0277451504472,167.5363864878947
141.4,0.6810637887983021,0.5,47.05882352941176,12.112466228160542,39.0,50.588235294117645,829.0818661472753,167.4835138688819
141.5,0.6810188015377256,0.5,47.05882352941176,12.122935390328564,39.0,50.588235294117645,829.1359541371432,167.43067375349634
141.6,0.6809738245376838,0.5,47.05882352941176,12.133402427147189,39.0,50.588235294117645,829.1900091137529,167.37786614807055
141.70000000000002,0.6809288577961754,0.5,47.05882352941176,12.143867340153236,39.0,50.588235294117645,829.2440310708013,167.3250910589419
141.8,0.6808839013111991,0.5,47.05882352941176,12.154330130884034,39.0,50.588235294117645,829.2980200019803,167.27234849245266
141.9,0.6808389550807539,0.5,47.05882352941176,12.16479080087737,39.0,50.588235294117645,829.3519759009771,167.21963845495003
142.0,0.6807940191028391,0.5,47.05882352941176,12.175249351671596,39.0,50.588235294117645,829.4058987614742,167.166960952786
142.1,0.6807490933754543,0.5,47.05882352941176,12.185705784805293,39.0,50.588235294117645,829.4597885771486,167.11431599231744
142.20000000000002,0.6807041778965996,0.5,47.05882352941176,12.196160101817782,39.0,50.588235294117645,829.5136453416726,167.06170357990615
142.3,0.6806592726642748,0.5,47.05882352941176,12.206612304248722,39.0,50.588235294117645,829.5674690487139,167.00912372191874
142.4,0.6806143776764804,0.5,47.05882352941176,12.217062393638116,39.0,50.588235294117645,829.6212596919347,166.95657642472685
142.5,0.6805694929312168,0.5,47.05882352941176,12.227510371526762,39.0,50.588235294117645,829.6750172649929,166.90406169470685
142.6,0.6805246184264855,0.5,47.05882352941176,12.23795623945557,39.0,50.588235294117645,829.7287417615412,166.8515795382401
142.70000000000002,0.680479754160287,0.5,47.05882352941176,12.248399998966192,39.0,50.588235294117645,829.782433175227,166.79912996171274
142.8,0.6804349001306227,0.5,47.05882352941176,12.258841651600562,39.0,50.588235294117645,829.8360914996933,166.746712971516
142.9,0.6803900563354944,0.5,47.05882352941176,12.269281198901183,39.0,50.588235294117645,829.889716728578,166.69432857404578
143.0,0.6803452227729042,0.5,47.05882352941176,12.279718642410955,39.0,50.588235294117645,829.943308855514,166.64197677570306
143.1,0.6803003994408541,0.5,47.05882352941176,12.290153983673292,39.0,50.588235294117645,829.9968678741292,166.58965758289364
143.20000000000002,0.6802555863373464,0.5,47.05882352941176,12.30058722423206,39.0,50.588235294117645,830.0503937780466,166.5373710020282
143.3,0.6802107834603841,0.5,47.05882352941176,12.31101836563164,39.0,50.588235294117645,830.1038865608843,166.48511703952238
143.4,0.6801659908079699,0.5,47.05882352941176,12.321447409416919,39.0,50.588235294117645,830.1573462162556,166.43289570179667
143.5,0.6801212083781072,0.5,47.05882352941176,12.331874357133131,39.0,50.588235294117645,830.2107727377685,166.3807069952765
143.6,0.680076436168799,0.5,47.05882352941176,12.342299210325962,39.0,50.588235294117645,830.2641661190264,166.3285509263923
143.70000000000002,0.6800316741780494,0.5,47.05882352941176,12.352721970541722,39.0,50.588235294117645,830.3175263536274,166.2764275015793
143.8,0.6799869224038624,0.5,47.05882352941176,12.363142639327009,39.0,50.588235294117645,830.370853435165,166.2243367272776
143.9,0.6799421808442421,0.5,47.05882352941176,12.373561218229042,39.0,50.588235294117645,830.4241473572274,166.1722786099324
144.0,0.6798974494971931,0.5,47.05882352941176,12.383977708795442,39.0,50.588235294117645,830.477408113398,166.12025315599368
144.1,0.67985272836072,0.5,47.05882352941176,12.394392112574224,39.0,50.588235294117645,830.5306356972554,166.06826037191638
144.20000000000002,0.6798080174328279,0.5,47.05882352941176,12.40480443111403,39.0,50.588235294117645,830.5838301023729,166.01630026416038
144.3,0.6797633167115221,0.5,47.05882352941176,12.415214665963845,39.0,50.588235294117645,830.636991322319,165.96437283919047
144.4,0.679718626194808,0.5,47.05882352941176,12.425622818673162,39.0,50.588235294117645,830.6901193506571,165.91247810347636
144.5,0.6796739458806919,0.5,47.05882352941176,12.436028890791988,39.0,50.588235294117645,830.743214180946,165.8606160634928
144.6,0.6796292757671789,0.5,47.05882352941176,12.446432883870727,39.0,50.588235294117645,830.796275806739,165.80878672571933
144.70000000000002,0.679584615852276,0.5,47.05882352941176,12.456834799460353,39.0,50.588235294117645,830.8493042215848,165.75699009664052
144.8,0.6795399661339896,0.5,47.05882352941176,12.467234639112235,39.0,50.588235294117645,830.902299419027,165.7052261827458
144.9,0.6794953266103267,0.5,47.05882352941176,12.477632404378141,39.0,50.588235294117645,830.9552613926043,165.65349499052965
145.0,0.6794506972792939,0.5,47.05882352941176,12.48802809681041,39.0,50.588235294117645,831.0081901358501,165.60179652649143
145.1,0.6794060781388988,0.5,47.05882352941176,12.49842171796189,39.0,50.588235294117645,831.0610856422933,165.55013079713544
145.20000000000002,0.679361469187149,0.5,47.05882352941176,12.508813269385769,39.0,50.588235294117645,831.1139479054573,165.498497808971
145.3,0.6793168704220525,0.5,47.05882352941176,12.51920275263575,39.0,50.588235294117645,831.1667769188608,165.44689756851224
145.4,0.6792722818416173,0.5,47.05882352941176,12.529590169265987,39.0,50.588235294117645,831.2195726760173,165.3953300822784
145.5,0.6792277034438516,0.5,47.05882352941176,12.539975520831263,39.0,50.588235294117645,831.2723351704356,165.3437953567936
145.6,0.6791831352267644,0.5,47.05882352941176,12.550358808886585,39.0,50.588235294117645,831.3250643956192,165.29229339858696
145.70000000000002,0.6791385771883643,0.5,47.05882352941176,12.560740034987589,39.0,50.588235294117645,831.3777603450668,165.24082421419251
145.8,0.6790940293266607,0.5,47.05882352941176,12.571119200690305,39.0,50.588235294117645,831.430423012272,165.1893878101493
145.9,0.6790494916396627,0.5,47.05882352941176,12.581496307551333,39.0,50.588235294117645,831.4830523907234,165.1379841930013
146.0,0.67900496412538,0.5,47.05882352941176,12.591871357127616,39.0,50.588235294117645,831.5356484739046,165.08661336929748
146.1,0.678960446781823,0.5,47.05882352941176,12.602244350976719,39.0,50.588235294117645,831.5882112552941,165.0352753455918
146.20000000000002,0.6789159396070013,0.5,47.05882352941176,12.612615290656493,39.0,50.588235294117645,831.6407407283656,164.98397012844313
146.3,0.6788714425989256,0.5,47.05882352941176,12.622984177725357,39.0,50.588235294117645,831.6932368865874,164.93269772441542
146.4,0.6788269557556066,0.5,47.05882352941176,12.633351013742299,39.0,50.588235294117645,831.7456997234233,164.88145814007746
146.5,0.6787824790750552,0.5,47.05882352941176,12.643715800266591,39.0,50.588235294117645,831.7981292323315,164.83025138200313
146.6,0.6787380125552827,0.5,47.05882352941176,12.65407853885796,39.0,50.588235294117645,831.8505254067654,164.77907745677126
146.70000000000002,0.6786935561943005,0.5,47.05882352941176,12.664439231076756,39.0,50.588235294117645,831.9028882401735,164.72793637096575
146.8,0.6786491099901203,0.5,47.05882352941176,12.674797878483844,39.0,50.588235294117645,831.9552177259993,164.6768281311753
146.9,0.6786046739407542,0.5,47.05882352941176,12.685154482640428,39.0,50.588235294117645,832.007513857681,164.62575274399384
147.0,0.6785602480442144,0.5,47.05882352941176,12.695509045108054,39.0,50.588235294117645,832.0597766286518,164.57471021602007
147.1,0.6785158322985135,0.5,47.05882352941176,12.70586156744912,39.0,50.588235294117645,832.1120060323399,164.52370055385782
147.20000000000002,0.678471426701664,0.5,47.05882352941176,12.716212051226137,39.0,50.588235294117645,832.1642020621688,164.47272376411593
147.3,0.6784270312516794,0.5,47.05882352941176,12.726560498002186,39.0,50.588235294117645,832.2163647115563,164.42177985340817
147.4,0.6783826459465725,0.5,47.05882352941176,12.736906909340973,39.0,50.588235294117645,832.2684939739156,164.3708688283534
147.5,0.6783382707843573,0.5,47.05882352941176,12.747251286806431,39.0,50.588235294117645,832.3205898426548,164.3199906955754
147.6,0.6782939057630473,0.5,47.05882352941176,12.757593631963175,39.0,50.588235294117645,832.3726523111769,164.26914546170303
147.70000000000002,0.6782495508806569,0.5,47.05882352941176,12.76793394637616,39.0,50.588235294117645,832.4246813728797,164.21833313337012
147.8,0.6782052061352,0.5,47.05882352941176,12.7782722316108,39.0,50.588235294117645,832.4766770211561,164.16755371721558
147.9,0.6781608715246914,0.5,47.05882352941176,12.78860848923307,39.0,50.588235294117645,832.5286392493938,164.11680721988324
148.0,0.6781165470471461,0.5,47.05882352941176,12.79894272080935,39.0,50.588235294117645,832.5805680509757,164.06609364802202
148.1,0.6780722327005787,0.5,47.05882352941176,12.809274927906472,39.0,50.588235294117645,832.6324634192792,164.0154130082859
148.20000000000002,0.678027928483005,0.5,47.05882352941176,12.819605112091836,39.0,50.588235294117645,832.684325347677,163.96476530733378
148.3,0.6779836343924406,0.5,47.05882352941176,12.829933274933353,39.0,50.588235294117645,832.7361538295366,163.9141505518297
148.4,0.6779393504269013,0.5,47.05882352941176,12.84025941799922,39.0,50.588235294117645,832.7879488582205,163.86356874844267
148.5,0.6778950765844031,0.5,47.05882352941176,12.850583542858146,39.0,50.588235294117645,832.8397104270858,163.8130199038467
148.6,0.6778508128629627,0.5,47.05882352941176,12.860905651079463,39.0,50.588235294117645,832.8914385294848,163.7625040247209
148.70000000000002,0.6778065592605966,0.5,47.05882352941176,12.871225744232845,39.0,50.588235294117645,832.9431331587647,163.71202111774943
148.8,0.6777623157753218,0.5,47.05882352941176,12.881543823888592,39.0,50.588235294117645,832.9947943082675,163.66157118962153
148.9,0.6777180824051552,0.5,47.05882352941176,12.891859891617116,39.0,50.588235294117645,833.04642197133,163.6111542470313
149.0,0.6776738591481145,0.5,47.05882352941176,12.902173948989628,39.0,50.588235294117645,833.0980161412843,163.5607702966781
149.1,0.6776296460022174,0.5,47.05882352941176,12.912485997577733,39.0,50.588235294117645,833.1495768114571,163.51041934526629
149.20000000000002,0.6775854429654818,0.5,47.05882352941176,12.922796038953493,39.0,50.588235294117645,833.2011039751699,163.4601013995052
149.3,0.677541250035926,0.5,47.05882352941176,12.933104074689368,39.0,50.588235294117645,833.2525976257392,163.40981646610928
149.4,0.6774970672115683,0.5,47.05882352941176,12.943410106358499,39.0,50.588235294117645,833.3040577564767,163.35956455179806
149.5,0.6774528944904277,0.5,47.05882352941176,12.953714135534199,39.0,50.588235294117645,833.3554843606886,163.3093456632961
149.6,0.6774087318705229,0.5,47.05882352941176,12.964016163790518,39.0,50.588235294117645,833.4068774316761,163.25915980733305
149.70000000000002,0.6773645793498732,0.5,47.05882352941176,12.974316192701906,39.0,50.588235294117645,833.4582369627353,163.20900699064353
149.8,0.6773204369264981,0.5,47.05882352941176,12.984614223843096,39.0,50.588235294117645,833.5095629471571,163.1588872199674
149.9,0.6772763045984175,0.5,47.05882352941176,12.994910258789616,39.0,50.588235294117645,833.5608553782272,163.1088005020495
150.0,0.6772321823636517,0.5,47.05882352941176,13.005204299117281,39.0,50.588235294117645,833.6121142492265,163.05874684363968
150.1,0.6771880702202204,0.5,47.05882352941176,13.015496346402358,39.0,50.588235294117645,833.6633395534305,163.00872625149304
150.20000000000002,0.6771439681661444,0.5,47.05882352941176,13.025786402221627,39.0,50.588235294117645,833.7145312841097,162.95873873236962
150.3,0.6770998761994449,0.5,47.05882352941176,13.036074468152322,39.0,50.588235294117645,833.7656894345292,162.90878429303464
150.4,0.6770557943181424,0.5,47.05882352941176,13.046360545772188,39.0,50.588235294117645,833.8168139979496,162.8588629402583
150.5,0.6770117225202585,0.5,47.05882352941176,13.056644636659485,39.0,50.588235294117645,833.8679049676256,162.80897468081596
150.6,0.6769676608038145,0.5,47.05882352941176,13.066926742392809,39.0,50.588235294117645,833.918962336807,162.75911952148812
150.70000000000002,0.6769236091668326,0.5,47.05882352941176,13.077206864551329,39.0,50.588235294117645,833.9699860987388,162.70929746906032
150.8,0.6768795676073347,0.5,47.05882352941176,13.087485004714665,39.0,50.588235294117645,834.0209762466602,162.65950853032317
150.9,0.6768355361233431,0.5,47.05882352941176,13.097761164462895,39.0,50.588235294117645,834.0719327738059,162.60975271207246
151.0,0.6767915147128806,0.5,47.05882352941176,13.10803534537655,39.0,50.588235294117645,834.1228556734051,162.56003002110904
151.1,0.6767475033739703,0.5,47.05882352941176,13.118307549036786,39.0,50.588235294117645,834.1737449386816,162.5103404642389
151.20000000000002,0.6767035021046349,0.5,47.05882352941176,13.128577777024987,39.0,50.588235294117645,834.2246005628546,162.46068404827312
151.3,0.676659510902898,0.5,47.05882352941176,13.138846030923219,39.0,50.588235294117645,834.2754225391379,162.41106078002787
151.4,0.6766155297667833,0.5,47.05882352941176,13.149112312313832,39.0,50.588235294117645,834.3262108607402,162.36147066632446
151.5,0.6765715586943147,0.5,47.05882352941176,13.15937662277986,39.0,50.588235294117645,834.3769655208646,162.31191371398938
151.6,0.6765275976835163,0.5,47.05882352941176,13.169638963904731,39.0,50.588235294117645,834.4276865127094,162.26238992985412
151.70000000000002,0.6764836467324126,0.5,47.05882352941176,13.179899337272275,39.0,50.588235294117645,834.4783738294678,162.21289932075544
151.8,0.6764397058390283,0.5,47.05882352941176,13.19015774446683,39.0,50.588235294117645,834.5290274643276,162.16344189353512
151.9,0.6763957750013884,0.5,47.05882352941176,13.20041418707325,39.0,50.588235294117645,834.5796474104714,162.1140176550401
152.0,0.6763518542175181,0.5,47.05882352941176,13.210668666676838,39.0,50.588235294117645,834.6302336610768,162.0646266121225
152.1,0.6763079434854427,0.5,47.05882352941176,13.2209211848633,39.0,50.588235294117645,834.6807862093159,162.01526877163954
152.20000000000002,0.6762640428031881,0.5,47.05882352941176,13.231171743218965,39.0,50.588235294117645,834.7313050483559,161.96594414045362
152.3,0.6762201521687804,0.5,47.05882352941176,13.241420343330503,39.0,50.588235294117645,834.781790171359,161.91665272543224
152.4,0.676176271580246,0.5,47.05882352941176,13.25166698678521,39.0,50.588235294117645,834.8322415714814,161.86739453344808
152.5,0.6761324010356109,0.5,47.05882352941176,13.261911675170609,39.0,50.588235294117645,834.8826592418749,161.8181695713789
152.6,0.6760885405329022,0.5,47.05882352941176,13.272154410075018,39.0,50.588235294117645,834.9330431756856,161.7689778461077
152.70000000000002,0.6760446900701468,0.5,47.05882352941176,13.282395193086984,39.0,50.588235294117645,834.9833933660548,161.7198193645227
152.8,0.6760008496453723,0.5,47.05882352941176,13.292634025795621,39.0,50.588235294117645,835.0337098061182,161.6706941335171
152.9,0.6759570192566059,0.5,47.05882352941176,13.3028709097905,39.0,50.588235294117645,835.0839924890064,161.62160215998938
153.0,0.6759131989018757,0.5,47.05882352941176,13.313105846661642,39.0,50.588235294117645,835.1342414078448,161.57254345084317
153.1,0.6758693885792096,0.5,47.05882352941176,13.323338837999586,39.0,50.588235294117645,835.1844565557536,161.52351801298724
153.20000000000002,0.6758255882866359,0.5,47.05882352941176,13.33356988539532,39.0,50.588235294117645,835.2346379258478,161.47452585333562
153.3,0.6757817980221834,0.5,47.05882352941176,13.343798990440405,39.0,50.588235294117645,835.2847855112369,161.42556697880738
153.4,0.6757380177838805,0.5,47.05882352941176,13.35402615472674,39.0,50.588235294117645,835.3348993050256,161.3766413963269
153.5,0.6756942475697569,0.5,47.05882352941176,13.364251379846735,39.0,50.588235294117645,835.384979300313,161.32774911282365
153.60000000000002,0.6756504873778417,0.5,47.05882352941176,13.374474667393258,39.0,50.588235294117645,835.4350254901933,161.27889013523236
153.70000000000002,0.6756067372061646,0.5,47.05882352941176,13.384696018959744,39.0,50.588235294117645,835.4850378677552,161.23006447049292
153.8,0.6755629970527555,0.5,47.05882352941176,13.394915436140138,39.0,50.588235294117645,835.5350164260819,161.1812721255504
153.9,0.6755192669156443,0.5,47.05882352941176,13.405132920528672,39.0,50.588235294117645,835.584961158252,161.1325131073551
154.0,0.6754755467928618,0.5,47.05882352941176,13.415348473720144,39.0,50.588235294117645,835.6348720573384,161.08378742286243
154.10000000000002,0.6754318366824384,0.5,47.05882352941176,13.425562097309808,39.0,50.588235294117645,835.6847491164089,161.03509507903317
154.20000000000002,0.6753881365824053,0.5,47.05882352941176,13.435773792893485,39.0,50.588235294117645,835.7345923285255,160.98643608283314
154.3,0.6753444464907933,0.5,47.05882352941176,13.445983562067454,39.0,50.588235294117645,835.7844016867459,160.9378104412334
154.4,0.6753007664056341,0.5,47.05882352941176,13.456191406428331,39.0,50.588235294117645,835.8341771841218,160.88921816121038
154.5,0.6752570963249593,0.5,47.05882352941176,13.466397327573418,39.0,50.588235294117645,835.8839188137,160.84065924974544
154.60000000000002,0.6752134362468012,0.5,47.05882352941176,13.476601327100354,39.0,50.588235294117645,835.9336265685216,160.79213371382542
154.70000000000002,0.6751697861691917,0.5,47.05882352941176,13.486803406607237,39.0,50.588235294117645,835.9833004416231,160.74364156044226
154.8,0.6751261460901633,0.5,47.05882352941176,13.497003567692786,39.0,50.588235294117645,836.0329404260349,160.6951827965932
154.9,0.6750825160077489,0.5,47.05882352941176,13.507201811956065,39.0,50.588235294117645,836.0825465147826,160.64675742928065
155.0,0.6750388959199815,0.5,47.05882352941176,13.517398140996647,39.0,50.588235294117645,836.1321187008867,160.5983654655122
155.10000000000002,0.6749952858248943,0.5,47.05882352941176,13.527592556414618,39.0,50.588235294117645,836.181656977362,160.55000691230077
155.20000000000002,0.674951685720521,0.5,47.05882352941176,13.53778505981046,39.0,50.588235294117645,836.231161337218,160.5016817766645
155.3,0.6749080956048952,0.5,47.05882352941176,13.547975652785226,39.0,50.588235294117645,836.2806317734592,160.45339006562673
155.4,0.6748645154760509,0.5,47.05882352941176,13.558164336940422,39.0,50.588235294117645,836.3300682790845,160.40513178621606
155.5,0.6748209453320225,0.5,47.05882352941176,13.568351113878009,39.0,50.588235294117645,836.3794708470876,160.35690694546645
155.60000000000002,0.6747773851708447,0.5,47.05882352941176,13.578535985200404,39.0,50.588235294117645,836.4288394704571,160.3087155504169
155.70000000000002,0.6747338349905522,0.5,47.05882352941176,13.58871895251059,39.0,50.588235294117645,836.4781741421759,160.26055760811187
155.8,0.67469029478918,0.5,47.05882352941176,13.59890001741195,39.0,50.588235294117645,836.5274748552218,160.21243312560097
155.9,0.6746467645647637,0.5,47.05882352941176,13.60907918150832,39.0,50.588235294117645,836.5767416025673,160.16434210993904
156.0,0.6746032443153388,0.5,47.05882352941176,13.619256446404108,39.0,50.588235294117645,836.6259743771793,160.11628456818633
156.10000000000002,0.6745597340389412,0.5,47.05882352941176,13.62943181370423,39.0,50.588235294117645,836.6751731720198,160.0682605074082
156.20000000000002,0.6745162337336069,0.5,47.05882352941176,13.639605285014,39.0,50.588235294117645,836.7243379800452,160.0202699346754
156.3,0.6744727433973724,0.5,47.05882352941176,13.649776861939245,39.0,50.588235294117645,836.7734687942067,159.9723128570639
156.4,0.6744292630282744,0.5,47.05882352941176,13.659946546086132,39.0,50.588235294117645,836.82256560745,159.92438928165495
156.5,0.6743857926243497,0.5,47.05882352941176,13.670114339061513,39.0,50.588235294117645,836.8716284127155,159.87649921553512
156.60000000000002,0.6743423321836357,0.5,47.05882352941176,13.680280242472577,39.0,50.588235294117645,836.9206572029383,159.82864266579628
156.70000000000002,0.6742988817041695,0.5,47.05882352941176,13.690444257927084,39.0,50.588235294117645,836.9696519710482,159.78081963953548
156.8,0.674255441183989,0.5,47.05882352941176,13.700606387033304,39.0,50.588235294117645,837.0186127099694,159.7330301438552
156.9,0.6742120106211321,0.5,47.05882352941176,13.71076663139985,39.0,50.588235294117645,837.0675394126209,159.6852741858631
157.0,0.6741685900136373,0.5,47.05882352941176,13.720924992635958,39.0,50.588235294117645,837.1164320719165,159.63755177267225
157.10000000000002,0.6741251793595426,0.5,47.05882352941176,13.731081472351207,39.0,50.588235294117645,837.1652906807644,159.58986291140093
157.20000000000002,0.674081778656887,0.5,47.05882352941176,13.741236072155687,39.0,50.588235294117645,837.2141152320675,159.54220760917278
157.3,0.6740383879037093,0.5,47.05882352941176,13.751388793660055,39.0,50.588235294117645,837.2629057187232,159.49458587311676
157.4,0.673995007098049,0.5,47.05882352941176,13.761539638475426,39.0,50.588235294117645,837.3116621336237,159.44699771036716
157.5,0.6739516362379453,0.5,47.05882352941176,13.771688608213367,39.0,50.588235294117645,837.3603844696559,159.39944312806352
157.60000000000002,0.6739082753214383,0.5,47.05882352941176,13.781835704485957,39.0,50.588235294117645,837.4090727197009,159.35192213335074
157.70000000000002,0.6738649243465679,0.5,47.05882352941176,13.791980928905673,39.0,50.588235294117645,837.4577268766351,159.3044347333791
157.8,0.6738215833113744,0.5,47.05882352941176,13.802124283085504,39.0,50.588235294117645,837.5063469333288,159.2569809353041
157.9,0.6737782522138984,0.5,47.05882352941176,13.812265768639008,39.0,50.588235294117645,837.5549328826472,159.20956074628668
158.0,0.6737349310521807,0.5,47.05882352941176,13.822405387180197,39.0,50.588235294117645,837.6034847174502,159.16217417349304
158.10000000000002,0.6736916198242625,0.5,47.05882352941176,13.83254314032348,39.0,50.588235294117645,837.6520024305922,159.11482122409475
158.20000000000002,0.6736483185281847,0.5,47.05882352941176,13.842679029683836,39.0,50.588235294117645,837.7004860149221,159.06750190526878
158.3,0.6736050271619894,0.5,47.05882352941176,13.852813056876698,39.0,50.588235294117645,837.7489354632835,159.02021622419736
158.4,0.6735617457237182,0.5,47.05882352941176,13.862945223518011,39.0,50.588235294117645,837.7973507685144,158.97296418806812
158.5,0.6735184742114133,0.5,47.05882352941176,13.87307553122406,39.0,50.588235294117645,837.8457319234478,158.92574580407398
158.60000000000002,0.6734752126231172,0.5,47.05882352941176,13.883203981611757,39.0,50.588235294117645,837.8940789209107,158.87856107941337
158.70000000000002,0.6734319609568723,0.5,47.05882352941176,13.893330576298638,39.0,50.588235294117645,837.9423917537252,158.8314100212899
158.8,0.6733887192107215,0.5,47.05882352941176,13.903455316902352,39.0,50.588235294117645,837.9906704147076,158.7842926369127
158.9,0.6733454873827079,0.5,47.05882352941176,13.913578205041347,39.0,50.588235294117645,838.0389148966688,158.73720893349616
159.0,0.6733022654708753,0.5,47.05882352941176,13.92369924233435,39.0,50.588235294117645,838.0871251924144,158.69015891826012
159.10000000000002,0.6732590534732672,0.5,47.05882352941176,13.933818430400663,39.0,50.588235294117645,838.1353012947446,158.64314259842976
159.20000000000002,0.6732158513879275,0.5,47.05882352941176,13.943935770860094,39.0,50.588235294117645,838.183443196454,158.59615998123564
159.3,0.6731726592129003,0.5,47.05882352941176,13.954051265332907,39.0,50.588235294117645,838.2315508903321,158.54921107391374
159.4,0.6731294769462302,0.5,47.05882352941176,13.964164915439824,39.0,50.588235294117645,838.2796243691622,158.50229588370544
159.5,0.6730863045859619,0.5,47.05882352941176,13.974276722802074,39.0,50.588235294117645,838.327663625723,158.45541441785747
159.60000000000002,0.6730431421301404,0.5,47.05882352941176,13.984386689041457,39.0,50.588235294117645,838.3756686527871,158.40856668362193
159.70000000000002,0.6729999895768108,0.5,47.05882352941176,13.994494815780115,39.0,50.588235294117645,838.4236394431218,158.36175268825636
159.8,0.6729568469240188,0.5,47.05882352941176,14.004601104640756,39.0,50.588235294117645,838.4715759894891,158.31497243902373
159.9,0.6729137141698102,0.5,47.05882352941176,14.0147055572466,39.0,50.588235294117645,838.5194782846453,158.26822594319242
160.0,0.6728705913122306,0.5,47.05882352941176,14.02480817522121,39.0,50.588235294117645,838.5673463213412,158.22151320803619
160.10000000000002,0.6728274783493267,0.5,47.05882352941176,14.034908960188773,39.0,50.588235294117645,838.6151800923226,158.1748342408342
160.20000000000002,0.6727843752791449,0.5,47.05882352941176,14.04500791377393,39.0,50.588235294117645,838.662979590329,158.1281890488711
160.3,0.672741282099732,0.5,47.05882352941176,14.055105037601834,39.0,50.588235294117645,838.7107448080951,158.0815776394369
160.4,0.6726981988091353,0.5,47.05882352941176,14.065200333298094,39.0,50.588235294117645,838.75847573835,158.03500001982698
160.5,0.6726551254054018,0.5,47.05882352941176,14.075293802488716,39.0,50.588235294117645,838.8061723738169,157.98845619734234
160.60000000000002,0.6726120618865792,0.5,47.05882352941176,14.08538544680033,39.0,50.588235294117645,838.853834707214,157.9419461792893
160.70000000000002,0.6725690082507154,0.5,47.05882352941176,14.095475267860024,39.0,50.588235294117645,838.9014627312534,157.89546997297958
160.8,0.6725259644958584,0.5,47.05882352941176,14.105563267295224,39.0,50.588235294117645,838.9490564386424,157.84902758573045
160.9,0.6724829306200568,0.5,47.05882352941176,14.115649446734096,39.0,50.588235294117645,838.9966158220822,157.80261902486455
161.0,0.6724399066213592,0.5,47.05882352941176,14.125733807805204,39.0,50.588235294117645,839.0441408742686,157.75624429771003
161.10000000000002,0.6723968924978141,0.5,47.05882352941176,14.135816352137454,39.0,50.588235294117645,839.0916315878922,157.7099034116004
161.20000000000002,0.6723538882474711,0.5,47.05882352941176,14.145897081360431,39.0,50.588235294117645,839.1390879556377,157.66359637387473
161.3,0.6723108938683795,0.5,47.05882352941176,14.155975997104065,39.0,50.588235294117645,839.1865099701843,157.6173231918775
161.4,0.6722679093585886,0.5,47.05882352941176,14.166053100998909,39.0,50.588235294117645,839.2338976242057,157.57108387295872
161.5,0.6722249347161487,0.5,47.05882352941176,14.176128394675857,39.0,50.588235294117645,839.2812509103703,157.5248784244738
161.60000000000002,0.6721819699391102,0.5,47.05882352941176,14.186201879766315,39.0,50.588235294117645,839.3285698213408,157.47870685378362
161.70000000000002,0.672139015025523,0.5,47.05882352941176,14.196273557902373,39.0,50.588235294117645,839.3758543497739,157.43256916825467
161.8,0.6720960699734382,0.5,47.05882352941176,14.206343430716402,39.0,50.588235294117645,839.4231044883217,157.38646537525878
161.9,0.6720531347809066,0.5,47.05882352941176,14.216411499841286,39.0,50.588235294117645,839.4703202296296,157.3403954821733
162.0,0.6720102094459796,0.5,47.05882352941176,14.226477766910477,39.0,50.588235294117645,839.5175015663383,157.29435949638113
162.10000000000002,0.6719672939667086,0.5,47.05882352941176,14.236542233557827,39.0,50.588235294117645,839.5646484910827,157.24835742527063
162.20000000000002,0.6719243883411453,0.5,47.05882352941176,14.246604901417754,39.0,50.588235294117645,839.6117609964923,157.20238927623566
162.3,0.671881492567342,0.5,47.05882352941176,14.256665772125189,39.0,50.588235294117645,839.6588390751905,157.1564550566756
162.4,0.6718386066433507,0.5,47.05882352941176,14.266724847315459,39.0,50.588235294117645,839.7058827197952,157.11055477399535
162.5,0.671795730567224,0.5,47.05882352941176,14.276782128624404,39.0,50.588235294117645,839.7528919229194,157.06468843560523
162.60000000000002,0.6717528643370146,0.5,47.05882352941176,14.28683761768849,39.0,50.588235294117645,839.7998666771697,157.0188560489212
162.70000000000002,0.6717100079507758,0.5,47.05882352941176,14.29689131614441,39.0,50.588235294117645,839.8468069751476,156.9730576213647
162.8,0.6716671614065608,0.5,47.05882352941176,14.306943225629482,39.0,50.588235294117645,839.8937128094489,156.92729316036267
162.9,0.6716243247024232,0.5,47.05882352941176,14.31699334778159,39.0,50.588235294117645,839.9405841726634,156.88156267334756
163.0,0.6715814978364169,0.5,47.05882352941176,14.327041684239191,39.0,50.588235294117645,839.987421057376,156.8358661677575
163.10000000000002,0.6715386808065956,0.5,47.05882352941176,14.337088236640966,39.0,50.588235294117645,840.0342234561654,156.790203651036
163.20000000000002,0.6714958736110144,0.5,47.05882352941176,14.347133006626166,39.0,50.588235294117645,840.0809913616049,156.74457513063214
163.3,0.6714530762477272,0.5,47.05882352941176,14.357175995834666,39.0,50.588235294117645,840.1277247662622,156.6989806140006
163.4,0.6714102887147892,0.5,47.05882352941176,14.367217205906684,39.0,50.588235294117645,840.1744236626994,156.6534201086016
163.5,0.6713675110102559,0.5,47.05882352941176,14.377256638483061,39.0,50.588235294117645,840.221088043473,156.6078936219009
163.60000000000002,0.6713247431321823,0.5,47.05882352941176,14.387294295205038,39.0,50.588235294117645,840.2677179011336,156.56240116136982
163.70000000000002,0.6712819850786241,0.5,47.05882352941176,14.397330177714423,39.0,50.588235294117645,840.3143132282263,156.51694273448527
163.8,0.6712392368476373,0.5,47.05882352941176,14.407364287653365,39.0,50.588235294117645,840.3608740172907,156.47151834872966
163.9,0.671196498437278,0.5,47.05882352941176,14.417396626664697,39.0,50.588235294117645,840.4074002608605,156.42612801159106
164.0,0.6711537698456028,0.5,47.05882352941176,14.427427196391648,39.0,50.588235294117645,840.4538919514641,156.38077173056308
164.10000000000002,0.6711110510706683,0.5,47.05882352941176,14.437455998477958,39.0,50.588235294117645,840.500349081624,156.3354495131449
164.20000000000002,0.6710683421105315,0.5,47.05882352941176,14.447483034567881,39.0,50.588235294117645,840.5467716438569,156.29016136684132
164.3,0.6710256429632496,0.5,47.05882352941176,14.457508306306067,39.0,50.588235294117645,840.5931596306741,156.24490729916275
164.4,0.6709829536268803,0.5,47.05882352941176,14.46753181533768,39.0,50.588235294117645,840.639513034581,156.1996873176251
164.5,0.6709402740994811,0.5,47.05882352941176,14.477553563308561,39.0,50.588235294117645,840.6858318480776,156.1545014297499
164.60000000000002,0.6708976043791101,0.5,47.05882352941176,14.487573551864955,39.0,50.588235294117645,840.732116063658,156.10934964306438
164.70000000000002,0.6708549444638255,0.5,47.05882352941176,14.497591782653501,39.0,50.588235294117645,840.7783656738109,156.0642319651013
164.8,0.6708122943516861,0.5,47.05882352941176,14.507608257321408,39.0,50.588235294117645,840.8245806710187,156.01914840339907
164.9,0.6707696540407506,0.5,47.05882352941176,14.517622977516396,39.0,50.588235294117645,840.8707610477587,155.9740989655017
165.0,0.6707270235290781,0.5,47.05882352941176,14.527635944886583,39.0,50.588235294117645,840.9169067965023,155.9290836589588
165.10000000000002,0.6706844028147276,0.5,47.05882352941176,14.537647161080656,39.0,50.588235294117645,840.9630179097152,155.88410249132568
165.20000000000002,0.670641791895759,0.5,47.05882352941176,14.547656627747926,39.0,50.588235294117645,841.0090943798572,155.83915547016318
165.3,0.670599190770232,0.5,47.05882352941176,14.557664346537933,39.0,50.588235294117645,841.0551361993826,155.79424260303782
165.4,0.6705565994362067,0.5,47.05882352941176,14.567670319100898,39.0,50.588235294117645,841.1011433607399,155.7493638975218
165.5,0.6705140178917438,0.5,47.05882352941176,14.577674547087497,39.0,50.588235294117645,841.1471158563721,155.70451936119292
165.60000000000002,0.6704714461349035,0.5,47.05882352941176,14.587677032148974,39.0,50.588235294117645,841.1930536787162,155.65970900163458
165.70000000000002,0.6704288841637468,0.5,47.05882352941176,14.597677775936916,39.0,50.588235294117645,841.2389568202036,155.61493282643602
165.8,0.670386331976335,0.5,47.05882352941176,14.607676780103475,39.0,50.588235294117645,841.2848252732598,155.57019084319188
165.9,0.6703437895707295,0.5,47.05882352941176,14.617674046301374,39.0,50.588235294117645,841.3306590303048,155.52548305950268
166.0,0.6703012569449918,0.5,47.05882352941176,14.627669576183735,39.0,50.588235294117645,841.3764580837526,155.4808094829745
166.10000000000002,0.6702587340971838,0.5,47.05882352941176,14.637663371404187,39.0,50.588235294117645,841.4222224260118,155.43617012121913
166.20000000000002,0.670216221025368,0.5,47.05882352941176,14.647655433616933,39.0,50.588235294117645,841.4679520494847,155.39156498185403
166.3,0.6701737177276067,0.5,47.05882352941176,14.657645764476683,39.0,50.588235294117645,841.5136469465683,155.34699407250227
166.4,0.6701312242019627,0.5,47.05882352941176,14.667634365638492,39.0,50.588235294117645,841.5593071096537,155.30245740079275
166.5,0.6700887404464987,0.5,47.05882352941176,14.677621238758093,39.0,50.588235294117645,841.6049325311261,155.2579549743599
166.60000000000002,0.6700462664592781,0.5,47.05882352941176,14.687606385491563,39.0,50.588235294117645,841.6505232033653,155.213486800844
166.70000000000002,0.6700038022383644,0.5,47.05882352941176,14.69758980749566,39.0,50.588235294117645,841.6960791187447,155.16905288789093
166.8,0.6699613477818217,0.5,47.05882352941176,14.707571506427485,39.0,50.588235294117645,841.7416002696325,155.12465324315227
166.9,0.6699189030877134,0.5,47.05882352941176,14.717551483944703,39.0,50.588235294117645,841.7870866483908,155.0802878742854
167.0,0.6698764681541043,0.5,47.05882352941176,14.727529741705496,39.0,50.588235294117645,841.8325382473757,155.0359567889533
167.10000000000002,0.6698340429790587,0.5,47.05882352941176,14.737506281368553,39.0,50.588235294117645,841.8779550589383,154.99165999482477
167.20000000000002,0.6697916275606416,0.5,47.05882352941176,14.747481104592964,39.0,50.588235294117645,841.9233370754231,154.94739749957427
167.3,0.6697492218969177,0.5,47.05882352941176,14.757454213038443,39.0,50.588235294117645,841.9686842891691,154.903169310882
167.4,0.6697068259859524,0.5,47.05882352941176,14.767425608365102,39.0,50.588235294117645,842.0139966925093,154.85897543643387
167.5,0.6696644398258115,0.5,47.05882352941176,14.77739529223362,39.0,50.588235294117645,842.059274277771,154.81481588392163
167.60000000000002,0.669622063414561,0.5,47.05882352941176,14.787363266305249,39.0,50.588235294117645,842.1045170372759,154.7706906610426
167.70000000000002,0.6695796967502666,0.5,47.05882352941176,14.79732953224152,39.0,50.588235294117645,842.1497249633394,154.72659977550006
167.8,0.6695373398309951,0.5,47.05882352941176,14.807294091704705,39.0,50.588235294117645,842.1948980482714,154.68254323500292
167.9,0.6694949926548127,0.5,47.05882352941176,14.817256946357418,39.0,50.588235294117645,842.2400362843761,154.6385210472658
168.0,0.6694526552197868,0.5,47.05882352941176,14.82721809786284,39.0,50.588235294117645,842.2851396639513,154.59453322000917
168.10000000000002,0.669410327523984,0.5,47.05882352941176,14.837177547884778,39.0,50.588235294117645,842.3302081792895,154.55057976095924
168.20000000000002,0.6693680095654722,0.5,47.05882352941176,14.847135298087267,39.0,50.588235294117645,842.3752418226769,154.50666067784795
168.3,0.6693257013423187,0.5,47.05882352941176,14.857091350135079,39.0,50.588235294117645,842.4202405863944,154.46277597841313
168.4,0.6692834028525919,0.5,47.05882352941176,14.867045705693386,39.0,50.588235294117645,842.4652044627163,154.41892567039827
168.5,0.6692411140943595,0.5,47.05882352941176,14.87699836642787,39.0,50.588235294117645,842.5101334439117,154.3751097615527
168.60000000000002,0.6691988350656902,0.5,47.05882352941176,14.886949334004782,39.0,50.588235294117645,842.5550275222434,154.33132825963153
168.70000000000002,0.6691565657646528,0.5,47.05882352941176,14.896898610090886,39.0,50.588235294117645,842.5998866899685,154.2875811723957
168.8,0.6691143061893162,0.5,47.05882352941176,14.906846196353342,39.0,50.588235294117645,842.644710939338,154.24386850761195
168.9,0.6690720563377496,0.5,47.05882352941176,14.916792094459822,39.0,50.588235294117645,842.6895002625973,154.20019027305275
169.0,0.6690298162080226,0.5,47.05882352941176,14.926736306078624,39.0,50.588235294117645,842.7342546519858,154.1565464764965
169.10000000000002,0.6689875857982048,0.5,47.05882352941176,14.936678832878442,39.0,50.588235294117645,842.778974099737,154.11293712572729
169.20000000000002,0.6689453651063667,0.5,47.05882352941176,14.946619676528485,39.0,50.588235294117645,842.8236585980782,154.06936222853506
169.3,0.6689031541305781,0.5,47.05882352941176,14.956558838698584,39.0,50.588235294117645,842.8683081392312,154.02582179271567
169.4,0.6688609528689098,0.5,47.05882352941176,14.966496321058912,39.0,50.588235294117645,842.9129227154117,153.9823158260708
169.5,0.6688187613194324,0.5,47.05882352941176,14.976432125280269,39.0,50.588235294117645,842.9575023188297,153.93884433640784
169.60000000000002,0.6687765794802173,0.5,47.05882352941176,14.986366253033964,39.0,50.588235294117645,843.0020469416888,153.89540733154013
169.70000000000002,0.6687344073493356,0.5,47.05882352941176,14.996298705991705,39.0,50.588235294117645,843.0465565761872,153.85200481928686
169.8,0.6686922449248591,0.5,47.05882352941176,15.006229485825827,39.0,50.588235294117645,843.0910312145165,153.808636807473
169.9,0.6686500922048595,0.5,47.05882352941176,15.016158594209116,39.0,50.588235294117645,843.1354708488631,153.76530330392941
170.0,0.668607949187409,0.5,47.05882352941176,15.026086032814874,39.0,50.588235294117645,843.179875471407,153.72200431649287
170.10000000000002,0.6685658158705798,0.5,47.05882352941176,15.036011803316967,39.0,50.588235294117645,843.2242450743222,153.67873985300594
170.20000000000002,0.6685236922524448,0.5,47.05882352941176,15.045935907389548,39.0,50.588235294117645,843.2685796497772,153.63550992131707
170.3,0.6684815783310769,0.5,47.05882352941176,15.055858346707623,39.0,50.588235294117645,843.3128791899338,153.59231452928063
170.4,0.6684394741045491,0.5,47.05882352941176,15.065779122946537,39.0,50.588235294117645,843.3571436869486,153.54915368475685
170.5,0.6683973795709349,0.5,47.05882352941176,15.075698237782149,39.0,50.588235294117645,843.4013731329715,153.50602739561185
170.60000000000002,0.668355294728308,0.5,47.05882352941176,15.085615692890656,39.0,50.588235294117645,843.4455675201467,153.46293566971764
170.70000000000002,0.6683132195747423,0.5,47.05882352941176,15.095531489949053,39.0,50.588235294117645,843.4897268406127,153.41987851495216
170.8,0.6682711541083123,0.5,47.05882352941176,15.105445630634733,39.0,50.588235294117645,843.5338510865018,153.3768559391992
170.9,0.6682290983270921,0.5,47.05882352941176,15.1153581166256,39.0,50.588235294117645,843.5779402499403,153.3338679503485
171.0,0.6681870522291565,0.5,47.05882352941176,15.125268949600013,39.0,50.588235294117645,843.6219943230484,153.29091455629563
171.10000000000002,0.6681450158125809,0.5,47.05882352941176,15.135178131236955,39.0,50.588235294117645,843.6660132979404,153.24799576494226
171.20000000000002,0.6681029890754401,0.5,47.05882352941176,15.14508566321581,39.0,50.588235294117645,843.7099971667245,153.2051115841958
171.3,0.6680609720158099,0.5,47.05882352941176,15.154991547216582,39.0,50.588235294117645,843.7539459215029,153.16226202196967
171.4,0.6680189646317659,0.5,47.05882352941176,15.164895784919622,39.0,50.588235294117645,843.7978595543717,153.11944708618321
171.5,0.6679769669213841,0.5,47.05882352941176,15.174798378006017,39.0,50.588235294117645,843.8417380574214,153.07666678476173
171.60000000000002,0.6679349788827411,0.5,47.05882352941176,15.18469932815725,39.0,50.588235294117645,843.8855814227356,153.03392112563648
171.70000000000002,0.6678930005139133,0.5,47.05882352941176,15.194598637055208,39.0,50.588235294117645,843.9293896423927,152.9912101167446
171.8,0.6678510318129776,0.5,47.05882352941176,15.204496306382566,39.0,50.588235294117645,843.9731627084648,152.9485337660293
171.9,0.6678090727780109,0.5,47.05882352941176,15.214392337822233,39.0,50.588235294117645,844.0169006130177,152.90589208143967
172.0,0.6677671234070908,0.5,47.05882352941176,15.224286733057852,39.0,50.588235294117645,844.0606033481114,152.86328507093074
172.10000000000002,0.6677251836982948,0.5,47.05882352941176,15.234179493773354,39.0,50.588235294117645,844.1042709057997,152.82071274246363
172.20000000000002,0.6676832536497009,0.5,47.05882352941176,15.24407062165335,39.0,50.588235294117645,844.1479032781303,152.77817510400527
172.3,0.6676413332593872,0.5,47.05882352941176,15.25396011838302,39.0,50.588235294117645,844.1915004571449,152.73567216352876
172.4,0.667599422525432,0.5,47.05882352941176,15.263847985647885,39.0,50.588235294117645,844.2350624348792,152.69320392901304
172.5,0.667557521445914,0.5,47.05882352941176,15.273734225134206,39.0,50.588235294117645,844.2785892033627,152.65077040844318
172.60000000000002,0.667515630018912,0.5,47.05882352941176,15.283618838528412,39.0,50.588235294117645,844.3220807546186,152.60837160981012
172.70000000000002,0.6674737482425055,0.5,47.05882352941176,15.293501827517844,39.0,50.588235294117645,844.3655370806644,152.56600754111088
172.8,0.6674318761147737,0.5,47.05882352941176,15.303383193790069,39.0,50.588235294117645,844.4089581735112,152.5236782103485
172.9,0.6673900136337964,0.5,47.05882352941176,15.313262939033393,39.0,50.588235294117645,844.4523440251642,152.48138362553195
173.0,0.6673481607976536,0.5,47.05882352941176,15.323141064936465,39.0,50.588235294117645,844.4956946276222,152.43912379467633
173.10000000000002,0.6673063176044257,0.5,47.05882352941176,15.3330175731885,39.0,50.588235294117645,844.5390099728783,152.39689872580269
173.20000000000002,0.6672644840521931,0.5,47.05882352941176,15.34289246547928,39.0,50.588235294117645,844.5822900529189,152.35470842693817
173.3,0.6672226601390361,0.5,47.05882352941176,15.352765743498992,39.0,50.588235294117645,844.6255348597247,152.31255290611597
173.4,0.6671808458630363,0.5,47.05882352941176,15.362637408938554,39.0,50.588235294117645,844.6687443852703,152.2704321713752
173.5,0.6671390412222746,0.5,47.05882352941176,15.372507463489228,39.0,50.588235294117645,844.7119186215238,152.22834623076113
173.60000000000002,0.6670972462148329,0.5,47.05882352941176,15.38237590884279,39.0,50.588235294117645,844.7550575604473,152.18629509232514
173.70000000000002,0.6670554608387927,0.5,47.05882352941176,15.392242746691636,39.0,50.588235294117645,844.798161193997,152.14427876412452
173.8,0.6670136850922362,0.5,47.05882352941176,15.402107978728623,39.0,50.588235294117645,844.8412295141225,152.10229725422275
173.9,0.6669719189732458,0.5,47.05882352941176,15.411971606647171,39.0,50.588235294117645,844.8842625127672,152.06035057068934
174.0,0.6669301624799041,0.5,47.05882352941176,15.421833632141102,39.0,50.588235294117645,844.927260181869,152.01843872159986
174.10000000000002,0.6668884156102938,0.5,47.05882352941176,15.431694056904973,39.0,50.588235294117645,844.9702225133587,151.976561715036
174.20000000000002,0.6668466783624981,0.5,47.05882352941176,15.44155288263363,39.0,50.588235294117645,845.0131494991618,151.93471955908555
174.3,0.6668049507346001,0.5,47.05882352941176,15.45141011102254,39.0,50.588235294117645,845.0560411311969,151.8929122618423
174.4,0.6667632327246841,0.5,47.05882352941176,15.461265743767797,39.0,50.588235294117645,845.098897401377,151.85113983140627
174.5,0.6667215243308335,0.5,47.05882352941176,15.471119782565893,39.0,50.588235294117645,845.1417183016084,151.80940227588349
174.60000000000002,0.6666798255511325,0.5,47.05882352941176,15.480972229113888,39.0,50.588235294117645,845.1845038237913,151.7676996033862
174.70000000000002,0.6666381363836656,0.5,47.05882352941176,15.490823085109412,39.0,50.588235294117645,845.2272539598197,151.72603182203267
174.8,0.6665964568265177,0.5,47.05882352941176,15.500672352250433,39.0,50.588235294117645,845.2699687015815,151.68439893994733
174.9,0.6665547868777733,0.5,47.05882352941176,15.510520032235661,39.0,50.588235294117645,845.3126480409583,151.64280096526073
175.0,0.6665131265355179,0.5,47.05882352941176,15.520366126764259,39.0,50.588235294117645,845.3552919698252,151.60123790610956
175.10000000000002,0.6664714757978368,0.5,47.05882352941176,15.530210637535845,39.0,50.588235294117645,845.3979004800515,151.5597097706367
175.20000000000002,0.6664298346628162,0.5,47.05882352941176,15.540053566250549,39.0,50.588235294117645,845.4404735635,151.5182165669911
175.3,0.6663882031285415,0.5,47.05882352941176,15.54989491460924,39.0,50.588235294117645,845.4830112120272,151.4767583033279
175.4,0.6663465811930994,0.5,47.05882352941176,15.55973468431307,39.0,50.588235294117645,845.5255134174837,151.43533498780843
175.5,0.666304968854576,0.5,47.05882352941176,15.569572877063877,39.0,50.588235294117645,845.5679801717132,151.3939466286001
175.60000000000002,0.6662633661110585,0.5,47.05882352941176,15.579409494563947,39.0,50.588235294117645,845.6104114665536,151.3525932338766
175.70000000000002,0.6662217729606337,0.5,47.05882352941176,15.589244538516084,39.0,50.588235294117645,845.6528072938365,151.31127481181778
175.8,0.6661801894013888,0.5,47.05882352941176,15.599078010623657,39.0,50.588235294117645,845.6951676453872,151.26999137060957
175.9,0.6661386154314116,0.5,47.05882352941176,15.608909912590605,39.0,50.588235294117645,845.7374925130244,151.2287429184442
176.0,0.6660970510487901,0.5,47.05882352941176,15.618740246121263,39.0,50.588235294117645,845.7797818885607,151.18752946352004
176.10000000000002,0.6660554962516121,0.5,47.05882352941176,15.628569012920593,39.0,50.588235294117645,845.8220357638024,151.1463510140417
176.20000000000002,0.6660139510379659,0.5,47.05882352941176,15.638396214694069,39.0,50.588235294117645,845.8642541305497,151.10520757821996
176.3,0.6659724154059403,0.5,47.05882352941176,15.648221853147675,39.0,50.588235294117645,845.906436980596,151.06409916427185
176.4,0.6659308893536238,0.5,47.05882352941176,15.658045929988077,39.0,50.588235294117645,845.9485843057289,151.02302578042057
176.5,0.6658893728791061,0.5,47.05882352941176,15.667868446922228,39.0,50.588235294117645,845.9906960977293,150.98198743489561
176.60000000000002,0.6658478659804764,0.5,47.05882352941176,15.677689405657702,39.0,50.588235294117645,846.0327723483719,150.94098413593267
176.70000000000002,0.6658063686558243,0.5,47.05882352941176,15.687508807902702,39.0,50.588235294117645,846.0748130494248,150.90001589177365
176.8,0.6657648809032398,0.5,47.05882352941176,15.697326655365828,39.0,50.588235294117645,846.1168181926504,150.8590827106667
176.9,0.665723402720813,0.5,47.05882352941176,15.707142949756303,39.0,50.588235294117645,846.158787769804,150.8181846008663
177.0,0.6656819341066343,0.5,47.05882352941176,15.716957692783751,39.0,50.588235294117645,846.2007217726349,150.7773215706331
177.10000000000002,0.6656404750587944,0.5,47.05882352941176,15.726770886158533,39.0,50.588235294117645,846.2426201928861,150.736493628234
177.20000000000002,0.6655990255753846,0.5,47.05882352941176,15.736582531591466,39.0,50.588235294117645,846.284483022294,150.6957007819423
177.3,0.6655575856544959,0.5,47.05882352941176,15.746392630793821,39.0,50.588235294117645,846.3263102525889,150.65494304003744
177.4,0.6655161552942198,0.5,47.05882352941176,15.756201185477437,39.0,50.588235294117645,846.3681018754944,150.6142204108052
177.5,0.6654747344926479,0.5,47.05882352941176,15.766008197354722,39.0,50.588235294117645,846.4098578827279,150.5735329025376
177.60000000000002,0.6654333232478727,0.5,47.05882352941176,15.77581366813854,39.0,50.588235294117645,846.4515782660003,150.53288052353307
177.70000000000002,0.6653919215579861,0.5,47.05882352941176,15.78561759954249,39.0,50.588235294117645,846.4932630170161,150.4922632820962
177.8,0.6653505294210805,0.5,47.05882352941176,15.795419993280404,39.0,50.588235294117645,846.5349121274736,150.45168118653794
177.9,0.6653091468352491,0.5,47.05882352941176,15.805220851066963,39.0,50.588235294117645,846.5765255890643,150.4111342451756
178.0,0.6652677737985848,0.5,47.05882352941176,15.815020174617132,39.0,50.588235294117645,846.6181033934736,150.37062246633278
178.10000000000002,0.6652264103091811,0.5,47.05882352941176,15.824817965646503,39.0,50.588235294117645,846.6596455323801,150.33014585833934
178.20000000000002,0.665185056365131,0.5,47.05882352941176,15.834614225871235,39.0,50.588235294117645,846.7011519974563,150.2897044295315
178.3,0.665143711964529,0.5,47.05882352941176,15.844408957008056,39.0,50.588235294117645,846.7426227803684,150.24929818825194
178.4,0.6651023771054692,0.5,47.05882352941176,15.85420216077415,39.0,50.588235294117645,846.7840578727755,150.20892714284955
178.5,0.6650610517860457,0.5,47.05882352941176,15.863993838887268,39.0,50.588235294117645,846.8254572663308,150.16859130167958
178.60000000000002,0.6650197360043534,0.5,47.05882352941176,15.873783993065672,39.0,50.588235294117645,846.866820952681,150.12829067310372
178.70000000000002,0.664978429758487,0.5,47.05882352941176,15.883572625028307,39.0,50.588235294117645,846.9081489234659,150.0880252654899
178.8,0.6649371330465416,0.5,47.05882352941176,15.893359736494403,39.0,50.588235294117645,846.9494411703193,150.04779508721256
178.9,0.6648958458666129,0.5,47.05882352941176,15.903145329183872,39.0,50.588235294117645,846.9906976848683,150.00760014665244
179.0,0.6648545682167962,0.5,47.05882352941176,15.912929404817248,39.0,50.588235294117645,847.0319184587335,149.96744045219666
179.10000000000002,0.664813300095188,0.5,47.05882352941176,15.922711965115468,39.0,50.588235294117645,847.0731034835287,149.92731601223866
179.20000000000002,0.6647720414998842,0.5,47.05882352941176,15.932493011800148,39.0,50.588235294117645,847.114252750862,149.88722683517847
179.3,0.6647307924289814,0.5,47.05882352941176,15.942272546593188,39.0,50.588235294117645,847.155366252334,149.84717292942238
179.4,0.6646895528805761,0.5,47.05882352941176,15.952050571217399,39.0,50.588235294117645,847.1964439795396,149.80715430338307
179.5,0.6646483228527653,0.5,47.05882352941176,15.961827087395818,39.0,50.588235294117645,847.2374859240668,149.7671709654797
179.60000000000002,0.6646071023436465,0.5,47.05882352941176,15.971602096852166,39.0,50.588235294117645,847.278492077497,149.72722292413783
179.70000000000002,0.6645658913513173,0.5,47.05882352941176,15.981375601310617,39.0,50.588235294117645,847.3194624314052,149.68731018778945
179.8,0.6645246898738754,0.5,47.05882352941176,15.991147602496085,39.0,50.588235294117645,847.3603969773598,149.64743276487303
179.9,0.6644834979094187,0.5,47.05882352941176,16.00091810213388,39.0,50.588235294117645,847.4012957069225,149.60759066383338
180.0,0.6644423154560456,0.5,47.05882352941176,16.010687101949827,39.0,50.588235294117645,847.4421586116489,149.56778389312188
180.10000000000002,0.6644011425118547,0.5,47.05882352941176,16.020454603670316,39.0,50.588235294117645,847.4829856830875,149.52801246119625
180.20000000000002,0.6643599790749447,0.5,47.05882352941176,16.030220609022365,39.0,50.588235294117645,847.5237769127805,149.48827637652076
180.3,0.6643188251434149,0.5,47.05882352941176,16.0399851197335,39.0,50.588235294117645,847.5645322922633,149.4485756475661
180.4,0.6642776807153647,0.5,47.05882352941176,16.049748137531765,39.0,50.588235294117645,847.6052518130649,149.4089102828094
180.5,0.6642365457888937,0.5,47.05882352941176,16.059509664145764,39.0,50.588235294117645,847.6459354667079,149.3692802907344
180.60000000000002,0.6641954203621018,0.5,47.05882352941176,16.069269701304563,39.0,50.588235294117645,847.6865832447079,149.3296856798312
180.70000000000002,0.6641543044330888,0.5,47.05882352941176,16.079028250737963,39.0,50.588235294117645,847.7271951385741,149.29012645859646
180.8,0.6641131979999554,0.5,47.05882352941176,16.088785314176107,39.0,50.588235294117645,847.767771139809,149.2506026355333
180.9,0.6640721010608026,0.5,47.05882352941176,16.098540893349934,39.0,50.588235294117645,847.8083112399084,149.2111142191514
181.0,0.6640310136137308,0.5,47.05882352941176,16.10829498999061,39.0,50.588235294117645,847.8488154303616,149.17166121796694
181.10000000000002,0.6639899356568416,0.5,47.05882352941176,16.118047605830156,39.0,50.588235294117645,847.8892837026513,149.13224364050257
181.20000000000002,0.6639488671882362,0.5,47.05882352941176,16.12779874260093,39.0,50.588235294117645,847.9297160482535,149.09286149528756
181.3,0.6639078082060165,0.5,47.05882352941176,16.137548402035975,39.0,50.588235294117645,847.9701124586373,149.05351479085763
181.4,0.6638667587082844,0.5,47.05882352941176,16.147296585868787,39.0,50.588235294117645,848.0104729252656,149.0142035357551
181.5,0.663825718693142,0.5,47.05882352941176,16.157043295833546,39.0,50.588235294117645,848.0507974395942,148.9749277385288
181.60000000000002,0.6637846881586922,0.5,47.05882352941176,16.16678853366477,39.0,50.588235294117645,848.0910859930725,148.93568740773415
181.70000000000002,0.6637436671030374,0.5,47.05882352941176,16.176532301097666,39.0,50.588235294117645,848.1313385771432,148.8964825519331
181.8,0.6637026555242809,0.5,47.05882352941176,16.186274599868,39.0,50.588235294117645,848.171555183242,148.85731317969424
181.9,0.6636616534205257,0.5,47.05882352941176,16.196015431712112,39.0,50.588235294117645,848.2117358027984,148.81817929959263
182.0,0.6636206607898757,0.5,47.05882352941176,16.20575479836691,39.0,50.588235294117645,848.2518804272349,148.77908092021
182.10000000000002,0.6635796776304345,0.5,47.05882352941176,16.215492701569644,39.0,50.588235294117645,848.2919890479671,148.74001805013464
182.20000000000002,0.6635387039403063,0.5,47.05882352941176,16.225229143058357,39.0,50.588235294117645,848.3320616564043,148.7009906979614
182.3,0.6634977397175955,0.5,47.05882352941176,16.234964124571547,39.0,50.588235294117645,848.3720982439489,148.66199887229183
182.4,0.6634567849604064,0.5,47.05882352941176,16.24469764784834,39.0,50.588235294117645,848.4120988019965,148.623042581734
182.5,0.6634158396668443,0.5,47.05882352941176,16.25442971462826,39.0,50.588235294117645,848.452063321936,148.5841218349027
182.60000000000002,0.6633749038350142,0.5,47.05882352941176,16.264160326651563,39.0,50.588235294117645,848.4919917951495,148.54523664041923
182.70000000000002,0.6633339774630215,0.5,47.05882352941176,16.273889485659026,39.0,50.588235294117645,848.5318842130125,148.5063870069116
182.8,0.6632930605489716,0.5,47.05882352941176,16.283617193391706,39.0,50.588235294117645,848.5717405668934,148.4675729430144
182.9,0.6632521530909709,0.5,47.05882352941176,16.293343451591625,39.0,50.588235294117645,848.6115608481542,148.4287944573689
183.0,0.6632112550871251,0.5,47.05882352941176,16.303068262001148,39.0,50.588235294117645,848.65134504815,148.39005155862304
183.10000000000002,0.663170366535541,0.5,47.05882352941176,16.312791626363378,39.0,50.588235294117645,848.6910931582291,148.35134425543148
183.20000000000002,0.6631294874343252,0.5,47.05882352941176,16.32251354642159,39.0,50.588235294117645,848.730805169733,148.31267255645542
183.3,0.6630886177815847,0.5,47.05882352941176,16.332234023919966,39.0,50.588235294117645,848.7704810739963,148.27403647036274
183.4,0.6630477575754267,0.5,47.05882352941176,16.34195306060326,39.0,50.588235294117645,848.8101208623469,148.23543600582818
183.5,0.6630069068139587,0.5,47.05882352941176,16.35167065821662,39.0,50.588235294117645,848.8497245261059,148.19687117153296
183.60000000000002,0.6629660654952886,0.5,47.05882352941176,16.361386818505707,39.0,50.588235294117645,848.8892920565878,148.15834197616516
183.70000000000002,0.6629252336175243,0.5,47.05882352941176,16.37110154321698,39.0,50.588235294117645,848.9288234450999,148.11984842841946
183.8,0.6628844111787741,0.5,47.05882352941176,16.380814834097237,39.0,50.588235294117645,848.9683186829424,148.0813905369973
183.9,0.6628435981771463,0.5,47.05882352941176,16.3905266928939,39.0,50.588235294117645,849.0077777614092,148.0429683106068
184.0,0.6628027946107502,0.5,47.05882352941176,16.400237121355076,39.0,50.588235294117645,849.0472006717874,148.0045817579628
184.10000000000002,0.6627620004776945,0.5,47.05882352941176,16.409946121229268,39.0,50.588235294117645,849.086587405357,147.966230887787
184.20000000000002,0.6627212157760887,0.5,47.05882352941176,16.41965369426555,39.0,50.588235294117645,849.125937953391,147.92791570880763
184.3,0.6626804405040424,0.5,47.05882352941176,16.42935984221367,39.0,50.588235294117645,849.1652523071559,147.88963622975987
184.4,0.6626396746596656,0.5,47.05882352941176,16.43906456682396,39.0,50.588235294117645,849.2045304579109,147.85139245938555
184.5,0.6625989182410683,0.5,47.05882352941176,16.448767869847188,39.0,50.588235294117645,849.2437723969085,147.8131844064333
184.60000000000002,0.662558171246361,0.5,47.05882352941176,16.458469753034763,39.0,50.588235294117645,849.2829781153941,147.77501207965847
184.70000000000002,0.6625174336736539,0.5,47.05882352941176,16.468170218138596,39.0,50.588235294117645,849.3221476046068,147.73687548782328
184.8,0.6624767055210583,0.5,47.05882352941176,16.477869266911284,39.0,50.588235294117645,849.3612808557781,147.6987746396966
184.9,0.6624359867866854,0.5,47.05882352941176,16.487566901105822,39.0,50.588235294117645,849.400377860133,147.66070954405427
185.0,0.6623952774686465,0.5,47.05882352941176,16.497263122475886,39.0,50.588235294117645,849.4394386088892,147.62268020967875
185.10000000000002,0.6623545775650534,0.5,47.05882352941176,16.506957932775776,39.0,50.588235294117645,849.4784630932579,147.58468664535943
185.20000000000002,0.6623138870740178,0.5,47.05882352941176,16.51665133376025,39.0,50.588235294117645,849.5174513044431,147.54672885989254
185.3,0.6622732059936525,0.5,47.05882352941176,16.526343327184748,39.0,50.588235294117645,849.5564032336417,147.508806862081
185.4,0.6622325343220695,0.5,47.05882352941176,16.536033914805046,39.0,50.588235294117645,849.5953188720442,147.47092066073463
185.5,0.6621918720573821,0.5,47.05882352941176,16.545723098377778,39.0,50.588235294117645,849.6341982108335,147.43307026467014
185.60000000000002,0.6621512191977025,0.5,47.05882352941176,16.555410879659917,39.0,50.588235294117645,849.6730412411856,147.395255682711
185.70000000000002,0.6621105757411444,0.5,47.05882352941176,16.565097260409175,39.0,50.588235294117645,849.7118479542698,147.35747692368756
185.8,0.6620699416858215,0.5,47.05882352941176,16.574782242383662,39.0,50.588235294117645,849.7506183412485,147.31973399643707
185.9,0.6620293170298474,0.5,47.05882352941176,16.584465827342285,39.0,50.588235294117645,849.7893523932767,147.28202690980356
186.0,0.6619887017713361,0.5,47.05882352941176,16.594148017044404,39.0,50.588235294117645,849.8280501015026,147.24435567263805
186.10000000000002,0.6619480959084021,0.5,47.05882352941176,16.603828813249834,39.0,50.588235294117645,849.8667114570674,147.2067202937984
186.20000000000002,0.6619074994391599,0.5,47.05882352941176,16.61350821771913,39.0,50.588235294117645,849.9053364511051,147.16912078214938
186.3,0.6618669123617243,0.5,47.05882352941176,16.623186232213413,39.0,50.588235294117645,849.9439250747431,147.13155714656259
186.4,0.6618263346742108,0.5,47.05882352941176,16.63286285849432,39.0,50.588235294117645,849.9824773191011,147.09402939591655
186.5,0.6617857663747342,0.5,47.05882352941176,16.64253809832411,39.0,50.588235294117645,850.0209931752923,147.05653753909678
186.60000000000002,0.6617452074614104,0.5,47.05882352941176,16.652211953465496,39.0,50.588235294117645,850.0594726344227,147.01908158499563
186.70000000000002,0.6617046579323558,0.5,47.05882352941176,16.661884425681876,39.0,50.588235294117645,850.0979156875911,146.9816615425124
186.8,0.6616641177856859,0.5,47.05882352941176,16.671555516737214,39.0,50.588235294117645,850.1363223258894,146.9442774205534
186.9,0.6616235870195174,0.5,47.05882352941176,16.681225228395988,39.0,50.588235294117645,850.1746925404022,146.9069292280318
187.0,0.6615830656319669,0.5,47.05882352941176,16.69089356242347,39.0,50.588235294117645,850.2130263222073,146.86961697386775
187.10000000000002,0.6615425536211512,0.5,47.05882352941176,16.70056052058527,39.0,50.588235294117645,850.2513236623751,146.8323406669884
187.20000000000002,0.6615020509851879,0.5,47.05882352941176,16.710226104647575,39.0,50.588235294117645,850.2895845519691,146.79510031632776
187.3,0.6614615577221943,0.5,47.05882352941176,16.719890316377302,39.0,50.588235294117645,850.3278089820457,146.757895930827
187.4,0.661421073830288,0.5,47.05882352941176,16.729553157541886,39.0,50.588235294117645,850.365996943654,146.72072751943412
187.5,0.6613805993075874,0.5,47.05882352941176,16.739214629909213,39.0,50.588235294117645,850.404148427836,146.6835950911041
187.60000000000002,0.6613401341522104,0.5,47.05882352941176,16.74887473524808,39.0,50.588235294117645,850.4422634256268,146.64649865479907
187.70000000000002,0.6612996783622758,0.5,47.05882352941176,16.758533475327454,39.0,50.588235294117645,850.4803419280541,146.60943821948808
187.8,0.6612592319359021,0.5,47.05882352941176,16.768190851917154,39.0,50.588235294117645,850.5183839261384,146.57241379414722
187.9,0.6612187948712085,0.5,47.05882352941176,16.777846866787456,39.0,50.588235294117645,850.5563894108934,146.53542538775952
188.0,0.6611783671663145,0.5,47.05882352941176,16.787501521709373,39.0,50.588235294117645,850.5943583733252,146.49847300931506
188.10000000000002,0.6611379488193394,0.5,47.05882352941176,16.797154818454374,39.0,50.588235294117645,850.632290804433,146.4615566678111
188.20000000000002,0.6610975398284032,0.5,47.05882352941176,16.806806758794437,39.0,50.588235294117645,850.6701866952086,146.42467637225187
188.3,0.661057140191626,0.5,47.05882352941176,16.81645734450234,39.0,50.588235294117645,850.7080460366368,146.3878321316486
188.4,0.6610167499071281,0.5,47.05882352941176,16.826106577351254,39.0,50.588235294117645,850.7458688196951,146.35102395501966
188.5,0.6609763689730304,0.5,47.05882352941176,16.835754459115094,39.0,50.588235294117645,850.7836550353538,146.31425185139045
188.60000000000002,0.6609359973874536,0.5,47.05882352941176,16.845400991568283,39.0,50.588235294117645,850.8214046745761,146.27751582979343
188.70000000000002,0.6608956351485189,0.5,47.05882352941176,16.855046176485757,39.0,50.588235294117645,850.8591177283175,146.2408158992682
188.8,0.6608552822543475,0.5,47.05882352941176,16.864690015643134,39.0,50.588235294117645,850.8967941875269,146.2041520688615
188.9,0.6608149387030614,0.5,47.05882352941176,16.8743325108166,39.0,50.588235294117645,850.9344340431456,146.16752434762708
189.0,0.6607746044927822,0.5,47.05882352941176,16.883973663782854,39.0,50.588235294117645,850.9720372861079,146.13093274462585
189.10000000000002,0.6607342796216327,0.5,47.05882352941176,16.893613476319388,39.0,50.588235294117645,851.0096039073403,146.09437726892583
189.20000000000002,0.6606939640877348,0.5,47.05882352941176,16.90325195020415,39.0,50.588235294117645,851.0471338977625,146.0578579296022
189.3,0.6606536578892116,0.5,47.05882352941176,16.912889087215603,39.0,50.588235294117645,851.0846272482866,146.02137473573725
189.4,0.6607548761264174,0.5,25.294117647058822,16.889921065017234,39.0,27.647058823529413,851.1221101767002,145.98490162813613
189.5,0.6608560817656752,0.5,25.294117647058822,16.866961730882224,39.0,27.647058823529413,851.1596219341457,145.94839959273585
189.60000000000002,0.6609572748095176,0.5,25.294117647058822,16.844011088254376,39.0,27.647058823529413,851.1971623783637,145.9118687704401
189.70000000000002,0.6610584552604762,0.5,25.294117647058822,16.821069140548957,39.0,27.647058823529413,851.2347313675374,145.87530930171587
189.8,0.6611596231210816,0.5,25.294117647058822,16.798135891153095,39.0,27.647058823529413,851.2723287602904,145.83872132659477
189.9,0.6612607783938637,0.5,25.294117647058822,16.77521134342544,39.0,27.647058823529413,851.3099544156868,145.8021049846742
190.0,0.6613619210813513,0.5,25.294117647058822,16.75229550069662,39.0,27.647058823529413,851.3476081932286,145.76546041511875
190.10000000000002,0.6614630511860725,0.5,25.294117647058822,16.729388366269234,39.0,27.647058823529413,851.3852899528551,145.72878775666123
190.20000000000002,0.6615641687105547,0.5,25.294117647058822,16.70648994341775,39.0,27.647058823529413,851.422999554942,145.6920871476042
190.3,0.661665273657324,0.5,25.294117647058822,16.683600235388838,39.0,27.647058823529413,851.4607368602987,145.65535872582095
190.4,0.6617663660289057,0.5,25.294117647058822,16.66071924540148,39.0,27.647058823529413,851.4985017301689,145.61860262875692
190.5,0.6618674458278243,0.5,25.294117647058822,16.637846976646756,39.0,27.647058823529413,851.536294026228,145.5818189934308
190.60000000000002,0.6619685130566035,0.5,25.294117647058822,16.61498343228834,39.0,27.647058823529413,851.5741136105826,145.5450079564359
190.70000000000002,0.6620695677177658,0.5,25.294117647058822,16.592128615462343,39.0,27.647058823529413,851.6119603457687,145.50816965394128
190.8,0.6621706098138331,0.5,25.294117647058822,16.56928252927753,39.0,27.647058823529413,851.6498340947509,145.471304221693
190.9,0.6622716393473262,0.5,25.294117647058822,16.546445176815325,39.0,27.647058823529413,851.6877347209207,145.43441179501536
191.0,0.6623726563207654,0.5,25.294117647058822,16.52361656112987,39.0,27.647058823529413,851.7256620880958,145.39749250881215
191.10000000000002,0.6624736607366696,0.5,25.294117647058822,16.500796685248133,39.0,27.647058823529413,851.7636160605185,145.3605464975678
191.20000000000002,0.662574652597557,0.5,25.294117647058822,16.47798555217014,39.0,27.647058823529413,851.8015965028545,145.32357389534866
191.3,0.6626756319059449,0.5,25.294117647058822,16.455183164869027,39.0,27.647058823529413,851.8396032801919,145.28657483580412
191.4,0.66277659866435,0.5,25.294117647058822,16.432389526290933,39.0,27.647058823529413,851.8776362580397,145.24954945216788
191.5,0.6628775528752876,0.5,25.294117647058822,16.40960463935528,39.0,27.647058823529413,851.9156953023266,145.21249787725924
191.60000000000002,0.6629784945412727,0.5,25.294117647058822,16.38682850695494,39.0,27.647058823529413,851.9537802794,145.17542024348418
191.70000000000002,0.6630794236648186,0.5,25.294117647058822,16.364061131956078,39.0,27.647058823529413,851.9918910560245,145.13831668283652
191.8,0.6631803402484385,0.5,25.294117647058822,16.3413025171983,39.0,27.647058823529413,852.030027499381,145.10118732689926
191.9,0.6632812442946445,0.5,25.294117647058822,16.318552665494963,39.0,27.647058823529413,852.0681894770654,145.0640323068457
192.0,0.6633821358059477,0.5,25.294117647058822,16.29581157963304,39.0,27.647058823529413,852.1063768570871,145.02685175344058
192.10000000000002,0.6634830147848583,0.5,25.294117647058822,16.273079262373358,39.0,27.647058823529413,852.1445895078681,144.98964579704136
192.20000000000002,0.6635838812338856,0.5,25.294117647058822,16.250355716450485,39.0,27.647058823529413,852.1828272982418,144.95241456759928
192.3,0.6636847351555384,0.5,25.294117647058822,16.22764094457301,39.0,27.647058823529413,852.2210900974516,144.91515819466076
192.4,0.6637855765523241,0.5,25.294117647058822,16.20493494942366,39.0,27.647058823529413,852.25937777515,144.87787680736832
192.5,0.6638864054267493,0.5,25.294117647058822,16.18223773365918,39.0,27.647058823529413,852.297690201397,144.84057053446182
192.60000000000002,0.6639872217813197,0.5,25.294117647058822,16.159549299910566,39.0,27.647058823529413,852.3360272466595,144.80323950427982
192.70000000000002,0.6640880256185407,0.5,25.294117647058822,16.136869650783012,39.0,27.647058823529413,852.3743887818093,144.76588384476045
192.8,0.664188816940916,0.5,25.294117647058822,16.114198788856356,39.0,27.647058823529413,852.4127746781229,144.72850368344288
192.9,0.664289595750949,0.5,25.294117647058822,16.091536716684857,39.0,27.647058823529413,852.4511848072796,144.69109914746818
193.0,0.6643903620511421,0.5,25.294117647058822,16.06888343679725,39.0,27.647058823529413,852.4896190413602,144.65367036358072
193.10000000000002,0.6644911158439964,0.5,25.294117647058822,16.04623895169692,39.0,27.647058823529413,852.5280772528469,144.6162174581292
193.20000000000002,0.6645918571320127,0.5,25.294117647058822,16.023603263862015,39.0,27.647058823529413,852.5665593146206,144.5787405570678
193.3,0.6646925859176906,0.5,25.294117647058822,16.000976375745722,39.0,27.647058823529413,852.605065099961,144.54123978595737
193.4,0.664793302203529,0.5,25.294117647058822,15.978358289775883,39.0,27.647058823529413,852.6435944825453,144.5037152699666
193.5,0.6648940059920254,0.5,25.294117647058822,15.955749008355554,39.0,27.647058823529413,852.682147336446,144.46616713387306
193.60000000000002,0.6649946972856774,0.5,25.294117647058822,15.93314853386272,39.0,27.647058823529413,852.7207235361307,144.4285955020645
193.70000000000002,0.6650953760869808,0.5,25.294117647058822,15.910556868650588,39.0,27.647058823529413,852.7593229564608,144.3910004985397
193.8,0.6651960423984312,0.5,25.294117647058822,15.887974015047746,39.0,27.647058823529413,852.7979454726903,144.35338224691003
193.9,0.6652966962225227,0.5,25.294117647058822,15.86539997535806,39.0,27.647058823529413,852.836590960465,144.31574087040013
194.0,0.665397337561749,0.5,25.294117647058822,15.842834751860721,39.0,27.647058823529413,852.8752592958199,144.27807649184942
194.10000000000002,0.6654979664186026,0.5,25.294117647058822,15.820278346810653,39.0,27.647058823529413,852.9139503551801,144.24038923371285
194.20000000000002,0.6655985827955756,0.5,25.294117647058822,15.797730762438277,39.0,27.647058823529413,852.9526640153584,144.2026792180624
194.3,0.6656991866951586,0.5,25.294117647058822,15.775192000949687,39.0,27.647058823529413,852.9914001535543,144.164946566588
194.4,0.6657997781198418,0.5,25.294117647058822,15.752662064526817,39.0,27.647058823529413,853.0301586473532,144.12719140059855
194.5,0.6659003570721143,0.5,25.294117647058822,15.730140955327442,39.0,27.647058823529413,853.0689393747251,144.08941384102323
194.60000000000002,0.6660009235544642,0.5,25.294117647058822,15.707628675485125,39.0,27.647058823529413,853.1077422140235,144.05161400841246
194.70000000000002,0.6661014775693792,0.5,25.294117647058822,15.685125227109722,39.0,27.647058823529413,853.1465670439843,144.0137920229391
194.8,0.6662020191193458,0.5,25.294117647058822,15.66263061228699,39.0,27.647058823529413,853.1854137437242,143.97594800439956
194.9,0.6663025482068494,0.5,25.294117647058822,15.640144833078978,39.0,27.647058823529413,853.2242821927408,143.9380820722148
195.0,0.6664030648343753,0.5,25.294117647058822,15.617667891524036,39.0,27.647058823529413,853.2631722709102,143.9001943454315
195.10000000000002,0.666503569004407,0.5,25.294117647058822,15.595199789636865,39.0,27.647058823529413,853.3020838584863,143.8622849427231
195.20000000000002,0.6666040607194278,0.5,25.294117647058822,15.572740529408406,39.0,27.647058823529413,853.3410168361002,143.82435398239105
195.3,0.66670453998192,0.5,25.294117647058822,15.550290112806465,39.0,27.647058823529413,853.379971084758,143.7864015823656
195.4,0.6668050067943647,0.5,25.294117647058822,15.527848541775143,39.0,27.647058823529413,853.4189464858415,143.74842786020727
195.5,0.6669054611592423,0.5,25.294117647058822,15.505415818235406,39.0,27.647058823529413,853.4579429211052,143.7104329331075
195.60000000000002,0.6670059030790327,0.5,25.294117647058822,15.482991944084858,39.0,27.647058823529413,853.4969602726761,143.6724169178901
195.70000000000002,0.6671063325562143,0.5,25.294117647058822,15.46057692119814,39.0,27.647058823529413,853.5359984230525,143.63437993101206
195.8,0.6672067495932652,0.5,25.294117647058822,15.438170751426583,39.0,27.647058823529413,853.5750572551033,143.59632208856488
195.9,0.6673071541926621,0.5,25.294117647058822,15.415773436598727,39.0,27.647058823529413,853.6141366520661,143.55824350627543
196.0,0.6674075463568815,0.5,25.294117647058822,15.393384978520146,39.0,27.647058823529413,853.6532364975468,143.52014429950708
196.10000000000002,0.6675079260883986,0.5,25.294117647058822,15.371005378973507,39.0,27.647058823529413,853.6923566755181,143.4820245832607
196.20000000000002,0.6676082933896874,0.5,25.294117647058822,15.348634639718796,39.0,27.647058823529413,853.7314970703188,143.44388447217594
196.3,0.667708648263222,0.5,25.294117647058822,15.326272762493318,39.0,27.647058823529413,853.7706575666522,143.40572408053197
196.4,0.6678089907114746,0.5,25.294117647058822,15.303919749011811,39.0,27.647058823529413,853.8098380495859,143.36754352224884
196.5,0.6679093207369172,0.5,25.294117647058822,15.281575600966391,39.0,27.647058823529413,853.8490384045496,143.32934291088827
196.60000000000002,0.6680096383420207,0.5,25.294117647058822,15.259240320026947,39.0,27.647058823529413,853.888258517335,143.291122359655
196.70000000000002,0.6681099435292552,0.5,25.294117647058822,15.236913907840801,39.0,27.647058823529413,853.9274982740943,143.25288198139748
196.8,0.6682102363010901,0.5,25.294117647058822,15.21459636603305,39.0,27.647058823529413,853.9667575613393,143.21462188860917
196.9,0.6683105166599933,0.5,25.294117647058822,15.192287696206677,39.0,27.647058823529413,854.0060362659398,143.17634219342952
197.0,0.6684107846084327,0.5,25.294117647058822,15.169987899942498,39.0,27.647058823529413,854.0453342751235,143.13804300764497
197.10000000000002,0.6685110401488749,0.5,25.294117647058822,15.147696978799218,39.0,27.647058823529413,854.0846514764744,143.09972444269
197.20000000000002,0.6686112832837855,0.5,25.294117647058822,15.125414934313767,39.0,27.647058823529413,854.1239877579314,143.06138660964817
197.3,0.6687115140156294,0.5,25.294117647058822,15.103141768000967,39.0,27.647058823529413,854.1633430077882,143.02302961925324
197.4,0.668811732346871,0.5,25.294117647058822,15.080877481354094,39.0,27.647058823529413,854.2027171146913,142.98465358188992
197.5,0.6689119382799731,0.5,25.294117647058822,15.058622075844369,39.0,27.647058823529413,854.2421099676394,142.9462586075952
197.60000000000002,0.669012131817398,0.5,25.294117647058822,15.036375552921527,39.0,27.647058823529413,854.2815214559826,142.9078448060593
197.70000000000002,0.6691123129616076,0.5,25.294117647058822,15.014137914013702,39.0,27.647058823529413,854.3209514694207,142.86941228662653
197.8,0.6692124817150622,0.5,25.294117647058822,14.991909160527598,39.0,27.647058823529413,854.3603998980032,142.83096115829647
197.9,0.6693126380802216,0.5,25.294117647058822,14.969689293848319,39.0,27.647058823529413,854.3998666321269,142.79249152972488
198.0,0.6694127820595447,0.5,25.294117647058822,14.947478315339822,39.0,27.647058823529413,854.4393515625362,142.7540035092248
198.10000000000002,0.6695129136554896,0.5,25.294117647058822,14.92527622634475,39.0,27.647058823529413,854.4788545803212,142.71549720476753
198.20000000000002,0.6696130328705134,0.5,25.294117647058822,14.903083028184312,39.0,27.647058823529413,854.5183755769173,142.67697272398357
198.3,0.6697131397070727,0.5,25.294117647058822,14.880898722158918,39.0,27.647058823529413,854.5579144441035,142.63843017416363
198.4,0.6698132341676228,0.5,25.294117647058822,14.858723309547656,39.0,27.647058823529413,854.5974710740021,142.59986966225983
198.5,0.6699133162546183,0.5,25.294117647058822,14.836556791608757,39.0,27.647058823529413,854.637045359077,142.56129129488633
198.60000000000002,0.6700133859705131,0.5,25.294117647058822,14.814399169579644,39.0,27.647058823529413,854.6766371921331,142.52269517832062
198.70000000000002,0.67011344331776,0.5,25.294117647058822,14.792250444676768,39.0,27.647058823529413,854.7162464663153,142.48408141850442
198.8,0.6702134882988112,0.5,25.294117647058822,14.770110618095885,39.0,27.647058823529413,854.7558730751076,142.4454501210446
198.9,0.6703135209161178,0.5,25.294117647058822,14.747979691012176,39.0,27.647058823529413,854.795516912332,142.4068013912144
199.0,0.6704135411721304,0.5,25.294117647058822,14.725857664579962,39.0,27.647058823529413,854.8351778721469,142.368135333954
199.10000000000002,0.670513549069298,0.5,25.294117647058822,14.703744539933155,39.0,27.647058823529413,854.8748558490472,142.32945205387193
199.20000000000002,0.67061354461007,0.5,25.294117647058822,14.681640318185316,39.0,27.647058823529413,854.9145507378624,142.29075165524574
199.3,0.6707135277968936,0.5,25.294117647058822,14.659545000429546,39.0,27.647058823529413,854.9542624337564,142.25203424202317
199.4,0.6708134986322161,0.5,25.294117647058822,14.637458587738593,39.0,27.647058823529413,854.9939908322256,142.21329991782295
199.5,0.6709134571184835,0.5,25.294117647058822,14.61538108116497,39.0,27.647058823529413,855.0337358290984,142.17454878593594
199.60000000000002,0.6710134032581411,0.5,25.294117647058822,14.593312481741009,39.0,27.647058823529413,855.0734973205346,142.13578094932595
199.70000000000002,0.6711133370536332,0.5,25.294117647058822,14.571252790479036,39.0,27.647058823529413,855.1132752030237,142.09699651063085
199.8,0.6712132585074037,0.5,25.294117647058822,14.54920200837131,39.0,27.647058823529413,855.1530693733845,142.05819557216333
199.9,0.6713131676218951,0.5,25.294117647058822,14.527160136390194,39.0,27.647058823529413,855.1928797287637,142.01937823591206
200.0,0.6714130643995493,0.5,25.294117647058822,14.505127175487928,39.0,27.647058823529413,855.2327061666355,141.98054460354257
200.10000000000002,0.6715129488428073,0.5,25.294117647058822,14.483103126597257,39.0,27.647058823529413,855.2725485847997,141.9416947763981
200.20000000000002,0.6716128209541095,0.5,25.294117647058822,14.461087990631029,39.0,27.647058823529413,855.3124068813815,141.9028288555008
200.3,0.671712680735895,0.5,25.294117647058822,14.43908176848231,39.0,27.647058823529413,855.3522809548307,141.86394694155234
200.4,0.6718125281906022,0.5,25.294117647058822,14.417084461024842,39.0,27.647058823529413,855.3921707039199,141.82504913493517
200.5,0.6719123633206691,0.5,25.294117647058822,14.39509606911264,39.0,27.647058823529413,855.4320760277444,141.7861355357132
200.60000000000002,0.6720121861285322,0.5,25.294117647058822,14.373116593580392,39.0,27.647058823529413,855.4719968257206,141.74720624363297
200.70000000000002,0.6721119966166277,0.5,25.294117647058822,14.35114603524329,39.0,27.647058823529413,855.5119329975854,141.70826135812445
200.8,0.6722117947873905,0.5,25.294117647058822,14.329184394897254,39.0,27.647058823529413,855.5518844433951,141.66930097830203
200.9,0.672311580643255,0.5,25.294117647058822,14.307231673318938,39.0,27.647058823529413,855.5918510635247,141.6303252029654
201.0,0.6724113541866547,0.5,25.294117647058822,14.285287871265837,39.0,27.647058823529413,855.6318327586666,141.59133413060042
201.10000000000002,0.6725111154200222,0.5,25.294117647058822,14.263352989476346,39.0,27.647058823529413,855.67182942983,141.55232785938028
201.20000000000002,0.6726108643457892,0.5,25.294117647058822,14.241427028669762,39.0,27.647058823529413,855.7118409783399,141.5133064871662
201.3,0.6727106009663866,0.5,25.294117647058822,14.219509989546452,39.0,27.647058823529413,855.7518673058357,141.47427011150845
201.4,0.6728103252842443,0.5,25.294117647058822,14.197601872788027,39.0,27.647058823529413,855.7919083142709,141.43521882964717
201.5,0.6729100373017918,0.5,25.294117647058822,14.17570267905694,39.0,27.647058823529413,855.8319639059118,141.39615273851345
201.60000000000002,0.6730097370214574,0.5,25.294117647058822,14.153812408997169,39.0,27.647058823529413,855.8720339833369,141.3570719347301
201.70000000000002,0.6731094244456686,0.5,25.294117647058822,14.131931063233935,39.0,27.647058823529413,855.9121184494355,141.31797651461267
201.8,0.673209099576852,0.5,25.294117647058822,14.110058642373701,39.0,27.647058823529413,855.9522172074073,141.27886657417017
201.9,0.673308762417434,0.5,25.294117647058822,14.08819514700457,39.0,27.647058823529413,855.9923301607611,141.23974220910625
202.0,0.6734084129698391,0.5,25.294117647058822,14.06634057769594,39.0,27.647058823529413,856.0324572133138,141.20060351481993
202.10000000000002,0.6735080512364916,0.5,25.294117647058822,14.044494934998909,39.0,27.647058823529413,856.0725982691902,141.1614505864065
202.20000000000002,0.673607677219815,0.5,25.294117647058822,14.0226582194461,39.0,27.647058823529413,856.1127532328211,141.1222835186584
202.3,0.6737072909222317,0.5,25.294117647058822,14.000830431551947,39.0,27.647058823529413,856.1529220089432,141.08310240606627
202.4,0.6738068923461635,0.5,25.294117647058822,13.979011571812634,39.0,27.647058823529413,856.1931045025974,141.0439073428197
202.5,0.6739064814940311,0.5,25.294117647058822,13.957201640706273,39.0,27.647058823529413,856.2333006191288,141.00469842280802
202.60000000000002,0.6740060583682548,0.5,25.294117647058822,13.93540063869267,39.0,27.647058823529413,856.2735102641857,140.9654757396215
202.70000000000002,0.6741056229712535,0.5,25.294117647058822,13.913608566213838,39.0,27.647058823529413,856.3137333437174,140.926239386552
202.8,0.6742051753054458,0.5,25.294117647058822,13.891825423693604,39.0,27.647058823529413,856.353969763975,140.8869894565939
202.9,0.6743047153732491,0.5,25.294117647058822,13.870051211538055,39.0,27.647058823529413,856.3942194315096,140.84772604244503
203.0,0.6744042431770798,0.5,25.294117647058822,13.84828593013549,39.0,27.647058823529413,856.4344822531714,140.8084492365075
203.10000000000002,0.6745037587193542,0.5,25.294117647058822,13.826529579856185,39.0,27.647058823529413,856.4747581361094,140.7691591308885
203.20000000000002,0.6746032620024871,0.5,25.294117647058822,13.804782161053026,39.0,27.647058823529413,856.5150469877698,140.72985581740136
203.3,0.6747027530288927,0.5,25.294117647058822,13.783043674061105,39.0,27.647058823529413,856.5553487158954,140.69053938756625
203.4,0.6748022318009845,0.5,25.294117647058822,13.761314119197834,39.0,27.647058823529413,856.5956632285252,140.65120993261115
203.5,0.6749016983211749,0.5,25.294117647058822,13.739593496763348,39.0,27.647058823529413,856.6359904339924,140.6118675434727
203.60000000000002,0.6750011525918757,0.5,25.294117647058822,13.717881807040158,39.0,27.647058823529413,856.6763302409248,140.572512310797
203.70000000000002,0.6751005946154974,0.5,25.294117647058822,13.696179050293551,39.0,27.647058823529413,856.7166825582428,140.53314432494057
203.8,0.6752000243944506,0.5,25.294117647058822,13.674485226771367,39.0,27.647058823529413,856.7570472951595,140.49376367597108
203.9,0.6752994419311441,0.5,25.294117647058822,13.65280033670416,39.0,27.647058823529413,856.7974243611791,140.45437045366836
204.0,0.6753988472279864,0.5,25.294117647058822,13.631124380305437,39.0,27.647058823529413,856.8378136660965,140.41496474752512
204.10000000000002,0.675498240287385,0.5,25.294117647058822,13.60945735777159,39.0,27.647058823529413,856.8782151199963,140.37554664674784
204.20000000000002,0.6755976211117467,0.5,25.294117647058822,13.587799269281788,39.0,27.647058823529413,856.9186286332516,140.3361162402577
204.3,0.6756969897034775,0.5,25.294117647058822,13.566150114998322,39.0,27.647058823529413,856.9590541165237,140.2966736166913
204.4,0.6757963460649824,0.5,25.294117647058822,13.544509895066483,39.0,27.647058823529413,856.999491480761,140.25721886440152
204.5,0.6758956901986655,0.5,25.294117647058822,13.522878609614793,39.0,27.647058823529413,857.0399406371979,140.21775207145853
204.60000000000002,0.6759950221069302,0.5,25.294117647058822,13.501256258754779,39.0,27.647058823529413,857.0804014973544,140.17827332565037
204.70000000000002,0.6760943417921793,0.5,25.294117647058822,13.479642842581427,39.0,27.647058823529413,857.120873973035,140.13878271448408
204.8,0.6761936492568145,0.5,25.294117647058822,13.45803836117284,39.0,27.647058823529413,857.1613579763277,140.09928032518616
204.9,0.6762929445032366,0.5,25.294117647058822,13.436442814590691,39.0,27.647058823529413,857.2018534196037,140.05976624470378
205.0,0.6763922275338459,0.5,25.294117647058822,13.41485620287989,39.0,27.647058823529413,857.242360215516,140.02024055970534
205.10000000000002,0.6764914983510415,0.5,25.294117647058822,13.393278526069082,39.0,27.647058823529413,857.2828782769984,139.9807033565815
205.20000000000002,0.676590756957222,0.5,25.294117647058822,13.37170978417032,39.0,27.647058823529413,857.3234075172655,139.94115472144577
205.3,0.6766900033547852,0.5,25.294117647058822,13.350149977179171,39.0,27.647058823529413,857.3639478498116,139.9015947401356
205.4,0.6767892375461276,0.5,25.294117647058822,13.328599105075,39.0,27.647058823529413,857.4044991884086,139.86202349821303
205.5,0.6768884595336454,0.5,25.294117647058822,13.307057167820972,39.0,27.647058823529413,857.4450614471077,139.8224410809655
205.60000000000002,0.6769876693197338,0.5,25.294117647058822,13.285524165363995,39.0,27.647058823529413,857.4856345402359,139.78284757340674
205.70000000000002,0.677086866906787,0.5,25.294117647058822,13.264000097634835,39.0,27.647058823529413,857.5262183823969,139.74324306027756
205.8,0.6771860522971985,0.5,25.294117647058822,13.242484964548169,39.0,27.647058823529413,857.5668128884698,139.70362762604665
205.9,0.6772852254933615,0.5,25.294117647058822,13.220978766002645,39.0,27.647058823529413,857.6074179736079,139.66400135491142
206.0,0.6773843864976674,0.5,25.294117647058822,13.199481501880939,39.0,27.647058823529413,857.6480335532387,139.62436433079867
206.10000000000002,0.6774835353125074,0.5,25.294117647058822,13.177993172049923,39.0,27.647058823529413,857.6886595430622,139.5847166373656
206.20000000000002,0.6775826719402719,0.5,25.294117647058822,13.156513776360612,39.0,27.647058823529413,857.7292958590506,139.54505835800052
206.3,0.67768179638335,0.5,25.294117647058822,13.135043314648158,39.0,27.647058823529413,857.7699424174473,139.50538957582359
206.4,0.6777809086441307,0.5,25.294117647058822,13.113581786732027,39.0,27.647058823529413,857.8105991347664,139.4657103736877
206.5,0.6778800087250016,0.5,25.294117647058822,13.092129192415939,39.0,27.647058823529413,857.8512659277917,139.42602083417924
206.60000000000002,0.6779790966283499,0.5,25.294117647058822,13.070685531488266,39.0,27.647058823529413,857.8919427135754,139.38632103961888
206.70000000000002,0.6780781723565616,0.5,25.294117647058822,13.049250803721463,39.0,27.647058823529413,857.9326294094382,139.34661107206227
206.8,0.6781772359120222,0.5,25.294117647058822,13.027825008872867,39.0,27.647058823529413,857.9733259329678,139.3068910133011
206.9,0.678276287297116,0.5,25.294117647058822,13.006408146684123,39.0,27.647058823529413,858.0140322020185,139.2671609448636
207.0,0.6783753265142268,0.5,25.294117647058822,12.985000216881758,39.0,27.647058823529413,858.0547481347103,139.22742094801546
207.10000000000002,0.6784743535657377,0.5,25.294117647058822,12.96360121917661,39.0,27.647058823529413,858.0954736494281,139.18767110376055
207.20000000000002,0.6785733684540307,0.5,25.294117647058822,12.942211153264509,39.0,27.647058823529413,858.1362086648207,139.14791149284179
207.3,0.6786723711814869,0.5,25.294117647058822,12.920830018826166,39.0,27.647058823529413,858.1769530998004,139.1081421957418
207.4,0.678771361750487,0.5,25.294117647058822,12.899457815526887,39.0,27.647058823529413,858.2177068735416,139.06836329268384
207.5,0.6788703401634106,0.5,25.294117647058822,12.878094543017198,39.0,27.647058823529413,858.2584699054811,139.02857486363237
207.60000000000002,0.6789693064226366,0.5,25.294117647058822,12.856740200932393,39.0,27.647058823529413,858.2992421153162,138.98877698829406
207.70000000000002,0.6790682605305427,0.5,25.294117647058822,12.83539478889287,39.0,27.647058823529413,858.3400234230046,138.94896974611834
207.8,0.6791672024895068,0.5,25.294117647058822,12.814058306503966,39.0,27.647058823529413,858.380813748763,138.90915321629828
207.9,0.6792661323019048,0.5,25.294117647058822,12.792730753356409,39.0,27.647058823529413,858.4216130130671,138.86932747777135
208.0,0.6793650499701123,0.5,25.294117647058822,12.771412129025862,39.0,27.647058823529413,858.4624211366504,138.82949260922013
208.10000000000002,0.6794639554965041,0.5,25.294117647058822,12.750102433073494,39.0,27.647058823529413,858.5032380405032,138.78964868907315
208.20000000000002,0.6795628488834544,0.5,25.294117647058822,12.728801665045637,39.0,27.647058823529413,858.5440636458726,138.74979579550555
208.3,0.6796617301333362,0.5,25.294117647058822,12.707509824474016,39.0,27.647058823529413,858.5848978742607,138.70993400643997
208.4,0.6797605992485217,0.5,25.294117647058822,12.68622691087586,39.0,27.647058823529413,858.6257406474248,138.6700633995471
208.5,0.6798594562313827,0.5,25.294117647058822,12.664952923753674,39.0,27.647058823529413,858.6665918873762,138.63018405224665
208.60000000000002,0.6799583010842898,0.5,25.294117647058822,12.643687862595584,39.0,27.647058823529413,858.707451516379,138.59029604170786
208.70000000000002,0.6800571338096132,0.5,25.294117647058822,12.622431726875448,39.0,27.647058823529413,858.7483194569503,138.55039944485054
208.8,0.6801559544097217,0.5,25.294117647058822,12.60118451605257,39.0,27.647058823529413,858.7891956318585,138.5104943383456
208.9,0.6802547628869837,0.5,25.294117647058822,12.579946229572101,39.0,27.647058823529413,858.8300799641239,138.47058079861577
209.0,0.6803535592437668,0.5,25.294117647058822,12.558716866864813,39.0,27.647058823529413,858.870972377016,138.43065890183652
209.10000000000002,0.6804523434824379,0.5,25.294117647058822,12.537496427347378,39.0,27.647058823529413,858.9118727940541,138.39072872393666
209.20000000000002,0.6805511156053624,0.5,25.294117647058822,12.516284910422257,39.0,27.647058823529413,858.9527811390068,138.35079034059905
209.3,0.6806498756149056,0.5,25.294117647058822,12.495082315477873,39.0,27.647058823529413,858.9936973358899,138.3108438272615
209.4,0.680748623513432,0.5,25.294117647058822,12.473888641888607,39.0,27.647058823529413,859.0346213089672,138.2708892591173
209.5,0.6808473593033051,0.5,25.294117647058822,12.452703889014742,39.0,27.647058823529413,859.0755529827484,138.23092671111604
209.60000000000002,0.6809460829868872,0.5,25.294117647058822,12.431528056202922,39.0,27.647058823529413,859.1164922819893,138.1909562579644
209.70000000000002,0.6810447945665404,0.5,25.294117647058822,12.410361142785689,39.0,27.647058823529413,859.1574391316911,138.1509779741268
209.8,0.6811434940446258,0.5,25.294117647058822,12.38920314808172,39.0,27.647058823529413,859.1983934570987,138.11099193382609
209.9,0.6812421814235037,0.5,25.294117647058822,12.368054071396159,39.0,27.647058823529413,859.2393551837008,138.07099821104435
210.0,0.6813408567055336,0.5,25.294117647058822,12.346913912020113,39.0,27.647058823529413,859.2803242372293,138.03099687952357
210.10000000000002,0.6814395198930739,0.5,25.294117647058822,12.32578266923133,39.0,27.647058823529413,859.3213005436575,137.9909880127664
210.20000000000002,0.6815381709884829,0.5,25.294117647058822,12.3046603422938,39.0,27.647058823529413,859.3622840292009,137.95097168403677
210.3,0.6816368099941174,0.5,25.294117647058822,12.283546930458101,39.0,27.647058823529413,859.4032746203154,137.91094796636077
210.4,0.6817354369123336,0.5,25.294117647058822,12.262442432961052,39.0,27.647058823529413,859.4442722436969,137.87091693252714
210.5,0.6818340517454871,0.5,25.294117647058822,12.241346849026172,39.0,27.647058823529413,859.4852768262803,137.83087865508816
210.60000000000002,0.6819326544959325,0.5,25.294117647058822,12.220260177863622,39.0,27.647058823529413,859.5262882952393,137.7908332063603
210.70000000000002,0.6820312451660239,0.5,25.294117647058822,12.199182418670205,39.0,27.647058823529413,859.5673065779855,137.75078065842493
210.8,0.682129823758114,0.5,25.294117647058822,12.17811357062925,39.0,27.647058823529413,859.6083316021673,137.7107210831289
210.9,0.6822283902745555,0.5,25.294117647058822,12.157053632910959,39.0,27.647058823529413,859.6493632956696,137.67065455208552
211.0,0.6823269447176993,0.5,25.294117647058822,12.136002604672512,39.0,27.647058823529413,859.6904015866132,137.63058113667492
211.10000000000002,0.6824254870898965,0.5,25.294117647058822,12.11496048505768,39.0,27.647058823529413,859.731446403354,137.59050090804504
211.20000000000002,0.682524017393497,0.5,25.294117647058822,12.093927273197323,39.0,27.647058823529413,859.7724976744817,137.55041393711213
211.3,0.6826225356308497,0.5,25.294117647058822,12.072902968209121,39.0,27.647058823529413,859.8135553288196,137.51032029456152
211.4,0.6827210418043029,0.5,25.294117647058822,12.051887569197845,39.0,27.647058823529413,859.8546192954244,137.4702200508483
211.5,0.6828195359162041,0.5,25.294117647058822,12.030881075255252,39.0,27.647058823529413,859.8956895035845,137.430113276198
211.60000000000002,0.6829180179689001,0.5,25.294117647058822,12.00988348546025,39.0,27.647058823529413,859.9367658828204,137.3900000406073
211.70000000000002,0.6830164879647366,0.5,25.294117647058822,11.98889479887896,39.0,27.647058823529413,859.9778483628826,137.3498804138447
211.8,0.6831149459060588,0.5,25.294117647058822,11.967915014564596,39.0,27.647058823529413,860.018936873752,137.30975446545114
211.9,0.683213391795211,0.5,25.294117647058822,11.946944131557814,39.0,27.647058823529413,860.060031345639,137.26962226474078
212.0,0.6833118256345367,0.5,25.294117647058822,11.925982148886476,39.0,27.647058823529413,860.1011317089828,137.22948388080175
212.10000000000002,0.6834102474263788,0.5,25.294117647058822,11.905029065565714,39.0,27.647058823529413,860.1422378944507,137.18933938249654
212.20000000000002,0.6835086571730791,0.5,25.294117647058822,11.884084880598039,39.0,27.647058823529413,860.1833498329371,137.14918883846286
212.3,0.6836070548769787,0.5,25.294117647058822,11.863149592973741,39.0,27.647058823529413,860.2244674555631,137.1090323171144
212.4,0.683705440540418,0.5,25.294117647058822,11.842223201670265,39.0,27.647058823529413,860.265590693676,137.06886988664138
212.5,0.6838038141657367,0.5,25.294117647058822,11.821305705652776,39.0,27.647058823529413,860.3067194788483,137.02870161501113
212.60000000000002,0.6839021757552731,0.5,25.294117647058822,11.800397103873934,39.0,27.647058823529413,860.3478537428772,136.98852756996905
212.70000000000002,0.6840005253113656,0.5,25.294117647058822,11.779497395274177,39.0,27.647058823529413,860.3889934177836,136.94834781903884
212.8,0.6840988628363515,0.5,25.294117647058822,11.758606578781666,39.0,27.647058823529413,860.4301384358121,136.90816242952363
212.9,0.6841971883325667,0.5,25.294117647058822,11.73772465331217,39.0,27.647058823529413,860.4712887294296,136.86797146850628
213.0,0.6842955018023472,0.5,25.294117647058822,11.716851617769294,39.0,27.647058823529413,860.5124442313252,136.8277750028503
213.10000000000002,0.6843938032480276,0.5,25.294117647058822,11.695987471044532,39.0,27.647058823529413,860.5536048744091,136.78757309920033
213.20000000000002,0.684492092671942,0.5,25.294117647058822,11.675132212017218,39.0,27.647058823529413,860.5947705918123,136.74736582398282
213.3,0.6845903700764239,0.5,25.294117647058822,11.654285839554689,39.0,27.647058823529413,860.6359413168857,136.70715324340674
213.4,0.6846886354638052,0.5,25.294117647058822,11.633448352512232,39.0,27.647058823529413,860.6771169831994,136.66693542346417
213.5,0.6847868888364179,0.5,25.294117647058822,11.612619749733199,39.0,27.647058823529413,860.7182975245424,136.62671242993105
213.60000000000002,0.6848851301965928,0.5,25.294117647058822,11.591800030048944,39.0,27.647058823529413,860.7594828749216,136.58648432836776
213.70000000000002,0.6849833595466602,0.5,25.294117647058822,11.570989192279,39.0,27.647058823529413,860.8006729685608,136.5462511841197
213.8,0.6850815768889492,0.5,25.294117647058822,11.550187235231192,39.0,27.647058823529413,860.8418677399011,136.50601306231803
213.9,0.6851797822257881,0.5,25.294117647058822,11.529394157701347,39.0,27.647058823529413,860.8830671235994,136.46577002788024
214.0,0.6852779755595049,0.5,25.294117647058822,11.508609958473585,39.0,27.647058823529413,860.9242710545279,136.42552214551094
214.10000000000002,0.6853761568924265,0.5,25.294117647058822,11.4878346363206,39.0,27.647058823529413,860.9654794677739,136.38526947970232
214.20000000000002,0.6854743262268792,0.5,25.294117647058822,11.467068190003204,39.0,27.647058823529413,861.0066922986382,136.3450120947349
214.3,0.6855724835651882,0.5,25.294117647058822,11.446310618270616,39.0,27.647058823529413,861.0479094826356,136.30475005467798
214.4,0.6856706289096782,0.5,25.294117647058822,11.425561919860627,39.0,27.647058823529413,861.0891309554935,136.2644834233906
214.5,0.6857687622626731,0.5,25.294117647058822,11.40482209349949,39.0,27.647058823529413,861.1303566531511,136.22421226452184
214.60000000000002,0.6858668836264956,0.5,25.294117647058822,11.384091137902033,39.0,27.647058823529413,861.1715865117598,136.18393664151165
214.70000000000002,0.6859649930034682,0.5,25.294117647058822,11.363369051771542,39.0,27.647058823529413,861.2128204676815,136.1436566175914
214.8,0.6860630903959124,0.5,25.294117647058822,11.342655833800052,39.0,27.647058823529413,861.2540584574887,136.10337225578454
214.9,0.6861611758061488,0.5,25.294117647058822,11.321951482668283,39.0,27.647058823529413,861.295300417963,136.06308361890717
215.0,0.6862592492364973,0.5,25.294117647058822,11.301255997045644,39.0,27.647058823529413,861.3365462860952,136.0227907695688
215.10000000000002,0.6863573106892769,0.5,25.294117647058822,11.28056937559029,39.0,27.647058823529413,861.3777959990848,135.9824937701727
215.20000000000002,0.6864553601668061,0.5,25.294117647058822,11.259891616949233,39.0,27.647058823529413,861.4190494943388,135.9421926829168
215.3,0.6865533976714026,0.5,25.294117647058822,11.239222719758402,39.0,27.647058823529413,861.4603067094712,135.90188756979416
215.4,0.6866514232053826,0.5,25.294117647058822,11.218562682642585,39.0,27.647058823529413,861.5015675823029,135.8615784925936
215.5,0.6867494367710627,0.5,25.294117647058822,11.19791150421537,39.0,27.647058823529413,861.54283205086,135.82126551290034
215.60000000000002,0.6868474383707579,0.5,25.294117647058822,11.177269183079659,39.0,27.647058823529413,861.5841000533748,135.7809486920966
215.70000000000002,0.6869454280067828,0.5,25.294117647058822,11.1566357178271,39.0,27.647058823529413,861.6253715282834,135.74062809136217
215.8,0.6870434056814508,0.5,25.294117647058822,11.136011107038541,39.0,27.647058823529413,861.6666464142265,135.7003037716751
215.9,0.6871413713970751,0.5,25.294117647058822,11.115395349284029,39.0,27.647058823529413,861.7079246500479,135.65997579381224
216.0,0.6872393251559675,0.5,25.294117647058822,11.094788443122638,39.0,27.647058823529413,861.7492061747942,135.6196442183498
216.10000000000002,0.6873372669604397,0.5,25.294117647058822,11.07419038710276,39.0,27.647058823529413,861.7904909277144,135.5793091056641
216.20000000000002,0.687435196812802,0.5,25.294117647058822,11.053601179761984,39.0,27.647058823529413,861.8317788482588,135.538970515932
216.3,0.6875331147153642,0.5,25.294117647058822,11.033020819627211,39.0,27.647058823529413,861.8730698760788,135.49862850913166
216.4,0.6876310206704354,0.5,25.294117647058822,11.012449305214659,39.0,27.647058823529413,861.9143639510265,135.458283145043
216.5,0.6877289146803237,0.5,25.294117647058822,10.991886635030085,39.0,27.647058823529413,861.9556610131535,135.4179344832484
216.60000000000002,0.6878267967473365,0.5,25.294117647058822,10.971332807568388,39.0,27.647058823529413,861.9969610027103,135.37758258313318
216.70000000000002,0.687924666873781,0.5,25.294117647058822,10.950787821314293,39.0,27.647058823529413,862.0382638601467,135.33722750388628
216.8,0.6880225250619624,0.5,25.294117647058822,10.930251674741896,39.0,27.647058823529413,862.0795695261096,135.29686930450083
216.9,0.6881203713141864,0.5,25.294117647058822,10.909724366314663,39.0,27.647058823529413,862.1208779414438,135.25650804377472
217.0,0.6882182056327573,0.5,25.294117647058822,10.889205894485883,39.0,27.647058823529413,862.1621890471909,135.21614378031123
217.10000000000002,0.6883160280199783,0.5,25.294117647058822,10.868696257698446,39.0,27.647058823529413,862.2035027845884,135.1757765725195
217.20000000000002,0.6884138384781525,0.5,25.294117647058822,10.848195454384836,39.0,27.647058823529413,862.2448190950698,135.13540647861535
217.3,0.6885116370095818,0.5,25.294117647058822,10.827703482967365,39.0,27.647058823529413,862.2861379202634,135.09503355662147
217.4,0.688609423616568,0.5,25.294117647058822,10.807220341858056,39.0,27.647058823529413,862.3274592019918,135.05465786436844
217.5,0.688707198301411,0.5,25.294117647058822,10.786746029458868,39.0,27.647058823529413,862.3687828822717,135.014279459495
217.60000000000002,0.6888049610664109,0.5,25.294117647058822,10.766280544161418,39.0,27.647058823529413,862.4101089033129,134.97389839944873
217.70000000000002,0.6889027119138664,0.5,25.294117647058822,10.745823884347317,39.0,27.647058823529413,862.4514372075176,134.93351474148668
217.8,0.6890004508460758,0.5,25.294117647058822,10.725376048388114,39.0,27.647058823529413,862.4927677374808,134.89312854267578
217.9,0.6890981778653368,0.5,25.294117647058822,10.704937034645297,39.0,27.647058823529413,862.5341004359885,134.85273985989357
218.0,0.6891958929739456,0.5,25.294117647058822,10.684506841470409,39.0,27.647058823529413,862.5754352460177,134.81234874982877
218.10000000000002,0.6892935961741983,0.5,25.294117647058822,10.664085467205041,39.0,27.647058823529413,862.6167721107358,134.7719552689817
218.20000000000002,0.6893912874683902,0.5,25.294117647058822,10.643672910180896,39.0,27.647058823529413,862.6581109735002,134.73155947366502
218.3,0.6894889668588152,0.5,25.294117647058822,10.62326916871973,39.0,27.647058823529413,862.6994517778572,134.69116142000405
218.4,0.6895866343477673,0.5,25.294117647058822,10.602874241133577,39.0,27.647058823529413,862.7407944675421,134.65076116393766
218.5,0.6896842899375394,0.5,25.294117647058822,10.582488125724694,39.0,27.647058823529413,862.7821389864778,134.6103587612186
218.60000000000002,0.6897819336304234,0.5,25.294117647058822,10.562110820785563,39.0,27.647058823529413,862.823485278775,134.56995426741412
218.70000000000002,0.6898795654287107,0.5,25.294117647058822,10.541742324598943,39.0,27.647058823529413,862.8648332887315,134.52954773790646
218.8,0.6899771853346915,0.5,25.294117647058822,10.521382635437988,39.0,27.647058823529413,862.9061829608312,134.48913922789362
218.9,0.6900747933506557,0.5,25.294117647058822,10.501031751566245,39.0,27.647058823529413,862.9475342397441,134.44872879238963
219.0,0.6901723894788924,0.5,25.294117647058822,10.480689671237599,39.0,27.647058823529413,862.9888870703252,134.40831648622532
219.10000000000002,0.6902699737216899,0.5,25.294117647058822,10.46035639269644,39.0,27.647058823529413,863.0302413976145,134.36790236404877
219.20000000000002,0.6903675460813353,0.5,25.294117647058822,10.44003191417761,39.0,27.647058823529413,863.0715971668359,134.32748648032583
219.3,0.6904651065601157,0.5,25.294117647058822,10.41971623390657,39.0,27.647058823529413,863.1129543233967,134.28706888934082
219.4,0.6905626551603169,0.5,25.294117647058822,10.39940935009929,39.0,27.647058823529413,863.1543128128878,134.24664964519687
219.5,0.690660191884224,0.5,25.294117647058822,10.379111260962418,39.0,27.647058823529413,863.1956725810822,134.20622880181662
219.60000000000002,0.6907577167341218,0.5,25.294117647058822,10.358821964693277,39.0,27.647058823529413,863.2370335739352,134.16580641294266
219.70000000000002,0.6908552297122933,0.5,25.294117647058822,10.338541459479757,39.0,27.647058823529413,863.278395737583,134.12538253213825
219.8,0.690952730821022,0.5,25.294117647058822,10.31826974350065,39.0,27.647058823529413,863.3197590183429,134.08495721278757
219.9,0.6910502200625898,0.5,25.294117647058822,10.29800681492543,39.0,27.647058823529413,863.3611233627126,134.04453050809653
220.0,0.691147697439278,0.5,25.294117647058822,10.277752671914357,39.0,27.647058823529413,863.4024887173694,134.00410247109312
220.10000000000002,0.691245162953367,0.5,25.294117647058822,10.257507312618543,39.0,27.647058823529413,863.4438550291696,133.9636731546281
220.20000000000002,0.6913426166071371,0.5,25.294117647058822,10.237270735179948,39.0,27.647058823529413,863.4852222451489,133.92324261137537
220.3,0.6914400584028674,0.5,25.294117647058822,10.217042937731605,39.0,27.647058823529413,863.5265903125203,133.8828108938326
220.4,0.6915374883428359,0.5,25.294117647058822,10.1968239183974,39.0,27.647058823529413,863.567959178675,133.84237805432187
220.5,0.6916349064293202,0.5,25.294117647058822,10.176613675292344,39.0,27.647058823529413,863.6093287911809,133.8019441449899
220.60000000000002,0.6917323126645972,0.5,25.294117647058822,10.156412206522248,39.0,27.647058823529413,863.6506990977826,133.7615092178088
220.70000000000002,0.6918297070509432,0.5,25.294117647058822,10.136219510184219,39.0,27.647058823529413,863.6920700464005,133.72107332457657
220.8,0.6919270895906331,0.5,25.294117647058822,10.1160355843665,39.0,27.647058823529413,863.733441585131,133.68063651691767
220.9,0.6920244602859417,0.5,25.294117647058822,10.095860427148239,39.0,27.647058823529413,863.7748136622448,133.64019884628337
221.0,0.6921218191391428,0.5,25.294117647058822,10.075694036599998,39.0,27.647058823529413,863.816186226187,133.59976036395236
221.10000000000002,0.6922191661525094,0.5,25.294117647058822,10.055536410783475,39.0,27.647058823529413,863.8575592255771,133.5593211210313
221.20000000000002,0.6923165013283136,0.5,25.294117647058822,10.035387547751611,39.0,27.647058823529413,863.8989326092077,133.5188811684554
221.3,0.6924138246688271,0.5,25.294117647058822,10.015247445548766,39.0,27.647058823529413,863.9403063260443,133.47844055698883
221.4,0.6925111361763204,0.5,25.294117647058822,9.995116102210488,39.0,27.647058823529413,863.9816803252243,133.43799933722516
221.5,0.6926084358530641,0.5,25.294117647058822,9.9749935157638,39.0,27.647058823529413,864.0230545560573,133.39755755958808
221.60000000000002,0.6927057237013269,0.5,25.294117647058822,9.95487968422708,39.0,27.647058823529413,864.0644289680243,133.3571152743317
221.70000000000002,0.6928029997233776,0.5,25.294117647058822,9.934774605610187,39.0,27.647058823529413,864.1058035107769,133.31667253154131
221.8,0.6929002639214835,0.5,25.294117647058822,9.91467827791439,39.0,27.647058823529413,864.1471781341368,133.27622938113362
221.9,0.6929975162979122,0.5,25.294117647058822,9.894590699132607,39.0,27.647058823529413,864.1885527880954,133.23578587285746
222.0,0.6930947568549296,0.5,25.294117647058822,9.874511867249225,39.0,27.647058823529413,864.2299274228135,133.19534205629418
222.10000000000002,0.6931919855948013,0.5,25.294117647058822,9.854441780240165,39.0,27.647058823529413,864.2713019886206,133.15489798085818
222.20000000000002,0.693289202519792,0.5,25.294117647058822,9.834380436073161,39.0,27.647058823529413,864.3126764360143,133.11445369579747
222.3,0.6933864076321657,0.5,25.294117647058822,9.81432783270742,39.0,27.647058823529413,864.3540507156598,133.07400925019408
222.4,0.6934836009341855,0.5,25.294117647058822,9.794283968094078,39.0,27.647058823529413,864.3954247783897,133.0335646929647
222.5,0.6935807824281139,0.5,25.294117647058822,9.77424884017563,39.0,27.647058823529413,864.4367985752033,132.99312007286088
222.60000000000002,0.6936779521162127,0.5,25.294117647058822,9.754222446886729,39.0,27.647058823529413,864.4781720572656,132.95267543846995
222.70000000000002,0.6937751100007431,0.5,25.294117647058822,9.734204786153612,39.0,27.647058823529413,864.5195451759078,132.91223083821512
222.8,0.693872256083965,0.5,25.294117647058822,9.714195855894332,39.0,27.647058823529413,864.5609178826261,132.87178632035628
222.9,0.693969390368138,0.5,25.294117647058822,9.694195654018927,39.0,27.647058823529413,864.6022901290813,132.8313419329903
223.0,0.6940665128555209,0.5,25.294117647058822,9.674204178429363,39.0,27.647058823529413,864.6436618670986,132.7908977240516
223.10000000000002,0.6941636235483716,0.5,25.294117647058822,9.654221427019422,39.0,27.647058823529413,864.6850330486664,132.75045374131258
223.20000000000002,0.6942607224489473,0.5,25.294117647058822,9.634247397674983,39.0,27.647058823529413,864.7264036259367,132.71001003238416
223.3,0.6943578095595047,0.5,25.294117647058822,9.614282088273967,39.0,27.647058823529413,864.767773551224,132.6695666447163
223.4,0.6944548848822993,0.5,25.294117647058822,9.594325496686167,39.0,27.647058823529413,864.8091427770051,132.62912362559837
223.5,0.6945519484195865,0.5,25.294117647058822,9.574377620773703,39.0,27.647058823529413,864.8505112559184,132.58868102215976
223.60000000000002,0.6946490001736199,0.5,25.294117647058822,9.554438458390507,39.0,27.647058823529413,864.8918789407636,132.54823888137028
223.70000000000002,0.6947460401466535,0.5,25.294117647058822,9.53450800738301,39.0,27.647058823529413,864.9332457845012,132.50779725004068
223.8,0.69484306834094,0.5,25.294117647058822,9.514586265589571,39.0,27.647058823529413,864.9746117402518,132.46735617482312
223.9,0.6949400847587313,0.5,25.294117647058822,9.494673230840874,39.0,27.647058823529413,865.0159767612959,132.4269157022116
224.0,0.6950370894022787,0.5,25.294117647058822,9.474768900959816,39.0,27.647058823529413,865.057340801073,132.38647587854254
224.10000000000002,0.6951340822738329,0.5,25.294117647058822,9.454873273761507,39.0,27.647058823529413,865.0987038131816,132.3460367499951
224.20000000000002,0.6952310633756434,0.5,25.294117647058822,9.434986347053496,39.0,27.647058823529413,865.1400657513786,132.30559836259187
224.3,0.6953280327099594,0.5,25.294117647058822,9.415108118635771,39.0,27.647058823529413,865.1814265695789,132.26516076219914
224.4,0.695424990279029,0.5,25.294117647058822,9.395238586300536,39.0,27.647058823529413,865.2227862218542,132.22472399452752
224.5,0.6955219360850999,0.5,25.294117647058822,9.375377747832374,39.0,27.647058823529413,865.2641446624333,132.18428810513228
224.60000000000002,0.6956188701304191,0.5,25.294117647058822,9.355525601008537,39.0,27.647058823529413,865.3055018457018,132.14385313941386
224.70000000000002,0.6957157924172324,0.5,25.294117647058822,9.335682143598547,39.0,27.647058823529413,865.3468577262008,132.1034191426184
224.8,0.6958127029477852,0.5,25.294117647058822,9.315847373364647,39.0,27.647058823529413,865.388212258627,132.06298615983818
224.9,0.695909601724322,0.5,25.294117647058822,9.296021288061468,39.0,27.647058823529413,865.4295653978321,132.02255423601198
225.0,0.6960064887490868,0.5,25.294117647058822,9.276203885436246,39.0,27.647058823529413,865.4709170988224,131.98212341592574
225.10000000000002,0.6961033640243227,0.5,25.294117647058822,9.256395163228945,39.0,27.647058823529413,865.5122673167582,131.94169374421284
225.20000000000002,0.6962002275522718,0.5,25.294117647058822,9.236595119172136,39.0,27.647058823529413,865.5536160069532,131.90126526535462
225.3,0.6962970793351759,0.5,25.294117647058822,9.216803750990948,39.0,27.647058823529413,865.5949631248747,131.8608380236809
225.4,0.6963939193752761,0.5,25.294117647058822,9.1970210564034,39.0,27.647058823529413,865.6363086261422,131.82041206337036
225.5,0.6964907476748121,0.5,25.294117647058822,9.177247033120068,39.0,27.647058823529413,865.6776524665274,131.77998742845102
225.60000000000002,0.6965875642360236,0.5,25.294117647058822,9.157481678844533,39.0,27.647058823529413,865.7189946019544,131.7395641628007
225.70000000000002,0.6966843690611492,0.5,25.294117647058822,9.137724991273046,39.0,27.647058823529413,865.7603349884977,131.69914231014738
225.8,0.6967811621524268,0.5,25.294117647058822,9.117976968094752,39.0,27.647058823529413,865.8016735823833,131.6587219140699
225.9,0.6968779435120936,0.5,25.294117647058822,9.098237606991574,39.0,27.647058823529413,865.843010339987,131.61830301799813
226.0,0.6969747131423861,0.5,25.294117647058822,9.078506905638449,39.0,27.647058823529413,865.8843452178353,131.57788566521356
226.10000000000002,0.6970714710455398,0.5,25.294117647058822,9.058784861703316,39.0,27.647058823529413,865.9256781726034,131.53746989884976
226.20000000000002,0.69716821722379,0.5,25.294117647058822,9.0390714728469,39.0,27.647058823529413,865.9670091611157,131.49705576189277
226.3,0.6972649516793705,0.5,25.294117647058822,9.019366736723043,39.0,27.647058823529413,866.0083381403455,131.45664329718159
226.4,0.6973616744145154,0.5,25.294117647058822,8.999670650978658,39.0,27.647058823529413,866.0496650674139,131.41623254740855
226.5,0.6974583854314569,0.5,25.294117647058822,8.97998321325349,39.0,27.647058823529413,866.0909898995898,131.37582355511987
226.60000000000002,0.6975550847324274,0.5,25.294117647058822,8.960304421180638,39.0,27.647058823529413,866.132312594289,131.3354163627159
226.70000000000002,0.6976517723196581,0.5,25.294117647058822,8.940634272386262,39.0,27.647058823529413,866.1736331090747,131.29501101245194
226.8,0.6977484481953798,0.5,25.294117647058822,8.920972764489704,39.0,27.647058823529413,866.2149514016556,131.25460754643822
226.9,0.6978451123618221,0.5,25.294117647058822,8.901319895103256,39.0,27.647058823529413,866.2562674298871,131.2142060066406
227.0,0.6979417648212141,0.5,25.294117647058822,8.881675661832674,39.0,27.647058823529413,866.2975811517692,131.17380643488102
227.10000000000002,0.6980384055757841,0.5,25.294117647058822,8.86204006227689,39.0,27.647058823529413,866.3388925254479,131.13340887283775
227.20000000000002,0.6981350346277597,0.5,25.294117647058822,8.842413094028188,39.0,27.647058823529413,866.380201509213,131.0930133620461
227.3,0.6982316519793681,0.5,25.294117647058822,8.822794754672145,39.0,27.647058823529413,866.4215080614985,131.05261994389852
227.4,0.6983282576328352,0.5,25.294117647058822,8.803185041787515,39.0,27.647058823529413,866.4628121408824,131.0122286596454
227.5,0.6984248515903865,0.5,25.294117647058822,8.783583952946572,39.0,27.647058823529413,866.5041137060858,130.97183955039512
227.60000000000002,0.6985214338542466,0.5,25.294117647058822,8.763991485714996,39.0,27.647058823529413,866.5454127159727,130.9314526571148
227.70000000000002,0.6986180044266399,0.5,25.294117647058822,8.744407637651761,39.0,27.647058823529413,866.5867091295491,130.89106802063054
227.8,0.6987145633097892,0.5,25.294117647058822,8.724832406309474,39.0,27.647058823529413,866.6280029059636,130.8506856816279
227.9,0.6988111105059173,0.5,25.294117647058822,8.705265789234147,39.0,27.647058823529413,866.6692940045057,130.81030568065233
228.0,0.6989076460172458,0.5,25.294117647058822,8.685707783965256,39.0,27.647058823529413,866.7105823846063,130.76992805810954
228.10000000000002,0.6990041698459958,0.5,25.294117647058822,8.66615838803591,39.0,27.647058823529413,866.751868005837,130.729552854266
228.20000000000002,0.6991006819943877,0.5,25.294117647058822,8.646617598972739,39.0,27.647058823529413,866.7931508279096,130.6891801092493
228.3,0.6991971824646409,0.5,25.294117647058822,8.627085414296118,39.0,27.647058823529413,866.8344308106756,130.64880986304868
228.4,0.6992936712589745,0.5,25.294117647058822,8.607561831519831,39.0,27.647058823529413,866.875707914126,130.60844215551526
228.5,0.6993901483796066,0.5,25.294117647058822,8.588046848151578,39.0,27.647058823529413,866.9169820983908,130.56807702636266
228.60000000000002,0.6994866138287544,0.5,25.294117647058822,8.568540461692464,39.0,27.647058823529413,866.9582533237386,130.52771451516722
228.70000000000002,0.6995830676086349,0.5,25.294117647058822,8.549042669637572,39.0,27.647058823529413,866.999521550576,130.48735466136853
228.8,0.6996795097214641,0.5,25.294117647058822,8.529553469475616,39.0,27.647058823529413,867.0407867394473,130.4469975042699
228.9,0.6997759401694569,0.5,25.294117647058822,8.510072858689114,39.0,27.647058823529413,867.0820488510342,130.40664308303855
229.0,0.6998723589548279,0.5,25.294117647058822,8.490600834754446,39.0,27.647058823529413,867.1233078461553,130.36629143670632
229.10000000000002,0.6999687660797912,0.5,25.294117647058822,8.471137395141739,39.0,27.647058823529413,867.1645636857654,130.32594260416985
229.20000000000002,0.7000651615465595,0.5,25.294117647058822,8.45168253731498,39.0,27.647058823529413,867.2058163309557,130.2855966241911
229.3,0.7001615453573452,0.5,25.294117647058822,8.432236258732246,39.0,27.647058823529413,867.247065742953,130.24525353539767
229.4,0.7002579175143602,0.5,25.294117647058822,8.412798556845303,39.0,27.647058823529413,867.288311883119,130.20491337628323
229.5,0.700354278019815,0.5,25.294117647058822,8.393369429100005,39.0,27.647058823529413,867.3295547129504,130.16457618520803
229.60000000000002,0.7004506268759201,0.5,25.294117647058822,8.373948872936069,39.0,27.647058823529413,867.3707941940784,130.12424200039925
229.70000000000002,0.7005469640848847,0.5,25.294117647058822,8.354536885787354,39.0,27.647058823529413,867.4120302882683,130.08391085995126
229.8,0.7006432896489178,0.5,25.294117647058822,8.335133465081697,39.0,27.647058823529413,867.4532629574186,130.0435828018262
229.9,0.7007396035702269,0.5,25.294117647058822,8.31573860824085,39.0,27.647058823529413,867.4944921635614,130.0032578638544
230.0,0.7008359058510198,0.5,25.294117647058822,8.296352312681051,39.0,27.647058823529413,867.5357178688613,129.96293608373452
230.10000000000002,0.7009321964935027,0.5,25.294117647058822,8.276974575812233,39.0,27.647058823529413,867.5769400356155,129.92261749903423
230.20000000000002,0.7010284754998816,0.5,25.294117647058822,8.257605395038695,39.0,27.647058823529413,867.6181586262531,129.8823021471905
230.3,0.7011247428723615,0.5,25.294117647058822,8.238244767758886,39.0,27.647058823529413,867.6593736033349,129.84199006550998
230.4,0.701220998613147,0.5,25.294117647058822,8.218892691365454,39.0,27.647058823529413,867.7005849295525,129.80168129116944
230.5,0.7013172427244414,0.5,25.294117647058822,8.199549163245251,39.0,27.647058823529413,867.7417925677286,129.76137586121607
230.60000000000002,0.7014134752084481,0.5,25.294117647058822,8.180214180779444,39.0,27.647058823529413,867.7829964808161,129.7210738125679
230.70000000000002,0.7015096960673691,0.5,25.294117647058822,8.160887741343402,39.0,27.647058823529413,867.8241966318983,129.6807751820144
230.8,0.7016059053034059,0.5,25.294117647058822,8.141569842306751,39.0,27.647058823529413,867.8653929841877,129.64048000621654
230.9,0.7017021029187592,0.5,25.294117647058822,8.122260481033663,39.0,27.647058823529413,867.9065855010263,129.60018832170732
231.0,0.7017982889156293,0.5,25.294117647058822,8.102959654882454,39.0,27.647058823529413,867.9477741458845,129.55990016489227
231.10000000000002,0.7018944632962153,0.5,25.294117647058822,8.083667361205926,39.0,27.647058823529413,867.9889588823615,129.51961557204962
231.20000000000002,0.7019906260627161,0.5,25.294117647058822,8.064383597351423,39.0,27.647058823529413,868.0301396741845,129.47933457933087
231.3,0.7020867772173296,0.5,25.294117647058822,8.045108360660606,39.0,27.647058823529413,868.0713164852081,129.43905722276108
231.4,0.7021829167622526,0.5,25.294117647058822,8.025841648469509,39.0,27.647058823529413,868.1124892794143,129.39878353823926
231.5,0.7022790446996822,0.5,25.294117647058822,8.006583458108878,39.0,27.647058823529413,868.153658020912,129.35851356153887
231.60000000000002,0.7023751610318137,0.5,25.294117647058822,7.987333786903719,39.0,27.647058823529413,868.1948226739365,129.31824732830788
231.70000000000002,0.7024712657608425,0.5,25.294117647058822,7.968092632173921,39.0,27.647058823529413,868.2359832028496,129.27798487406955
231.8,0.7025673588889627,0.5,25.294117647058822,7.948859991233633,39.0,27.647058823529413,868.2771395721384,129.23772623422255
231.9,0.7026634404183679,0.5,25.294117647058822,7.929635861391887,39.0,27.647058823529413,868.3182917464154,129.19747144404144
232.0,0.7027595103512512,0.5,25.294117647058822,7.910420239952089,39.0,27.647058823529413,868.3594396904182,129.15722053867688
232.10000000000002,0.7028555686898045,0.5,25.294117647058822,7.891213124212356,39.0,27.647058823529413,868.4005833690086,129.11697355315636
232.20000000000002,0.7029516154362195,0.5,25.294117647058822,7.872014511465693,39.0,27.647058823529413,868.441722747173,129.07673052238417
232.3,0.703047650592687,0.5,25.294117647058822,7.852824398999587,39.0,27.647058823529413,868.4828577900217,129.03649148114204
232.4,0.703143674161397,0.5,25.294117647058822,7.833642784096298,39.0,27.647058823529413,868.5239884627883,128.99625646408938
232.5,0.7032396861445387,0.5,25.294117647058822,7.81446966403297,39.0,27.647058823529413,868.5651147308292,128.95602550576376
232.60000000000002,0.703335686544301,0.5,25.294117647058822,7.795305036081231,39.0,27.647058823529413,868.606236559624,128.9157986405811
232.70000000000002,0.7034316753628715,0.5,25.294117647058822,7.776148897507994,39.0,27.647058823529413,868.647353914774,128.87557590283623
232.8,0.7035276526024377,0.5,25.294117647058822,7.757001245574543,39.0,27.647058823529413,868.6884667620034,128.8353573267032
232.9,0.7036236182651862,0.5,25.294117647058822,7.737862077537159,39.0,27.647058823529413,868.7295750671569,128.7951429462355
233.0,0.7037195723533023,0.5,25.294117647058822,7.718731390647122,39.0,27.647058823529413,868.7706787962012,128.7549327953667
233.10000000000002,0.7038155148689714,0.5,25.294117647058822,7.699609182150596,39.0,27.647058823529413,868.8117779152236,128.71472690791055
233.20000000000002,0.7039114458143777,0.5,25.294117647058822,7.680495449288571,39.0,27.647058823529413,868.852872390432,128.67452531756152
233.3,0.7040073651917051,0.5,25.294117647058822,7.6613901892970375,39.0,27.647058823529413,868.8939621881541,128.63432805789503
233.4,0.7041032730031365,0.5,25.294117647058822,7.642293399407038,39.0,27.647058823529413,868.9350472748375,128.5941351623679
233.5,0.7041991692508539,0.5,25.294117647058822,7.623205076844613,39.0,27.647058823529413,868.9761276170495,128.5539466643187
233.60000000000002,0.7042950539370391,0.5,25.294117647058822,7.6041252188306885,39.0,27.647058823529413,869.017203181476,128.5137625969681
233.70000000000002,0.7043909270638726,0.5,25.294117647058822,7.585053822581358,39.0,27.647058823529413,869.0582739349219,128.47358299341917
233.8,0.7044867886335348,0.5,25.294117647058822,7.565990885307826,39.0,27.647058823529413,869.0993398443103,128.43340788665782
233.9,0.7045826386482049,0.5,25.294117647058822,7.54693640421641,39.0,27.647058823529413,869.1404008766821,128.3932373095531
234.0,0.7046784771100618,0.5,25.294117647058822,7.527890376508367,39.0,27.647058823529413,869.1814569991959,128.3530712948575
234.10000000000002,0.7047743040212833,0.5,25.294117647058822,7.508852799380406,39.0,27.647058823529413,869.2225081791274,128.3129098752075
234.20000000000002,0.7048701193840468,0.5,25.294117647058822,7.48982367002418,39.0,27.647058823529413,869.2635543838694,128.27275308312377
234.3,0.7049659232005285,0.5,25.294117647058822,7.470802985626676,39.0,27.647058823529413,869.3045955809312,128.23260095101148
234.4,0.7050617154729047,0.5,25.294117647058822,7.451790743369941,39.0,27.647058823529413,869.3456317379383,128.19245351116075
234.5,0.7051574962033506,0.5,25.294117647058822,7.43278694043147,39.0,27.647058823529413,869.3866628226318,128.15231079574698
234.60000000000002,0.7052532653940403,0.5,25.294117647058822,7.413791573983929,39.0,27.647058823529413,869.4276888028683,128.11217283683123
234.70000000000002,0.7053490230471479,0.5,25.294117647058822,7.394804641195321,39.0,27.647058823529413,869.4687096466196,128.07203966636038
234.8,0.705444769164846,0.5,25.294117647058822,7.375826139228991,39.0,27.647058823529413,869.5097253219722,128.0319113161677
234.9,0.7055405037493073,0.5,25.294117647058822,7.356856065243562,39.0,27.647058823529413,869.550735797127,127.99178781797313
235.0,0.7056362268027035,0.5,25.294117647058822,7.3378944163930555,39.0,27.647058823529413,869.5917410403993,127.95166920338353
235.10000000000002,0.7057319383272056,0.5,25.294117647058822,7.3189411898267736,39.0,27.647058823529413,869.6327410202178,127.91155550389314
235.20000000000002,0.7058276383249834,0.5,25.294117647058822,7.299996382689642,39.0,27.647058823529413,869.6737357051246,127.87144675088386
235.3,0.7059233267982067,0.5,25.294117647058822,7.281059992121811,39.0,27.647058823529413,869.7147250637748,127.8313429756256
235.4,0.7060190037490444,0.5,25.294117647058822,7.262132015259056,39.0,27.647058823529413,869.7557090649362,127.79124420927661
235.5,0.7061146691796643,0.5,25.294117647058822,7.243212449232601,39.0,27.647058823529413,869.796687677489,127.75115048288389
235.60000000000002,0.7062103230922343,0.5,25.294117647058822,7.22430129116924,39.0,27.647058823529413,869.8376608704253,127.7110618273834
235.70000000000002,0.7063059654889208,0.5,25.294117647058822,7.205398538191162,39.0,27.647058823529413,869.8786286128492,127.67097827360053
235.8,0.7064015963718898,0.5,25.294117647058822,7.186504187416119,39.0,27.647058823529413,869.9195908739757,127.63089985225028
235.9,0.7064972157433067,0.5,25.294117647058822,7.167618235957491,39.0,27.647058823529413,869.960547623131,127.59082659393776
236.0,0.706592823605336,0.5,25.294117647058822,7.148740680924277,39.0,27.647058823529413,870.0014988297519,127.55075852915841
236.10000000000002,0.7066884199601418,0.5,25.294117647058822,7.129871519420931,39.0,27.647058823529413,870.0424444633856,127.5106956882984
236.20000000000002,0.7067840048098872,0.5,25.294117647058822,7.111010748547869,39.0,27.647058823529413,870.0833844936891,127.4706381016349
236.3,0.706879578156735,0.5,25.294117647058822,7.0921583654009055,39.0,27.647058823529413,870.1243188904293,127.43058579933648
236.4,0.7069751400028466,0.5,25.294117647058822,7.073314367071646,39.0,27.647058823529413,870.1652476234821,127.39053881146333
236.5,0.7070706903503833,0.5,25.294117647058822,7.054478750647377,39.0,27.647058823529413,870.2061706628324,127.35049716796773
236.60000000000002,0.7071662292015055,0.5,25.294117647058822,7.035651513211178,39.0,27.647058823529413,870.2470879785739,127.31046089869425
236.70000000000002,0.7072617565583731,0.5,25.294117647058822,7.01683265184181,39.0,27.647058823529413,870.2879995409088,127.27043003338017
236.8,0.707357272423145,0.5,25.294117647058822,6.998022163613825,39.0,27.647058823529413,870.3289053201471,127.23040460165572
236.9,0.7074527767979794,0.5,25.294117647058822,6.9792200455976285,39.0,27.647058823529413,870.3698052867061,127.19038463304452
237.0,0.7075482696850343,0.5,25.294117647058822,6.960426294859303,39.0,27.647058823529413,870.4106994111111,127.15037015696379
237.10000000000002,0.7076437510864663,0.5,25.294117647058822,6.941640908460954,39.0,27.647058823529413,870.4515876639937,127.1103612027247
237.20000000000002,0.7077392210044317,0.5,25.294117647058822,6.922863883460479,39.0,27.647058823529413,870.4924700160929,127.07035779953274
237.3,0.7078346794410861,0.5,25.294117647058822,6.904095216911628,39.0,27.647058823529413,870.5333464382533,127.03035997648801
237.4,0.7079301263985844,0.5,25.294117647058822,6.88533490586417,39.0,27.647058823529413,870.5742169014263,126.99036776258552
237.5,0.7080255618790808,0.5,25.294117647058822,6.866582947363668,39.0,27.647058823529413,870.6150813766685,126.95038118671552
237.60000000000002,0.7081209858847287,0.5,25.294117647058822,6.847839338451706,39.0,27.647058823529413,870.655939835142,126.91040027766383
237.70000000000002,0.7082163984176808,0.5,25.294117647058822,6.829104076165834,39.0,27.647058823529413,870.6967922481139,126.87042506411217
237.8,0.7083117994800893,0.5,25.294117647058822,6.810377157539563,39.0,27.647058823529413,870.7376385869562,126.83045557463844
237.9,0.7084071890741055,0.5,25.294117647058822,6.7916585796024265,39.0,27.647058823529413,870.7784788231453,126.79049183771701
238.0,0.7085025672018801,0.5,25.294117647058822,6.772948339380093,39.0,27.647058823529413,870.8193129282615,126.75053388171918
238.10000000000002,0.7085979338655631,0.5,25.294117647058822,6.754246433894082,39.0,27.647058823529413,870.8601408739893,126.71058173491328
238.20000000000002,0.7086932890673038,0.5,25.294117647058822,6.735552860162215,39.0,27.647058823529413,870.9009626321163,126.67063542546514
238.3,0.7087886328092506,0.5,25.294117647058822,6.716867615198282,39.0,27.647058823529413,870.9417781745333,126.63069498143832
238.4,0.7088839650935519,0.5,25.294117647058822,6.6981906960122615,39.0,27.647058823529413,870.9825874732342,126.59076043079449
238.5,0.7089792859223546,0.5,25.294117647058822,6.679522099610267,39.0,27.647058823529413,871.0233905003153,126.55083180139368
238.60000000000002,0.7090745952978053,0.5,25.294117647058822,6.660861822994605,39.0,27.647058823529413,871.0641872279751,126.51090912099461
238.70000000000002,0.7091698932220498,0.5,25.294117647058822,6.642209863163544,39.0,27.647058823529413,871.104977628514,126.47099241725499
238.8,0.7092651796972332,0.5,25.294117647058822,6.623566217111829,39.0,27.647058823529413,871.145761674334,126.43108171773181
238.9,0.7093604547255001,0.5,25.294117647058822,6.604930881830228,39.0,27.647058823529413,871.1865393379383,126.39117704988173
239.0,0.7094557183089943,0.5,25.294117647058822,6.5863038543059815,39.0,27.647058823529413,871.2273105919314,126.35127844106124
239.10000000000002,0.7095509704498588,0.5,25.294117647058822,6.56768513152241,39.0,27.647058823529413,871.2680754090181,126.31138591852708
239.20000000000002,0.7096462111502362,0.5,25.294117647058822,6.549074710459195,39.0,27.647058823529413,871.308833762004,126.27149950943655
239.3,0.7097414404122679,0.5,25.294117647058822,6.530472588092266,39.0,27.647058823529413,871.3495856237944,126.23161924084766
239.4,0.709686015882605,0.5,47.647058823529406,6.538592841403954,39.0,47.647058823529406,871.39032591796,126.19175021559306
239.5,0.7096306038908187,0.5,47.647058823529406,6.546711268476031,39.0,47.647058823529406,871.4310470589401,126.15190005889959
239.60000000000002,0.7095752044345616,0.5,47.647058823529406,6.554827869933092,39.0,47.647058823529406,871.4717490456792,126.11206877185823
239.70000000000002,0.7095198175114875,0.5,47.647058823529406,6.5629426463996765,39.0,47.647058823529406,871.5124318771227,126.07225635555966
239.8,0.7094644431192499,0.5,47.647058823529406,6.571055598500379,39.0,47.647058823529406,871.553095552216,126.03246281109405
239.9,0.7094090812555026,0.5,47.647058823529406,6.579166726860024,39.0,47.647058823529406,871.5937400699048,125.99268813955126
240.0,0.7093537319178999,0.5,47.647058823529406,6.587276032103546,39.0,47.647058823529406,871.6343654291358,125.95293234202073
240.10000000000002,0.7092983951040958,0.5,47.647058823529406,6.5953835148558255,39.0,47.647058823529406,871.6749716288556,125.9131954195915
240.20000000000002,0.7092430708117452,0.5,47.647058823529406,6.603489175742027,39.0,47.647058823529406,871.7155586680112,125.87347737335223
240.3,0.709187759038503,0.5,47.647058823529406,6.6115930153873705,39.0,47.647058823529406,871.7561265455505,125.83377820439117
240.4,0.7091324597820242,0.5,47.647058823529406,6.619695034417191,39.0,47.647058823529406,871.7966752604211,125.79409791379614
240.5,0.7090771730399642,0.5,47.647058823529406,6.627795233456993,39.0,47.647058823529406,871.8372048115717,125.75443650265464
240.60000000000002,0.7090218988099788,0.5,47.647058823529406,6.635893613132225,39.0,47.647058823529406,871.8777151979509,125.71479397205371
240.70000000000002,0.7089666370897237,0.5,47.647058823529406,6.643990174068506,39.0,47.647058823529406,871.9182064185077,125.67517032308001
240.8,0.7089113878768555,0.5,47.647058823529406,6.652084916891624,39.0,47.647058823529406,871.9586784721922,125.6355655568198
240.9,0.7088561511690303,0.5,47.647058823529406,6.660177842227483,39.0,47.647058823529406,871.9991313579542,125.59597967435894
241.0,0.708800926963905,0.5,47.647058823529406,6.668268950702043,39.0,47.647058823529406,872.0395650747439,125.55641267678291
241.10000000000002,0.7087457152591362,0.5,47.647058823529406,6.676358242941376,39.0,47.647058823529406,872.0799796215124,125.51686456517675
241.20000000000002,0.7086905160523816,0.5,47.647058823529406,6.68444571957167,39.0,47.647058823529406,872.1203749972109,125.47733534062509
241.3,0.7086353293412984,0.5,47.647058823529406,6.692531381219169,39.0,47.647058823529406,872.1607512007912,125.43782500421219
241.4,0.7085801551235441,0.5,47.647058823529406,6.70061522851023,39.0,47.647058823529406,872.2011082312054,125.39833355702189
241.5,0.7085249933967769,0.5,47.647058823529406,6.708697262071439,39.0,47.647058823529406,872.2414460874057,125.35886100013765
241.60000000000002,0.7084698441586549,0.5,47.647058823529406,6.7167774825293804,39.0,47.647058823529406,872.2817647683453,125.3194073346425
241.70000000000002,0.7084147074068367,0.5,47.647058823529406,6.724855890510753,39.0,47.647058823529406,872.3220642729774,125.27997256161909
241.8,0.708359583138981,0.5,47.647058823529406,6.732932486642369,39.0,47.647058823529406,872.362344600256,125.24055668214959
241.9,0.7083044713527469,0.5,47.647058823529406,6.7410072715512115,39.0,47.647058823529406,872.402605749135,125.20115969731584
242.0,0.7082493720457934,0.5,47.647058823529406,6.7490802458642065,39.0,47.647058823529406,872.442847718569,125.16178160819922
242.10000000000002,0.7081942852157802,0.5,47.647058823529406,6.757151410208564,39.0,47.647058823529406,872.4830705075133,125.12242241588075
242.20000000000002,0.7081392108603668,0.5,47.647058823529406,6.765220765211552,39.0,47.647058823529406,872.5232741149231,125.08308212144101
242.3,0.7080841489772136,0.5,47.647058823529406,6.773288311500437,39.0,47.647058823529406,872.5634585397543,125.04376072596017
242.4,0.7080290995639807,0.5,47.647058823529406,6.7813540497026565,39.0,47.647058823529406,872.6036237809633,125.00445823051798
242.5,0.7079740626183288,0.5,47.647058823529406,6.789417980445819,39.0,47.647058823529406,872.6437698375067,124.96517463619381
242.60000000000002,0.7079190381379186,0.5,47.647058823529406,6.797480104357533,39.0,47.647058823529406,872.6838967083418,124.92590994406659
242.70000000000002,0.707864026120411,0.5,47.647058823529406,6.805540422065576,39.0,47.647058823529406,872.7240043924259,124.88666415521482
242.8,0.7078090265634673,0.5,47.647058823529406,6.813598934197842,39.0,47.647058823529406,872.7640928887172,124.84743727071661
242.9,0.7077540394647494,0.5,47.647058823529406,6.821655641382222,39.0,47.647058823529406,872.804162196174,124.80822929164967
243.0,0.7076990648219187,0.5,47.647058823529406,6.82971054424695,39.0,47.647058823529406,872.8442123137552,124.76904021909125
243.10000000000002,0.7076441026326376,0.5,47.647058823529406,6.837763643420033,39.0,47.647058823529406,872.8842432404201,124.72987005411825
243.20000000000002,0.7075891528945684,0.5,47.647058823529406,6.8458149395298165,39.0,47.647058823529406,872.9242549751284,124.69071879780708
243.3,0.7075342156053737,0.5,47.647058823529406,6.853864433204649,39.0,47.647058823529406,872.96424751684,124.65158645123377
243.4,0.7074792907627162,0.5,47.647058823529406,6.861912125073104,39.0,47.647058823529406,873.0042208645158,124.61247301547392
243.5,0.707424378364259,0.5,47.647058823529406,6.869958015763643,39.0,47.647058823529406,873.0441750171165,124.57337849160271
243.60000000000002,0.7073694784076656,0.5,47.647058823529406,6.8780021059049545,39.0,47.647058823529406,873.0841099736036,124.53430288069492
243.70000000000002,0.7073145908905994,0.5,47.647058823529406,6.886044396125953,39.0,47.647058823529406,873.1240257329391,124.49524618382488
243.8,0.7072597158107247,0.5,47.647058823529406,6.894084887055385,39.0,47.647058823529406,873.1639222940851,124.45620840206651
243.9,0.7072048531657052,0.5,47.647058823529406,6.9021235793223354,39.0,47.647058823529406,873.2037996560043,124.41718953649332
244.0,0.7071500029532056,0.5,47.647058823529406,6.910160473555948,39.0,47.647058823529406,873.24365781766,124.3781895881784
244.10000000000002,0.7070951651708905,0.5,47.647058823529406,6.918195570385365,39.0,47.647058823529406,873.2834967780158,124.33920855819439
244.20000000000002,0.7070403398164247,0.5,47.647058823529406,6.926228870439786,39.0,47.647058823529406,873.3233165360357,124.30024644761349
244.3,0.7069855268874735,0.5,47.647058823529406,6.934260374348753,39.0,47.647058823529406,873.3631170906839,124.2613032575075
244.4,0.7069307263817023,0.5,47.647058823529406,6.942290082741749,39.0,47.647058823529406,873.4028984409255,124.22237898894785
244.5,0.7068759382967769,0.5,47.647058823529406,6.950317996248316,39.0,47.647058823529406,873.4426605857258,124.18347364300543
244.60000000000002,0.7068211626303628,0.5,47.647058823529406,6.958344115498221,39.0,47.647058823529406,873.4824035240506,124.1445872207508
244.70000000000002,0.7067663993801266,0.5,47.647058823529406,6.966368441121233,39.0,47.647058823529406,873.522127254866,124.10571972325403
244.8,0.7067116485437347,0.5,47.647058823529406,6.974390973747234,39.0,47.647058823529406,873.5618317771387,124.06687115158479
244.9,0.7066569101188537,0.5,47.647058823529406,6.9824117140062185,39.0,47.647058823529406,873.6015170898357,124.02804150681233
245.0,0.7066021841031507,0.5,47.647058823529406,6.990430662528354,39.0,47.647058823529406,873.6411831919247,123.98923079000544
245.10000000000002,0.7065474704942928,0.5,47.647058823529406,6.998447819943806,39.0,47.647058823529406,873.6808300823737,123.9504390022325
245.20000000000002,0.7064927692899476,0.5,47.647058823529406,7.006463186882911,39.0,47.647058823529406,873.7204577601509,123.91166614456147
245.3,0.7064380804877829,0.5,47.647058823529406,7.014476763976063,39.0,47.647058823529406,873.7600662242253,123.8729122180598
245.4,0.7063834040854665,0.5,47.647058823529406,7.022488551853712,39.0,47.647058823529406,873.7996554735662,123.83417722379458
245.5,0.7063287400806667,0.5,47.647058823529406,7.030498551146479,39.0,47.647058823529406,873.8392255071433,123.7954611628325
245.60000000000002,0.7062740884710524,0.5,47.647058823529406,7.038506762485099,39.0,47.647058823529406,873.8787763239267,123.75676403623973
245.70000000000002,0.7062194492542919,0.5,47.647058823529406,7.046513186500363,39.0,47.647058823529406,873.918307922887,123.71808584508204
245.8,0.7061648224280546,0.5,47.647058823529406,7.054517823823176,39.0,47.647058823529406,873.9578203029956,123.67942659042478
245.9,0.7061102079900096,0.5,47.647058823529406,7.062520675084556,39.0,47.647058823529406,873.9973134632238,123.64078627333285
246.0,0.7060556059378263,0.5,47.647058823529406,7.070521740915467,39.0,47.647058823529406,874.0367874025435,123.60216489487073
246.10000000000002,0.7060010162691747,0.5,47.647058823529406,7.078521021947267,39.0,47.647058823529406,874.0762421199273,123.5635624561024
246.20000000000002,0.7059464389817248,0.5,47.647058823529406,7.086518518811147,39.0,47.647058823529406,874.115677614348,123.52497895809145
246.3,0.7058918740731472,0.5,47.647058823529406,7.094514232138522,39.0,47.647058823529406,874.1550938847788,123.48641440190104
246.4,0.7058373215411122,0.5,47.647058823529406,7.1025081625608095,39.0,47.647058823529406,874.1944909301935,123.4478687885939
246.5,0.7057827813832909,0.5,47.647058823529406,7.1105003107097104,39.0,47.647058823529406,874.2338687495665,123.40934211923226
246.60000000000002,0.7057282535973539,0.5,47.647058823529406,7.118490677216926,39.0,47.647058823529406,874.2732273418723,123.37083439487796
246.70000000000002,0.705673738180973,0.5,47.647058823529406,7.126479262714156,39.0,47.647058823529406,874.312566706086,123.33234561659236
246.8,0.7056192351318198,0.5,47.647058823529406,7.134466067833216,39.0,47.647058823529406,874.3518868411832,123.29387578543643
246.9,0.7055647444475661,0.5,47.647058823529406,7.142451093206148,39.0,47.647058823529406,874.3911877461401,123.25542490247061
247.0,0.7055102661258841,0.5,47.647058823529406,7.150434339465107,39.0,47.647058823529406,874.4304694199332,123.21699296875498
247.10000000000002,0.705455800164446,0.5,47.647058823529406,7.158415807242136,39.0,47.647058823529406,874.4697318615392,123.17857998534916
247.20000000000002,0.7054013465609247,0.5,47.647058823529406,7.166395497169617,39.0,47.647058823529406,874.5089750699357,123.1401859533123
247.3,0.7053469053129929,0.5,47.647058823529406,7.17437340987982,39.0,47.647058823529406,874.5481990441004,123.1018108737031
247.4,0.7052924764183238,0.5,47.647058823529406,7.1823495460051845,39.0,47.647058823529406,874.5874037830118,123.06345474757985
247.5,0.7052380598745912,0.5,47.647058823529406,7.190323906178321,39.0,47.647058823529406,874.6265892856486,123.02511757600035
247.60000000000002,0.7051836556794682,0.5,47.647058823529406,7.198296491031783,39.0,47.647058823529406,874.66575555099,122.98679936002196
247.70000000000002,0.7051292638306291,0.5,47.647058823529406,7.206267301198409,39.0,47.647058823529406,874.7049025780155,122.94850010070161
247.8,0.7050748843257483,0.5,47.647058823529406,7.214236337310979,39.0,47.647058823529406,874.7440303657056,122.91021979909577
247.9,0.7050205171624999,0.5,47.647058823529406,7.2222036000024445,39.0,47.647058823529406,874.7831389130406,122.87195845626044
248.0,0.7049661623385588,0.5,47.647058823529406,7.230169089905814,39.0,47.647058823529406,874.8222282190017,122.83371607325121
248.10000000000002,0.7049118198515998,0.5,47.647058823529406,7.23813280765421,39.0,47.647058823529406,874.8612982825704,122.7954926511232
248.20000000000002,0.7048574896992984,0.5,47.647058823529406,7.246094753880925,39.0,47.647058823529406,874.9003491027287,122.75728819093105
248.3,0.70480317187933,0.5,47.647058823529406,7.254054929219194,39.0,47.647058823529406,874.939380678459,122.719102693729
248.4,0.7047488663893702,0.5,47.647058823529406,7.262013334302424,39.0,47.647058823529406,874.9783930087443,122.68093616057077
248.5,0.7046945732270953,0.5,47.647058823529406,7.269969969764134,39.0,47.647058823529406,875.0173860925682,122.64278859250967
248.60000000000002,0.7046402923901813,0.5,47.647058823529406,7.277924836237901,39.0,47.647058823529406,875.0563599289143,122.60465999059859
248.70000000000002,0.704586023876305,0.5,47.647058823529406,7.285877934357359,39.0,47.647058823529406,875.0953145167668,122.56655035588986
248.8,0.704531767683143,0.5,47.647058823529406,7.293829264756425,39.0,47.647058823529406,875.1342498551107,122.52845968943545
248.9,0.7044775238083724,0.5,47.647058823529406,7.301778828068905,39.0,47.647058823529406,875.1731659429312,122.49038799228681
249.0,0.7044232922496706,0.5,47.647058823529406,7.309726624928658,39.0,47.647058823529406,875.2120627792139,122.45233526549498
249.10000000000002,0.704369073004715,0.5,47.647058823529406,7.3176726559698295,39.0,47.647058823529406,875.2509403629451,122.41430151011052
249.20000000000002,0.7043148660711835,0.5,47.647058823529406,7.325616921826565,39.0,47.647058823529406,875.2897986931115,122.37628672718351
249.3,0.7042606714467544,0.5,47.647058823529406,7.333559423133124,39.0,47.647058823529406,875.3286377687001,122.33829091776362
249.4,0.7042064891291059,0.5,47.647058823529406,7.341500160523822,39.0,47.647058823529406,875.3674575886985,122.30031408289999
249.5,0.7041523191159165,0.5,47.647058823529406,7.349439134633087,39.0,47.647058823529406,875.4062581520948,122.26235622364135
249.60000000000002,0.7040981614048651,0.5,47.647058823529406,7.357376346095521,39.0,47.647058823529406,875.4450394578776,122.22441734103596
249.70000000000002,0.7040440159936312,0.5,47.647058823529406,7.365311795545665,39.0,47.647058823529406,875.4838015050359,122.1864974361316
249.8,0.7039898828798937,0.5,47.647058823529406,7.373245483618348,39.0,47.647058823529406,875.5225442925591,122.14859650997562
249.9,0.7039357620613325,0.5,47.647058823529406,7.381177410948169,39.0,47.647058823529406,875.5612678194373,122.11071456361488
250.0,0.7038816535356273,0.5,47.647058823529406,7.389107578170126,39.0,47.647058823529406,875.5999720846607,122.07285159809577
250.10000000000002,0.7038275573004584,0.5,47.647058823529406,7.39703598591916,39.0,47.647058823529406,875.6386570872203,122.03500761446423
250.20000000000002,0.7037734733535064,0.5,47.647058823529406,7.40496263483044,39.0,47.647058823529406,875.6773228261076,121.99718261376572
250.3,0.7037194016924518,0.5,47.647058823529406,7.412887525538963,39.0,47.647058823529406,875.7159693003142,121.95937659704524
250.4,0.7036653423149756,0.5,47.647058823529406,7.420810658680068,39.0,47.647058823529406,875.7545965088326,121.92158956534733
250.5,0.703611295218759,0.5,47.647058823529406,7.428732034889094,39.0,47.647058823529406,875.7932044506557,121.88382151971605
250.60000000000002,0.7035572604014834,0.5,47.647058823529406,7.436651654801551,39.0,47.647058823529406,875.8317931247767,121.846072461195
250.70000000000002,0.7035032378608307,0.5,47.647058823529406,7.444569519052834,39.0,47.647058823529406,875.8703625301894,121.80834239082732
250.8,0.7034492275944826,0.5,47.647058823529406,7.45248562827868,39.0,47.647058823529406,875.9089126658879,121.77063130965564
250.9,0.7033952296001215,0.5,47.647058823529406,7.460399983114712,39.0,47.647058823529406,875.9474435308671,121.73293921872218
251.0,0.70334124387543,0.5,47.647058823529406,7.468312584196781,39.0,47.647058823529406,875.9859551241221,121.69526611906862
251.10000000000002,0.7032872704180907,0.5,47.647058823529406,7.476223432160793,39.0,47.647058823529406,876.0244474446488,121.65761201173623
251.20000000000002,0.7032333092257868,0.5,47.647058823529406,7.4841325276426005,39.0,47.647058823529406,876.0629204914432,121.61997689776577
251.3,0.7031793602962014,0.5,47.647058823529406,7.4920398712783935,39.0,47.647058823529406,876.1013742635018,121.58236077819753
251.4,0.7031254236270181,0.5,47.647058823529406,7.49994546370425,39.0,47.647058823529406,876.1398087598219,121.54476365407135
251.5,0.7030714992159209,0.5,47.647058823529406,7.5078493055564195,39.0,47.647058823529406,876.1782239794011,121.50718552642655
251.60000000000002,0.7030175870605935,0.5,47.647058823529406,7.515751397471263,39.0,47.647058823529406,876.2166199212376,121.46962639630203
251.70000000000002,0.7029636871587205,0.5,47.647058823529406,7.523651740085199,39.0,47.647058823529406,876.2549965843299,121.43208626473617
251.8,0.7029097995079865,0.5,47.647058823529406,7.531550334034705,39.0,47.647058823529406,876.2933539676771,121.39456513276689
251.9,0.702855924106076,0.5,47.647058823529406,7.539447179956426,39.0,47.647058823529406,876.3316920702788,121.35706300143163
252.0,0.7028020609506743,0.5,47.647058823529406,7.547342278487008,39.0,47.647058823529406,876.370010891135,121.31957987176736
252.10000000000002,0.7027482100394671,0.5,47.647058823529406,7.555235630263269,39.0,47.647058823529406,876.4083104292463,121.28211574481055
252.20000000000002,0.7026943713701396,0.5,47.647058823529406,7.563127235922082,39.0,47.647058823529406,876.4465906836136,121.24467062159722
252.3,0.7026405449403779,0.5,47.647058823529406,7.571017096100263,39.0,47.647058823529406,876.4848516532385,121.2072445031629
252.4,0.7025867307478679,0.5,47.647058823529406,7.5789052114349715,39.0,47.647058823529406,876.523093337123,121.16983739054261
252.5,0.7025329287902963,0.5,47.647058823529406,7.586791582563308,39.0,47.647058823529406,876.5613157342697,121.13244928477094
252.60000000000002,0.7024791390653495,0.5,47.647058823529406,7.594676210122486,39.0,47.647058823529406,876.5995188436814,121.09508018688197
252.70000000000002,0.7024253615707146,0.5,47.647058823529406,7.602559094749779,39.0,47.647058823529406,876.6377026643617,121.05773009790929
252.8,0.7023715963040789,0.5,47.647058823529406,7.610440237082628,39.0,47.647058823529406,876.6758671953144,121.02039901888602
252.9,0.7023178432631294,0.5,47.647058823529406,7.618319637758418,39.0,47.647058823529406,876.7140124355441,120.9830869508448
253.0,0.7022641024455543,0.5,47.647058823529406,7.6261972974147625,39.0,47.647058823529406,876.7521383840558,120.94579389481774
253.10000000000002,0.7022103738490414,0.5,47.647058823529406,7.6340732166892735,39.0,47.647058823529406,876.7902450398548,120.90851985183654
253.20000000000002,0.7021566574712789,0.5,47.647058823529406,7.641947396219734,39.0,47.647058823529406,876.8283324019471,120.87126482293237
253.3,0.7021029533099552,0.5,47.647058823529406,7.649819836643928,39.0,47.647058823529406,876.8664004693392,120.83402880913592
253.4,0.7020492613627591,0.5,47.647058823529406,7.657690538599752,39.0,47.647058823529406,876.904449241038,120.79681181147738
253.5,0.7019955816273797,0.5,47.647058823529406,7.665559502725216,39.0,47.647058823529406,876.9424787160509,120.75961383098648
253.60000000000002,0.7019419141015063,0.5,47.647058823529406,7.673426729658388,39.0,47.647058823529406,876.980488893386,120.72243486869246
253.70000000000002,0.7018882587828281,0.5,47.647058823529406,7.681292220037449,39.0,47.647058823529406,877.0184797720515,120.68527492562401
253.8,0.7018346156690353,0.5,47.647058823529406,7.689155974500579,39.0,47.647058823529406,877.0564513510564,120.64813400280943
253.9,0.7017809847578176,0.5,47.647058823529406,7.697017993686188,39.0,47.647058823529406,877.0944036294101,120.61101210127644
254.0,0.7017273660468655,0.5,47.647058823529406,7.704878278232684,39.0,47.647058823529406,877.1323366061226,120.57390922205234
254.10000000000002,0.7016737595338696,0.5,47.647058823529406,7.712736828778532,39.0,47.647058823529406,877.1702502802043,120.53682536616388
254.20000000000002,0.7016201652165207,0.5,47.647058823529406,7.7205936459622535,39.0,47.647058823529406,877.208144650666,120.49976053463735
254.3,0.7015665830925099,0.5,47.647058823529406,7.728448730422542,39.0,47.647058823529406,877.2460197165192,120.46271472849854
254.4,0.7015130131595286,0.5,47.647058823529406,7.736302082798261,39.0,47.647058823529406,877.2838754767758,120.42568794877275
254.5,0.7014594554152683,0.5,47.647058823529406,7.744153703728216,39.0,47.647058823529406,877.3217119304485,120.38868019648477
254.60000000000002,0.701405909857421,0.5,47.647058823529406,7.752003593851271,39.0,47.647058823529406,877.3595290765498,120.35169147265896
254.70000000000002,0.7013523764836788,0.5,47.647058823529406,7.759851753806458,39.0,47.647058823529406,877.3973269140935,120.31472177831905
254.8,0.701298855291734,0.5,47.647058823529406,7.767698184232813,39.0,47.647058823529406,877.4351054420933,120.27777111448843
254.9,0.7012453462792793,0.5,47.647058823529406,7.775542885769653,39.0,47.647058823529406,877.4728646595639,120.24083948218987
255.0,0.7011918494440077,0.5,47.647058823529406,7.783385859056011,39.0,47.647058823529406,877.51060456552,120.20392688244571
255.10000000000002,0.7011383647836122,0.5,47.647058823529406,7.791227104731377,39.0,47.647058823529406,877.5483251589771,120.1670333162778
255.20000000000002,0.7010848922957865,0.5,47.647058823529406,7.799066623435181,39.0,47.647058823529406,877.5860264389512,120.1301587847074
255.3,0.701031431978224,0.5,47.647058823529406,7.806904415806855,39.0,47.647058823529406,877.6237084044587,120.09330328875541
255.4,0.700977983828619,0.5,47.647058823529406,7.814740482486002,39.0,47.647058823529406,877.6613710545167,120.05646682944213
255.5,0.7009245478446656,0.5,47.647058823529406,7.82257482411228,39.0,47.647058823529406,877.6990143881427,120.0196494077874
255.60000000000002,0.7008711240240582,0.5,47.647058823529406,7.830407441325576,39.0,47.647058823529406,877.7366384043547,119.98285102481053
255.70000000000002,0.7008177123644914,0.5,47.647058823529406,7.838238334765549,39.0,47.647058823529406,877.774243102171,119.94607168153036
255.8,0.7007643128636605,0.5,47.647058823529406,7.846067505072199,39.0,47.647058823529406,877.8118284806109,119.90931137896519
255.9,0.7007109255192607,0.5,47.647058823529406,7.8538949528855255,39.0,47.647058823529406,877.8493945386936,119.87257011813284
256.0,0.7006575503289876,0.5,47.647058823529406,7.861720678845586,39.0,47.647058823529406,877.8869412754392,119.83584790005064
256.1,0.7006041872905369,0.5,47.647058823529406,7.869544683592551,39.0,47.647058823529406,877.9244686898686,119.79914472573539
256.2,0.7005508364016044,0.5,47.647058823529406,7.877366967766591,39.0,47.647058823529406,877.9619767810026,119.76246059620343
256.3,0.7004974976598869,0.5,47.647058823529406,7.8851875320081035,39.0,47.647058823529406,877.9994655478628,119.72579551247053
256.40000000000003,0.7004441710630808,0.5,47.647058823529406,7.89300637695743,39.0,47.647058823529406,878.0369349894712,119.68914947555201
256.5,0.7003908566088827,0.5,47.647058823529406,7.90082350325514,39.0,47.647058823529406,878.0743851048506,119.65252248646263
256.6,0.70033755429499,0.5,47.647058823529406,7.9086389115418,39.0,47.647058823529406,878.1118158930241,119.61591454621671
256.7,0.7002842641190999,0.5,47.647058823529406,7.916452602458037,39.0,47.647058823529406,878.1492273530151,119.57932565582801
256.8,0.7002309860789103,0.5,47.647058823529406,7.924264576644475,39.0,47.647058823529406,878.1866194838481,119.54275581630976
256.90000000000003,0.7001777201721188,0.5,47.647058823529406,7.932074834742025,39.0,47.647058823529406,878.2239922845474,119.50620502867476
257.0,0.7001244663964236,0.5,47.647058823529406,7.9398833773915385,39.0,47.647058823529406,878.2613457541385,119.46967329393524
257.1,0.700071224749523,0.5,47.647058823529406,7.947690205234039,39.0,47.647058823529406,878.2986798916469,119.43316061310296
257.2,0.7000179952291158,0.5,47.647058823529406,7.9554953189104936,39.0,47.647058823529406,878.335994696099,119.39666698718912
257.3,0.699964777832901,0.5,47.647058823529406,7.963298719062095,39.0,47.647058823529406,878.3732901665214,119.36019241720446
257.40000000000003,0.6999115725585777,0.5,47.647058823529406,7.971100406329924,39.0,47.647058823529406,878.4105663019415,119.32373690415918
257.5,0.6998583794038454,0.5,47.647058823529406,7.978900381355459,39.0,47.647058823529406,878.4478231013868,119.28730044906295
257.6,0.6998051983664038,0.5,47.647058823529406,7.986698644779949,39.0,47.647058823529406,878.4850605638859,119.25088305292498
257.7,0.6997520294439529,0.5,47.647058823529406,7.99449519724476,39.0,47.647058823529406,878.5222786884675,119.21448471675393
257.8,0.6996988726341926,0.5,47.647058823529406,8.00229003939154,39.0,47.647058823529406,878.559477474161,119.17810544155793
257.90000000000003,0.699645727934824,0.5,47.647058823529406,8.010083171861822,39.0,47.647058823529406,878.596656919996,119.1417452283446
258.0,0.6995925953435475,0.5,47.647058823529406,8.017874595297314,39.0,47.647058823529406,878.6338170250032,119.10540407812111
258.1,0.6995394748580641,0.5,47.647058823529406,8.025664310339778,39.0,47.647058823529406,878.6709577882134,119.06908199189402
258.2,0.6994863664760753,0.5,47.647058823529406,8.033452317630974,39.0,47.647058823529406,878.7080792086582,119.03277897066944
258.3,0.6994332701952826,0.5,47.647058823529406,8.041238617812894,39.0,47.647058823529406,878.7451812853693,118.99649501545294
258.40000000000003,0.6993801860133877,0.5,47.647058823529406,8.04902321152747,39.0,47.647058823529406,878.7822640173794,118.96023012724955
258.5,0.6993271139280927,0.5,47.647058823529406,8.056806099416804,39.0,47.647058823529406,878.8193274037214,118.9239843070638
258.6,0.6992740539370998,0.5,47.647058823529406,8.064587282123057,39.0,47.647058823529406,878.856371443429,118.88775755589974
258.7,0.6992210060381119,0.5,47.647058823529406,8.07236676028839,39.0,47.647058823529406,878.893396135536,118.85154987476082
258.8,0.6991679702288316,0.5,47.647058823529406,8.080144534555131,39.0,47.647058823529406,878.9304014790772,118.81536126465006
258.90000000000003,0.699114946506962,0.5,47.647058823529406,8.087920605565671,39.0,47.647058823529406,878.9673874730877,118.77919172656986
259.0,0.6990619348702068,0.5,47.647058823529406,8.095694973962509,39.0,47.647058823529406,879.0043541166032,118.7430412615222
259.1,0.6990089353162695,0.5,47.647058823529406,8.10346764038809,39.0,47.647058823529406,879.0413014086598,118.70690987050847
259.2,0.6989559478428541,0.5,47.647058823529406,8.111238605485028,39.0,47.647058823529406,879.0782293482943,118.67079755452956
259.3,0.6989029724476645,0.5,47.647058823529406,8.119007869895995,39.0,47.647058823529406,879.1151379345439,118.63470431458582
259.40000000000003,0.6988500091284054,0.5,47.647058823529406,8.126775434263834,39.0,47.647058823529406,879.1520271664463,118.5986301516771
259.5,0.6987970578827813,0.5,47.647058823529406,8.134541299231273,39.0,47.647058823529406,879.1888970430399,118.56257506680272
259.6,0.6987441187084973,0.5,47.647058823529406,8.142305465441325,39.0,47.647058823529406,879.2257475633634,118.52653906096147
259.7,0.6986911916032583,0.5,47.647058823529406,8.150067933536889,39.0,47.647058823529406,879.2625787264564,118.4905221351516
259.8,0.6986382765647704,0.5,47.647058823529406,8.157828704160977,39.0,47.647058823529406,879.2993905313587,118.45452429037084
259.90000000000003,0.6985853735907388,0.5,47.647058823529406,8.16558777795683,39.0,47.647058823529406,879.3361829771106,118.41854552761642
260.0,0.6985324826788698,0.5,47.647058823529406,8.173345155567631,39.0,47.647058823529406,879.3729560627535,118.382585847885
260.1,0.6984796038268696,0.5,47.647058823529406,8.181100837636677,39.0,47.647058823529406,879.4097097873284,118.34664525217275
260.2,0.6984267370324447,0.5,47.647058823529406,8.188854824807322,39.0,47.647058823529406,879.4464441498776,118.31072374147531
260.3,0.6983738822933018,0.5,47.647058823529406,8.196607117722976,39.0,47.647058823529406,879.4831591494436,118.27482131678778
260.40000000000003,0.698321039607148,0.5,47.647058823529406,8.204357717027108,39.0,47.647058823529406,879.5198547850697,118.23893797910472
260.5,0.6982682089716907,0.5,47.647058823529406,8.212106623363411,39.0,47.647058823529406,879.5565310557993,118.20307372942015
260.6,0.6982153903846375,0.5,47.647058823529406,8.219853837375524,39.0,47.647058823529406,879.5931879606768,118.16722856872762
260.7,0.6981625838436963,0.5,47.647058823529406,8.227599359707142,39.0,47.647058823529406,879.6298254987469,118.13140249802007
260.8,0.6981097893465751,0.5,47.647058823529406,8.235343191002073,39.0,47.647058823529406,879.6664436690546,118.09559551828997
260.90000000000003,0.6980570068909822,0.5,47.647058823529406,8.24308533190424,39.0,47.647058823529406,879.703042470646,118.05980763052919
261.0,0.6980042364746263,0.5,47.647058823529406,8.250825783057508,39.0,47.647058823529406,879.7396219025674,118.02403883572914
261.1,0.6979514780952164,0.5,47.647058823529406,8.258564545105912,39.0,47.647058823529406,879.7761819638656,117.98828913488067
261.2,0.6978987317504616,0.5,47.647058823529406,8.266301618693717,39.0,47.647058823529406,879.8127226535881,117.95255852897408
261.3,0.6978459974380713,0.5,47.647058823529406,8.274037004464901,39.0,47.647058823529406,879.8492439707829,117.91684701899914
261.40000000000003,0.6977932751557552,0.5,47.647058823529406,8.281770703063785,39.0,47.647058823529406,879.8857459144984,117.88115460594511
261.5,0.6977405649012233,0.5,47.647058823529406,8.289502715134688,39.0,47.647058823529406,879.9222284837838,117.84548129080069
261.6,0.6976878666721856,0.5,47.647058823529406,8.297233041321931,39.0,47.647058823529406,879.9586916776886,117.80982707455404
261.7,0.697635180466353,0.5,47.647058823529406,8.304961682270061,39.0,47.647058823529406,879.9951354952631,117.77419195819277
261.8,0.6975825062814358,0.5,47.647058823529406,8.312688638623627,39.0,47.647058823529406,880.0315599355578,117.73857594270403
261.90000000000003,0.6975298441151454,0.5,47.647058823529406,8.320413911027174,39.0,47.647058823529406,880.0679649976239,117.70297902907433
262.0,0.6974771939651927,0.5,47.647058823529406,8.328137500125422,39.0,47.647058823529406,880.1043506805133,117.66740121828971
262.1,0.6974245558292894,0.5,47.647058823529406,8.335859406563088,39.0,47.647058823529406,880.1407169832785,117.63184251133565
262.2,0.6973719297051472,0.5,47.647058823529406,8.343579630985005,39.0,47.647058823529406,880.1770639049721,117.59630290919706
262.3,0.6973193155904783,0.5,47.647058823529406,8.351298174036117,39.0,47.647058823529406,880.2133914446475,117.56078241285836
262.40000000000003,0.697266713482995,0.5,47.647058823529406,8.359015036361313,39.0,47.647058823529406,880.2496996013588,117.5252810233034
262.5,0.6972141233804098,0.5,47.647058823529406,8.366730218605767,39.0,47.647058823529406,880.2859883741604,117.4897987415155
262.6,0.6971615452804354,0.5,47.647058823529406,8.374443721414423,39.0,47.647058823529406,880.3222577621076,117.45433556847745
262.7,0.697108979180785,0.5,47.647058823529406,8.382155545432568,39.0,47.647058823529406,880.3585077642557,117.41889150517144
262.8,0.6970564250791721,0.5,47.647058823529406,8.389865691305374,39.0,47.647058823529406,880.394738379661,117.38346655257921
262.90000000000003,0.6970038829733104,0.5,47.647058823529406,8.3975741596783,39.0,47.647058823529406,880.4309496073803,117.34806071168187
263.0,0.6969513528609135,0.5,47.647058823529406,8.405280951196573,39.0,47.647058823529406,880.4671414464707,117.31267398346
263.1,0.6968988347396957,0.5,47.647058823529406,8.412986066505766,39.0,47.647058823529406,880.5033138959899,117.27730636889369
263.2,0.6968463286073716,0.5,47.647058823529406,8.420689506251335,39.0,47.647058823529406,880.5394669549966,117.24195786896244
263.3,0.6967938344616557,0.5,47.647058823529406,8.428391271079022,39.0,47.647058823529406,880.5756006225495,117.2066284846452
263.40000000000003,0.6967413523002629,0.5,47.647058823529406,8.43609136163434,39.0,47.647058823529406,880.6117148977082,117.1713182169204
263.5,0.6966888821209086,0.5,47.647058823529406,8.443789778563087,39.0,47.647058823529406,880.6478097795327,117.13602706676592
263.6,0.6966364239213082,0.5,47.647058823529406,8.451486522511061,39.0,47.647058823529406,880.6838852670835,117.10075503515907
263.7,0.6965839776991772,0.5,47.647058823529406,8.459181594124175,39.0,47.647058823529406,880.7199413594218,117.06550212307663
263.8,0.696531543452232,0.5,47.647058823529406,8.466874994048283,39.0,47.647058823529406,880.7559780556091,117.03026833149484
263.90000000000003,0.6964791211781887,0.5,47.647058823529406,8.47456672292941,39.0,47.647058823529406,880.791995354708,116.99505366138936
264.0,0.6964267108747638,0.5,47.647058823529406,8.48225678141381,39.0,47.647058823529406,880.8279932557809,116.95985811373531
264.1,0.6963743125396742,0.5,47.647058823529406,8.489945170147507,39.0,47.647058823529406,880.8639717578915,116.9246816895073
264.2,0.6963219261706368,0.5,47.647058823529406,8.497631889776812,39.0,47.647058823529406,880.8999308601034,116.88952438967935
264.3,0.6962695517653691,0.5,47.647058823529406,8.505316940947921,39.0,47.647058823529406,880.9358705614812,116.85438621522489
264.40000000000003,0.6962171893215884,0.5,47.647058823529406,8.513000324307257,39.0,47.647058823529406,880.9717908610901,116.8192671671169
264.5,0.696164838837013,0.5,47.647058823529406,8.520682040501185,39.0,47.647058823529406,881.0076917579954,116.78416724632774
264.6,0.6961125003093606,0.5,47.647058823529406,8.528362090176245,39.0,47.647058823529406,881.0435732512634,116.74908645382921
264.7,0.6960601737363497,0.5,47.647058823529406,8.536040473979028,39.0,47.647058823529406,881.0794353399608,116.71402479059257
264.8,0.6960078591156992,0.5,47.647058823529406,8.543717192556073,39.0,47.647058823529406,881.1152780231546,116.67898225758857
264.90000000000003,0.6959555564451276,0.5,47.647058823529406,8.551392246554201,39.0,47.647058823529406,881.1511012999127,116.64395885578735
265.0,0.6959032657223544,0.5,47.647058823529406,8.559065636620062,39.0,47.647058823529406,881.1869051693036,116.6089545861585
265.1,0.6958509869450987,0.5,47.647058823529406,8.566737363400591,39.0,47.647058823529406,881.2226896303964,116.57396944967108
265.2,0.6957987201110806,0.5,47.647058823529406,8.574407427542553,39.0,47.647058823529406,881.2584546822603,116.53900344729357
265.3,0.6957464652180199,0.5,47.647058823529406,8.582075829693053,39.0,47.647058823529406,881.2942003239655,116.5040565799939
265.40000000000003,0.6956942222636365,0.5,47.647058823529406,8.58974257049914,39.0,47.647058823529406,881.3299265545827,116.46912884873947
265.5,0.6956419912456513,0.5,47.647058823529406,8.597407650607806,39.0,47.647058823529406,881.365633373183,116.43422025449709
265.6,0.6955897721617849,0.5,47.647058823529406,8.60507107066627,39.0,47.647058823529406,881.4013207788381,116.39933079823304
265.7,0.6955375650097584,0.5,47.647058823529406,8.612732831321694,39.0,47.647058823529406,881.4369887706206,116.364460480913
265.8,0.6954853697872931,0.5,47.647058823529406,8.620392933221524,39.0,47.647058823529406,881.4726373476029,116.32960930350211
265.90000000000003,0.6954331864921103,0.5,47.647058823529406,8.628051377013037,39.0,47.647058823529406,881.5082665088588,116.29477726696499
266.0,0.695381015121932,0.5,47.647058823529406,8.635708163343622,39.0,47.647058823529406,881.5438762534624,116.25996437226561
266.1,0.6953288556744803,0.5,47.647058823529406,8.64336329286084,39.0,47.647058823529406,881.5794665804881,116.22517062036748
266.2,0.6952767081474776,0.5,47.647058823529406,8.651016766212194,39.0,47.647058823529406,881.6150374890109,116.19039601223348
266.3,0.6952245725386462,0.5,47.647058823529406,8.658668584045415,39.0,47.647058823529406,881.6505889781067,116.15564054882597
266.40000000000003,0.6951724488457095,0.5,47.647058823529406,8.66631874700812,39.0,47.647058823529406,881.6861210468519,116.12090423110672
266.5,0.6951203370663901,0.5,47.647058823529406,8.673967255748039,39.0,47.647058823529406,881.721633694323,116.08618706003695
266.6,0.6950682371984117,0.5,47.647058823529406,8.681614110913074,39.0,47.647058823529406,881.7571269195978,116.05148903657731
266.7,0.695016149239498,0.5,47.647058823529406,8.68925931315107,39.0,47.647058823529406,881.7926007217541,116.01681016168789
266.8,0.6949640731873727,0.5,47.647058823529406,8.696902863109983,39.0,47.647058823529406,881.8280550998703,115.9821504363282
266.90000000000003,0.69491200903976,0.5,47.647058823529406,8.704544761437717,39.0,47.647058823529406,881.8634900530259,115.9475098614572
267.0,0.6948599567943845,0.5,47.647058823529406,8.712185008782455,39.0,47.647058823529406,881.8989055803004,115.91288843803332
267.1,0.6948079164489707,0.5,47.647058823529406,8.719823605792385,39.0,47.647058823529406,881.9343016807741,115.87828616701438
267.2,0.6947558880012437,0.5,47.647058823529406,8.727460553115634,39.0,47.647058823529406,881.9696783535278,115.84370304935763
267.3,0.694703871448929,0.5,47.647058823529406,8.735095851400501,39.0,47.647058823529406,882.0050355976427,115.80913908601978
267.40000000000003,0.6946518667897518,0.5,47.647058823529406,8.742729501295344,39.0,47.647058823529406,882.0403734122012,115.77459427795695
267.5,0.6945998740214381,0.5,47.647058823529406,8.75036150344863,39.0,47.647058823529406,882.0756917962857,115.7400686261247
267.6,0.6945478931417138,0.5,47.647058823529406,8.75799185850866,39.0,47.647058823529406,882.1109907489791,115.70556213147803
267.7,0.6944959241483051,0.5,47.647058823529406,8.765620567124074,39.0,47.647058823529406,882.1462702693655,115.67107479497136
267.8,0.694443967038939,0.5,47.647058823529406,8.773247629943455,39.0,47.647058823529406,882.1815303565289,115.63660661755854
267.90000000000003,0.694392021811342,0.5,47.647058823529406,8.780873047615387,39.0,47.647058823529406,882.2167710095542,115.60215760019287
268.0,0.694340088463241,0.5,47.647058823529406,8.788496820788566,39.0,47.647058823529406,882.2519922275269,115.56772774382708
268.1,0.6942881669923637,0.5,47.647058823529406,8.796118950111918,39.0,47.647058823529406,882.2871940095329,115.5333170494133
268.2,0.6942362573964379,0.5,47.647058823529406,8.803739436234139,39.0,47.647058823529406,882.3223763546589,115.4989255179031
268.3,0.6941843596731909,0.5,47.647058823529406,8.81135827980421,39.0,47.647058823529406,882.3575392619921,115.4645531502475
268.40000000000003,0.6941324738203514,0.5,47.647058823529406,8.818975481471057,39.0,47.647058823529406,882.39268273062,115.4301999473969
268.5,0.6940805998356476,0.5,47.647058823529406,8.82659104188366,39.0,47.647058823529406,882.427806759631,115.39586591030118
268.6,0.6940287377168083,0.5,47.647058823529406,8.834204961691114,39.0,47.647058823529406,882.4629113481142,115.36155103990963
268.7,0.6939768874615625,0.5,47.647058823529406,8.841817241542572,39.0,47.647058823529406,882.4979964951588,115.32725533717095
268.8,0.6939250490676391,0.5,47.647058823529406,8.849427882087298,39.0,47.647058823529406,882.533062199855,115.29297880303326
268.90000000000003,0.6938732225327678,0.5,47.647058823529406,8.857036883974502,39.0,47.647058823529406,882.5681084612931,115.25872143844418
269.0,0.6938214078546784,0.5,47.647058823529406,8.864644247853562,39.0,47.647058823529406,882.6031352785648,115.22448324435065
269.1,0.6937696050311009,0.5,47.647058823529406,8.872249974373858,39.0,47.647058823529406,882.6381426507616,115.19026422169908
269.2,0.6937178140597653,0.5,47.647058823529406,8.879854064184826,39.0,47.647058823529406,882.673130576976,115.15606437143533
269.3,0.6936660349384025,0.5,47.647058823529406,8.887456517936016,39.0,47.647058823529406,882.708099056301,115.12188369450466
269.40000000000003,0.6936142676647431,0.5,47.647058823529406,8.89505733627692,39.0,47.647058823529406,882.7430480878298,115.08772219185173
269.5,0.6935625122365182,0.5,47.647058823529406,8.90265651985726,39.0,47.647058823529406,882.7779776706568,115.05357986442067
269.6,0.6935107686514593,0.5,47.647058823529406,8.910254069326754,39.0,47.647058823529406,882.8128878038767,115.019456713155
269.7,0.693459036907298,0.5,47.647058823529406,8.917849985335124,39.0,47.647058823529406,882.8477784865847,114.98535273899766
269.8,0.6934073170017662,0.5,47.647058823529406,8.92544426853209,39.0,47.647058823529406,882.8826497178767,114.95126794289102
269.90000000000003,0.6933556089325957,0.5,47.647058823529406,8.933036919567655,39.0,47.647058823529406,882.917501496849,114.91720232577688
270.0,0.6933039126975193,0.5,47.647058823529406,8.940627939091598,39.0,47.647058823529406,882.9523338225987,114.88315588859645
270.1,0.6932522282942695,0.5,47.647058823529406,8.948217327754037,39.0,47.647058823529406,882.9871466942236,114.84912863229036
270.2,0.6932005557205791,0.5,47.647058823529406,8.955805086205089,39.0,47.647058823529406,883.0219401108218,114.81512055779868
270.3,0.6931488949741813,0.5,47.647058823529406,8.963391215094703,39.0,47.647058823529406,883.0567140714918,114.78113166606086
270.40000000000003,0.69309724605281,0.5,47.647058823529406,8.970975715073166,39.0,47.647058823529406,883.0914685753331,114.7471619580158
270.5,0.6930456089541986,0.5,47.647058823529406,8.978558586790655,39.0,47.647058823529406,883.1262036214459,114.71321143460176
270.6,0.6929939836760812,0.5,47.647058823529406,8.986139830897514,39.0,47.647058823529406,883.1609192089307,114.67928009675651
270.7,0.692942370216192,0.5,47.647058823529406,8.993719448043976,39.0,47.647058823529406,883.1956153368885,114.6453679454172
270.8,0.6928907685722655,0.5,47.647058823529406,9.001297438880556,39.0,47.647058823529406,883.2302920044209,114.61147498152036
270.90000000000003,0.6928391787420364,0.5,47.647058823529406,9.008873804057657,39.0,47.647058823529406,883.2649492106306,114.57760120600197
271.0,0.6927876007232399,0.5,47.647058823529406,9.016448544225852,39.0,47.647058823529406,883.2995869546202,114.54374661979743
271.1,0.6927360345136113,0.5,47.647058823529406,9.024021660035658,39.0,47.647058823529406,883.3342052354933,114.50991122384154
271.2,0.6926844801108862,0.5,47.647058823529406,9.03159315213776,39.0,47.647058823529406,883.3688040523538,114.4760950190685
271.3,0.6926329375128005,0.5,47.647058823529406,9.039163021182901,39.0,47.647058823529406,883.4033834043065,114.44229800641195
271.40000000000003,0.6925814067170902,0.5,47.647058823529406,9.04673126782177,39.0,47.647058823529406,883.4379432904566,114.40852018680494
271.5,0.6925298877214917,0.5,47.647058823529406,9.054297892705222,39.0,47.647058823529406,883.47248370991,114.37476156117992
271.6,0.6924783805237418,0.5,47.647058823529406,9.061862896484058,39.0,47.647058823529406,883.5070046617732,114.34102213046879
271.7,0.6924268851215772,0.5,47.647058823529406,9.06942627980925,39.0,47.647058823529406,883.541506145153,114.3073018956028
271.8,0.6923754015127354,0.5,47.647058823529406,9.07698804333171,39.0,47.647058823529406,883.5759881591573,114.27360085751268
271.90000000000003,0.6923239296949535,0.5,47.647058823529406,9.08454818770258,39.0,47.647058823529406,883.6104507028941,114.23991901712851
272.0,0.6922724696659694,0.5,47.647058823529406,9.092106713572889,39.0,47.647058823529406,883.6448937754723,114.20625637537987
272.1,0.6922210214235212,0.5,47.647058823529406,9.099663621593777,39.0,47.647058823529406,883.6793173760013,114.17261293319562
272.2,0.6921695849653469,0.5,47.647058823529406,9.107218912416556,39.0,47.647058823529406,883.7137215035912,114.13898869150412
272.3,0.6921181602891852,0.5,47.647058823529406,9.114772586692368,39.0,47.647058823529406,883.7481061573523,114.10538365123313
272.40000000000003,0.6920667473927745,0.5,47.647058823529406,9.122324645072638,39.0,47.647058823529406,883.7824713363958,114.07179781330983
272.5,0.6920153462738543,0.5,47.647058823529406,9.129875088208678,39.0,47.647058823529406,883.8168170398338,114.03823117866075
272.6,0.6919639569301638,0.5,47.647058823529406,9.13742391675197,39.0,47.647058823529406,883.8511432667785,114.0046837482119
272.7,0.6919125793594425,0.5,47.647058823529406,9.144971131353941,39.0,47.647058823529406,883.8854500163429,113.97115552288865
272.8,0.6918612135594304,0.5,47.647058823529406,9.152516732666129,39.0,47.647058823529406,883.9197372876404,113.93764650361578
272.90000000000003,0.6918098595278672,0.5,47.647058823529406,9.16006072134013,39.0,47.647058823529406,883.9540050797852,113.90415669131751
273.0,0.6917585172624939,0.5,47.647058823529406,9.167603098027655,39.0,47.647058823529406,883.9882533918923,113.87068608691743
273.1,0.6917071867610506,0.5,47.647058823529406,9.175143863380413,39.0,47.647058823529406,884.0224822230766,113.83723469133857
273.2,0.6916558680212785,0.5,47.647058823529406,9.182683018050113,39.0,47.647058823529406,884.0566915724546,113.80380250550334
273.3,0.6916045610409186,0.5,47.647058823529406,9.19022056268858,39.0,47.647058823529406,884.0908814391425,113.77038953033359
273.40000000000003,0.6915532658177125,0.5,47.647058823529406,9.19775649794775,39.0,47.647058823529406,884.1250518222577,113.73699576675051
273.5,0.6915019823494019,0.5,47.647058823529406,9.205290824479448,39.0,47.647058823529406,884.1592027209176,113.70362121567476
273.6,0.6914507106337286,0.5,47.647058823529406,9.21282354293578,39.0,47.647058823529406,884.1933341342408,113.67026587802638
273.7,0.691399450668435,0.5,47.647058823529406,9.22035465396874,39.0,47.647058823529406,884.2274460613461,113.6369297547248
273.8,0.6913482024512636,0.5,47.647058823529406,9.227884158230381,39.0,47.647058823529406,884.261538501353,113.60361284668886
273.90000000000003,0.6912969659799572,0.5,47.647058823529406,9.235412056372866,39.0,47.647058823529406,884.295611453382,113.57031515483682
274.0,0.6912457412522588,0.5,47.647058823529406,9.242938349048359,39.0,47.647058823529406,884.3296649165536,113.53703668008633
274.1,0.6911945282659117,0.5,47.647058823529406,9.250463036909196,39.0,47.647058823529406,884.363698889989,113.50377742335444
274.2,0.6911433270186592,0.5,47.647058823529406,9.257986120607654,39.0,47.647058823529406,884.3977133728104,113.4705373855576
274.3,0.6910921375082455,0.5,47.647058823529406,9.26550760079607,39.0,47.647058823529406,884.4317083641401,113.43731656761169
274.40000000000003,0.6910409597324148,0.5,47.647058823529406,9.273027478126835,39.0,47.647058823529406,884.4656838631016,113.40411497043193
274.5,0.690989793688911,0.5,47.647058823529406,9.280545753252511,39.0,47.647058823529406,884.4996398688185,113.37093259493301
274.6,0.6909386393754793,0.5,47.647058823529406,9.288062426825434,39.0,47.647058823529406,884.5335763804151,113.33776944202897
274.7,0.6908874967898642,0.5,47.647058823529406,9.295577499498279,39.0,47.647058823529406,884.5674933970163,113.30462551263327
274.8,0.6908363659298108,0.5,47.647058823529406,9.303090971923723,39.0,47.647058823529406,884.6013909177478,113.27150080765877
274.90000000000003,0.6907852467930647,0.5,47.647058823529406,9.310602844754385,39.0,47.647058823529406,884.635268941736,113.23839532801772
275.0,0.6907341393773719,0.5,47.647058823529406,9.318113118642998,39.0,47.647058823529406,884.6691274681073,113.20530907462178
275.1,0.690683043680478,0.5,47.647058823529406,9.325621794242352,39.0,47.647058823529406,884.7029664959891,113.172242048382
275.2,0.6906319597001292,0.5,47.647058823529406,9.333128872205236,39.0,47.647058823529406,884.7367860245096,113.13919425020882
275.3,0.6905808874340723,0.5,47.647058823529406,9.340634353184555,39.0,47.647058823529406,884.7705860527972,113.10616568101207
275.40000000000003,0.6905298268800539,0.5,47.647058823529406,9.348138237833211,39.0,47.647058823529406,884.8043665799813,113.07315634170102
275.5,0.6904787780358209,0.5,47.647058823529406,9.35564052680428,39.0,47.647058823529406,884.8381276051915,113.0401662331843
275.6,0.6904277408991208,0.5,47.647058823529406,9.363141220750833,39.0,47.647058823529406,884.8718691275584,113.00719535636993
275.7,0.6903767154677012,0.5,47.647058823529406,9.370640320325776,39.0,47.647058823529406,884.9055911462127,112.97424371216538
275.8,0.6903257017393098,0.5,47.647058823529406,9.378137826182353,39.0,47.647058823529406,884.9392936602864,112.94131130147743
275.90000000000003,0.6902746997116949,0.5,47.647058823529406,9.385633738973752,39.0,47.647058823529406,884.9729766689115,112.9083981252123
276.0,0.6902237093826045,0.5,47.647058823529406,9.39312805935316,39.0,47.647058823529406,885.0066401712211,112.87550418427566
276.1,0.6901727307497877,0.5,47.647058823529406,9.400620787973992,39.0,47.647058823529406,885.0402841663484,112.84262947957247
276.2,0.6901217638109931,0.5,47.647058823529406,9.40811192548938,39.0,47.647058823529406,885.0739086534278,112.80977401200715
276.3,0.6900708085639701,0.5,47.647058823529406,9.415601472552908,39.0,47.647058823529406,885.1075136315936,112.77693778248349
276.40000000000003,0.6900198650064678,0.5,47.647058823529406,9.423089429817992,39.0,47.647058823529406,885.1410990999814,112.74412079190466
276.5,0.6899689331362365,0.5,47.647058823529406,9.430575797938104,39.0,47.647058823529406,885.1746650577268,112.71132304117326
276.6,0.6899180129510256,0.5,47.647058823529406,9.438060577566773,39.0,47.647058823529406,885.2082115039664,112.67854453119125
276.7,0.6898671044485856,0.5,47.647058823529406,9.445543769357641,39.0,47.647058823529406,885.2417384378373,112.64578526286002
276.8,0.6898162076266668,0.5,47.647058823529406,9.453025373964294,39.0,47.647058823529406,885.2752458584772,112.6130452370803
276.90000000000003,0.6897653224830204,0.5,47.647058823529406,9.460505392040432,39.0,47.647058823529406,885.3087337650246,112.58032445475226
277.0,0.689714449015397,0.5,47.647058823529406,9.467983824239866,39.0,47.647058823529406,885.3422021566183,112.54762291677541
277.1,0.689663587221548,0.5,47.647058823529406,9.475460671216297,39.0,47.647058823529406,885.3756510323981,112.51494062404869
277.2,0.6896127370992252,0.5,47.647058823529406,9.482935933623594,39.0,47.647058823529406,885.4090803915038,112.48227757747043
277.3,0.6895618986461803,0.5,47.647058823529406,9.490409612115684,39.0,47.647058823529406,885.4424902330766,112.44963377793827
277.40000000000003,0.6895110718601655,0.5,47.647058823529406,9.49788170734638,39.0,47.647058823529406,885.4758805562576,112.41700922634938
277.5,0.6894602567389331,0.5,47.647058823529406,9.505352219969836,39.0,47.647058823529406,885.5092513601888,112.38440392360022
277.6,0.6894094532802357,0.5,47.647058823529406,9.512821150640093,39.0,47.647058823529406,885.5426026440132,112.35181787058667
277.7,0.6893586614818262,0.5,47.647058823529406,9.520288500011077,39.0,47.647058823529406,885.5759344068736,112.31925106820397
277.8,0.689307881341458,0.5,47.647058823529406,9.527754268736999,39.0,47.647058823529406,885.6092466479139,112.28670351734677
277.90000000000003,0.6892571128568844,0.5,47.647058823529406,9.53521845747207,39.0,47.647058823529406,885.6425393662787,112.2541752189091
278.0,0.6892063560258591,0.5,47.647058823529406,9.5426810668705,39.0,47.647058823529406,885.6758125611132,112.22166617378437
278.1,0.689155610846136,0.5,47.647058823529406,9.550142097586615,39.0,47.647058823529406,885.709066231563,112.18917638286541
278.2,0.6891048773154694,0.5,47.647058823529406,9.557601550274626,39.0,47.647058823529406,885.7423003767746,112.15670584704442
278.3,0.6890541554316142,0.5,47.647058823529406,9.56505942558897,39.0,47.647058823529406,885.7755149958947,112.12425456721296
278.40000000000003,0.6890034451923246,0.5,47.647058823529406,9.57251572418403,39.0,47.647058823529406,885.808710088071,112.09182254426202
278.5,0.6889527465953561,0.5,47.647058823529406,9.579970446714299,39.0,47.647058823529406,885.8418856524515,112.0594097790819
278.6,0.6889020596384637,0.5,47.647058823529406,9.587423593834274,39.0,47.647058823529406,885.8750416881852,112.02701627256236
278.7,0.6888513843194034,0.5,47.647058823529406,9.594875166198449,39.0,47.647058823529406,885.9081781944213,111.99464202559254
278.8,0.6888007206359307,0.5,47.647058823529406,9.602325164461604,39.0,47.647058823529406,885.9412951703101,111.9622870390609
278.90000000000003,0.6887500685858019,0.5,47.647058823529406,9.609773589278234,39.0,47.647058823529406,885.974392615002,111.92995131385533
279.0,0.6886994281667731,0.5,47.647058823529406,9.617220441303175,39.0,47.647058823529406,886.0074705276484,111.8976348508631
279.1,0.6886487993766014,0.5,47.647058823529406,9.624665721191093,39.0,47.647058823529406,886.040528907401,111.86533765097089
279.2,0.6885981822130435,0.5,47.647058823529406,9.632109429596767,39.0,47.647058823529406,886.0735677534126,111.83305971506468
279.3,0.6885475766738565,0.5,47.647058823529406,9.639551567175033,39.0,47.647058823529406,886.1065870648362,111.80080104402994
279.40000000000003,0.6884969827567979,0.5,47.647058823529406,9.646992134580785,39.0,47.647058823529406,886.1395868408255,111.76856163875144
279.5,0.6884464004596255,0.5,47.647058823529406,9.654431132469028,39.0,47.647058823529406,886.1725670805347,111.73634150011334
279.6,0.6883958297800975,0.5,47.647058823529406,9.661868561494714,39.0,47.647058823529406,886.205527783119,111.70414062899921
279.7,0.6883452707159721,0.5,47.647058823529406,9.669304422312848,39.0,47.647058823529406,886.2384689477341,111.67195902629201
279.8,0.6882947232650074,0.5,47.647058823529406,9.676738715578495,39.0,47.647058823529406,886.2713905735361,111.63979669287403
279.90000000000003,0.6882441874249625,0.5,47.647058823529406,9.684171441946717,39.0,47.647058823529406,886.3042926596818,111.607653629627
280.0,0.6881936631935966,0.5,47.647058823529406,9.691602602072749,39.0,47.647058823529406,886.3371752053287,111.57552983743197
280.1,0.688143150568669,0.5,47.647058823529406,9.69903219661171,39.0,47.647058823529406,886.3700382096349,111.54342531716942
280.2,0.6880926495479394,0.5,47.647058823529406,9.706460226218837,39.0,47.647058823529406,886.4028816717591,111.51134006971915
280.3,0.6880421601291672,0.5,47.647058823529406,9.713886691549533,39.0,47.647058823529406,886.4357055908606,111.47927409596042
280.40000000000003,0.6879916823101129,0.5,47.647058823529406,9.721311593259031,39.0,47.647058823529406,886.4685099660994,111.4472273967718
280.5,0.6879412160885371,0.5,47.647058823529406,9.728734932002794,39.0,47.647058823529406,886.5012947966362,111.41519997303128
280.6,0.6878907614622,0.5,47.647058823529406,9.736156708436283,39.0,47.647058823529406,886.5340600816322,111.38319182561618
280.7,0.6878403184288631,0.5,47.647058823529406,9.743576923214903,39.0,47.647058823529406,886.5668058202491,111.35120295540327
280.8,0.6877898869862872,0.5,47.647058823529406,9.750995576994171,39.0,47.647058823529406,886.5995320116494,111.31923336326861
280.90000000000003,0.6877394671322339,0.5,47.647058823529406,9.758412670429664,39.0,47.647058823529406,886.6322386549963,111.2872830500877
281.0,0.687689058864465,0.5,47.647058823529406,9.765828204176955,39.0,47.647058823529406,886.6649257494535,111.25535201673537
281.1,0.6876386621807425,0.5,47.647058823529406,9.773242178891678,39.0,47.647058823529406,886.6975932941851,111.2234402640859
281.2,0.6875882770788289,0.5,47.647058823529406,9.780654595229521,39.0,47.647058823529406,886.7302412883562,111.19154779301286
281.3,0.6875379035564863,0.5,47.647058823529406,9.788065453846286,39.0,47.647058823529406,886.7628697311325,111.15967460438925
281.40000000000003,0.6874875416114778,0.5,47.647058823529406,9.79547475539772,39.0,47.647058823529406,886.79547862168,111.12782069908742
281.5,0.6874371912415664,0.5,47.647058823529406,9.802882500539624,39.0,47.647058823529406,886.8280679591658,111.09598607797912
281.6,0.6873868524445157,0.5,47.647058823529406,9.810288689927859,39.0,47.647058823529406,886.860637742757,111.06417074193543
281.7,0.6873365252180891,0.5,47.647058823529406,9.81769332421834,39.0,47.647058823529406,886.893187971622,111.03237469182685
281.8,0.6872862095600504,0.5,47.647058823529406,9.825096404066926,39.0,47.647058823529406,886.9257186449294,111.0005979285232
281.90000000000003,0.687235905468164,0.5,47.647058823529406,9.832497930129819,39.0,47.647058823529406,886.9582297618485,110.96884045289376
282.0,0.6871856129401944,0.5,47.647058823529406,9.839897903062877,39.0,47.647058823529406,886.9907213215496,110.93710226580708
282.1,0.6871353319739061,0.5,47.647058823529406,9.847296323522244,39.0,47.647058823529406,887.0231933232028,110.90538336813118
282.2,0.6870850625670641,0.5,47.647058823529406,9.85469319216395,39.0,47.647058823529406,887.0556457659796,110.87368376073336
282.3,0.6870348047174338,0.5,47.647058823529406,9.862088509644252,39.0,47.647058823529406,887.0880786490521,110.84200344448038
282.40000000000003,0.6869845584227806,0.5,47.647058823529406,9.869482276619408,39.0,47.647058823529406,887.1204919715925,110.8103424202383
282.5,0.6869343236808702,0.5,47.647058823529406,9.876874493745504,39.0,47.647058823529406,887.1528857327738,110.77870068887259
282.6,0.6868841004894688,0.5,47.647058823529406,9.884265161678968,39.0,47.647058823529406,887.1852599317699,110.74707825124808
282.7,0.6868338888463428,0.5,47.647058823529406,9.891654281075944,39.0,47.647058823529406,887.2176145677553,110.71547510822899
282.8,0.6867836887492584,0.5,47.647058823529406,9.899041852592973,39.0,47.647058823529406,887.2499496399049,110.68389126067886
282.90000000000003,0.6867335001959829,0.5,47.647058823529406,9.906427876886369,39.0,47.647058823529406,887.2822651473944,110.65232670946067
283.0,0.6866833231842832,0.5,47.647058823529406,9.913812354612617,39.0,47.647058823529406,887.3145610894,110.62078145543671
283.1,0.6866331577119266,0.5,47.647058823529406,9.921195286428144,39.0,47.647058823529406,887.3468374650986,110.58925549946868
283.2,0.6865830037766809,0.5,47.647058823529406,9.928576672989664,39.0,47.647058823529406,887.3790942736676,110.55774884241761
283.3,0.6865328613763141,0.5,47.647058823529406,9.935956514953546,39.0,47.647058823529406,887.4113315142855,110.52626148514393
283.40000000000003,0.6864827305085943,0.5,47.647058823529406,9.943334812976502,39.0,47.647058823529406,887.4435491861309,110.49479342850742
283.5,0.6864326111712901,0.5,47.647058823529406,9.950711567715132,39.0,47.647058823529406,887.4757472883833,110.46334467336729
283.6,0.6863825033621699,0.5,47.647058823529406,9.958086779826203,39.0,47.647058823529406,887.5079258202227,110.43191522058203
283.7,0.686332407079003,0.5,47.647058823529406,9.965460449966486,39.0,47.647058823529406,887.5400847808297,110.4005050710095
283.8,0.6862823223195587,0.5,47.647058823529406,9.972832578792577,39.0,47.647058823529406,887.5722241693859,110.369114225507
283.90000000000003,0.6862322490816063,0.5,47.647058823529406,9.98020316696136,39.0,47.647058823529406,887.6043439850731,110.33774268493117
284.0,0.6861821873629158,0.5,47.647058823529406,9.987572215129774,39.0,47.647058823529406,887.6364442270739,110.306390450138
284.1,0.6861321371612572,0.5,47.647058823529406,9.994939723954701,39.0,47.647058823529406,887.6685248945715,110.27505752198283
284.2,0.6860820984744009,0.5,47.647058823529406,10.002305694093025,39.0,47.647058823529406,887.7005859867498,110.24374390132041
284.3,0.6860320713001175,0.5,47.647058823529406,10.009670126201684,39.0,47.647058823529406,887.7326275027935,110.21244958900483
284.40000000000003,0.6859820556361779,0.5,47.647058823529406,10.017033020937731,39.0,47.647058823529406,887.7646494418875,110.18117458588955
284.5,0.6859320514803534,0.5,47.647058823529406,10.02439437895822,39.0,47.647058823529406,887.7966518032176,110.1499188928274
284.6,0.6858820588304151,0.5,47.647058823529406,10.031754200920204,39.0,47.647058823529406,887.8286345859701,110.11868251067055
284.7,0.6858320776841347,0.5,47.647058823529406,10.03911248748085,39.0,47.647058823529406,887.8605977893321,110.08746544027059
284.8,0.6857821080392845,0.5,47.647058823529406,10.046469239297267,39.0,47.647058823529406,887.8925414124913,110.05626768247843
284.90000000000003,0.6857321498936367,0.5,47.647058823529406,10.053824457026678,39.0,47.647058823529406,887.924465454636,110.02508923814435
285.0,0.6856822032449637,0.5,47.647058823529406,10.061178141326366,39.0,47.647058823529406,887.9563699149552,109.99393010811801
285.1,0.6856322680910379,0.5,47.647058823529406,10.068530292853552,39.0,47.647058823529406,887.9882547926385,109.9627902932484
285.2,0.6855823444296332,0.5,47.647058823529406,10.075880912265688,39.0,47.647058823529406,888.020120086876,109.93166979438395
285.3,0.6855324322585222,0.5,47.647058823529406,10.083230000219999,39.0,47.647058823529406,888.0519657968587,109.90056861237235
285.40000000000003,0.6854825315754787,0.5,47.647058823529406,10.090577557373933,39.0,47.647058823529406,888.083791921778,109.86948674806074
285.5,0.6854326423782765,0.5,47.647058823529406,10.097923584384944,39.0,47.647058823529406,888.1155984608262,109.83842420229554
285.6,0.6853827646646897,0.5,47.647058823529406,10.10526808191048,39.0,47.647058823529406,888.1473854131958,109.80738097592261
285.7,0.685332898432493,0.5,47.647058823529406,10.112611050608052,39.0,47.647058823529406,888.1791527780804,109.77635706978715
285.8,0.6852830436794606,0.5,47.647058823529406,10.119952491135166,39.0,47.647058823529406,888.2109005546738,109.7453524847337
285.90000000000003,0.6852332004033678,0.5,47.647058823529406,10.127292404149387,39.0,47.647058823529406,888.242628742171,109.71436722160618
286.0,0.6851833686019897,0.5,47.647058823529406,10.13463079030845,39.0,47.647058823529406,888.2743373397669,109.68340128124787
286.1,0.6851335482731016,0.5,47.647058823529406,10.141967650269919,39.0,47.647058823529406,888.3060263466577,109.65245466450139
286.2,0.6850837394144792,0.5,47.647058823529406,10.149302984691474,39.0,47.647058823529406,888.3376957620401,109.62152737220876
286.3,0.6850339420238989,0.5,47.647058823529406,10.156636794230906,39.0,47.647058823529406,888.3693455851113,109.59061940521133
286.40000000000003,0.6849841560991367,0.5,47.647058823529406,10.163969079546007,39.0,47.647058823529406,888.4009758150692,109.55973076434984
286.5,0.684934381637969,0.5,47.647058823529406,10.171299841294513,39.0,47.647058823529406,888.432586451112,109.52886145046435
286.6,0.6848846186381728,0.5,47.647058823529406,10.178629080134328,39.0,47.647058823529406,888.4641774924391,109.49801146439428
286.7,0.6848348670975255,0.5,47.647058823529406,10.185956796723246,39.0,47.647058823529406,888.4957489382505,109.46718080697849
286.8,0.684785127013804,0.5,47.647058823529406,10.19328299171923,39.0,47.647058823529406,888.5273007877464,109.43636947905509
286.90000000000003,0.6847353983847859,0.5,47.647058823529406,10.200607665780126,39.0,47.647058823529406,888.5588330401278,109.40557748146162
287.0,0.6846856812082494,0.5,47.647058823529406,10.20793081956407,39.0,47.647058823529406,888.5903456945965,109.37480481503493
287.1,0.6846359754819724,0.5,47.647058823529406,10.215252453729022,39.0,47.647058823529406,888.6218387503549,109.3440514806113
287.2,0.6845862812037335,0.5,47.647058823529406,10.222572568932947,39.0,47.647058823529406,888.6533122066058,109.3133174790263
287.3,0.6845365983713112,0.5,47.647058823529406,10.22989116583409,39.0,47.647058823529406,888.6847660625532,109.28260281111487
287.40000000000003,0.6844869269824846,0.5,47.647058823529406,10.237208245090528,39.0,47.647058823529406,888.716200317401,109.25190747771133
287.5,0.6844372670350332,0.5,47.647058823529406,10.244523807360338,39.0,47.647058823529406,888.7476149703542,109.22123147964936
287.6,0.684387618526736,0.5,47.647058823529406,10.251837853301765,39.0,47.647058823529406,888.7790100206186,109.19057481776198
287.7,0.6843379814553732,0.5,47.647058823529406,10.259150383573058,39.0,47.647058823529406,888.8103854674002,109.15993749288157
287.8,0.6842883558187247,0.5,47.647058823529406,10.266461398832519,39.0,47.647058823529406,888.8417413099061,109.12931950583989
287.90000000000003,0.684238741614571,0.5,47.647058823529406,10.273770899738338,39.0,47.647058823529406,888.8730775473433,109.09872085746801
288.0,0.6841891388406922,0.5,47.647058823529406,10.281078886948933,39.0,47.647058823529406,888.9043941789203,109.0681415485964
288.1,0.6841395474948697,0.5,47.647058823529406,10.288385361122664,39.0,47.647058823529406,888.9356912038457,109.03758158005486
288.2,0.6840899675748845,0.5,47.647058823529406,10.295690322917835,39.0,47.647058823529406,888.9669686213291,109.00704095267257
288.3,0.6840403990785179,0.5,47.647058823529406,10.302993772993034,39.0,47.647058823529406,888.9982264305805,108.97651966727805
288.40000000000003,0.6839908420035515,0.5,47.647058823529406,10.31029571200662,39.0,47.647058823529406,889.0294646308106,108.94601772469915
288.5,0.6839412963477675,0.5,47.647058823529406,10.317596140617184,39.0,47.647058823529406,889.0606832212306,108.9155351257631
288.6,0.6838917621089479,0.5,47.647058823529406,10.324895059483197,39.0,47.647058823529406,889.0918822010528,108.88507187129653
288.7,0.6838422392848753,0.5,47.647058823529406,10.332192469263191,39.0,47.647058823529406,889.1230615694897,108.85462796212536
288.8,0.6837927278733323,0.5,47.647058823529406,10.339488370615925,39.0,47.647058823529406,889.1542213257543,108.82420339907489
288.90000000000003,0.6837432278721021,0.5,47.647058823529406,10.346782764199872,39.0,47.647058823529406,889.1853614690608,108.79379818296978
289.0,0.6836937392789678,0.5,47.647058823529406,10.354075650673735,39.0,47.647058823529406,889.2164819986236,108.76341231463402
289.1,0.683644262091713,0.5,47.647058823529406,10.361367030696329,39.0,47.647058823529406,889.2475829136582,108.73304579489098
289.2,0.6835947963081218,0.5,47.647058823529406,10.368656904926297,39.0,47.647058823529406,889.2786642133801,108.70269862456338
289.3,0.683545341925978,0.5,47.647058823529406,10.375945274022513,39.0,47.647058823529406,889.3097258970062,108.67237080447327
289.40000000000003,0.6834958989430662,0.5,47.647058823529406,10.38323213864362,39.0,47.647058823529406,889.3407679637534,108.64206233544212
289.5,0.683446467357171,0.5,47.647058823529406,10.390517499448492,39.0,47.647058823529406,889.3717904128397,108.61177321829065
289.6,0.683397047166077,0.5,47.647058823529406,10.397801357096057,39.0,47.647058823529406,889.4027932434832,108.58150345383899
289.7,0.6833476383675697,0.5,47.647058823529406,10.405083712245187,39.0,47.647058823529406,889.4337764549032,108.55125304290665
289.8,0.6832982409594345,0.5,47.647058823529406,10.41236456555481,39.0,47.647058823529406,889.4647400463195,108.52102198631245
289.90000000000003,0.6832488549394571,0.5,47.647058823529406,10.419643917683914,39.0,47.647058823529406,889.4956840169524,108.49081028487457
290.0,0.6831994803054235,0.5,47.647058823529406,10.426921769291482,39.0,47.647058823529406,889.5266083660229,108.46061793941055
290.1,0.68315011705512,0.5,47.647058823529406,10.434198121036616,39.0,47.647058823529406,889.5575130927526,108.4304449507373
290.2,0.6831007651863329,0.5,47.647058823529406,10.4414729735783,39.0,47.647058823529406,889.588398196364,108.40029131967101
290.3,0.6830514246968492,0.5,47.647058823529406,10.448746327575577,39.0,47.647058823529406,889.6192636760801,108.37015704702735
290.40000000000003,0.6830020955844562,0.5,47.647058823529406,10.456018183687661,39.0,47.647058823529406,889.6501095311243,108.3400421336212
290.5,0.6829527778469411,0.5,47.647058823529406,10.463288542573707,39.0,47.647058823529406,889.6809357607208,108.30994658026687
290.6,0.6829034714820915,0.5,47.647058823529406,10.470557404892816,39.0,47.647058823529406,889.7117423640947,108.27987038777802
290.7,0.6828541764876951,0.5,47.647058823529406,10.477824771304256,39.0,47.647058823529406,889.7425293404715,108.24981355696762
290.8,0.6828048928615404,0.5,47.647058823529406,10.485090642467298,39.0,47.647058823529406,889.7732966890773,108.21977608864806
290.90000000000003,0.6827556206014157,0.5,47.647058823529406,10.492355019041156,39.0,47.647058823529406,889.804044409139,108.18975798363101
291.0,0.6827063597051095,0.5,47.647058823529406,10.499617901685212,39.0,47.647058823529406,889.8347724998844,108.15975924272752
291.1,0.6826571101704109,0.5,47.647058823529406,10.50687929105868,39.0,47.647058823529406,889.8654809605413,108.12977986674798
291.2,0.6826078719951092,0.5,47.647058823529406,10.514139187821115,39.0,47.647058823529406,889.8961697903385,108.09981985650217
291.3,0.6825586451769939,0.5,47.647058823529406,10.521397592631729,39.0,47.647058823529406,889.9268389885056,108.06987921279917
291.40000000000003,0.6825094297138549,0.5,47.647058823529406,10.528654506150133,39.0,47.647058823529406,889.9574885542726,108.03995793644741
291.5,0.682460225603482,0.5,47.647058823529406,10.53590992903571,39.0,47.647058823529406,889.9881184868702,108.01005602825471
291.6,0.6824110328436657,0.5,47.647058823529406,10.543163861947903,39.0,47.647058823529406,890.0187287855301,107.98017348902822
291.7,0.6823618514321964,0.5,47.647058823529406,10.550416305546264,39.0,47.647058823529406,890.0493194494841,107.95031031957443
291.8,0.6823126813668652,0.5,47.647058823529406,10.557667260490405,39.0,47.647058823529406,890.0798904779647,107.92046652069918
291.90000000000003,0.6822635226454632,0.5,47.647058823529406,10.564916727439766,39.0,47.647058823529406,890.1104418702056,107.89064209320767
292.0,0.6822143752657818,0.5,47.647058823529406,10.572164707054071,39.0,47.647058823529406,890.1409736254404,107.86083703790442
292.1,0.6821652392256126,0.5,47.647058823529406,10.579411199992876,39.0,47.647058823529406,890.1714857429041,107.83105135559335
292.2,0.6821161145227476,0.5,47.647058823529406,10.586656206915961,39.0,47.647058823529406,890.2019782218317,107.80128504707764
292.3,0.6821991366884134,0.5,27.647058823529413,10.56365091137934,39.0,25.882352941176475,890.2324644069685,107.77152479154181
292.40000000000003,0.6822821477386357,0.5,27.647058823529413,10.54065497931964,39.0,25.882352941176475,890.2629642648225,107.74175065807813
292.5,0.6823651476755791,0.5,27.647058823529413,10.517668410772842,39.0,25.882352941176475,890.2934777098423,107.7119627318203
292.6,0.6824481365014071,0.5,27.647058823529413,10.494691205757192,39.0,25.882352941176475,890.3240046567596,107.68216109762086
292.7,0.6825311142182827,0.5,27.647058823529413,10.471723364273885,39.0,25.882352941176475,890.3545450205892,107.65234584005219
292.8,0.6826140808283679,0.5,27.647058823529413,10.448764886306776,39.0,25.882352941176475,890.3850987166268,107.62251704340731
292.90000000000003,0.6826970363338246,0.5,27.647058823529413,10.42581577182267,39.0,25.882352941176475,890.415665660449,107.59267479170077
293.0,0.6827799807368137,0.5,27.647058823529413,10.402876020771146,39.0,25.882352941176475,890.446245767912,107.56281916866952
293.1,0.682862914039495,0.5,27.647058823529413,10.379945633084901,39.0,25.882352941176475,890.4768389551513,107.53295025777378
293.2,0.6829458362440282,0.5,27.647058823529413,10.35702460867958,39.0,25.882352941176475,890.50744513858,107.50306814219785
293.3,0.6830287473525721,0.5,27.647058823529413,10.334112947453889,39.0,25.882352941176475,890.5380642348889,107.47317290485111
293.40000000000003,0.6831116473672849,0.5,27.647058823529413,10.311210649289762,39.0,25.882352941176475,890.5686961610445,107.44326462836872
293.5,0.6831945362903241,0.5,27.647058823529413,10.288317714052425,39.0,25.882352941176475,890.5993408342891,107.4133433951126
293.6,0.6832774141238466,0.5,27.647058823529413,10.265434141590276,39.0,25.882352941176475,890.6299981721396,107.38340928717221
293.7,0.6833602808700081,0.5,27.647058823529413,10.242559931735173,39.0,25.882352941176475,890.6606680923863,107.35346238636538
293.8,0.6834431365309646,0.5,27.647058823529413,10.219695084302373,39.0,25.882352941176475,890.691350513093,107.32350277423926
293.90000000000003,0.6835259811088702,0.5,27.647058823529413,10.196839599090652,39.0,25.882352941176475,890.7220453525946,107.2935305320711
294.0,0.6836088146058794,0.5,27.647058823529413,10.173993475882241,39.0,25.882352941176475,890.7527525294981,107.26354574086908
294.1,0.6836916370241454,0.5,27.647058823529413,10.151156714443061,39.0,25.882352941176475,890.78347196268,107.2335484813732
294.2,0.6837744483658209,0.5,27.647058823529413,10.128329314522773,39.0,25.882352941176475,890.8142035712866,107.20353883405609
294.3,0.6838572486330581,0.5,27.647058823529413,10.105511275854667,39.0,25.882352941176475,890.8449472747329,107.17351687912382
294.40000000000003,0.6839400378280079,0.5,27.647058823529413,10.08270259815589,39.0,25.882352941176475,890.8757029927017,107.1434826965168
294.5,0.6840228159528217,0.5,27.647058823529413,10.059903281127447,39.0,25.882352941176475,890.9064706451425,107.11343636591052
294.6,0.6841055830096487,0.5,27.647058823529413,10.037113324454367,39.0,25.882352941176475,890.937250152271,107.08337796671648
294.7,0.6841883390006388,0.5,27.647058823529413,10.014332727805481,39.0,25.882352941176475,890.9680414345681,107.05330757808295
294.8,0.6842710839279404,0.5,27.647058823529413,9.99156149083393,39.0,25.882352941176475,890.9988444127795,107.02322527889585
294.90000000000003,0.6843538177937016,0.5,27.647058823529413,9.96879961317677,39.0,25.882352941176475,891.029659007914,106.99313114777947
295.0,0.6844365406000695,0.5,27.647058823529413,9.946047094455423,39.0,25.882352941176475,891.0604851412435,106.96302526309738
295.1,0.6845192523491904,0.5,27.647058823529413,9.923303934275282,39.0,25.882352941176475,891.0913227343016,106.93290770295322
295.2,0.6846019530432108,0.5,27.647058823529413,9.900570132226335,39.0,25.882352941176475,891.1221717088831,106.9027785451915
295.3,0.6846846426842758,0.5,27.647058823529413,9.877845687882711,39.0,25.882352941176475,891.1530319870435,106.87263786739841
295.40000000000003,0.6847673212745298,0.5,27.647058823529413,9.855130600803136,39.0,25.882352941176475,891.1839034910972,106.84248574690268
295.5,0.6848499888161168,0.5,27.647058823529413,9.832424870530701,39.0,25.882352941176475,891.2147861436176,106.81232226077631
295.6,0.6849326453111801,0.5,27.647058823529413,9.809728496593152,39.0,25.882352941176475,891.2456798674361,106.78214748583544
295.7,0.6850152907618622,0.5,27.647058823529413,9.787041478502772,39.0,25.882352941176475,891.2765845856409,106.75196149864108
295.8,0.685097925170305,0.5,27.647058823529413,9.76436381575661,39.0,25.882352941176475,891.3075002215766,106.72176437549999
295.90000000000003,0.6851805485386496,0.5,27.647058823529413,9.741695507836255,39.0,25.882352941176475,891.3384266988433,106.6915561924654
296.0,0.6852631608690366,0.5,27.647058823529413,9.71903655420823,39.0,25.882352941176475,891.3693639412953,106.66133702533787
296.1,0.6853457621636057,0.5,27.647058823529413,9.696386954323884,39.0,25.882352941176475,891.4003118730417,106.63110694966606
296.2,0.6854283524244964,0.5,27.647058823529413,9.673746707619443,39.0,25.882352941176475,891.4312704184437,106.60086604074748
296.3,0.6855109316538469,0.5,27.647058823529413,9.651115813516242,39.0,25.882352941176475,891.462239502115,106.57061437362928
296.40000000000003,0.6855934998537954,0.5,27.647058823529413,9.628494271420436,39.0,25.882352941176475,891.4932190489213,106.54035202310915
296.5,0.6856760570264788,0.5,27.647058823529413,9.605882080723404,39.0,25.882352941176475,891.5242089839783,106.51007906373596
296.6,0.6857586031740336,0.5,27.647058823529413,9.583279240801573,39.0,25.882352941176475,891.5552092326521,106.47979556981056
296.7,0.6858411382985956,0.5,27.647058823529413,9.560685751016592,39.0,25.882352941176475,891.5862197205576,106.44950161538665
296.8,0.6859236624023001,0.5,27.647058823529413,9.538101610715614,39.0,25.882352941176475,891.617240373558,106.41919727427148
296.90000000000003,0.6860061754872814,0.5,27.647058823529413,9.515526819230672,39.0,25.882352941176475,891.6482711177642,106.38888262002662
297.0,0.6860886775556735,0.5,27.647058823529413,9.492961375879474,39.0,25.882352941176475,891.6793118795339,106.35855772596875
297.1,0.6861711686096096,0.5,27.647058823529413,9.470405279965178,39.0,25.882352941176475,891.7103625854709,106.32822266517046
297.2,0.686253648651222,0.5,27.647058823529413,9.447858530776386,39.0,25.882352941176475,891.741423162424,106.29787751046092
297.3,0.6863361176826425,0.5,27.647058823529413,9.42532112758704,39.0,25.882352941176475,891.7724935374863,106.26752233442673
297.40000000000003,0.6864185757060022,0.5,27.647058823529413,9.40279306965698,39.0,25.882352941176475,891.803573637995,106.23715720941269
297.5,0.6865010227234317,0.5,27.647058823529413,9.380274356231666,39.0,25.882352941176475,891.83466339153,106.20678220752247
297.6,0.6865834587370611,0.5,27.647058823529413,9.357764986542179,39.0,25.882352941176475,891.8657627259132,106.17639740061945
297.7,0.686665883749019,0.5,27.647058823529413,9.3352649598055,39.0,25.882352941176475,891.8968715692084,106.1460028603274
297.8,0.6867482977614341,0.5,27.647058823529413,9.312774275224172,39.0,25.882352941176475,891.9279898497196,106.11559865803133
297.90000000000003,0.686830700776434,0.5,27.647058823529413,9.29029293198704,39.0,25.882352941176475,891.9591174959907,106.08518486487816
298.0,0.6869130927961462,0.5,27.647058823529413,9.26782092926851,39.0,25.882352941176475,891.9902544368048,106.05476155177747
298.1,0.686995473822697,0.5,27.647058823529413,9.245358266229232,39.0,25.882352941176475,892.0214006011835,106.02432878940229
298.2,0.6870778438582121,0.5,27.647058823529413,9.222904942015873,39.0,25.882352941176475,892.0525559183859,105.9938866481898
298.3,0.6871602029048167,0.5,27.647058823529413,9.20046095576123,39.0,25.882352941176475,892.083720317908,105.96343519834208
298.40000000000003,0.6872425509646352,0.5,27.647058823529413,9.178026306584059,39.0,25.882352941176475,892.114893729482,105.93297450982686
298.5,0.6873248880397915,0.5,27.647058823529413,9.155600993589587,39.0,25.882352941176475,892.1460760830753,105.90250465237827
298.6,0.6874072141324087,0.5,27.647058823529413,9.133185015869344,39.0,25.882352941176475,892.1772673088902,105.8720256954975
298.7,0.6874895292446094,0.5,27.647058823529413,9.110778372500988,39.0,25.882352941176475,892.2084673373629,105.84153770845366
298.8,0.687571833378515,0.5,27.647058823529413,9.088381062548706,39.0,25.882352941176475,892.2396760991627,105.81104076028437
298.90000000000003,0.687654126536247,0.5,27.647058823529413,9.065993085063212,39.0,25.882352941176475,892.2708935251911,105.7805349197966
299.0,0.6877364087199259,0.5,27.647058823529413,9.04361443908141,39.0,25.882352941176475,892.3021195465819,105.75002025556724
299.1,0.6878186799316715,0.5,27.647058823529413,9.021245123627125,39.0,25.882352941176475,892.3333540946993,105.71949683594403
299.2,0.6879009401736026,0.5,27.647058823529413,8.998885137710488,39.0,25.882352941176475,892.3645971011381,105.68896472904612
299.3,0.6879831894478383,0.5,27.647058823529413,8.976534480328553,39.0,25.882352941176475,892.3958484977226,105.65842400276487
299.40000000000003,0.6880654277564962,0.5,27.647058823529413,8.954193150464903,39.0,25.882352941176475,892.4271082165058,105.62787472476451
299.5,0.6881476551016931,0.5,27.647058823529413,8.931861147089876,39.0,25.882352941176475,892.458376189769,105.59731696248289
299.6,0.6882298714855458,0.5,27.647058823529413,8.909538469160736,39.0,25.882352941176475,892.4896523500204,105.5667507831322
299.7,0.6883120769101702,0.5,27.647058823529413,8.887225115621675,39.0,25.882352941176475,892.5209366299955,105.53617625369964
299.8,0.6883942713776814,0.5,27.647058823529413,8.864921085403637,39.0,25.882352941176475,892.5522289626554,105.50559344094813
299.90000000000003,0.6884764548901939,0.5,27.647058823529413,8.842626377424722,39.0,25.882352941176475,892.5835292811864,105.47500241141707
300.0,0.6885586274498217,0.5,27.647058823529413,8.820340990589898,39.0,25.882352941176475,892.6148375189995,105.44440323142294
300.1,0.6886407890586775,0.5,27.647058823529413,8.798064923791287,39.0,25.882352941176475,892.6461536097295,105.41379596706012
300.2,0.6887229397188747,0.5,27.647058823529413,8.775798175908221,39.0,25.882352941176475,892.6774774872343,105.38318068420155
300.3,0.6888050794325246,0.5,27.647058823529413,8.753540745807072,39.0,25.882352941176475,892.7088090855942,105.35255744849935
300.40000000000003,0.6888872082017384,0.5,27.647058823529413,8.731292632341649,39.0,25.882352941176475,892.740148339111,105.32192632538556
300.5,0.6889693260286268,0.5,27.647058823529413,8.709053834352801,39.0,25.882352941176475,892.7714951823078,105.29128738007289
300.6,0.6890514329152998,0.5,27.647058823529413,8.686824350668928,39.0,25.882352941176475,892.8028495499282,105.26064067755534
300.7,0.6891335288638666,0.5,27.647058823529413,8.664604180105869,39.0,25.882352941176475,892.8342113769347,105.22998628260889
300.8,0.6892156138764356,0.5,27.647058823529413,8.64239332146667,39.0,25.882352941176475,892.8655805985096,105.19932425979225
300.90000000000003,0.689297687955115,0.5,27.647058823529413,8.620191773542047,39.0,25.882352941176475,892.8969571500529,105.16865467344743
301.0,0.6893797511020119,0.5,27.647058823529413,8.597999535110205,39.0,25.882352941176475,892.9283409671824,105.13797758770056
301.1,0.689461803319233,0.5,27.647058823529413,8.575816604937017,39.0,25.882352941176475,892.9597319857326,105.10729306646242
301.2,0.6895438446088843,0.5,27.647058823529413,8.553642981775909,39.0,25.882352941176475,892.9911301417542,105.07660117342927
301.3,0.6896258749730709,0.5,27.647058823529413,8.531478664368137,39.0,25.882352941176475,893.022535371514,105.04590197208339
301.40000000000003,0.6897078944138976,0.5,27.647058823529413,8.509323651442514,39.0,25.882352941176475,893.0539476114926,105.01519552569381
301.5,0.6897899029334685,0.5,27.647058823529413,8.487177941715856,39.0,25.882352941176475,893.0853667983855,104.98448189731702
301.6,0.6898719005338869,0.5,27.647058823529413,8.465041533892702,39.0,25.882352941176475,893.1167928691016,104.95376114979757
301.7,0.6899538872172553,0.5,27.647058823529413,8.442914426665595,39.0,25.882352941176475,893.1482257607624,104.92303334576876
301.8,0.6900358629856757,0.5,27.647058823529413,8.420796618714917,39.0,25.882352941176475,893.1796654107017,104.89229854765333
301.90000000000003,0.6901178278412498,0.5,27.647058823529413,8.39868810870911,39.0,25.882352941176475,893.2111117564644,104.86155681766404
302.0,0.6901997817860779,0.5,27.647058823529413,8.376588895304508,39.0,25.882352941176475,893.2425647358068,104.8308082178045
302.1,0.6902817248222604,0.5,27.647058823529413,8.354498977145909,39.0,25.882352941176475,893.274024286695,104.80005280986963
302.2,0.6903636569518966,0.5,27.647058823529413,8.332418352865943,39.0,25.882352941176475,893.3054903473046,104.76929065544641
302.3,0.6904455781770852,0.5,27.647058823529413,8.310347021085533,39.0,25.882352941176475,893.3369628560203,104.73852181591458
302.40000000000003,0.6905274884999243,0.5,27.647058823529413,8.288284980413778,39.0,25.882352941176475,893.3684417514344,104.70774635244722
302.5,0.6906093879225115,0.5,27.647058823529413,8.266232229448235,39.0,25.882352941176475,893.3999269723471,104.67696432601136
302.6,0.6906912764469435,0.5,27.647058823529413,8.244188766774641,39.0,25.882352941176475,893.4314184577654,104.64617579736878
302.7,0.6907731540753165,0.5,27.647058823529413,8.222154590967136,39.0,25.882352941176475,893.4629161469026,104.61538082707654
302.8,0.6908550208097259,0.5,27.647058823529413,8.200129700588548,39.0,25.882352941176475,893.4944199791772,104.58457947548762
302.90000000000003,0.6909368766522667,0.5,27.647058823529413,8.17811409418971,39.0,25.882352941176475,893.5259298942132,104.5537718027516
303.0,0.6910187216050331,0.5,27.647058823529413,8.156107770310427,39.0,25.882352941176475,893.557445831838,104.5229578688153
303.1,0.6911005556701184,0.5,27.647058823529413,8.134110727478912,39.0,25.882352941176475,893.5889677320835,104.49213773342342
303.2,0.6911823788496158,0.5,27.647058823529413,8.112122964211949,39.0,25.882352941176475,893.6204955351837,104.46131145611913
303.3,0.6912641911456173,0.5,27.647058823529413,8.090144479014953,39.0,25.882352941176475,893.6520291815758,104.4304790962448
303.40000000000003,0.6913459925602148,0.5,27.647058823529413,8.068175270382369,39.0,25.882352941176475,893.6835686118982,104.39964071294247
303.5,0.6914277830954988,0.5,27.647058823529413,8.046215336797104,39.0,25.882352941176475,893.7151137669905,104.36879636515468
303.6,0.6915095627535599,0.5,27.647058823529413,8.02426467673098,39.0,25.882352941176475,893.7466645878925,104.33794611162496
303.7,0.6915913315364877,0.5,27.647058823529413,8.002323288644732,39.0,25.882352941176475,893.7782210158439,104.30709001089849
303.8,0.6916730894463713,0.5,27.647058823529413,7.980391170987787,39.0,25.882352941176475,893.8097829922838,104.27622812132275
303.90000000000003,0.6917548364852988,0.5,27.647058823529413,7.958468322198883,39.0,25.882352941176475,893.8413504588497,104.24536050104813
304.0,0.691836572655358,0.5,27.647058823529413,7.93655474070539,39.0,25.882352941176475,893.8729233573766,104.21448720802849
304.1,0.6919182979586361,0.5,27.647058823529413,7.914650424924048,39.0,25.882352941176475,893.9045016298977,104.18360830002186
304.2,0.6920000123972194,0.5,27.647058823529413,7.8927553732604,39.0,25.882352941176475,893.9360852186419,104.15272383459106
304.3,0.6920817159731937,0.5,27.647058823529413,7.870869584109414,39.0,25.882352941176475,893.9676740660348,104.12183386910424
304.40000000000003,0.692163408688644,0.5,27.647058823529413,7.848993055854976,39.0,25.882352941176475,893.9992681146969,104.09093846073557
304.5,0.6922450905456548,0.5,27.647058823529413,7.82712578687034,39.0,25.882352941176475,894.0308673074437,104.06003766646577
304.6,0.69232676154631,0.5,27.647058823529413,7.805267775518075,39.0,25.882352941176475,894.0624715872854,104.02913154308283
304.7,0.6924084216926928,0.5,27.647058823529413,7.783419020149836,39.0,25.882352941176475,894.0940808974248,103.99822014718248
304.8,0.6924900709868855,0.5,27.647058823529413,7.761579519106874,39.0,25.882352941176475,894.1256951812586,103.96730353516891
304.90000000000003,0.6925717094309704,0.5,27.647058823529413,7.739749270719756,39.0,25.882352941176475,894.1573143823751,103.93638176325534
305.0,0.6926533370270284,0.5,27.647058823529413,7.717928273308644,39.0,25.882352941176475,894.1889384445552,103.90545488746459
305.1,0.6927349537771402,0.5,27.647058823529413,7.696116525182958,39.0,25.882352941176475,894.2205673117701,103.8745229636297
305.2,0.6928165596833858,0.5,27.647058823529413,7.674314024641774,39.0,25.882352941176475,894.2522009281818,103.84358604739454
305.3,0.6928981547478446,0.5,27.647058823529413,7.652520769973762,39.0,25.882352941176475,894.2838392381426,103.8126441942144
305.40000000000003,0.6929797389725949,0.5,27.647058823529413,7.630736759457307,39.0,25.882352941176475,894.3154821861938,103.78169745935658
305.5,0.6930613123597151,0.5,27.647058823529413,7.608961991360275,39.0,25.882352941176475,894.3471297170655,103.75074589790096
305.6,0.6931428749112825,0.5,27.647058823529413,7.587196463940302,39.0,25.882352941176475,894.3787817756761,103.71978956474062
305.7,0.6932244266293736,0.5,27.647058823529413,7.565440175444849,39.0,25.882352941176475,894.4104383071314,103.68882851458247
305.8,0.6933059675160647,0.5,27.647058823529413,7.543693124111144,39.0,25.882352941176475,894.4420992567238,103.65786280194767
305.90000000000003,0.6933874975734312,0.5,27.647058823529413,7.521955308166355,39.0,25.882352941176475,894.473764569933,103.62689248117248
306.0,0.693469016803548,0.5,27.647058823529413,7.500226725827304,39.0,25.882352941176475,894.5054341924236,103.59591760640859
306.1,0.693550525208489,0.5,27.647058823529413,7.478507375301035,39.0,25.882352941176475,894.5371080700462,103.56493823162384
306.2,0.6936320227903282,0.5,27.647058823529413,7.456797254784362,39.0,25.882352941176475,894.5687861488351,103.53395441060277
306.3,0.6937135095511381,0.5,27.647058823529413,7.435096362464208,39.0,25.882352941176475,894.6004683750092,103.50296619694718
306.40000000000003,0.6937949854929909,0.5,27.647058823529413,7.413404696517603,39.0,25.882352941176475,894.6321546949707,103.47197364407673
306.5,0.6938764506179584,0.5,27.647058823529413,7.3917222551114605,39.0,25.882352941176475,894.6638450553048,103.44097680522948
306.6,0.6939579049281116,0.5,27.647058823529413,7.3700490364030316,39.0,25.882352941176475,894.6955394027789,103.40997573346253
306.7,0.6940393484255208,0.5,27.647058823529413,7.348385038539789,39.0,25.882352941176475,894.7272376843421,103.37897048165247
306.8,0.6941207811122557,0.5,27.647058823529413,7.3267302596592,39.0,25.882352941176475,894.7589398471248,103.34796110249613
306.90000000000003,0.6942022029903854,0.5,27.647058823529413,7.305084697889356,39.0,25.882352941176475,894.7906458384377,103.31694764851096
307.0,0.6942836140619781,0.5,27.647058823529413,7.283448351348341,39.0,25.882352941176475,894.8223556057718,103.2859301720357
307.1,0.6943650143291017,0.5,27.647058823529413,7.261821218144689,39.0,25.882352941176475,894.8540690967973,103.25490872523093
307.20000000000005,0.6944464037938233,0.5,27.647058823529413,7.2402032963774445,39.0,25.882352941176475,894.8857862593633,103.2238833600796
307.3,0.6945277824582093,0.5,27.647058823529413,7.218594584135985,39.0,25.882352941176475,894.9175070414972,103.19285412838762
307.40000000000003,0.6946091503243259,0.5,27.647058823529413,7.196995079500084,39.0,25.882352941176475,894.9492313914042,103.16182108178444
307.5,0.6946905073942381,0.5,27.647058823529413,7.175404780540191,39.0,25.882352941176475,894.9809592574667,103.13078427172348
307.6,0.6947718536700105,0.5,27.647058823529413,7.15382368531715,39.0,25.882352941176475,895.0126905882437,103.09974374948291
307.70000000000005,0.6948531891537069,0.5,27.647058823529413,7.132251791882652,39.0,25.882352941176475,895.0444253324702,103.068699566166
307.8,0.6949345138473909,0.5,27.647058823529413,7.110689098278954,39.0,25.882352941176475,895.0761634390567,103.03765177270174
307.90000000000003,0.6950158277531249,0.5,27.647058823529413,7.089135602538704,39.0,25.882352941176475,895.1079048570888,103.0066004198454
308.0,0.6950971308729711,0.5,27.647058823529413,7.067591302685571,39.0,25.882352941176475,895.1396495358263,102.97554555817909
308.1,0.6951784232089907,0.5,27.647058823529413,7.0460561967338435,39.0,25.882352941176475,895.171397424703,102.94448723811227
308.20000000000005,0.695259704763245,0.5,27.647058823529413,7.024530282688772,39.0,25.882352941176475,895.2031484733259,102.91342550988232
308.3,0.6953409755377934,0.5,27.647058823529413,7.0030135585463995,39.0,25.882352941176475,895.2349026314746,102.88236042355507
308.40000000000003,0.6954222355346961,0.5,27.647058823529413,6.981506022293502,39.0,25.882352941176475,895.2666598491013,102.85129202902536
308.5,0.6955034847560114,0.5,27.647058823529413,6.960007671907931,39.0,25.882352941176475,895.2984200763295,102.82022037601752
308.6,0.6955847232037978,0.5,27.647058823529413,6.938518505358331,39.0,25.882352941176475,895.3301832634542,102.78914551408602
308.70000000000005,0.6956659508801131,0.5,27.647058823529413,6.917038520604592,39.0,25.882352941176475,895.3619493609403,102.75806749261585
308.8,0.6957471677870141,0.5,27.647058823529413,6.8955677155973945,39.0,25.882352941176475,895.3937183194237,102.72698636082323
308.90000000000003,0.6958283739265568,0.5,27.647058823529413,6.8741060882786655,39.0,25.882352941176475,895.425490089709,102.69590216775602
309.0,0.6959095693007972,0.5,27.647058823529413,6.852653636581408,39.0,25.882352941176475,895.4572646227699,102.66481496229427
309.1,0.6959907539117904,0.5,27.647058823529413,6.831210358429701,39.0,25.882352941176475,895.4890418697488,102.63372479315076
309.20000000000005,0.6960719277615909,0.5,27.647058823529413,6.809776251738867,39.0,25.882352941176475,895.520821781956,102.6026317088716
309.3,0.6961530908522523,0.5,27.647058823529413,6.788351314415479,39.0,25.882352941176475,895.5526043108688,102.57153575783659
309.40000000000003,0.6962342431858279,0.5,27.647058823529413,6.766935544357523,39.0,25.882352941176475,895.5843894081316,102.5404369882599
309.5,0.6963153847643703,0.5,27.647058823529413,6.745528939453948,39.0,25.882352941176475,895.6161770255552,102.50933544819053
309.6,0.6963965155899313,0.5,27.647058823529413,6.724131497585347,39.0,25.882352941176475,895.647967115116,102.47823118551283
309.70000000000005,0.6964776356645621,0.5,27.647058823529413,6.702743216623617,39.0,25.882352941176475,895.6797596289555,102.44712424794702
309.8,0.6965587449903137,0.5,27.647058823529413,6.68136409443207,39.0,25.882352941176475,895.7115545193803,102.41601468304972
309.90000000000003,0.6966398435692357,0.5,27.647058823529413,6.659994128865435,39.0,25.882352941176475,895.7433517388612,102.38490253821446
310.0,0.6967209314033778,0.5,27.647058823529413,6.638633317769973,39.0,25.882352941176475,895.7751512400324,102.3537878606722
310.1,0.6968020084947885,0.5,27.647058823529413,6.617281658983643,39.0,25.882352941176475,895.8069529756916,102.32267069749183
310.20000000000005,0.6968830748455161,0.5,27.647058823529413,6.595939150335653,39.0,25.882352941176475,895.838756898799,102.29155109558069
310.3,0.6969641304576082,0.5,27.647058823529413,6.574605789647023,39.0,25.882352941176475,895.870562962477,102.26042910168506
310.40000000000003,0.6970451753331114,0.5,27.647058823529413,6.553281574730363,39.0,25.882352941176475,895.9023711200094,102.22930476239071
310.5,0.6971262094740722,0.5,27.647058823529413,6.531966503390095,39.0,25.882352941176475,895.9341813248418,102.19817812412336
310.6,0.6972072328825359,0.5,27.647058823529413,6.510660573422115,39.0,25.882352941176475,895.9659935305796,102.16704923314923
310.70000000000005,0.697288245560548,0.5,27.647058823529413,6.489363782614419,39.0,25.882352941176475,895.9978076909888,102.13591813557551
310.8,0.6973692475101525,0.5,27.647058823529413,6.468076128746475,39.0,25.882352941176475,896.0296237599947,102.10478487735088
310.90000000000003,0.6974502387333933,0.5,27.647058823529413,6.446797609589737,39.0,25.882352941176475,896.0614416916819,102.07364950426597
311.0,0.6975312192323133,0.5,27.647058823529413,6.425528222907531,39.0,25.882352941176475,896.0932614402938,102.04251206195396
311.1,0.6976121890089553,0.5,27.647058823529413,6.404267966454995,39.0,25.882352941176475,896.1250829602315,102.0113725958909
311.20000000000005,0.6976931480653608,0.5,27.647058823529413,6.383016837979369,39.0,25.882352941176475,896.1569062060538,101.98023115139642
311.3,0.6977740964035714,0.5,27.647058823529413,6.361774835219705,39.0,25.882352941176475,896.1887311324768,101.94908777363408
311.40000000000003,0.6978550340256273,0.5,27.647058823529413,6.340541955907213,39.0,25.882352941176475,896.220557694373,101.91794250761188
311.5,0.6979359609335688,0.5,27.647058823529413,6.319318197765028,39.0,25.882352941176475,896.2523858467711,101.8867953981828
311.6,0.6980168771294352,0.5,27.647058823529413,6.298103558508444,39.0,25.882352941176475,896.2842155448553,101.85564649004526
311.70000000000005,0.6980977826152651,0.5,27.647058823529413,6.276898035844795,39.0,25.882352941176475,896.3160467439652,101.82449582774356
311.8,0.6981786773930966,0.5,27.647058823529413,6.255701627473684,39.0,25.882352941176475,896.3478793995945,101.79334345566845
311.90000000000003,0.6982595614649674,0.5,27.647058823529413,6.234514331086871,39.0,25.882352941176475,896.3797134673916,101.76218941805762
312.0,0.6983404348329143,0.5,27.647058823529413,6.2133361443681565,39.0,25.882352941176475,896.4115489031583,101.73103375899605
312.1,0.6984212974989733,0.5,27.647058823529413,6.192167064993953,39.0,25.882352941176475,896.4433856628494,101.69987652241666
312.20000000000005,0.6985021494651805,0.5,27.647058823529413,6.17100709063277,39.0,25.882352941176475,896.4752237025727,101.66871775210069
312.3,0.6985829907335706,0.5,27.647058823529413,6.149856218945274,39.0,25.882352941176475,896.5070629785881,101.63755749167821
312.40000000000003,0.6986638213061781,0.5,27.647058823529413,6.128714447584855,39.0,25.882352941176475,896.5389034473071,101.60639578462857
312.5,0.6987446411850365,0.5,27.647058823529413,6.107581774197115,39.0,25.882352941176475,896.5707450652925,101.57523267428091
312.6,0.698825450372179,0.5,27.647058823529413,6.086458196419983,39.0,25.882352941176475,896.602587789258,101.54406820381465
312.70000000000005,0.6989062488696381,0.5,27.647058823529413,6.065343711884054,39.0,25.882352941176475,896.6344315760672,101.51290241625985
312.8,0.698987036679446,0.5,27.647058823529413,6.044238318212365,39.0,25.882352941176475,896.6662763827339,101.48173535449786
312.90000000000003,0.6990678138036335,0.5,27.647058823529413,6.023142013020504,39.0,25.882352941176475,896.6981221664213,101.45056706126164
313.0,0.6991485802442315,0.5,27.647058823529413,6.002054793916557,39.0,25.882352941176475,896.729968884441,101.41939757913627
313.1,0.69922933600327,0.5,27.647058823529413,5.980976658501277,39.0,25.882352941176475,896.7618164942534,101.38822695055947
313.20000000000005,0.6993100810827784,0.5,27.647058823529413,5.959907604367913,39.0,25.882352941176475,896.7936649534664,101.35705521782202
313.3,0.6993908154847853,0.5,27.647058823529413,5.938847629102668,39.0,25.882352941176475,896.8255142198358,101.3258824230682
313.40000000000003,0.6994715392113192,0.5,27.647058823529413,5.917796730284294,39.0,25.882352941176475,896.8573642512642,101.2947086082963
313.5,0.6995522522644074,0.5,27.647058823529413,5.896754905484158,39.0,25.882352941176475,896.8892150058009,101.26353381535905
313.6,0.6996329546460769,0.5,27.647058823529413,5.875722152266633,39.0,25.882352941176475,896.9210664416408,101.2323580859641
313.70000000000005,0.699713646358354,0.5,27.647058823529413,5.854698468188758,39.0,25.882352941176475,896.952918517125,101.20118146167445
313.8,0.6997943274032642,0.5,27.647058823529413,5.833683850800355,39.0,25.882352941176475,896.984771190739,101.17000398390897
313.90000000000003,0.6998749977828328,0.5,27.647058823529413,5.812678297644254,39.0,25.882352941176475,897.0166244211136,101.13882569394278
314.0,0.6999556574990842,0.5,27.647058823529413,5.791681806256236,39.0,25.882352941176475,897.0484781670237,101.10764663290772
314.1,0.7000363065540423,0.5,27.647058823529413,5.7706943741648615,39.0,25.882352941176475,897.0803323873877,101.07646684179288
314.20000000000005,0.7001169449497303,0.5,27.647058823529413,5.749715998891759,39.0,25.882352941176475,897.1121870412676,101.04528636144491
314.3,0.7001975726881706,0.5,27.647058823529413,5.728746677951392,39.0,25.882352941176475,897.1440420878678,101.0141052325686
314.40000000000003,0.7002781897713855,0.5,27.647058823529413,5.707786408851575,39.0,25.882352941176475,897.1758974865357,100.98292349572728
314.5,0.7003587962013961,0.5,27.647058823529413,5.686835189092847,39.0,25.882352941176475,897.2077531967605,100.9517411913432
314.6,0.7004393919802233,0.5,27.647058823529413,5.665893016169093,39.0,25.882352941176475,897.2396091781724,100.92055835969812
314.70000000000005,0.7005199771098872,0.5,27.647058823529413,5.644959887567154,39.0,25.882352941176475,897.2714653905432,100.88937504093361
314.8,0.7006005515924071,0.5,27.647058823529413,5.624035800767217,39.0,25.882352941176475,897.3033217937851,100.85819127505161
314.90000000000003,0.7006811154298023,0.5,27.647058823529413,5.603120753242536,39.0,25.882352941176475,897.3351783479507,100.82700710191476
315.0,0.7007616686240908,0.5,27.647058823529413,5.582214742459655,39.0,25.882352941176475,897.367035013232,100.79582256124692
315.1,0.7008422111772904,0.5,27.647058823529413,5.561317765878243,39.0,25.882352941176475,897.3988917499603,100.76463769263358
315.20000000000005,0.7009227430914181,0.5,27.647058823529413,5.540429820951488,39.0,25.882352941176475,897.4307485186057,100.73345253552233
315.3,0.7010032643684904,0.5,27.647058823529413,5.519550905125698,39.0,25.882352941176475,897.4626052797771,100.70226712922323
315.40000000000003,0.7010837750105229,0.5,27.647058823529413,5.498681015840646,39.0,25.882352941176475,897.4944619942208,100.67108151290928
315.5,0.7011642750195313,0.5,27.647058823529413,5.477820150529396,39.0,25.882352941176475,897.5263186228211,100.63989572561688
315.6,0.7012447643975297,0.5,27.647058823529413,5.456968306618535,39.0,25.882352941176475,897.5581751265992,100.60870980624624
315.70000000000005,0.7013252431465323,0.5,27.647058823529413,5.436125481528052,39.0,25.882352941176475,897.5900314667127,100.57752379356175
315.8,0.7014057112685526,0.5,27.647058823529413,5.415291672671401,39.0,25.882352941176475,897.621887604456,100.54633772619252
315.90000000000003,0.7014861687656031,0.5,27.647058823529413,5.3944668774555,39.0,25.882352941176475,897.6537435012586,100.51515164263274
316.0,0.7015666156396961,0.5,27.647058823529413,5.373651093280955,39.0,25.882352941176475,897.6855991186859,100.4839655812421
316.1,0.7016470518928435,0.5,27.647058823529413,5.352844317541837,39.0,25.882352941176475,897.717454418438,100.45277958024627
316.20000000000005,0.7017274775270557,0.5,27.647058823529413,5.332046547625794,39.0,25.882352941176475,897.7493093623495,100.42159367773722
316.3,0.7018078925443431,0.5,27.647058823529413,5.311257780913991,39.0,25.882352941176475,897.7811639123892,100.39040791167378
316.40000000000003,0.7018882969467156,0.5,27.647058823529413,5.29047801478157,39.0,25.882352941176475,897.8130180306592,100.35922231988195
316.5,0.7019686907361822,0.5,27.647058823529413,5.269707246597136,39.0,25.882352941176475,897.8448716793954,100.32803694005538
316.6,0.7020490739147516,0.5,27.647058823529413,5.24894547372304,39.0,25.882352941176475,897.8767248209662,100.29685180975574
316.70000000000005,0.7021294464844313,0.5,27.647058823529413,5.228192693515439,39.0,25.882352941176475,897.9085774178719,100.26566696641316
316.8,0.7022098084472288,0.5,27.647058823529413,5.207448903324291,39.0,25.882352941176475,897.9404294327456,100.23448244732668
316.90000000000003,0.7022901598051505,0.5,27.647058823529413,5.186714100493248,39.0,25.882352941176475,897.9722808283517,100.20329828966463
317.0,0.702370500560203,0.5,27.647058823529413,5.165988282359933,39.0,25.882352941176475,898.0041315675854,100.17211453046504
317.1,0.7024508307143911,0.5,27.647058823529413,5.14527144625572,39.0,25.882352941176475,898.0359816134733,100.14093120663604
317.20000000000005,0.70253115026972,0.5,27.647058823529413,5.12456358950584,39.0,25.882352941176475,898.0678309291712,100.10974835495632
317.3,0.7026114592281939,0.5,27.647058823529413,5.103864709429729,39.0,25.882352941176475,898.099679477966,100.07856601207546
317.40000000000003,0.7026917575918163,0.5,27.647058823529413,5.083174803340455,39.0,25.882352941176475,898.1315272232732,100.04738421451442
317.5,0.7027720453625903,0.5,27.647058823529413,5.062493868545289,39.0,25.882352941176475,898.163374128638,100.01620299866595
317.6,0.7028523225425185,0.5,27.647058823529413,5.0418219023454185,39.0,25.882352941176475,898.1952201577337,99.98502240079485
317.70000000000005,0.7029325891336025,0.5,27.647058823529413,5.02115890203612,39.0,25.882352941176475,898.2270652743622,99.95384245703856
317.8,0.7030128451378432,0.5,27.647058823529413,5.000504864906645,39.0,25.882352941176475,898.2589094424532,99.9226632034075
317.90000000000003,0.7030930905572416,0.5,27.647058823529413,4.97985978824056,39.0,25.882352941176475,898.2907526260639,99.89148467578539
318.0,0.7031733253937974,0.5,27.647058823529413,4.959223669315293,39.0,25.882352941176475,898.3225947893783,99.86030690992976
318.1,0.70325354964951,0.5,27.647058823529413,4.938596505402643,39.0,25.882352941176475,898.3544358967072,99.82912994147229
318.20000000000005,0.7033337633263785,0.5,27.647058823529413,4.917978293768442,39.0,25.882352941176475,898.3862759124876,99.79795380591922
318.3,0.7034139664264007,0.5,27.647058823529413,4.897369031672895,39.0,25.882352941176475,898.4181148012826,99.76677853865174
318.40000000000003,0.7034941589515743,0.5,27.647058823529413,4.87676871637035,39.0,25.882352941176475,898.4499525277804,99.73560417492638
318.5,0.7035743409038963,0.5,27.647058823529413,4.8561773451094155,39.0,25.882352941176475,898.4817890567941,99.70443074987548
318.6,0.7036545122853628,0.5,27.647058823529413,4.835594915133072,39.0,25.882352941176475,898.513624353262,99.67325829850745
318.70000000000005,0.7037346730979697,0.5,27.647058823529413,4.815021423678445,39.0,25.882352941176475,898.5454583822464,99.64208685570726
318.8,0.7038148233437123,0.5,27.647058823529413,4.79445686797726,39.0,25.882352941176475,898.5772911089332,99.61091645623681
318.90000000000003,0.7038949630245848,0.5,27.647058823529413,4.7739012452555585,39.0,25.882352941176475,898.6091224986319,99.57974713473526
319.0,0.7039750921425812,0.5,27.647058823529413,4.753354552733697,39.0,25.882352941176475,898.6409525167753,99.54857892571954
319.1,0.704055210699695,0.5,27.647058823529413,4.732816787626632,39.0,25.882352941176475,898.6727811289188,99.51741186358461
319.20000000000005,0.7041353186979188,0.5,27.647058823529413,4.7122879471435795,39.0,25.882352941176475,898.7046083007398,99.48624598260393
319.3,0.7042154161392448,0.5,27.647058823529413,4.6917680284883545,39.0,25.882352941176475,898.736433998038,99.45508131692979
319.40000000000003,0.7042955030256642,0.5,27.647058823529413,4.671257028859259,39.0,25.882352941176475,898.7682581867344,99.42391790059372
319.5,0.7043755793591683,0.5,27.647058823529413,4.650754945449307,39.0,25.882352941176475,898.8000808328713,99.39275576750688
319.6,0.7044556451417474,0.5,27.647058823529413,4.630261775445831,39.0,25.882352941176475,898.8319019026118,99.3615949514604
319.70000000000005,0.704535700375391,0.5,27.647058823529413,4.609777516030988,39.0,25.882352941176475,898.8637213622388,99.33043548612584
319.8,0.7046157450620882,0.5,27.647058823529413,4.589302164381365,39.0,25.882352941176475,898.8955391781559,99.29927740505545
319.90000000000003,0.7046957792038278,0.5,27.647058823529413,4.568835717668321,39.0,25.882352941176475,898.9273553168861,99.26812074168268
320.0,0.7047758028025974,0.5,27.647058823529413,4.5483781730579835,39.0,25.882352941176475,898.9591697450712,99.23696552932243
320.1,0.7048558158603845,0.5,27.647058823529413,4.527929527710967,39.0,25.882352941176475,898.9909824294725,99.20581180117149
320.20000000000005,0.7049358183791755,0.5,27.647058823529413,4.5074897787827695,39.0,25.882352941176475,899.0227933369695,99.17465959030896
320.3,0.7050158103609567,0.5,27.647058823529413,4.487058923423604,39.0,25.882352941176475,899.0546024345596,99.1435089296965
320.40000000000003,0.7050957918077139,0.5,27.647058823529413,4.466636958778565,39.0,25.882352941176475,899.0864096893582,99.11235985217878
320.5,0.7051757627214315,0.5,27.647058823529413,4.446223881987464,39.0,25.882352941176475,899.1182150685981,99.08121239048388
320.6,0.7052557231040939,0.5,27.647058823529413,4.425819690184937,39.0,25.882352941176475,899.1500185396291,99.05006657722357
320.70000000000005,0.7053356729576853,0.5,27.647058823529413,4.405424380500506,39.0,25.882352941176475,899.1818200699171,99.01892244489375
320.8,0.7054156122841883,0.5,27.647058823529413,4.385037950058745,39.0,25.882352941176475,899.2136196270447,98.9877800258748
320.90000000000003,0.7054955410855857,0.5,27.647058823529413,4.364660395978888,39.0,25.882352941176475,899.2454171787106,98.9566393524319
321.0,0.705575459363859,0.5,27.647058823529413,4.3442917153752205,39.0,25.882352941176475,899.2772126927284,98.92550045671547
321.1,0.70565536712099,0.5,27.647058823529413,4.323931905356972,39.0,25.882352941176475,899.3090061370274,98.89436337076145
321.20000000000005,0.7057352643589591,0.5,27.647058823529413,4.303580963028537,39.0,25.882352941176475,899.3407974796511,98.86322812649178
321.3,0.7058151510797466,0.5,27.647058823529413,4.283238885489084,39.0,25.882352941176475,899.372586688758,98.83209475571455
321.40000000000003,0.7058950272853319,0.5,27.647058823529413,4.26290566983306,39.0,25.882352941176475,899.4043737326202,98.80096329012461
321.5,0.7059748929776941,0.5,27.647058823529413,4.242581313149742,39.0,25.882352941176475,899.4361585796239,98.7698337613038
321.6,0.7060547481588114,0.5,27.647058823529413,4.222265812523631,39.0,25.882352941176475,899.4679411982685,98.73870620072128
321.70000000000005,0.7061345928306615,0.5,27.647058823529413,4.2019591650343955,39.0,25.882352941176475,899.4997215571659,98.70758063973395
321.8,0.7062144269952217,0.5,27.647058823529413,4.181661367756817,39.0,25.882352941176475,899.5314996250414,98.67645710958676
321.90000000000003,0.7062942506544684,0.5,27.647058823529413,4.161372417760788,39.0,25.882352941176475,899.563275370732,98.64533564141311
322.0,0.7063740638103776,0.5,27.647058823529413,4.141092312111482,39.0,25.882352941176475,899.5950487631867,98.61421626623519
322.1,0.7064538664649246,0.5,27.647058823529413,4.120821047869185,39.0,25.882352941176475,899.6268197714663,98.58309901496425
322.20000000000005,0.7065336586200843,0.5,27.647058823529413,4.100558622089579,39.0,25.882352941176475,899.6585883647424,98.55198391840108
322.3,0.7066134402778308,0.5,27.647058823529413,4.080305031823514,39.0,25.882352941176475,899.6903545122977,98.52087100723628
322.40000000000003,0.7066932114401377,0.5,27.647058823529413,4.060060274117177,39.0,25.882352941176475,899.7221181835254,98.48976031205065
322.5,0.7067729721089779,0.5,27.647058823529413,4.039824346012097,39.0,25.882352941176475,899.7538793479287,98.45865186331544
322.6,0.7068527222863239,0.5,27.647058823529413,4.019597244544968,39.0,25.882352941176475,899.7856379751207,98.42754569139287
322.70000000000005,0.7069324619741474,0.5,27.647058823529413,3.999378966748054,39.0,25.882352941176475,899.8173940348241,98.3964418265363
322.8,0.7070121911744195,0.5,27.647058823529413,3.9791695096489548,39.0,25.882352941176475,899.8491474968704,98.36534029889069
322.90000000000003,0.707091909889111,0.5,27.647058823529413,3.9589688702707235,39.0,25.882352941176475,899.8808983311997,98.33424113849287
323.0,0.7071716181201917,0.5,27.647058823529413,3.938777045631923,39.0,25.882352941176475,899.9126465078609,98.30314437527194
323.1,0.7072513158696313,0.5,27.647058823529413,3.9185940327463413,39.0,25.882352941176475,899.9443919970112,98.27205003904956
323.20000000000005,0.7073310031393983,0.5,27.647058823529413,3.8984198286233323,39.0,25.882352941176475,899.9761347689148,98.24095815954036
323.3,0.7074106799314615,0.5,27.647058823529413,3.8782544302679867,39.0,25.882352941176475,900.0078747939439,98.20986876635214
323.40000000000003,0.7074903462477877,0.5,27.647058823529413,3.8580978346805637,39.0,25.882352941176475,900.0396120425771,98.17878188898642
323.5,0.7075700020903447,0.5,27.647058823529413,3.8379500388572865,39.0,25.882352941176475,900.0713464854002,98.14769755683857
323.6,0.7076496474610986,0.5,27.647058823529413,3.817811039789717,39.0,25.882352941176475,900.1030780931055,98.11661579919823
323.70000000000005,0.7077292823620155,0.5,27.647058823529413,3.797680834464927,39.0,25.882352941176475,900.134806836491,98.08553664524972
323.8,0.7078089067950604,0.5,27.647058823529413,3.7775594198657814,39.0,25.882352941176475,900.1665326864602,98.05446012407221
323.90000000000003,0.7078885207621982,0.5,27.647058823529413,3.7574467929708817,39.0,25.882352941176475,900.1982556140223,98.0233862646402
324.0,0.7079681242653929,0.5,27.647058823529413,3.737342950754339,39.0,25.882352941176475,900.2299755902914,97.99231509582373
324.1,0.7080477173066081,0.5,27.647058823529413,3.7172478901861155,39.0,25.882352941176475,900.2616925864864,97.96124664638886
324.20000000000005,0.7081272998878065,0.5,27.647058823529413,3.6971616082316245,39.0,25.882352941176475,900.2934065739306,97.93018094499782
324.3,0.7082068720109509,0.5,27.647058823529413,3.677084101852415,39.0,25.882352941176475,900.325117524051,97.89911802020949
324.40000000000003,0.7082864336780027,0.5,27.647058823529413,3.657015368005432,39.0,25.882352941176475,900.3568254083787,97.86805790047964
324.5,0.7083659848909232,0.5,27.647058823529413,3.63695540364364,39.0,25.882352941176475,900.3885301985476,97.83700061416131
324.6,0.7084455256516727,0.5,27.647058823529413,3.616904205715798,39.0,25.882352941176475,900.4202318662955,97.80594618950505
324.70000000000005,0.7085250559622115,0.5,27.647058823529413,3.596861771166516,39.0,25.882352941176475,900.451930383462,97.77489465465933
324.8,0.7086045758244989,0.5,27.647058823529413,3.576828096936083,39.0,25.882352941176475,900.4836257219897,97.74384603767089
324.90000000000003,0.7086840852404935,0.5,27.647058823529413,3.5568031799608093,39.0,25.882352941176475,900.5153178539231,97.71280036648491
325.0,0.7087635842121538,0.5,27.647058823529413,3.536787017172969,39.0,25.882352941176475,900.5470067514083,97.68175766894548
325.1,0.7088430727414374,0.5,27.647058823529413,3.516779605500574,39.0,25.882352941176475,900.578692386693,97.65071797279585
325.20000000000005,0.7089225508303014,0.5,27.647058823529413,3.4967809418678257,39.0,25.882352941176475,900.610374732126,97.61968130567875
325.3,0.7090020184807023,0.5,27.647058823529413,3.4767910231946644,39.0,25.882352941176475,900.6420537601567,97.58864769513677
325.40000000000003,0.7090814756945957,0.5,27.647058823529413,3.4568098463972206,39.0,25.882352941176475,900.673729443335,97.55761716861255
325.5,0.7091609224739369,0.5,27.647058823529413,3.4368374083875324,39.0,25.882352941176475,900.705401754311,97.52658975344926
325.6,0.7092403588206807,0.5,27.647058823529413,3.4168737060737158,39.0,25.882352941176475,900.7370706658348,97.49556547689079
325.70000000000005,0.7093197847367814,0.5,27.647058823529413,3.3969187363599076,39.0,25.882352941176475,900.7687361507558,97.4645443660821
325.8,0.7093992002241922,0.5,27.647058823529413,3.3769724961463226,39.0,25.882352941176475,900.8003981820224,97.4335264480695
325.90000000000003,0.7094786052848664,0.5,27.647058823529413,3.35703498232931,39.0,25.882352941176475,900.8320567326822,97.40251174980108
326.0,0.7095579999207562,0.5,27.647058823529413,3.337106191801297,39.0,25.882352941176475,900.8637117758813,97.37150029812689
326.1,0.7096373841338134,0.5,27.647058823529413,3.317186121450902,39.0,25.882352941176475,900.8953632848638,97.34049211979931
326.20000000000005,0.7097167579259892,0.5,27.647058823529413,3.297274768162879,39.0,25.882352941176475,900.9270112329724,97.30948724147332
326.3,0.7097961212992344,0.5,27.647058823529413,3.2773721288182855,39.0,25.882352941176475,900.9586555936465,97.27848568970687
326.40000000000003,0.7098754742554988,0.5,27.647058823529413,3.2574782002942584,39.0,25.882352941176475,900.9902963404235,97.24748749096112
326.5,0.7099548167967318,0.5,27.647058823529413,3.237592979464182,39.0,25.882352941176475,901.0219334469375,97.2164926716008
326.6,0.7100341489248823,0.5,27.647058823529413,3.217716463197746,39.0,25.882352941176475,901.0535668869193,97.1855012578945
326.70000000000005,0.7101134706418989,0.5,27.647058823529413,3.197848648360832,39.0,25.882352941176475,901.0851966341964,97.15451327601495
326.8,0.7101927819497289,0.5,27.647058823529413,3.177989531815683,39.0,25.882352941176475,901.1168226626922,97.12352875203932
326.90000000000003,0.7102720828503196,0.5,27.647058823529413,3.1581391104209047,39.0,25.882352941176475,901.1484449464258,97.09254771194959
327.0,0.7103513733456175,0.5,27.647058823529413,3.1382973810312933,39.0,25.882352941176475,901.1800634595119,97.06157018163277
327.1,0.7104306534375687,0.5,27.647058823529413,3.1184643404981216,39.0,25.882352941176475,901.2116781761601,97.03059618688124
327.20000000000005,0.7105099231281183,0.5,27.647058823529413,3.0986399856689673,39.0,25.882352941176475,901.2432890706754,96.99962575339305
327.3,0.7105891824192114,0.5,27.647058823529413,3.0788243133879405,39.0,25.882352941176475,901.2748961174569,96.96865890677222
327.40000000000003,0.7106684313127919,0.5,27.647058823529413,3.0590173204954,39.0,25.882352941176475,901.3064992909984,96.93769567252899
327.5,0.7107476698108036,0.5,27.647058823529413,3.0392190038282934,39.0,25.882352941176475,901.3380985658873,96.90673607608018
327.6,0.7108268979151896,0.5,27.647058823529413,3.0194293602198172,39.0,25.882352941176475,901.3696939168046,96.87578014274946
327.70000000000005,0.7109061156278922,0.5,27.647058823529413,2.999648386499871,39.0,25.882352941176475,901.4012853185253,96.84482789776767
327.8,0.7109853229508535,0.5,27.647058823529413,2.9798760794947725,39.0,25.882352941176475,901.4328727459169,96.81387936627303
327.90000000000003,0.7110645198860148,0.5,27.647058823529413,2.960112436027316,39.0,25.882352941176475,901.46445617394,96.78293457331152
328.0,0.7111437064353168,0.5,27.647058823529413,2.940357452916942,39.0,25.882352941176475,901.4960355776474,96.75199354383714
328.1,0.7112228826006995,0.5,27.647058823529413,2.9206111269795088,39.0,25.882352941176475,901.5276109321845,96.72105630271221
328.20000000000005,0.7113020483841026,0.5,27.647058823529413,2.900873455027579,39.0,25.882352941176475,901.5591822127883,96.6901228747077
328.3,0.7113812037874652,0.5,27.647058823529413,2.881144433870247,39.0,25.882352941176475,901.5907493947875,96.65919328450336
328.40000000000003,0.7114603488127258,0.5,27.647058823529413,2.8614240603132544,39.0,25.882352941176475,901.6223124536024,96.6282675566882
328.5,0.7115394834618219,0.5,27.647058823529413,2.8417123311589307,39.0,25.882352941176475,901.6538713647438,96.59734571576071
328.6,0.7116186077366913,0.5,27.647058823529413,2.8220092432064234,39.0,25.882352941176475,901.6854261038138,96.5664277861291
328.70000000000005,0.7116977216392704,0.5,27.647058823529413,2.802314793251412,39.0,25.882352941176475,901.7169766465045,96.5355137921116
328.8,0.711776825171495,0.5,27.647058823529413,2.7826289780863362,39.0,25.882352941176475,901.7485229685984,96.5046037579368
328.90000000000003,0.7118559183353012,0.5,27.647058823529413,2.762951794500225,39.0,25.882352941176475,901.7800650459682,96.47369770774392
329.0,0.7119350011326234,0.5,27.647058823529413,2.7432832392790374,39.0,25.882352941176475,901.8116028545758,96.44279566558299
329.1,0.7120140735653965,0.5,27.647058823529413,2.7236233092053794,39.0,25.882352941176475,901.8431363704724,96.4118976554153
329.20000000000005,0.712093135635554,0.5,27.647058823529413,2.7039720010586166,39.0,25.882352941176475,901.8746655697984,96.38100370111354
329.3,0.7121721873450293,0.5,27.647058823529413,2.6843293116151017,39.0,25.882352941176475,901.906190428783,96.35011382646216
329.40000000000003,0.7122512286957551,0.5,27.647058823529413,2.66469523764772,39.0,25.882352941176475,901.9377109237439,96.3192280551576
329.5,0.7123302596896631,0.5,27.647058823529413,2.6450697759264585,39.0,25.882352941176475,901.9692270310867,96.2883464108086
329.6,0.7124092803286853,0.5,27.647058823529413,2.6254529232179493,39.0,25.882352941176475,902.0007387273054,96.25746891693646
329.70000000000005,0.7124882906147523,0.5,27.647058823529413,2.6058446762857557,39.0,25.882352941176475,902.0322459889811,96.22659559697534
329.8,0.7125672905497945,0.5,27.647058823529413,2.586245031890371,39.0,25.882352941176475,902.0637487927826,96.1957264742725
329.90000000000003,0.7126462801357419,0.5,27.647058823529413,2.5666539867892197,39.0,25.882352941176475,902.0952471154658,96.16486157208864
330.0,0.7127252593745237,0.5,27.647058823529413,2.5470715377365423,39.0,25.882352941176475,902.1267409338732,96.13400091359807
330.1,0.7128042282680683,0.5,27.647058823529413,2.5274976814836805,39.0,25.882352941176475,902.1582302249341,96.10314452188906
330.20000000000005,0.7128831868183041,0.5,27.647058823529413,2.507932414778793,39.0,25.882352941176475,902.1897149656638,96.07229241996413
330.3,0.7129621350271582,0.5,27.647058823529413,2.488375734367196,39.0,25.882352941176475,902.2211951331637,96.04144463074023
330.40000000000003,0.7130410728965578,0.5,27.647058823529413,2.4688276369910795,39.0,25.882352941176475,902.2526707046211,96.0106011770491
330.5,0.713120000428429,0.5,27.647058823529413,2.449288119389678,39.0,25.882352941176475,902.2841416573083,95.97976208163752
330.6,0.7131989176246979,0.5,27.647058823529413,2.4297571782991554,39.0,25.882352941176475,902.3156079685832,95.94892736716751
330.70000000000005,0.7132778244872894,0.5,27.647058823529413,2.410234810453005,39.0,25.882352941176475,902.3470696158884,95.91809705621671
330.8,0.7133567210181284,0.5,27.647058823529413,2.390721012581537,39.0,25.882352941176475,902.378526576751,95.88727117127857
330.90000000000003,0.7134356072191388,0.5,27.647058823529413,2.3712157814123316,39.0,25.882352941176475,902.4099788287828,95.8564497347626
331.0,0.7135144830922441,0.5,27.647058823529413,2.351719113669958,39.0,25.882352941176475,902.4414263496792,95.82563276899472
331.1,0.7135933486393675,0.5,27.647058823529413,2.3322310060761993,39.0,25.882352941176475,902.4728691172201,95.79482029621747
331.20000000000005,0.713672203862431,0.5,27.647058823529413,2.3127514553499964,39.0,25.882352941176475,902.5043071092684,95.76401233859025
331.3,0.7137510487633565,0.5,27.647058823529413,2.2932804582073345,39.0,25.882352941176475,902.5357403037708,95.73320891818963
331.40000000000003,0.7138298833440653,0.5,27.647058823529413,2.273818011361584,39.0,25.882352941176475,902.5671686787564,95.70241005700957
331.5,0.7139087076064778,0.5,27.647058823529413,2.2543641115231026,39.0,25.882352941176475,902.5985922123376,95.67161577696176
331.6,0.7139875215525144,0.5,27.647058823529413,2.234918755399576,39.0,25.882352941176475,902.630010882709,95.64082609987577
331.70000000000005,0.7140663251840945,0.5,27.647058823529413,2.2154819396958487,39.0,25.882352941176475,902.6614246681476,95.61004104749938
331.8,0.7141451185031369,0.5,27.647058823529413,2.196053661114206,39.0,25.882352941176475,902.6928335470121,95.57926064149886
331.90000000000003,0.7142239015115599,0.5,27.647058823529413,2.176633916354092,39.0,25.882352941176475,902.7242374977435,95.54848490345914
332.0,0.7143026742112817,0.5,27.647058823529413,2.1572227021122217,39.0,25.882352941176475,902.7556364988637,95.51771385488416
332.1,0.714381436604219,0.5,27.647058823529413,2.137820015082582,39.0,25.882352941176475,902.7870305289763,95.48694751719707
332.20000000000005,0.7144601886922889,0.5,27.647058823529413,2.1184258519566015,39.0,25.882352941176475,902.8184195667654,95.45618591174049
332.3,0.7145389304774071,0.5,27.647058823529413,2.0990402094229808,39.0,25.882352941176475,902.8498035909963,95.42542905977679
332.40000000000003,0.7146176619614896,0.5,27.647058823529413,2.0796630841677484,39.0,25.882352941176475,902.8811825805141,95.3946769824883
332.5,0.7146963831464511,0.5,27.647058823529413,2.060294472874375,39.0,25.882352941176475,902.9125565142446,95.36392970097766
332.6,0.7147750940342058,0.5,27.647058823529413,2.04093437222366,39.0,25.882352941176475,902.943925371193,95.33318723626793
332.70000000000005,0.7148537946266679,0.5,27.647058823529413,2.021582778893901,39.0,25.882352941176475,902.9752891304449,95.30244960930297
332.8,0.7149324849257503,0.5,27.647058823529413,2.0022396895607244,39.0,25.882352941176475,903.0066477711647,95.27171684094758
332.90000000000003,0.7150111649333658,0.5,27.647058823529413,1.9829051008973124,39.0,25.882352941176475,903.0380012725963,95.24098895198787
333.0,0.7150898346514267,0.5,27.647058823529413,1.9635790095741754,39.0,25.882352941176475,903.0693496140624,95.2102659631314
333.1,0.7150411605704892,0.5,46.470588235294116,1.971555437161669,39.0,46.470588235294116,903.1006892629172,95.17955143068546
333.20000000000005,0.7149924971882446,0.5,46.470588235294116,1.979529808706161,39.0,46.470588235294116,903.1320149429167,95.14885066637258
333.3,0.7149438445027056,0.5,46.470588235294116,1.9875021247963787,39.0,46.470588235294116,903.1633266541431,95.11816367014427
333.40000000000003,0.714895202511885,0.5,46.470588235294116,1.995472386021106,39.0,46.470588235294116,903.1946243966794,95.08749044195169
333.5,0.7148465712137954,0.5,46.470588235294116,2.0034405929691275,39.0,46.470588235294116,903.2259081706086,95.05683098174556
333.6,0.7147979506064498,0.5,46.470588235294116,2.0114067462293974,39.0,46.470588235294116,903.2571779760143,95.0261852894762
333.70000000000005,0.7147493406878616,0.5,46.470588235294116,2.019370846390757,39.0,46.470588235294116,903.2884338129803,94.9955533650935
333.8,0.7147007414560445,0.5,46.470588235294116,2.0273328940422175,39.0,46.470588235294116,903.3196756815912,94.96493520854698
333.90000000000003,0.7146521529090122,0.5,46.470588235294116,2.035292889772734,39.0,46.470588235294116,903.3509035819317,94.93433081978573
334.0,0.7146035750447783,0.5,46.470588235294116,2.0432508341713174,39.0,46.470588235294116,903.382117514087,94.90374019875844
334.1,0.7145550078613575,0.5,46.470588235294116,2.0512067278270365,39.0,46.470588235294116,903.4133174781429,94.87316334541339
334.20000000000005,0.7145064513567643,0.5,46.470588235294116,2.0591605713289596,39.0,46.470588235294116,903.444503474185,94.84260025969844
334.3,0.7144579055290132,0.5,46.470588235294116,2.067112365266155,39.0,46.470588235294116,903.4756755023001,94.81205094156104
334.40000000000003,0.7144093703761192,0.5,46.470588235294116,2.075062110227975,39.0,46.470588235294116,903.5068335625749,94.78151539094821
334.5,0.7143608458960975,0.5,46.470588235294116,2.0830098068034317,39.0,46.470588235294116,903.5379776550969,94.75099360780658
334.6,0.7143123320869634,0.5,46.470588235294116,2.090955455581934,39.0,46.470588235294116,903.5691077799536,94.72048559208235
334.70000000000005,0.7142638289467327,0.5,46.470588235294116,2.098899057152721,39.0,46.470588235294116,903.6002239372333,94.68999134372133
334.8,0.7142153364734212,0.5,46.470588235294116,2.1068406121050884,39.0,46.470588235294116,903.6313261270245,94.65951086266891
334.90000000000003,0.7141668546650451,0.5,46.470588235294116,2.1147801210283887,39.0,46.470588235294116,903.662414349416,94.62904414887004
335.0,0.7141183835196206,0.5,46.470588235294116,2.122717584512145,39.0,46.470588235294116,903.6934886044976,94.59859120226926
335.1,0.7140699230351646,0.5,46.470588235294116,2.130653003145653,39.0,46.470588235294116,903.7245488923587,94.56815202281071
335.20000000000005,0.7140214732096936,0.5,46.470588235294116,2.138586377518436,39.0,46.470588235294116,903.7555952130897,94.5377266104381
335.3,0.7139730340412247,0.5,46.470588235294116,2.1465177082199034,39.0,46.470588235294116,903.7866275667815,94.50731496509471
335.40000000000003,0.7139246055277754,0.5,46.470588235294116,2.154446995839862,39.0,46.470588235294116,903.8176459535249,94.4769170867234
335.5,0.7138761876673629,0.5,46.470588235294116,2.1623742409675515,39.0,46.470588235294116,903.8486503734116,94.44653297526666
335.6,0.7138277804580052,0.5,46.470588235294116,2.1702994441927785,39.0,46.470588235294116,903.8796408265335,94.41616263066652
335.70000000000005,0.7137793838977201,0.5,46.470588235294116,2.17822260610518,39.0,46.470588235294116,903.910617312983,94.38580605286455
335.8,0.7137309979845262,0.5,46.470588235294116,2.18614372729445,39.0,46.470588235294116,903.9415798328529,94.35546324180194
335.90000000000003,0.7136826227164417,0.5,46.470588235294116,2.1940628083502247,39.0,46.470588235294116,903.9725283862363,94.32513419741947
336.0,0.7136342580914852,0.5,46.470588235294116,2.2019798498623686,39.0,46.470588235294116,904.003462973227,94.29481891965749
336.1,0.7135859041076758,0.5,46.470588235294116,2.209894852420632,39.0,46.470588235294116,904.0343835939191,94.26451740845589
336.20000000000005,0.7135375607630324,0.5,46.470588235294116,2.2178078166148225,39.0,46.470588235294116,904.0652902484072,94.23422966375414
336.3,0.7134892280555747,0.5,46.470588235294116,2.225718743034861,39.0,46.470588235294116,904.0961829367861,94.20395568549135
336.40000000000003,0.7134409059833222,0.5,46.470588235294116,2.2336276322706112,39.0,46.470588235294116,904.1270616591513,94.17369547360613
336.5,0.7133925945442948,0.5,46.470588235294116,2.241534484911938,39.0,46.470588235294116,904.1579264155987,94.14344902803671
336.6,0.7133442937365125,0.5,46.470588235294116,2.2494393015488185,39.0,46.470588235294116,904.1887772062245,94.11321634872085
336.70000000000005,0.713296003557996,0.5,46.470588235294116,2.257342082771345,39.0,46.470588235294116,904.219614031125,94.0829974355959
336.8,0.7132477240067654,0.5,46.470588235294116,2.2652428291694946,39.0,46.470588235294116,904.250436890398,94.05279228859878
336.90000000000003,0.7131994550808417,0.5,46.470588235294116,2.273141541333473,39.0,46.470588235294116,904.2812457841405,94.02260090766599
337.0,0.7131511967782461,0.5,46.470588235294116,2.2810382198531443,39.0,46.470588235294116,904.3120407124509,93.99242329273359
337.1,0.7131029490969997,0.5,46.470588235294116,2.2889328653187704,39.0,46.470588235294116,904.3428216754274,93.96225944373722
337.20000000000005,0.7130547120351239,0.5,46.470588235294116,2.2968254783204998,39.0,46.470588235294116,904.3735886731693,93.93210936061207
337.3,0.7130064855906407,0.5,46.470588235294116,2.3047160594485376,39.0,46.470588235294116,904.4043417057753,93.90197304329288
337.40000000000003,0.712958269761572,0.5,46.470588235294116,2.312604609293146,39.0,46.470588235294116,904.4350807733457,93.87185049171401
337.5,0.7129100645459399,0.5,46.470588235294116,2.320491128444587,39.0,46.470588235294116,904.4658058759803,93.84174170580934
337.6,0.712861869941767,0.5,46.470588235294116,2.3283756174931227,39.0,46.470588235294116,904.4965170137799,93.81164668551233
337.70000000000005,0.7128136859470757,0.5,46.470588235294116,2.3362580770291856,39.0,46.470588235294116,904.5272141868456,93.78156543075602
337.8,0.7127655125598893,0.5,46.470588235294116,2.3441385076430947,39.0,46.470588235294116,904.557897395279,93.75149794147298
337.90000000000003,0.7127173497782309,0.5,46.470588235294116,2.352016909925169,39.0,46.470588235294116,904.588566639182,93.72144421759536
338.0,0.7126691976001235,0.5,46.470588235294116,2.3598932844658975,39.0,46.470588235294116,904.6192219186568,93.69140425905489
338.1,0.7126210560235912,0.5,46.470588235294116,2.36776763185577,39.0,46.470588235294116,904.6498632338064,93.66137806578283
338.20000000000005,0.7125729250466577,0.5,46.470588235294116,2.375639952685219,39.0,46.470588235294116,904.6804905847342,93.63136563771002
338.3,0.712524804667347,0.5,46.470588235294116,2.383510247544905,39.0,46.470588235294116,904.7111039715439,93.60136697476688
338.40000000000003,0.7124766948836835,0.5,46.470588235294116,2.3913785170252595,39.0,46.470588235294116,904.7417033943395,93.57138207688331
338.5,0.7124285956936917,0.5,46.470588235294116,2.3992447617168864,39.0,46.470588235294116,904.7722888532259,93.54141094398888
338.6,0.7123805070953964,0.5,46.470588235294116,2.4071089822104454,39.0,46.470588235294116,904.8028603483081,93.51145357601263
338.70000000000005,0.7123324290868227,0.5,46.470588235294116,2.41497117909654,39.0,46.470588235294116,904.8334178796915,93.48150997288319
338.8,0.7122843616659957,0.5,46.470588235294116,2.4228313529658863,39.0,46.470588235294116,904.8639614474822,93.45158013452874
338.90000000000003,0.7122363048309412,0.5,46.470588235294116,2.4306895044092585,39.0,46.470588235294116,904.8944910517868,93.42166406087703
339.0,0.7121882585796847,0.5,46.470588235294116,2.43854563401743,39.0,46.470588235294116,904.9250066927118,93.39176175185537
339.1,0.7121402229102523,0.5,46.470588235294116,2.446399742381004,39.0,46.470588235294116,904.9555083703648,93.36187320739059
339.20000000000005,0.71209219782067,0.5,46.470588235294116,2.454251830090982,39.0,46.470588235294116,904.9859960848535,93.33199842740909
339.3,0.7120441833089646,0.5,46.470588235294116,2.462101897738023,39.0,46.470588235294116,905.0164698362861,93.30213741183682
339.40000000000003,0.7119961793731625,0.5,46.470588235294116,2.469949945913072,39.0,46.470588235294116,905.0469296247715,93.27229016059934
339.5,0.7119481860112907,0.5,46.470588235294116,2.477795975207073,39.0,46.470588235294116,905.0773754504185,93.24245667362165
339.6,0.7119002032213763,0.5,46.470588235294116,2.485639986210856,39.0,46.470588235294116,905.1078073133369,93.21263695082838
339.70000000000005,0.7118522310014467,0.5,46.470588235294116,2.4934819795153658,39.0,46.470588235294116,905.1382252136368,93.18283099214372
339.8,0.7118042693495297,0.5,46.470588235294116,2.5013219557117736,39.0,46.470588235294116,905.1686291514286,93.15303879749136
339.90000000000003,0.7117563182636528,0.5,46.470588235294116,2.50915991539091,39.0,46.470588235294116,905.1990191268233,93.12326036679455
340.0,0.7117083777418445,0.5,46.470588235294116,2.51699585914389,39.0,46.470588235294116,905.2293951399322,93.09349569997613
340.1,0.7116604477821329,0.5,46.470588235294116,2.524829787561771,39.0,46.470588235294116,905.2597571908674,93.06374479695843
340.20000000000005,0.7116125283825465,0.5,46.470588235294116,2.532661701235611,39.0,46.470588235294116,905.2901052797412,93.03400765766335
340.3,0.7115646195411142,0.5,46.470588235294116,2.5404916007566385,39.0,46.470588235294116,905.3204394066662,93.00428428201235
340.40000000000003,0.7115167212558648,0.5,46.470588235294116,2.548319486716025,39.0,46.470588235294116,905.350759571756,92.97457466992644
340.5,0.7114688335248278,0.5,46.470588235294116,2.5561453597048285,39.0,46.470588235294116,905.3810657751241,92.94487882132616
340.6,0.7114209563460326,0.5,46.470588235294116,2.563969220314334,39.0,46.470588235294116,905.4113580168847,92.91519673613158
340.70000000000005,0.7113730897175092,0.5,46.470588235294116,2.571791069135827,39.0,46.470588235294116,905.4416362971525,92.88552841426231
340.8,0.7113252336372874,0.5,46.470588235294116,2.5796109067605357,39.0,46.470588235294116,905.4719006160426,92.85587385563755
340.90000000000003,0.711277388103397,0.5,46.470588235294116,2.5874287337798023,39.0,46.470588235294116,905.5021509736705,92.82623306017602
341.0,0.711229553113869,0.5,46.470588235294116,2.5952445507847983,39.0,46.470588235294116,905.5323873701523,92.79660602779596
341.1,0.711181728666734,0.5,46.470588235294116,2.6030583583670364,39.0,46.470588235294116,905.5626098056044,92.76699275841516
341.20000000000005,0.7111339147600227,0.5,46.470588235294116,2.6108701571178585,39.0,46.470588235294116,905.5928182801439,92.73739325195095
341.3,0.7110861113917666,0.5,46.470588235294116,2.6186799476287774,39.0,46.470588235294116,905.623012793888,92.7078075083202
341.40000000000003,0.7110383185599967,0.5,46.470588235294116,2.6264877304910783,39.0,46.470588235294116,905.6531933469549,92.67823552743933
341.5,0.7109905362627448,0.5,46.470588235294116,2.634293506296274,39.0,46.470588235294116,905.6833599394628,92.6486773092243
341.6,0.7109427644980426,0.5,46.470588235294116,2.6420972756358765,39.0,46.470588235294116,905.7135125715304,92.61913285359057
341.70000000000005,0.7108950032639222,0.5,46.470588235294116,2.649899039101342,39.0,46.470588235294116,905.7436512432772,92.58960216045321
341.8,0.7108472525584164,0.5,46.470588235294116,2.6576987972841835,39.0,46.470588235294116,905.7737759548229,92.56008522972674
341.90000000000003,0.7107995123795573,0.5,46.470588235294116,2.6654965507760267,39.0,46.470588235294116,905.8038867062877,92.53058206132526
342.0,0.7107517827253775,0.5,46.470588235294116,2.6732923001686117,39.0,46.470588235294116,905.8339834977926,92.50109265516242
342.1,0.7107040635939105,0.5,46.470588235294116,2.6810860460533945,39.0,46.470588235294116,905.8640663294584,92.47161701115138
342.20000000000005,0.7106563549831895,0.5,46.470588235294116,2.688877789022115,39.0,46.470588235294116,905.8941352014069,92.44215512920482
342.3,0.7106086568912476,0.5,46.470588235294116,2.6966675296663425,39.0,46.470588235294116,905.9241901137602,92.41270700923496
342.40000000000003,0.7105609693161189,0.5,46.470588235294116,2.7044552685777035,39.0,46.470588235294116,905.9542310666409,92.3832726511536
342.5,0.7105132922558376,0.5,46.470588235294116,2.7122410063481084,39.0,46.470588235294116,905.9842580601721,92.35385205487201
342.6,0.7104656257084374,0.5,46.470588235294116,2.7200247435692404,39.0,46.470588235294116,906.0142710944774,92.32444522030102
342.70000000000005,0.7104179696719529,0.5,46.470588235294116,2.7278064808328963,39.0,46.470588235294116,906.0442701696808,92.29505214735096
342.8,0.7103703241444188,0.5,46.470588235294116,2.7355862187307594,39.0,46.470588235294116,906.0742552859067,92.26567283593174
342.90000000000003,0.7103226891238701,0.5,46.470588235294116,2.74336395785474,39.0,46.470588235294116,906.1042264432801,92.23630728595276
343.0,0.7102750646083419,0.5,46.470588235294116,2.7511396987967487,39.0,46.470588235294116,906.1341836419266,92.20695549732294
343.1,0.7102274505958697,0.5,46.470588235294116,2.7589134421485255,39.0,46.470588235294116,906.164126881972,92.17761746995075
343.20000000000005,0.710179847084489,0.5,46.470588235294116,2.766685188502038,39.0,46.470588235294116,906.1940561635428,92.1482932037442
343.3,0.7101322540722355,0.5,46.470588235294116,2.774454938449253,39.0,46.470588235294116,906.2239714867658,92.1189826986108
343.40000000000003,0.7100846715571457,0.5,46.470588235294116,2.7822226925820246,39.0,46.470588235294116,906.2538728517683,92.08968595445756
343.5,0.7100370995372557,0.5,46.470588235294116,2.78998845149232,39.0,46.470588235294116,906.2837602586783,92.06040297119108
343.6,0.7099895380106019,0.5,46.470588235294116,2.7977522157722206,39.0,46.470588235294116,906.3136337076239,92.03113374871745
343.70000000000005,0.7099419869752215,0.5,46.470588235294116,2.8055139860136933,39.0,46.470588235294116,906.3434931987343,92.00187828694227
343.8,0.7098944464291512,0.5,46.470588235294116,2.8132737628087625,39.0,46.470588235294116,906.3733387321386,91.97263658577067
343.90000000000003,0.7098469163704283,0.5,46.470588235294116,2.8210315467494524,39.0,46.470588235294116,906.4031703079665,91.94340864510733
344.0,0.7097993967970904,0.5,46.470588235294116,2.828787338427901,39.0,46.470588235294116,906.4329879263483,91.91419446485641
344.1,0.7097518877071753,0.5,46.470588235294116,2.836541138436246,39.0,46.470588235294116,906.4627915874152,91.8849940449216
344.20000000000005,0.709704389098721,0.5,46.470588235294116,2.8442929473665117,39.0,46.470588235294116,906.4925812912977,91.85580738520613
344.3,0.7096569009697654,0.5,46.470588235294116,2.8520427658109497,39.0,46.470588235294116,906.5223570381279,91.82663448561274
344.40000000000003,0.7096094233183473,0.5,46.470588235294116,2.859790594361698,39.0,46.470588235294116,906.5521188280379,91.79747534604368
344.5,0.7095619561425053,0.5,46.470588235294116,2.867536433610951,39.0,46.470588235294116,906.5818666611606,91.76832996640071
344.6,0.7095144994402783,0.5,46.470588235294116,2.8752802841510174,39.0,46.470588235294116,906.611600537629,91.73919834658514
344.70000000000005,0.7094670532097056,0.5,46.470588235294116,2.883022146574035,39.0,46.470588235294116,906.6413204575769,91.71008048649774
344.8,0.7094196174488264,0.5,46.470588235294116,2.8907620214722556,39.0,46.470588235294116,906.6710264211383,91.68097638603885
344.90000000000003,0.7093721921556805,0.5,46.470588235294116,2.8984999094379305,39.0,46.470588235294116,906.700718428448,91.65188604510831
345.0,0.7093247773283076,0.5,46.470588235294116,2.906235811063425,39.0,46.470588235294116,906.7303964796412,91.62280946360549
345.1,0.7092773729647479,0.5,46.470588235294116,2.9139697269411045,39.0,46.470588235294116,906.7600605748534,91.5937466414292
345.20000000000005,0.7092299790630417,0.5,46.470588235294116,2.9217016576632773,39.0,46.470588235294116,906.7897107142207,91.56469757847786
345.3,0.7091825956212297,0.5,46.470588235294116,2.9294316038223087,39.0,46.470588235294116,906.8193468978799,91.53566227464934
345.40000000000003,0.7091352226373524,0.5,46.470588235294116,2.937159566010621,39.0,46.470588235294116,906.8489691259679,91.50664072984105
345.5,0.7090878601094512,0.5,46.470588235294116,2.9448855448205222,39.0,46.470588235294116,906.8785773986224,91.47763294394989
345.6,0.7090405080355673,0.5,46.470588235294116,2.952609540844662,39.0,46.470588235294116,906.9081717159814,91.44863891687226
345.70000000000005,0.7089931664137421,0.5,46.470588235294116,2.9603315546752924,39.0,46.470588235294116,906.9377520781836,91.41965864850413
345.8,0.7089458352420174,0.5,46.470588235294116,2.968051586904892,39.0,46.470588235294116,906.9673184853682,91.39069213874093
345.90000000000003,0.7088985145184352,0.5,46.470588235294116,2.975769638126053,39.0,46.470588235294116,906.9968709376745,91.3617393874776
346.0,0.708851204241038,0.5,46.470588235294116,2.983485708931255,39.0,46.470588235294116,907.026409435243,91.33280039460858
346.1,0.7088039044078679,0.5,46.470588235294116,2.9911997999130904,39.0,46.470588235294116,907.0559339782138,91.30387516002786
346.20000000000005,0.708756615016968,0.5,46.470588235294116,2.9989119116639813,39.0,46.470588235294116,907.0854445667285,91.27496368362887
346.3,0.7087093360663806,0.5,46.470588235294116,3.0066220447765204,39.0,46.470588235294116,907.1149412009285,91.24606596530461
346.40000000000003,0.7086620675541495,0.5,46.470588235294116,3.014330199843414,39.0,46.470588235294116,907.1444238809555,91.21718200494755
346.5,0.7086148094783177,0.5,46.470588235294116,3.022036377457141,39.0,46.470588235294116,907.1738926069526,91.18831180244968
346.6,0.7085675618369289,0.5,46.470588235294116,3.0297405782104647,39.0,46.470588235294116,907.2033473790625,91.15945535770247
346.70000000000005,0.7085203246280273,0.5,46.470588235294116,3.037442802695864,39.0,46.470588235294116,907.232788197429,91.1306126705969
346.8,0.7084730978496566,0.5,46.470588235294116,3.045143051506159,39.0,46.470588235294116,907.2622150621963,91.10178374102348
346.90000000000003,0.7084258814998616,0.5,46.470588235294116,3.052841325233942,39.0,46.470588235294116,907.291627973509,91.07296856887221
347.0,0.7083786755766864,0.5,46.470588235294116,3.0605376244719196,39.0,46.470588235294116,907.3210269315119,91.04416715403256
347.1,0.7083314800781764,0.5,46.470588235294116,3.068231949812798,39.0,46.470588235294116,907.3504119363506,91.01537949639354
347.20000000000005,0.7082842950023763,0.5,46.470588235294116,3.0759243018494544,39.0,46.470588235294116,907.3797829881715,90.98660559584364
347.3,0.7082371203473314,0.5,46.470588235294116,3.083614681174538,39.0,46.470588235294116,907.4091400871212,90.95784545227083
347.40000000000003,0.7081899561110876,0.5,46.470588235294116,3.091303088380812,39.0,46.470588235294116,907.4384832333466,90.92909906556262
347.5,0.7081428022916902,0.5,46.470588235294116,3.098989524061153,39.0,46.470588235294116,907.4678124269956,90.900366435606
347.6,0.7080956588871856,0.5,46.470588235294116,3.106673988808268,39.0,46.470588235294116,907.4971276682161,90.87164756228745
347.70000000000005,0.7080485258956197,0.5,46.470588235294116,3.1143564832150332,39.0,46.470588235294116,907.5264289571567,90.84294244549295
347.8,0.708001403315039,0.5,46.470588235294116,3.122037007874212,39.0,46.470588235294116,907.5557162939667,90.81425108510795
347.90000000000003,0.7079542911434904,0.5,46.470588235294116,3.129715563378795,39.0,46.470588235294116,907.5849896787958,90.78557348101747
348.0,0.7079071893790206,0.5,46.470588235294116,3.137392150321716,39.0,46.470588235294116,907.6142491117939,90.75690963310592
348.1,0.7078600980196773,0.5,46.470588235294116,3.145066769295738,39.0,46.470588235294116,907.643494593112,90.72825954125729
348.20000000000005,0.7078130170635075,0.5,46.470588235294116,3.1527394208938517,39.0,46.470588235294116,907.6727261229013,90.69962320535502
348.3,0.7077659465085591,0.5,46.470588235294116,3.160410105708877,39.0,46.470588235294116,907.7019437013134,90.67100062528208
348.40000000000003,0.7077188863528799,0.5,46.470588235294116,3.1680788243338043,39.0,46.470588235294116,907.7311473285005,90.64239180092086
348.5,0.7076718365945179,0.5,46.470588235294116,3.1757455773616243,39.0,46.470588235294116,907.7603370046153,90.61379673215333
348.6,0.7076247972315219,0.5,46.470588235294116,3.183410365385271,39.0,46.470588235294116,907.7895127298112,90.58521541886087
348.70000000000005,0.7075777682619401,0.5,46.470588235294116,3.191073188997848,39.0,46.470588235294116,907.818674504242,90.55664786092439
348.8,0.7075307496838213,0.5,46.470588235294116,3.1987340487922893,39.0,46.470588235294116,907.8478223280619,90.5280940582243
348.90000000000003,0.7074837414952151,0.5,46.470588235294116,3.2063929453616424,39.0,46.470588235294116,907.8769562014254,90.49955401064048
349.0,0.7074367436941704,0.5,46.470588235294116,3.214049879298898,39.0,46.470588235294116,907.9060761244882,90.47102771805231
349.1,0.7073897562787368,0.5,46.470588235294116,3.2217048511971598,39.0,46.470588235294116,907.9351820974059,90.44251518033862
349.20000000000005,0.7073427792469642,0.5,46.470588235294116,3.2293578616495324,39.0,46.470588235294116,907.9642741203352,90.41401639737776
349.3,0.7072958125969024,0.5,46.470588235294116,3.2370089112490064,39.0,46.470588235294116,907.9933521934325,90.38553136904758
349.40000000000003,0.7072488563266021,0.5,46.470588235294116,3.2446580005888563,39.0,46.470588235294116,908.0224163168556,90.35706009522536
349.5,0.7072019104341134,0.5,46.470588235294116,3.252305130262016,39.0,46.470588235294116,908.0514664907622,90.32860257578795
349.6,0.7071549749174874,0.5,46.470588235294116,3.2599503008617035,39.0,46.470588235294116,908.0805027153108,90.30015881061159
349.70000000000005,0.7071080497747747,0.5,46.470588235294116,3.2675935129810227,39.0,46.470588235294116,908.1095249906601,90.27172879957205
349.8,0.7070611350040269,0.5,46.470588235294116,3.275234767213078,39.0,46.470588235294116,908.1385333169701,90.2433125425446
349.90000000000003,0.7070142306032952,0.5,46.470588235294116,3.2828740641510876,39.0,46.470588235294116,908.1675276944003,90.21491003940393
350.0,0.7069673365706313,0.5,46.470588235294116,3.290511404388326,39.0,46.470588235294116,908.1965081231116,90.1865212900243
350.1,0.7069204529040872,0.5,46.470588235294116,3.298146788517954,39.0,46.470588235294116,908.2254746032647,90.15814629427936
350.20000000000005,0.7068735796017152,0.5,46.470588235294116,3.30578021713319,39.0,46.470588235294116,908.2544271350215,90.12978505204232
350.3,0.7068267166615674,0.5,46.470588235294116,3.3134116908272517,39.0,46.470588235294116,908.2833657185438,90.10143756318578
350.40000000000003,0.7067798640816967,0.5,46.470588235294116,3.3210412101933002,39.0,46.470588235294116,908.3122903539943,90.07310382758192
350.5,0.706733021860156,0.5,46.470588235294116,3.328668775824724,39.0,46.470588235294116,908.3412010415361,90.0447838451023
350.6,0.7066861899949982,0.5,46.470588235294116,3.336294388314684,39.0,46.470588235294116,908.370097781333,90.01647761561804
350.70000000000005,0.7066393684842766,0.5,46.470588235294116,3.343918048256512,39.0,46.470588235294116,908.3989805735491,89.98818513899968
350.8,0.7065925573260449,0.5,46.470588235294116,3.3515397562434828,39.0,46.470588235294116,908.4278494183493,89.95990641511726
350.90000000000003,0.706545756518357,0.5,46.470588235294116,3.3591595128689278,39.0,46.470588235294116,908.4567043158988,89.93164144384029
351.0,0.7064989660592672,0.5,46.470588235294116,3.3667773187261787,39.0,46.470588235294116,908.4855452663634,89.90339022503777
351.1,0.7064521859468292,0.5,46.470588235294116,3.3743931744085103,39.0,46.470588235294116,908.5143722699092,89.87515275857814
351.20000000000005,0.706405416179098,0.5,46.470588235294116,3.382007080509254,39.0,46.470588235294116,908.5431853267033,89.84692904432934
351.3,0.7063586567541282,0.5,46.470588235294116,3.3896190376217987,39.0,46.470588235294116,908.571984436913,89.8187190821588
351.40000000000003,0.7063119076699746,0.5,46.470588235294116,3.3972290463395325,39.0,46.470588235294116,908.6007696007063,89.79052287193335
351.5,0.706265168924693,0.5,46.470588235294116,3.404837107255844,39.0,46.470588235294116,908.6295408182515,89.76234041351935
351.6,0.7062184405163383,0.5,46.470588235294116,3.4124432209640645,39.0,46.470588235294116,908.6582980897176,89.73417170678266
351.70000000000005,0.7061717224429666,0.5,46.470588235294116,3.420047388057583,39.0,46.470588235294116,908.6870414152743,89.70601675158855
351.8,0.7061250147026336,0.5,46.470588235294116,3.427649609129901,39.0,46.470588235294116,908.7157707950913,89.67787554780176
351.90000000000003,0.7060783172933955,0.5,46.470588235294116,3.4352498847744073,39.0,46.470588235294116,908.7444862293396,89.64974809528654
352.0,0.7060316302133091,0.5,46.470588235294116,3.4428482155845472,39.0,46.470588235294116,908.77318771819,89.62163439390656
352.1,0.7059849534604308,0.5,46.470588235294116,3.450444602153709,39.0,46.470588235294116,908.8018752618144,89.59353444352503
352.20000000000005,0.7059382870328174,0.5,46.470588235294116,3.4580390450753953,39.0,46.470588235294116,908.8305488603849,89.56544824400456
352.3,0.7058916309285262,0.5,46.470588235294116,3.465631544943051,39.0,46.470588235294116,908.859208514074,89.53737579520723
352.40000000000003,0.7058449851456146,0.5,46.470588235294116,3.473222102350178,39.0,46.470588235294116,908.8878542230553,89.50931709699462
352.5,0.7057983496821402,0.5,46.470588235294116,3.4808107178902787,39.0,46.470588235294116,908.9164859875025,89.48127214922773
352.6,0.7057517245361608,0.5,46.470588235294116,3.4883973921568554,39.0,46.470588235294116,908.9451038075899,89.45324095176709
352.70000000000005,0.7057051097057344,0.5,46.470588235294116,3.495982125743353,39.0,46.470588235294116,908.9737076834925,89.42522350447263
352.8,0.7056585051889196,0.5,46.470588235294116,3.5035649192432743,39.0,46.470588235294116,909.0022976153857,89.39721980720375
352.90000000000003,0.7056119109837747,0.5,46.470588235294116,3.5111457732502345,39.0,46.470588235294116,909.0308736034456,89.36922985981938
353.0,0.7055653270883587,0.5,46.470588235294116,3.518724688357736,39.0,46.470588235294116,909.0594356478484,89.34125366217785
353.1,0.7055187535007305,0.5,46.470588235294116,3.5263016651592807,39.0,46.470588235294116,909.0879837487714,89.31329121413692
353.20000000000005,0.7054721902189495,0.5,46.470588235294116,3.5338767042484847,39.0,46.470588235294116,909.1165179063921,89.28534251555391
353.3,0.7054256372410751,0.5,46.470588235294116,3.541449806218907,39.0,46.470588235294116,909.1450381208888,89.25740756628551
353.40000000000003,0.705379094565167,0.5,46.470588235294116,3.549020971664106,39.0,46.470588235294116,909.17354439244,89.22948636618793
353.5,0.7053325621892854,0.5,46.470588235294116,3.5565902011775847,39.0,46.470588235294116,909.202036721225,89.2015789151168
353.6,0.7052860401114903,0.5,46.470588235294116,3.564157495353129,39.0,46.470588235294116,909.2305151074237,89.17368521292721
353.70000000000005,0.7052395283298425,0.5,46.470588235294116,3.5717228547840705,39.0,46.470588235294116,909.2589795512162,89.14580525947373
353.8,0.7051930268424023,0.5,46.470588235294116,3.5792862800641956,39.0,46.470588235294116,909.2874300527835,89.11793905461037
353.90000000000003,0.7051465356472308,0.5,46.470588235294116,3.58684777178712,39.0,46.470588235294116,909.3158666123073,89.0900865981906
354.0,0.7051000547423892,0.5,46.470588235294116,3.594407330546403,39.0,46.470588235294116,909.3442892299694,89.06224789006734
354.1,0.7050535841259389,0.5,46.470588235294116,3.601964956935717,39.0,46.470588235294116,909.3726979059522,89.03442293009296
354.20000000000005,0.7050071237959415,0.5,46.470588235294116,3.609520651548735,39.0,46.470588235294116,909.4010926404388,89.00661171811932
354.3,0.7049606737504592,0.5,46.470588235294116,3.6170744149790153,39.0,46.470588235294116,909.4294734336129,88.97881425399771
354.40000000000003,0.7049142339875537,0.5,46.470588235294116,3.624626247820231,39.0,46.470588235294116,909.4578402856586,88.95103053757886
354.5,0.7048678045052876,0.5,46.470588235294116,3.632176150666112,39.0,46.470588235294116,909.4861931967607,88.92326056871295
354.6,0.7048213853017236,0.5,46.470588235294116,3.6397241241102734,39.0,46.470588235294116,909.5145321671044,88.89550434724963
354.70000000000005,0.7047749763749243,0.5,46.470588235294116,3.647270168746388,39.0,46.470588235294116,909.5428571968757,88.867761873038
354.8,0.7047285777229527,0.5,46.470588235294116,3.654814285168129,39.0,46.470588235294116,909.5711682862609,88.84003314592663
354.90000000000003,0.7046821893438724,0.5,46.470588235294116,3.6623564739692256,39.0,46.470588235294116,909.5994654354471,88.81231816576347
355.0,0.7046358112357468,0.5,46.470588235294116,3.6698967357433503,39.0,46.470588235294116,909.6277486446215,88.78461693239599
355.1,0.7045894433966396,0.5,46.470588235294116,3.677435071084176,39.0,46.470588235294116,909.6560179139725,88.75692944567109
355.20000000000005,0.7045430858246152,0.5,46.470588235294116,3.6849714805854887,39.0,46.470588235294116,909.6842732436883,88.72925570543507
355.3,0.7044967385177375,0.5,46.470588235294116,3.6925059648409047,39.0,46.470588235294116,909.7125146339582,88.70159571153376
355.40000000000003,0.7044504014740712,0.5,46.470588235294116,3.70003852444421,39.0,46.470588235294116,909.7407420849721,88.67394946381239
355.5,0.7044040746916809,0.5,46.470588235294116,3.7075691599890774,39.0,46.470588235294116,909.7689555969203,88.64631696211562
355.6,0.7043577581686316,0.5,46.470588235294116,3.7150978720691796,39.0,46.470588235294116,909.7971551699934,88.61869820628756
355.70000000000005,0.7043114519029885,0.5,46.470588235294116,3.7226246612784166,39.0,46.470588235294116,909.825340804383,88.59109319617183
355.8,0.704265155892817,0.5,46.470588235294116,3.7301495282104042,39.0,46.470588235294116,909.853512500281,88.56350193161143
355.90000000000003,0.704218870136183,0.5,46.470588235294116,3.7376724734589857,39.0,46.470588235294116,909.8816702578799,88.53592441244881
356.0,0.7041725946311523,0.5,46.470588235294116,3.7451934976179473,39.0,46.470588235294116,909.9098140773727,88.50836063852589
356.1,0.7041263293757909,0.5,46.470588235294116,3.752712601280905,39.0,46.470588235294116,909.937943958953,88.48081060968397
356.20000000000005,0.7040800743681657,0.5,46.470588235294116,3.760229785041645,39.0,46.470588235294116,909.9660599028153,88.4532743257639
356.3,0.7040338296063429,0.5,46.470588235294116,3.7677450494940103,39.0,46.470588235294116,909.9941619091543,88.42575178660584
356.40000000000003,0.7039875950883894,0.5,46.470588235294116,3.775258395231617,39.0,46.470588235294116,910.0222499781652,88.39824299204949
356.5,0.7039413708123726,0.5,46.470588235294116,3.7827698228484223,39.0,46.470588235294116,910.050324110044,88.37074794193394
356.6,0.7038951567763597,0.5,46.470588235294116,3.790279332938155,39.0,46.470588235294116,910.0783843049869,88.34326663609775
356.70000000000005,0.7038489529784182,0.5,46.470588235294116,3.7977869260945454,39.0,46.470588235294116,910.1064305631911,88.31579907437892
356.8,0.703802759416616,0.5,46.470588235294116,3.805292602911493,39.0,46.470588235294116,910.1344628848543,88.28834525661485
356.90000000000003,0.703756576089021,0.5,46.470588235294116,3.812796363982727,39.0,46.470588235294116,910.1624812701747,88.26090518264238
357.0,0.7037104029937018,0.5,46.470588235294116,3.820298209901921,39.0,46.470588235294116,910.1904857193508,88.23347885229782
357.1,0.7036642401287269,0.5,46.470588235294116,3.8277981412631448,39.0,46.470588235294116,910.2184762325821,88.20606626541692
357.20000000000005,0.7036180874921648,0.5,46.470588235294116,3.8352961586599577,39.0,46.470588235294116,910.2464528100683,88.17866742183485
357.3,0.703571945082085,0.5,46.470588235294116,3.8427922626862596,39.0,46.470588235294116,910.2744154520097,88.15128232138619
357.40000000000003,0.7035258128965564,0.5,46.470588235294116,3.850286453935837,39.0,46.470588235294116,910.3023641586077,88.12391096390496
357.5,0.7034796909336484,0.5,46.470588235294116,3.857778733002533,39.0,46.470588235294116,910.3302989300637,88.09655334922465
357.6,0.7034335791914311,0.5,46.470588235294116,3.865269100480134,39.0,46.470588235294116,910.3582197665797,88.06920947717816
357.70000000000005,0.7033874776679744,0.5,46.470588235294116,3.8727575569624264,39.0,46.470588235294116,910.3861266683587,88.04187934759783
357.8,0.7033413863613481,0.5,46.470588235294116,3.88024410304331,39.0,46.470588235294116,910.4140196356037,88.01456296031543
357.90000000000003,0.7032953052696232,0.5,46.470588235294116,3.8877287393165716,39.0,46.470588235294116,910.4418986685187,87.98726031516215
358.0,0.7032492343908701,0.5,46.470588235294116,3.895211466375997,39.0,46.470588235294116,910.4697637673079,87.95997141196862
358.1,0.7032031737231598,0.5,46.470588235294116,3.90269228481543,39.0,46.470588235294116,910.4976149321767,87.93269625056489
358.20000000000005,0.7031571232645633,0.5,46.470588235294116,3.9101711952286564,39.0,46.470588235294116,910.5254521633306,87.90543483078045
358.3,0.703111083013152,0.5,46.470588235294116,3.9176481982095197,39.0,46.470588235294116,910.5532754609754,87.87818715244423
358.40000000000003,0.7030650529669978,0.5,46.470588235294116,3.92512329435192,39.0,46.470588235294116,910.5810848253183,87.85095321538456
358.5,0.7030190331241726,0.5,46.470588235294116,3.9325964842497,39.0,46.470588235294116,910.6088802565662,87.82373301942924
358.6,0.7029730234827481,0.5,46.470588235294116,3.94006776849659,39.0,46.470588235294116,910.6366617549271,87.79652656440543
358.70000000000005,0.702927024040797,0.5,46.470588235294116,3.9475371476864325,39.0,46.470588235294116,910.6644293206097,87.76933385013976
358.8,0.7028810347963917,0.5,46.470588235294116,3.955004622413128,39.0,46.470588235294116,910.6921829538228,87.7421548764583
358.90000000000003,0.7028350557476052,0.5,46.470588235294116,3.9624701932705193,39.0,46.470588235294116,910.719922654776,87.71498964318651
359.0,0.7027890868925103,0.5,46.470588235294116,3.969933860852393,39.0,46.470588235294116,910.7476484236796,87.68783815014929
359.1,0.7027431282291806,0.5,46.470588235294116,3.9773956257525924,39.0,46.470588235294116,910.7753602607444,87.66070039717097
359.20000000000005,0.7026971797556897,0.5,46.470588235294116,3.9848554885650174,39.0,46.470588235294116,910.8030581661816,87.63357638407527
359.3,0.7026512414701109,0.5,46.470588235294116,3.992313449883511,39.0,46.470588235294116,910.8307421402033,87.6064661106854
359.40000000000003,0.7026053133705188,0.5,46.470588235294116,3.999769510301803,39.0,46.470588235294116,910.858412183022,87.57936957682392
359.5,0.7025593954549872,0.5,46.470588235294116,4.007223670413794,39.0,46.470588235294116,910.8860682948507,87.55228678231286
359.6,0.702513487721591,0.5,46.470588235294116,4.014675930813269,39.0,46.470588235294116,910.9137104759033,87.52521772697365
359.70000000000005,0.7024675901684047,0.5,46.470588235294116,4.022126292094242,39.0,46.470588235294116,910.9413387263938,87.49816241062713
359.8,0.7024217027935032,0.5,46.470588235294116,4.02957475485033,39.0,46.470588235294116,910.9689530465372,87.47112083309358
359.90000000000003,0.7023758255949618,0.5,46.470588235294116,4.037021319675489,39.0,46.470588235294116,910.9965534365488,87.44409299419267
360.0,0.7023299585708559,0.5,46.470588235294116,4.044465987163562,39.0,46.470588235294116,911.0241398966447,87.41707889374355
360.1,0.7022841017192613,0.5,46.470588235294116,4.051908757908279,39.0,46.470588235294116,911.0517124270416,87.39007853156473
360.20000000000005,0.7022382550382538,0.5,46.470588235294116,4.059349632503597,39.0,46.470588235294116,911.0792710279567,87.36309190747416
360.3,0.7021924185259096,0.5,46.470588235294116,4.066788611543245,39.0,46.470588235294116,911.1068156996078,87.33611902128918
360.40000000000003,0.7021465921803054,0.5,46.470588235294116,4.07422569562118,39.0,46.470588235294116,911.134346442213,87.30915987282658
360.5,0.7021007759995173,0.5,46.470588235294116,4.081660885331132,39.0,46.470588235294116,911.1618632559915,87.28221446190257
360.6,0.7020549699816225,0.5,46.470588235294116,4.089094181267001,39.0,46.470588235294116,911.1893661411628,87.25528278833274
360.70000000000005,0.7020091741246982,0.5,46.470588235294116,4.096525584022515,39.0,46.470588235294116,911.2168550979469,87.2283648519321
360.8,0.7019633884268214,0.5,46.470588235294116,4.1039550941915195,39.0,46.470588235294116,911.2443301265647,87.20146065251511
360.90000000000003,0.70191761288607,0.5,46.470588235294116,4.11138271236797,39.0,46.470588235294116,911.2717912272375,87.1745701898956
361.0,0.7018718475005218,0.5,46.470588235294116,4.118808439145539,39.0,46.470588235294116,911.2992384001872,87.14769346388687
361.1,0.7018260922682548,0.5,46.470588235294116,4.126232275118127,39.0,46.470588235294116,911.3266716456362,87.12083047430154
361.20000000000005,0.7017803471873475,0.5,46.470588235294116,4.133654220879521,39.0,46.470588235294116,911.3540909638076,87.0939812209517
361.3,0.7017346122558783,0.5,46.470588235294116,4.141074277023449,39.0,46.470588235294116,911.3814963549252,87.06714570364886
361.40000000000003,0.7016888874719258,0.5,46.470588235294116,4.148492444143869,39.0,46.470588235294116,911.408887819213,87.04032392220392
361.5,0.7016431728335691,0.5,46.470588235294116,4.155908722834454,39.0,46.470588235294116,911.4362653568961,87.0135158764272
361.6,0.7015974683388877,0.5,46.470588235294116,4.1633231136891595,39.0,46.470588235294116,911.4636289682,86.98672156612841
361.70000000000005,0.7015517739859611,0.5,46.470588235294116,4.170735617301659,39.0,46.470588235294116,911.4909786533507,86.9599409911167
361.8,0.7015060897728687,0.5,46.470588235294116,4.178146234265853,39.0,46.470588235294116,911.5183144125749,86.93317415120057
361.90000000000003,0.7014604156976908,0.5,46.470588235294116,4.185554965175413,39.0,46.470588235294116,911.5456362460997,86.90642104618799
362.0,0.7014147517585074,0.5,46.470588235294116,4.19296181062424,39.0,46.470588235294116,911.572944154153,86.8796816758863
362.1,0.7013690979533991,0.5,46.470588235294116,4.200366771206063,39.0,46.470588235294116,911.6002381369632,86.85295604010227
362.20000000000005,0.7013234542804465,0.5,46.470588235294116,4.207769847514669,39.0,46.470588235294116,911.6275181947594,86.82624413864207
362.3,0.7012778207377307,0.5,46.470588235294116,4.2151710401439,39.0,46.470588235294116,911.6547843277714,86.79954597131123
362.40000000000003,0.7012321973233326,0.5,46.470588235294116,4.222570349687487,39.0,46.470588235294116,911.6820365362294,86.77286153791475
362.5,0.7011865840353338,0.5,46.470588235294116,4.229967776739159,39.0,46.470588235294116,911.7092748203642,86.74619083825698
362.6,0.701140980871816,0.5,46.470588235294116,4.237363321892758,39.0,46.470588235294116,911.7364991804071,86.71953387214172
362.70000000000005,0.701095387830861,0.5,46.470588235294116,4.244756985742015,39.0,46.470588235294116,911.7637096165902,86.69289063937215
362.8,0.7010498049105508,0.5,46.470588235294116,4.252148768880772,39.0,46.470588235294116,911.790906129146,86.66626113975083
362.90000000000003,0.701004232108968,0.5,46.470588235294116,4.2595386719026465,39.0,46.470588235294116,911.8180887183081,86.63964537307977
363.0,0.7009586694241953,0.5,46.470588235294116,4.2669266954013665,39.0,46.470588235294116,911.8452573843102,86.61304333916034
363.1,0.700913116854315,0.5,46.470588235294116,4.274312839970833,39.0,46.470588235294116,911.8724121273866,86.58645503779333
363.20000000000005,0.7008675743974107,0.5,46.470588235294116,4.281697106204604,39.0,46.470588235294116,911.8995529477726,86.5598804687789
363.3,0.7008220420515653,0.5,46.470588235294116,4.289079494696523,39.0,46.470588235294116,911.9266798457037,86.53331963191664
363.40000000000003,0.7007765198148629,0.5,46.470588235294116,4.29646000604032,39.0,46.470588235294116,911.9537928214161,86.50677252700555
363.5,0.7007310076853871,0.5,46.470588235294116,4.303838640829667,39.0,46.470588235294116,911.9808918751468,86.480239153844
363.6,0.7006855056612216,0.5,46.470588235294116,4.311215399658295,39.0,46.470588235294116,912.0079770071333,86.45371951222974
363.70000000000005,0.7006400137404509,0.5,46.470588235294116,4.318590283119988,39.0,46.470588235294116,912.0350482176136,86.42721360195995
363.8,0.7005945319211597,0.5,46.470588235294116,4.325963291808307,39.0,46.470588235294116,912.0621055068265,86.40072142283121
363.90000000000003,0.7005490602014323,0.5,46.470588235294116,4.3333344263170375,39.0,46.470588235294116,912.0891488750111,86.37424297463947
364.0,0.7005035985793541,0.5,46.470588235294116,4.340703687239795,39.0,46.470588235294116,912.1161783224076,86.34777825718008
364.1,0.7004581470530103,0.5,46.470588235294116,4.348071075170367,39.0,46.470588235294116,912.1431938492561,86.3213272702478
364.20000000000005,0.7004127056204862,0.5,46.470588235294116,4.355436590702368,39.0,46.470588235294116,912.170195455798,86.29489001363677
364.3,0.7003672742798677,0.5,46.470588235294116,4.362800234429585,39.0,46.470588235294116,912.1971831422751,86.26846648714053
364.40000000000003,0.7003218530292405,0.5,46.470588235294116,4.370162006945577,39.0,46.470588235294116,912.2241569089294,86.24205669055202
364.5,0.7002764418666911,0.5,46.470588235294116,4.37752190884396,39.0,46.470588235294116,912.2511167560043,86.21566062366354
364.6,0.7002310407903056,0.5,46.470588235294116,4.384879940718463,39.0,46.470588235294116,912.2780626837431,86.1892782862668
364.70000000000005,0.700185649798171,0.5,46.470588235294116,4.392236103162645,39.0,46.470588235294116,912.30499469239,86.16290967815291
364.8,0.700140268888374,0.5,46.470588235294116,4.399590396770122,39.0,46.470588235294116,912.33191278219,86.13655479911237
364.90000000000003,0.7000948980590017,0.5,46.470588235294116,4.406942822134681,39.0,46.470588235294116,912.3588169533883,86.11021364893504
365.0,0.7000495373081415,0.5,46.470588235294116,4.41429337984988,39.0,46.470588235294116,912.3857072062309,86.08388622741023
365.1,0.700004186633881,0.5,46.470588235294116,4.421642070509279,39.0,46.470588235294116,912.4125835409644,86.05757253432658
365.20000000000005,0.6999588460343081,0.5,46.470588235294116,4.428988894706492,39.0,46.470588235294116,912.4394459578363,86.03127256947214
365.3,0.6999135155075109,0.5,46.470588235294116,4.436333853035137,39.0,46.470588235294116,912.4662944570941,86.0049863326343
365.40000000000003,0.6998681950515776,0.5,46.470588235294116,4.443676946088772,39.0,46.470588235294116,912.4931290389867,85.97871382359996
365.5,0.6998228846645971,0.5,46.470588235294116,4.451018174460955,39.0,46.470588235294116,912.5199497037629,85.95245504215526
365.6,0.699777584344658,0.5,46.470588235294116,4.458357538745247,39.0,46.470588235294116,912.5467564516724,85.92620998808586
365.70000000000005,0.6997322940898495,0.5,46.470588235294116,4.465695039535262,39.0,46.470588235294116,912.5735492829657,85.89997866117668
365.8,0.6996870138982607,0.5,46.470588235294116,4.4730306774245605,39.0,46.470588235294116,912.6003281978938,85.8737610612121
365.90000000000003,0.6996417437679809,0.5,46.470588235294116,4.480364453006587,39.0,46.470588235294116,912.6270931967081,85.84755718797587
366.0,0.6995964836971005,0.5,46.470588235294116,4.487696366874957,39.0,46.470588235294116,912.6538442796608,85.82136704125112
366.1,0.6995512336837092,0.5,46.470588235294116,4.49502641962323,39.0,46.470588235294116,912.6805814470048,85.79519062082036
366.20000000000005,0.6995059937258972,0.5,46.470588235294116,4.502354611844851,39.0,46.470588235294116,912.7073046989935,85.7690279264655
366.3,0.6994607638217551,0.5,46.470588235294116,4.509680944133265,39.0,46.470588235294116,912.734014035881,85.74287895796778
366.40000000000003,0.6994155439693734,0.5,46.470588235294116,4.517005417082089,39.0,46.470588235294116,912.760709457922,85.71674371510787
366.5,0.6993703341668435,0.5,46.470588235294116,4.524328031284881,39.0,46.470588235294116,912.7873909653715,85.69062219766582
366.6,0.6993251344122561,0.5,46.470588235294116,4.531648787334916,39.0,46.470588235294116,912.8140585584857,85.66451440542103
366.70000000000005,0.6992799447037031,0.5,46.470588235294116,4.538967685825753,39.0,46.470588235294116,912.8407122375212,85.6384203381523
366.8,0.699234765039276,0.5,46.470588235294116,4.5462847273507805,39.0,46.470588235294116,912.867352002735,85.61233999563781
366.90000000000003,0.6991895954170666,0.5,46.470588235294116,4.553599912503444,39.0,46.470588235294116,912.8939778543848,85.58627337765512
367.0,0.6991444358351672,0.5,46.470588235294116,4.560913241877188,39.0,46.470588235294116,912.9205897927293,85.56022048398114
367.1,0.6990992862916702,0.5,46.470588235294116,4.568224716065515,39.0,46.470588235294116,912.9471878180274,85.53418131439221
367.20000000000005,0.699054146784668,0.5,46.470588235294116,4.575534335661814,39.0,46.470588235294116,912.9737719305388,85.508155868664
367.3,0.6990090173122538,0.5,46.470588235294116,4.582842101259473,39.0,46.470588235294116,913.0003421305237,85.48214414657154
367.40000000000003,0.6989638978725207,0.5,46.470588235294116,4.590148013451881,39.0,46.470588235294116,913.0268984182431,85.45614614788931
367.5,0.6989187884635618,0.5,46.470588235294116,4.597452072832368,39.0,46.470588235294116,913.0534407939587,85.43016187239111
367.6,0.6988736890834711,0.5,46.470588235294116,4.604754279994324,39.0,46.470588235294116,913.0799692579324,85.4041913198501
367.70000000000005,0.6988285997303421,0.5,46.470588235294116,4.612054635531081,39.0,46.470588235294116,913.1064838104271,85.37823449003885
367.8,0.6987835204022689,0.5,46.470588235294116,4.6193531400360826,39.0,46.470588235294116,913.1329844517062,85.3522913827293
367.90000000000003,0.6987384510973459,0.5,46.470588235294116,4.626649794102605,39.0,46.470588235294116,913.159471182034,85.32636199769276
368.0,0.6986933918136676,0.5,46.470588235294116,4.633944598323865,39.0,46.470588235294116,913.185944001675,85.30044633469988
368.1,0.698648342549329,0.5,46.470588235294116,4.641237553293365,39.0,46.470588235294116,913.2124029108946,85.27454439352074
368.20000000000005,0.6986033033024248,0.5,46.470588235294116,4.64852865960421,39.0,46.470588235294116,913.2388479099588,85.24865617392473
368.3,0.6985582740710506,0.5,46.470588235294116,4.655817917849788,39.0,46.470588235294116,913.265278999134,85.22278167568064
368.40000000000003,0.6985132548533017,0.5,46.470588235294116,4.663105328623317,39.0,46.470588235294116,913.2916961786876,85.19692089855664
368.5,0.698468245647274,0.5,46.470588235294116,4.670390892518128,39.0,46.470588235294116,913.3180994488876,85.17107384232024
368.6,0.6984232464510635,0.5,46.470588235294116,4.677674610127326,39.0,46.470588235294116,913.3444888100022,85.14524050673836
368.70000000000005,0.6983782572627661,0.5,46.470588235294116,4.684956482044242,39.0,46.470588235294116,913.3708642623005,85.11942089157725
368.8,0.6983332780804788,0.5,46.470588235294116,4.692236508862152,39.0,46.470588235294116,913.3972258060526,85.09361499660254
368.90000000000003,0.698288308902298,0.5,46.470588235294116,4.6995146911741585,39.0,46.470588235294116,913.4235734415286,85.06782282157926
369.0,0.6982433497263207,0.5,46.470588235294116,4.706791029573424,39.0,46.470588235294116,913.4499071689995,85.04204436627174
369.1,0.6981984005506442,0.5,46.470588235294116,4.714065524653222,39.0,46.470588235294116,913.4762269887373,85.0162796304437
369.20000000000005,0.6981534613733655,0.5,46.470588235294116,4.721338177006714,39.0,46.470588235294116,913.5025329010141,84.99052861385827
369.3,0.6981085321925827,0.5,46.470588235294116,4.728608987227005,39.0,46.470588235294116,913.5288249061028,84.96479131627791
369.40000000000003,0.6980636130063936,0.5,46.470588235294116,4.735877955907256,39.0,46.470588235294116,913.555103004277,84.93906773746441
369.5,0.6980187038128964,0.5,46.470588235294116,4.74314508364057,39.0,46.470588235294116,913.581367195811,84.91335787717901
369.6,0.6979738046101893,0.5,46.470588235294116,4.7504103710200525,39.0,46.470588235294116,913.6076174809797,84.88766173518222
369.70000000000005,0.6979289153963711,0.5,46.470588235294116,4.757673818638864,39.0,46.470588235294116,913.6338538600585,84.86197931123397
369.8,0.6978840361695405,0.5,46.470588235294116,4.764935427089995,39.0,46.470588235294116,913.6600763333236,84.83631060509356
369.90000000000003,0.6978391669277969,0.5,46.470588235294116,4.7721951969666065,39.0,46.470588235294116,913.6862849010516,84.8106556165196
370.0,0.6977943076692393,0.5,46.470588235294116,4.7794531288616895,39.0,46.470588235294116,913.7124795635202,84.7850143452701
370.1,0.6977494583919676,0.5,46.470588235294116,4.786709223368291,39.0,46.470588235294116,913.7386603210074,84.75938679110243
370.20000000000005,0.6977046190940813,0.5,46.470588235294116,4.793963481079402,39.0,46.470588235294116,913.7648271737917,84.73377295377328
370.3,0.6976597897736808,0.5,46.470588235294116,4.801215902588069,39.0,46.470588235294116,913.7909801221527,84.70817283303877
370.40000000000003,0.6976149704288661,0.5,46.470588235294116,4.808466488487227,39.0,46.470588235294116,913.8171191663703,84.68258642865432
370.5,0.6975701610577381,0.5,46.470588235294116,4.815715239369865,39.0,46.470588235294116,913.8432443067251,84.65701374037472
370.6,0.6975253616583973,0.5,46.470588235294116,4.822962155828918,39.0,46.470588235294116,913.8693555434985,84.63145476795412
370.70000000000005,0.6974805722289447,0.5,46.470588235294116,4.830207238457433,39.0,46.470588235294116,913.8954528769724,84.60590951114605
370.8,0.6974357927674818,0.5,46.470588235294116,4.83745048784823,39.0,46.470588235294116,913.9215363074292,84.58037796970338
370.90000000000003,0.6973910232721097,0.5,46.470588235294116,4.844691904594299,39.0,46.470588235294116,913.9476058351523,84.55486014337832
371.0,0.6973462637409306,0.5,46.470588235294116,4.851931489288461,39.0,46.470588235294116,913.9736614604255,84.52935603192246
371.1,0.6973015141720462,0.5,46.470588235294116,4.859169242523706,39.0,46.470588235294116,913.9997031835335,84.50386563508675
371.20000000000005,0.697256774563559,0.5,46.470588235294116,4.866405164892797,39.0,46.470588235294116,914.0257310047613,84.47838895262146
371.3,0.6972120449135711,0.5,46.470588235294116,4.873639256988554,39.0,46.470588235294116,914.0517449243946,84.45292598427625
371.40000000000003,0.6971673252201854,0.5,46.470588235294116,4.880871519403854,39.0,46.470588235294116,914.07774494272,84.4274767298001
371.5,0.6971226154815049,0.5,46.470588235294116,4.8881019527315175,39.0,46.470588235294116,914.1037310600244,84.40204118894138
371.6,0.6970779156956327,0.5,46.470588235294116,4.895330557564364,39.0,46.470588235294116,914.1297032765958,84.37661936144778
371.70000000000005,0.6970332258606722,0.5,46.470588235294116,4.902557334495157,39.0,46.470588235294116,914.1556615927226,84.35121124706636
371.8,0.6969885459747271,0.5,46.470588235294116,4.909782284116659,39.0,46.470588235294116,914.1816060086936,84.32581684554353
371.90000000000003,0.6969438760359012,0.5,46.470588235294116,4.917005407021577,39.0,46.470588235294116,914.2075365247989,84.30043615662505
372.0,0.6968992160422988,0.5,46.470588235294116,4.924226703802674,39.0,46.470588235294116,914.2334531413286,84.27506918005601
372.1,0.6968545659920241,0.5,46.470588235294116,4.931446175052656,39.0,46.470588235294116,914.2593558585737,84.24971591558086
372.20000000000005,0.6968099258831818,0.5,46.470588235294116,4.93866382136423,39.0,46.470588235294116,914.285244676826,84.22437636294345
372.3,0.6967652957138769,0.5,46.470588235294116,4.945879643330045,39.0,46.470588235294116,914.3111195963779,84.19905052188692
372.40000000000003,0.6967206754822144,0.5,46.470588235294116,4.9530936415427504,39.0,46.470588235294116,914.3369806175222,84.17373839215374
372.5,0.6966760651862994,0.5,46.470588235294116,4.960305816594939,39.0,46.470588235294116,914.3628277405526,84.1484399734858
372.6,0.696631464824238,0.5,46.470588235294116,4.9675161690793175,39.0,46.470588235294116,914.3886609657634,84.12315526562428
372.70000000000005,0.6965868743941356,0.5,46.470588235294116,4.974724699588421,39.0,46.470588235294116,914.4144802934495,84.09788426830973
372.8,0.6965422938940986,0.5,46.470588235294116,4.9819314087149,39.0,46.470588235294116,914.4402857239065,84.07262698128204
372.90000000000003,0.6964977233222329,0.5,46.470588235294116,4.989136297051289,39.0,46.470588235294116,914.4660772574307,84.04738340428044
373.0,0.6964531626766453,0.5,46.470588235294116,4.996339365190124,39.0,46.470588235294116,914.4918548943187,84.02215353704351
373.1,0.6964086119554423,0.5,46.470588235294116,5.003540613723942,39.0,46.470588235294116,914.5176186348685,83.9969373793092
373.20000000000005,0.6963640711567314,0.5,46.470588235294116,5.010740043245221,39.0,46.470588235294116,914.5433684793782,83.97173493081476
373.3,0.6963195402786194,0.5,46.470588235294116,5.01793765434644,39.0,46.470588235294116,914.5691044281465,83.9465461912968
373.40000000000003,0.6962750193192141,0.5,46.470588235294116,5.025133447620135,39.0,46.470588235294116,914.594826481473,83.92137116049132
373.5,0.6962305082766229,0.5,46.470588235294116,5.032327423658728,39.0,46.470588235294116,914.620534639658,83.89620983813357
373.6,0.6961860071489541,0.5,46.470588235294116,5.039519583054641,39.0,46.470588235294116,914.6462289030025,83.87106222395822
373.70000000000005,0.6961415159343158,0.5,46.470588235294116,5.046709926400297,39.0,46.470588235294116,914.6719092718077,83.84592831769923
373.8,0.6960970346308166,0.5,46.470588235294116,5.05389845428806,39.0,46.470588235294116,914.6975757463761,83.82080811908992
373.90000000000003,0.696052563236565,0.5,46.470588235294116,5.0610851673103525,39.0,46.470588235294116,914.7232283270102,83.79570162786295
374.0,0.6960081017496699,0.5,46.470588235294116,5.06827006605937,39.0,46.470588235294116,914.7488670140139,83.77060884375037
374.1,0.6959636501682407,0.5,46.470588235294116,5.07545315112759,39.0,46.470588235294116,914.7744918076909,83.74552976648349
374.20000000000005,0.6959192084903868,0.5,46.470588235294116,5.0826344231072085,39.0,46.470588235294116,914.8001027083465,83.72046439579296
374.3,0.6958747767142177,0.5,46.470588235294116,5.089813882590647,39.0,46.470588235294116,914.8256997162858,83.69541273140885
374.40000000000003,0.6958303548378434,0.5,46.470588235294116,5.096991530170101,39.0,46.470588235294116,914.8512828318153,83.67037477306052
374.5,0.6957859428593741,0.5,46.470588235294116,5.104167366437878,39.0,46.470588235294116,914.8768520552417,83.64535052047664
374.6,0.6957415407769202,0.5,46.470588235294116,5.111341391986059,39.0,46.470588235294116,914.9024073868724,83.62033997338526
374.70000000000005,0.6956971485885923,0.5,46.470588235294116,5.11851360740701,39.0,46.470588235294116,914.9279488270156,83.59534313151372
374.8,0.6956527662925008,0.5,46.470588235294116,5.125684013292812,39.0,46.470588235294116,914.9534763759802,83.57035999458873
374.90000000000003,0.6956083938867574,0.5,46.470588235294116,5.132852610235716,39.0,46.470588235294116,914.9789900340757,83.54539056233635
375.0,0.6955640313694732,0.5,46.470588235294116,5.1400193988277465,39.0,46.470588235294116,915.0044898016121,83.52043483448195
375.1,0.6955196787387599,0.5,46.470588235294116,5.147184379661155,39.0,46.470588235294116,915.0299756789003,83.49549281075022
375.20000000000005,0.6954753359927291,0.5,46.470588235294116,5.154347553327909,39.0,46.470588235294116,915.0554476662519,83.47056449086521
375.3,0.695431003129493,0.5,46.470588235294116,5.161508920420204,39.0,46.470588235294116,915.0809057639789,83.44564987455033
375.40000000000003,0.6953866801471642,0.5,46.470588235294116,5.1686684815300055,39.0,46.470588235294116,915.1063499723941,83.42074896152822
375.5,0.6953423670438547,0.5,46.470588235294116,5.175826237249396,39.0,46.470588235294116,915.1317802918112,83.39586175152097
375.6,0.6952980638176774,0.5,46.470588235294116,5.182982188170342,39.0,46.470588235294116,915.1571967225442,83.37098824424993
375.70000000000005,0.6952537704667456,0.5,46.470588235294116,5.190136334884869,39.0,46.470588235294116,915.182599264908,83.34612843943582
375.8,0.6952094869891725,0.5,46.470588235294116,5.197288677984886,39.0,46.470588235294116,915.2079879192182,83.32128233679865
375.90000000000003,0.6951652133830714,0.5,46.470588235294116,5.204439218062419,39.0,46.470588235294116,915.2333626857908,83.29644993605778
376.0,0.6951209496465564,0.5,46.470588235294116,5.211587955709319,39.0,46.470588235294116,915.2587235649428,83.27163123693194
376.1,0.6950766957777411,0.5,46.470588235294116,5.2187348915174425,39.0,46.470588235294116,915.2840705569918,83.24682623913912
376.20000000000005,0.6950324517747398,0.5,46.470588235294116,5.225880026078755,39.0,46.470588235294116,915.3094036622556,83.22203494239668
376.3,0.6949882176356673,0.5,46.470588235294116,5.233023359985111,39.0,46.470588235294116,915.3347228810535,83.1972573464213
376.40000000000003,0.694943993358638,0.5,46.470588235294116,5.240164893828251,39.0,46.470588235294116,915.3600282137049,83.17249345092898
376.5,0.6948997789417668,0.5,46.470588235294116,5.247304628200027,39.0,46.470588235294116,915.38531966053,83.14774325563505
376.6,0.6948555743831689,0.5,46.470588235294116,5.25444256369218,39.0,46.470588235294116,915.4105972218498,83.12300676025419
376.70000000000005,0.6948113796809601,0.5,46.470588235294116,5.261578700896564,39.0,46.470588235294116,915.4358608979857,83.09828396450035
376.8,0.6947671948332557,0.5,46.470588235294116,5.268713040404805,39.0,46.470588235294116,915.46111068926,83.0735748680869
376.90000000000003,0.6947230198381716,0.5,46.470588235294116,5.275845582808643,39.0,46.470588235294116,915.4863465959958,83.04887947072642
377.0,0.6946788546938242,0.5,46.470588235294116,5.28297632869976,39.0,46.470588235294116,915.5115686185165,83.0241977721309
377.1,0.6946346993983294,0.5,46.470588235294116,5.290105278669898,39.0,46.470588235294116,915.5367767571464,82.99952977201163
377.20000000000005,0.6945905539498043,0.5,46.470588235294116,5.297232433310569,39.0,46.470588235294116,915.5619710122105,82.97487547007921
377.3,0.6945464183463657,0.5,46.470588235294116,5.304357793213512,39.0,46.470588235294116,915.5871513840344,82.95023486604357
377.40000000000003,0.6945022925861305,0.5,46.470588235294116,5.311481358970184,39.0,46.470588235294116,915.6123178729445,82.92560795961397
377.5,0.6944581766672163,0.5,46.470588235294116,5.3186031311721536,39.0,46.470588235294116,915.6374704792677,82.900994750499
377.6,0.6944140705877405,0.5,46.470588235294116,5.325723110410991,39.0,46.470588235294116,915.6626092033318,82.87639523840654
377.70000000000005,0.6943699743458212,0.5,46.470588235294116,5.3328412972782075,39.0,46.470588235294116,915.687734045465,82.85180942304382
377.8,0.6943258879395761,0.5,46.470588235294116,5.339957692365317,39.0,46.470588235294116,915.7128450059964,82.82723730411736
377.90000000000003,0.6942818113671237,0.5,46.470588235294116,5.347072296263775,39.0,46.470588235294116,915.7379420852558,82.80267888133304
378.0,0.6942377446265826,0.5,46.470588235294116,5.354185109565094,39.0,46.470588235294116,915.7630252835736,82.77813415439606
378.1,0.6941936877160716,0.5,46.470588235294116,5.361296132860559,39.0,46.470588235294116,915.7880946012808,82.75360312301088
378.20000000000005,0.6941496406337095,0.5,46.470588235294116,5.36840536674157,39.0,46.470588235294116,915.8131500387092,82.72908578688134
378.3,0.694105603377616,0.5,46.470588235294116,5.375512811799581,39.0,46.470588235294116,915.8381915961911,82.70458214571057
378.40000000000003,0.6940615759459102,0.5,46.470588235294116,5.382618468625765,39.0,46.470588235294116,915.8632192740597,82.68009219920104
378.5,0.6940175583367122,0.5,46.470588235294116,5.38972233781152,39.0,46.470588235294116,915.8882330726486,82.65561594705453
378.6,0.6939735505481416,0.5,46.470588235294116,5.396824419948075,39.0,46.470588235294116,915.9132329922928,82.6311533889721
378.70000000000005,0.693929552578319,0.5,46.470588235294116,5.403924715626715,39.0,46.470588235294116,915.9382190333272,82.60670452465416
378.8,0.6938855644253646,0.5,46.470588235294116,5.411023225438669,39.0,46.470588235294116,915.9631911960877,82.58226935380044
378.90000000000003,0.6938415860873993,0.5,46.470588235294116,5.418119949975221,39.0,46.470588235294116,915.9881494809108,82.55784787610999
379.0,0.693797617562544,0.5,46.470588235294116,5.42521488982743,39.0,46.470588235294116,916.0130938881339,82.53344009128112
379.1,0.69375365884892,0.5,46.470588235294116,5.432308045586467,39.0,46.470588235294116,916.0380244180948,82.50904599901153
379.20000000000005,0.693709709944649,0.5,46.470588235294116,5.439399417843504,39.0,46.470588235294116,916.0629410711321,82.48466559899822
379.3,0.6936657708478521,0.5,46.470588235294116,5.446489007189541,39.0,46.470588235294116,916.0878438475851,82.46029889093744
379.40000000000003,0.6936218415566514,0.5,46.470588235294116,5.453576814215751,39.0,46.470588235294116,916.1127327477938,82.43594587452479
379.5,0.6935779220691692,0.5,46.470588235294116,5.460662839513077,39.0,46.470588235294116,916.1376077720988,82.41160654945523
379.6,0.6935340123835279,0.5,46.470588235294116,5.467747083672634,39.0,46.470588235294116,916.1624689208418,82.38728091542296
379.70000000000005,0.6934901124978499,0.5,46.470588235294116,5.47482954728531,39.0,46.470588235294116,916.1873161943646,82.36296897212154
379.8,0.6934462224102583,0.5,46.470588235294116,5.481910230942049,39.0,46.470588235294116,916.2121495930098,82.3386707192438
379.90000000000003,0.6934023421188762,0.5,46.470588235294116,5.488989135233851,39.0,46.470588235294116,916.2369691171212,82.31438615648192
380.0,0.693358471621827,0.5,46.470588235294116,5.496066260751604,39.0,46.470588235294116,916.2617747670428,82.29011528352738
380.1,0.6933146109172341,0.5,46.470588235294116,5.503141608086139,39.0,46.470588235294116,916.2865665431192,82.26585810007096
380.20000000000005,0.6932707600032215,0.5,46.470588235294116,5.5102151778284565,39.0,46.470588235294116,916.311344445696,82.24161460580275
380.3,0.6932269188779134,0.5,46.470588235294116,5.51728697056916,39.0,46.470588235294116,916.3361084751198,82.21738480041215
380.40000000000003,0.693183087539434,0.5,46.470588235294116,5.524356986899136,39.0,46.470588235294116,916.3608586317371,82.19316868358787
380.5,0.693139265985908,0.5,46.470588235294116,5.531425227409045,39.0,46.470588235294116,916.3855949158955,82.16896625501795
380.6,0.6930954542154601,0.5,46.470588235294116,5.5384916926897745,39.0,46.470588235294116,916.4103173279435,82.14477751438966
380.70000000000005,0.6930516522262153,0.5,46.470588235294116,5.5455563833319275,39.0,46.470588235294116,916.43502586823,82.12060246138967
380.8,0.6930078600162991,0.5,46.470588235294116,5.552619299926107,39.0,46.470588235294116,916.4597205371047,82.09644109570391
380.90000000000003,0.6929640775838367,0.5,46.470588235294116,5.559680443063087,39.0,46.470588235294116,916.4844013349178,82.07229341701762
381.0,0.6929203049269542,0.5,46.470588235294116,5.566739813333413,39.0,46.470588235294116,916.5090682620206,82.04815942501533
381.1,0.6928765420437775,0.5,46.470588235294116,5.573797411327689,39.0,46.470588235294116,916.5337213187647,82.02403911938093
381.20000000000005,0.6928327889324329,0.5,46.470588235294116,5.580853237636518,39.0,46.470588235294116,916.5583605055026,81.99993249979757
381.3,0.6927890455910466,0.5,46.470588235294116,5.587907292850389,39.0,46.470588235294116,916.5829858225875,81.9758395659477
381.40000000000003,0.6927453120177456,0.5,46.470588235294116,5.594959577559678,39.0,46.470588235294116,916.6075972703733,81.95176031751309
381.5,0.6927015882106569,0.5,46.470588235294116,5.602010092355101,39.0,46.470588235294116,916.6321948492143,81.92769475417481
381.6,0.6926578741679077,0.5,46.470588235294116,5.609058837826865,39.0,46.470588235294116,916.656778559466,81.90364287561322
381.70000000000005,0.6926141698876255,0.5,46.470588235294116,5.616105814565401,39.0,46.470588235294116,916.6813484014843,81.87960468150801
381.8,0.692570475367938,0.5,46.470588235294116,5.623151023161142,39.0,46.470588235294116,916.7059043756259,81.85558017153812
381.90000000000003,0.6925267906069731,0.5,46.470588235294116,5.630194464204408,39.0,46.470588235294116,916.7304464822481,81.83156934538187
382.0,0.6924831156028588,0.5,46.470588235294116,5.637236138285573,39.0,46.470588235294116,916.7549747217089,81.8075722027168
382.1,0.6924394503537239,0.5,46.470588235294116,5.644276045994786,39.0,46.470588235294116,916.779489094367,81.78358874321982
382.20000000000005,0.6923957948576966,0.5,46.470588235294116,5.651314187922424,39.0,46.470588235294116,916.803989600582,81.75961896656709
382.3,0.6923521491129062,0.5,46.470588235294116,5.658350564658633,39.0,46.470588235294116,916.8284762407139,81.73566287243408
382.40000000000003,0.6923085131174816,0.5,46.470588235294116,5.66538517679362,39.0,46.470588235294116,916.8529490151238,81.71172046049557
382.5,0.6922648868695525,0.5,46.470588235294116,5.672418024917533,39.0,46.470588235294116,916.8774079241731,81.68779173042564
382.6,0.6922212703672483,0.5,46.470588235294116,5.6794491096205775,39.0,46.470588235294116,916.901852968224,81.66387668189766
382.70000000000005,0.6921776636086989,0.5,46.470588235294116,5.686478431492787,39.0,46.470588235294116,916.9262841476396,81.63997531458429
382.8,0.6921340665920345,0.5,46.470588235294116,5.693505991124255,39.0,46.470588235294116,916.9507014627835,81.61608762815749
382.90000000000003,0.6920904793153854,0.5,46.470588235294116,5.700531789104957,39.0,46.470588235294116,916.9751049140202,81.59221362228853
383.0,0.6920469017768821,0.5,46.470588235294116,5.7075558260249295,39.0,46.470588235294116,916.9994945017146,81.56835329664797
383.1,0.6920033339746555,0.5,46.470588235294116,5.7145781024741495,39.0,46.470588235294116,917.0238702262326,81.54450665090566
383.20000000000005,0.6919597759068368,0.5,46.470588235294116,5.721598619042595,39.0,46.470588235294116,917.0482320879405,81.52067368473075
383.3,0.691916227571557,0.5,46.470588235294116,5.728617376320017,39.0,46.470588235294116,917.0725800872056,81.49685439779171
383.40000000000003,0.6918726889669479,0.5,46.470588235294116,5.735634374896392,39.0,46.470588235294116,917.0969142243957,81.47304878975625
383.5,0.6918291600911414,0.5,46.470588235294116,5.742649615361529,39.0,46.470588235294116,917.1212344998797,81.44925686029141
383.6,0.6917856409422695,0.5,46.470588235294116,5.749663098305291,39.0,46.470588235294116,917.1455409140267,81.42547860906353
383.70000000000005,0.6917421315184641,0.5,46.470588235294116,5.756674824317429,39.0,46.470588235294116,917.1698334672069,81.4017140357382
383.8,0.6916986318178583,0.5,46.470588235294116,5.763684793987636,39.0,46.470588235294116,917.1941121597908,81.37796313998034
383.90000000000003,0.6916551418385845,0.5,46.470588235294116,5.770693007905663,39.0,46.470588235294116,917.21837699215,81.35422592145417
384.0,0.6916116615787757,0.5,46.470588235294116,5.777699466661204,39.0,46.470588235294116,917.2426279646565,81.33050237982319
384.1,0.6915681910365653,0.5,46.470588235294116,5.784704170843725,39.0,46.470588235294116,917.2668650776834,81.30679251475016
384.20000000000005,0.6915247302100868,0.5,46.470588235294116,5.791707121042975,39.0,46.470588235294116,917.291088331604,81.28309632589716
384.3,0.6914812790974736,0.5,46.470588235294116,5.79870831784865,39.0,46.470588235294116,917.3152977267928,81.25941381292556
384.40000000000003,0.69143783769686,0.5,46.470588235294116,5.805707761850158,39.0,46.470588235294116,917.3394932636247,81.23574497549602
384.5,0.6913944060063801,0.5,46.470588235294116,5.812705453637022,39.0,46.470588235294116,917.3636749424753,81.21208981326848
384.6,0.6913509840241686,0.5,46.470588235294116,5.819701393798653,39.0,46.470588235294116,917.3878427637211,81.1884483259022
384.70000000000005,0.69130757174836,0.5,46.470588235294116,5.826695582924685,39.0,46.470588235294116,917.4119967277393,81.16482051305569
384.8,0.6912641691770891,0.5,46.470588235294116,5.83368802160436,39.0,46.470588235294116,917.4361368349076,81.14120637438674
384.90000000000003,0.6912207763084912,0.5,46.470588235294116,5.840678710426971,39.0,46.470588235294116,917.4602630856048,81.11760590955248
385.0,0.6911773931407018,0.5,46.470588235294116,5.847667649981986,39.0,46.470588235294116,917.4843754802098,81.09401911820929
385.1,0.6911340196718564,0.5,46.470588235294116,5.854654840858643,39.0,46.470588235294116,917.508474019103,81.07044600001284
385.20000000000005,0.6910906559000909,0.5,46.470588235294116,5.861640283646352,39.0,46.470588235294116,917.5325587026647,81.04688655461808
385.3,0.6910473018235417,0.5,46.470588235294116,5.868623978934238,39.0,46.470588235294116,917.5566295312765,81.02334078167928
385.40000000000003,0.6910039574403449,0.5,46.470588235294116,5.875605927311426,39.0,46.470588235294116,917.5806865053205,80.99980868084997
385.5,0.6909606227486373,0.5,46.470588235294116,5.882586129367212,39.0,46.470588235294116,917.6047296251796,80.97629025178296
385.6,0.6909172977465555,0.5,46.470588235294116,5.889564585690664,39.0,46.470588235294116,917.6287588912375,80.95278549413032
385.70000000000005,0.6908739824322371,0.5,46.470588235294116,5.8965412968709074,39.0,46.470588235294116,917.6527743038779,80.92929440754347
385.8,0.6908306768038189,0.5,46.470588235294116,5.903516263497011,39.0,46.470588235294116,917.676775863486,80.90581699167308
385.90000000000003,0.690787380859439,0.5,46.470588235294116,5.910489486157928,39.0,46.470588235294116,917.7007635704479,80.88235324616909
386.0,0.690744094597235,0.5,46.470588235294116,5.917460965442672,39.0,46.470588235294116,917.7247374251496,80.85890317068076
386.1,0.6907008180153447,0.5,46.470588235294116,5.924430701940139,39.0,46.470588235294116,917.7486974279785,80.83546676485658
386.20000000000005,0.6906575511119069,0.5,46.470588235294116,5.9313986962393415,39.0,46.470588235294116,917.7726435793224,80.81204402834436
386.3,0.6906142938850598,0.5,46.470588235294116,5.938364948929063,39.0,46.470588235294116,917.7965758795698,80.78863496079117
386.40000000000003,0.6905710463329423,0.5,46.470588235294116,5.945329460598259,39.0,46.470588235294116,917.82049432911,80.76523956184337
386.5,0.6905278084536934,0.5,46.470588235294116,5.952292231835713,39.0,46.470588235294116,917.8443989283331,80.74185783114663
386.6,0.6904845802454528,0.5,46.470588235294116,5.959253263230096,39.0,46.470588235294116,917.8682896776298,80.71848976834586
386.70000000000005,0.6904413617063595,0.5,46.470588235294116,5.966212555370305,39.0,46.470588235294116,917.8921665773915,80.69513537308526
386.8,0.6903981528345535,0.5,46.470588235294116,5.973170108844897,39.0,46.470588235294116,917.9160296280105,80.67179464500833
386.90000000000003,0.6903549536281746,0.5,46.470588235294116,5.9801259242426,39.0,46.470588235294116,917.9398788298796,80.64846758375782
387.0,0.6903117640853632,0.5,46.470588235294116,5.987080002152027,39.0,46.470588235294116,917.9637141833923,80.62515418897577
387.1,0.6902685842042597,0.5,46.470588235294116,5.994032343161734,39.0,46.470588235294116,917.9875356889432,80.60185446030349
387.20000000000005,0.690225413983005,0.5,46.470588235294116,6.00098294786028,39.0,46.470588235294116,918.0113433469273,80.57856839738156
387.3,0.69018225341974,0.5,46.470588235294116,6.007931816836219,39.0,46.470588235294116,918.0351371577403,80.55529599984992
387.40000000000003,0.6901391025126059,0.5,46.470588235294116,6.014878950677996,39.0,46.470588235294116,918.0589171217786,80.53203726734765
387.5,0.6900959612597439,0.5,46.470588235294116,6.021824349973997,39.0,46.470588235294116,918.0826832394398,80.5087921995132
387.6,0.6900528296592962,0.5,46.470588235294116,6.028768015312664,39.0,46.470588235294116,918.1064355111215,80.48556079598428
387.70000000000005,0.6900097077094045,0.5,46.470588235294116,6.035709947282385,39.0,46.470588235294116,918.1301739372225,80.46234305639788
387.8,0.6899665954082111,0.5,46.470588235294116,6.042650146471544,39.0,46.470588235294116,918.1538985181421,80.43913898039025
387.90000000000003,0.689923492753858,0.5,46.470588235294116,6.049588613468359,39.0,46.470588235294116,918.1776092542808,80.41594856759691
388.0,0.6898803997444882,0.5,46.470588235294116,6.056525348860987,39.0,46.470588235294116,918.2013061460391,80.39277181765267
388.1,0.6898373163782446,0.5,46.470588235294116,6.063460353237701,39.0,46.470588235294116,918.2249891938188,80.3696087301916
388.20000000000005,0.6897942426532702,0.5,46.470588235294116,6.070393627186775,39.0,46.470588235294116,918.248658398022,80.34645930484706
388.3,0.6897511785677085,0.5,46.470588235294116,6.077325171296252,39.0,46.470588235294116,918.2723137590519,80.32332354125165
388.40000000000003,0.6897081241197032,0.5,46.470588235294116,6.084254986154178,39.0,46.470588235294116,918.2959552773124,80.3002014390373
388.5,0.6896650793073981,0.5,46.470588235294116,6.091183072348713,39.0,46.470588235294116,918.3195829532077,80.27709299783517
388.6,0.6896220441289372,0.5,46.470588235294116,6.098109430467844,39.0,46.470588235294116,918.3431967871434,80.2539982172757
388.70000000000005,0.6895790185824651,0.5,46.470588235294116,6.105034061099559,39.0,46.470588235294116,918.3667967795251,80.23091709698858
388.8,0.689536002666126,0.5,46.470588235294116,6.111956964831734,39.0,46.470588235294116,918.3903829307595,80.20784963660282
388.90000000000003,0.6894929963780652,0.5,46.470588235294116,6.118878142252413,39.0,46.470588235294116,918.4139552412541,80.18479583574667
389.0,0.6894499997164274,0.5,46.470588235294116,6.125797593949358,39.0,46.470588235294116,918.4375137114173,80.16175569404764
389.1,0.6894070126793582,0.5,46.470588235294116,6.132715320510272,39.0,46.470588235294116,918.4610583416576,80.13872921113257
389.20000000000005,0.689364035265003,0.5,46.470588235294116,6.139631322523087,39.0,46.470588235294116,918.4845891323847,80.11571638662747
389.3,0.6893210674715077,0.5,46.470588235294116,6.146545600575621,39.0,46.470588235294116,918.508106084009,80.0927172201577
389.40000000000003,0.6892781092970182,0.5,46.470588235294116,6.153458155255407,39.0,46.470588235294116,918.5316091969414,80.06973171134784
389.5,0.689235160739681,0.5,46.470588235294116,6.160368987150207,39.0,46.470588235294116,918.555098471594,80.04675985982179
389.6,0.6891922217976424,0.5,46.470588235294116,6.167278096847554,39.0,46.470588235294116,918.5785739083791,80.02380166520267
389.70000000000005,0.6891492924690493,0.5,46.470588235294116,6.174185484935151,39.0,46.470588235294116,918.6020355077101,80.00085712711288
389.8,0.6891063727520488,0.5,46.470588235294116,6.1810911520004765,39.0,46.470588235294116,918.6254832700008,79.97792624517412
389.90000000000003,0.6890634626447879,0.5,46.470588235294116,6.187995098631063,39.0,46.470588235294116,918.6489171956661,79.9550090190073
390.0,0.6890205621454143,0.5,46.470588235294116,6.194897325414388,39.0,46.470588235294116,918.6723372851212,79.93210544823265
390.1,0.6889776712520758,0.5,46.470588235294116,6.201797832937757,39.0,46.470588235294116,918.6957435387827,79.9092155324696
390.20000000000005,0.6889347899629201,0.5,46.470588235294116,6.208696621788704,39.0,46.470588235294116,918.7191359570672,79.88633927133694
390.3,0.6888919182760955,0.5,46.470588235294116,6.215593692554535,39.0,46.470588235294116,918.7425145403927,79.86347666445263
390.40000000000003,0.6888490561897507,0.5,46.470588235294116,6.222489045822499,39.0,46.470588235294116,918.7658792891773,79.84062771143395
390.5,0.6888062037020342,0.5,46.470588235294116,6.229382682179789,39.0,46.470588235294116,918.7892302038401,79.81779241189743
390.6,0.6887633608110949,0.5,46.470588235294116,6.236274602213712,39.0,46.470588235294116,918.8125672848012,79.79497076545887
390.70000000000005,0.6887205275150821,0.5,46.470588235294116,6.243164806511459,39.0,46.470588235294116,918.8358905324811,79.7721627717333
390.8,0.6886777038121451,0.5,46.470588235294116,6.250053295660166,39.0,46.470588235294116,918.8591999473011,79.7493684303351
390.90000000000003,0.6886348897004338,0.5,46.470588235294116,6.2569400702469125,39.0,46.470588235294116,918.8824955296833,79.72658774087782
391.0,0.688592085178098,0.5,46.470588235294116,6.26382513085872,39.0,46.470588235294116,918.9057772800505,79.7038207029743
391.1,0.6885492902432879,0.5,46.470588235294116,6.270708478082668,39.0,46.470588235294116,918.9290451988263,79.68106731623662
391.20000000000005,0.6885065048941539,0.5,46.470588235294116,6.27759011250555,39.0,46.470588235294116,918.9522992864353,79.65832758027621
391.3,0.6884637291288466,0.5,46.470588235294116,6.284470034714559,39.0,46.470588235294116,918.975539543302,79.63560149470365
391.40000000000003,0.688420962945517,0.5,46.470588235294116,6.291348245296319,39.0,46.470588235294116,918.9987659698526,79.61288905912888
391.5,0.6883782063423162,0.5,46.470588235294116,6.298224744837853,39.0,46.470588235294116,919.0219785665134,79.590190273161
391.6,0.6883354593173951,0.5,46.470588235294116,6.3050995339258975,39.0,46.470588235294116,919.0451773337118,79.56750513640844
391.70000000000005,0.6882927218689059,0.5,46.470588235294116,6.311972613147191,39.0,46.470588235294116,919.0683622718756,79.54483364847889
391.8,0.6882499939950003,0.5,46.470588235294116,6.318843983088527,39.0,46.470588235294116,919.0915333814337,79.52217580897924
391.90000000000003,0.6882072756938302,0.5,46.470588235294116,6.325713644336474,39.0,46.470588235294116,919.1146906628155,79.49953161751571
392.0,0.6881645669635481,0.5,46.470588235294116,6.332581597477656,39.0,46.470588235294116,919.1378341164514,79.47690107369375
392.1,0.6881218678023067,0.5,46.470588235294116,6.3394478430986965,39.0,46.470588235294116,919.1609637427721,79.45428417711805
392.20000000000005,0.6880791782082586,0.5,46.470588235294116,6.346312381786163,39.0,46.470588235294116,919.1840795422092,79.43168092739258
392.3,0.6880364981795567,0.5,46.470588235294116,6.353175214126566,39.0,46.470588235294116,919.2071815151955,79.40909132412057
392.40000000000003,0.6879938277143547,0.5,46.470588235294116,6.360036340706415,39.0,46.470588235294116,919.2302696621639,79.38651536690446
392.5,0.6879511668108059,0.5,46.470588235294116,6.3668957621119375,39.0,46.470588235294116,919.2533439835485,79.36395305534602
392.6,0.6879085154670642,0.5,46.470588235294116,6.373753478929586,39.0,46.470588235294116,919.2764044797838,79.34140438904622
392.70000000000005,0.6878658736812835,0.5,46.470588235294116,6.380609491745702,39.0,46.470588235294116,919.2994511513054,79.31886936760532
392.8,0.687823241451618,0.5,46.470588235294116,6.387463801146623,39.0,46.470588235294116,919.3224839985495,79.29634799062279
392.90000000000003,0.6877806187762225,0.5,46.470588235294116,6.39431640771852,39.0,46.470588235294116,919.3455030219527,79.27384025769742
393.0,0.6877380056532516,0.5,46.470588235294116,6.401167312047562,39.0,46.470588235294116,919.3685082219531,79.2513461684272
393.1,0.6876954020808603,0.5,46.470588235294116,6.408016514719975,39.0,46.470588235294116,919.3914995989888,79.2288657224094
393.20000000000005,0.6876528080572037,0.5,46.470588235294116,6.414864016321815,39.0,46.470588235294116,919.4144771534991,79.20639891924053
393.3,0.6876102235804377,0.5,46.470588235294116,6.421709817439137,39.0,46.470588235294116,919.4374408859238,79.18394575851636
393.40000000000003,0.6875676486487177,0.5,46.470588235294116,6.428553918657997,39.0,46.470588235294116,919.4603907967036,79.16150623983195
393.5,0.6875250832601996,0.5,46.470588235294116,6.435396320564337,39.0,46.470588235294116,919.4833268862797,79.13908036278154
393.6,0.6874825274130397,0.5,46.470588235294116,6.442237023744099,39.0,46.470588235294116,919.5062491550941,79.11666812695864
393.70000000000005,0.6874399811053945,0.5,46.470588235294116,6.449076028783168,39.0,46.470588235294116,919.5291576035902,79.09426953195609
393.8,0.6873974443354207,0.5,46.470588235294116,6.455913336267429,39.0,46.470588235294116,919.5520522322112,79.07188457736588
393.90000000000003,0.6873549171012752,0.5,46.470588235294116,6.46274894678254,39.0,46.470588235294116,919.5749330414017,79.0495132627793
394.0,0.687312399401115,0.5,46.470588235294116,6.469582860914329,39.0,46.470588235294116,919.5978000316067,79.02715558778688
394.1,0.6872698912330979,0.5,46.470588235294116,6.476415079248511,39.0,46.470588235294116,919.6206532032722,79.00481155197842
394.20000000000005,0.6872273925953812,0.5,46.470588235294116,6.483245602370687,39.0,46.470588235294116,919.6434925568448,78.98248115494295
394.3,0.687184903486123,0.5,46.470588235294116,6.490074430866514,39.0,46.470588235294116,919.6663180927716,78.96016439626875
394.40000000000003,0.6871424239034813,0.5,46.470588235294116,6.496901565321593,39.0,46.470588235294116,919.6891298115011,78.93786127554338
394.5,0.6870999538456147,0.5,46.470588235294116,6.5037270063213555,39.0,46.470588235294116,919.7119277134818,78.9155717923536
394.6,0.6870574933106818,0.5,46.470588235294116,6.5105507544512875,39.0,46.470588235294116,919.7347117991637,78.89329594628543
394.70000000000005,0.6870150422968411,0.5,46.470588235294116,6.517372810296877,39.0,46.470588235294116,919.757482068997,78.87103373692416
394.8,0.6869726008022521,0.5,46.470588235294116,6.5241931744434964,39.0,46.470588235294116,919.7802385234328,78.84878516385433
394.90000000000003,0.6869301688250739,0.5,46.470588235294116,6.53101184747652,39.0,46.470588235294116,919.8029811629231,78.82655022665972
395.0,0.6868877463634662,0.5,46.470588235294116,6.537828829981095,39.0,46.470588235294116,919.8257099879202,78.80432892492334
395.1,0.686845333415589,0.5,46.470588235294116,6.544644122542536,39.0,46.470588235294116,919.8484249988778,78.78212125822743
395.20000000000005,0.6868029299796021,0.5,46.470588235294116,6.551457725746104,39.0,46.470588235294116,919.8711261962501,78.75992722615358
395.3,0.6867605360536662,0.5,46.470588235294116,6.5582696401768885,39.0,46.470588235294116,919.8938135804917,78.73774682828248
395.40000000000003,0.6867181516359415,0.5,46.470588235294116,6.565079866419978,39.0,46.470588235294116,919.9164871520585,78.71558006419416
395.5,0.6866757767245889,0.5,46.470588235294116,6.571888405060406,39.0,46.470588235294116,919.9391469114066,78.69342693346789
395.6,0.6866334113177696,0.5,46.470588235294116,6.578695256683261,39.0,46.470588235294116,919.9617928589935,78.67128743568215
395.70000000000005,0.6865910554136448,0.5,46.470588235294116,6.585500421873405,39.0,46.470588235294116,919.984424995277,78.64916157041468
395.8,0.6865487090103761,0.5,46.470588235294116,6.592303901215814,39.0,46.470588235294116,920.0070433207155,78.62704933724247
395.90000000000003,0.6865063721061252,0.5,46.470588235294116,6.59910569529535,39.0,46.470588235294116,920.0296478357686,78.60495073574178
396.0,0.6864640446990541,0.5,46.470588235294116,6.605905804696874,39.0,46.470588235294116,920.0522385408966,78.58286576548807
396.1,0.686421726787325,0.5,46.470588235294116,6.612704230005136,39.0,46.470588235294116,920.0748154365604,78.56079442605605
396.20000000000005,0.6863794183691007,0.5,46.470588235294116,6.619500971804825,39.0,46.470588235294116,920.0973785232213,78.53873671701967
396.3,0.6863371194425437,0.5,46.470588235294116,6.626296030680635,39.0,46.470588235294116,920.1199278013421,78.51669263795216
396.40000000000003,0.6862948300058169,0.5,46.470588235294116,6.633089407217199,39.0,46.470588235294116,920.1424632713859,78.49466218842595
396.5,0.6862525500570837,0.5,46.470588235294116,6.639881101999038,39.0,46.470588235294116,920.1649849338168,78.47264536801272
396.6,0.6862102795945076,0.5,46.470588235294116,6.646671115610729,39.0,46.470588235294116,920.1874927890992,78.45064217628341
396.70000000000005,0.6861680186162521,0.5,46.470588235294116,6.653459448636738,39.0,46.470588235294116,920.2099868376989,78.42865261280816
396.8,0.6861257671204815,0.5,46.470588235294116,6.660246101661528,39.0,46.470588235294116,920.2324670800822,78.40667667715645
396.90000000000003,0.6860835251053596,0.5,46.470588235294116,6.667031075269449,39.0,46.470588235294116,920.2549335167157,78.38471436889688
397.0,0.6860412925690511,0.5,46.470588235294116,6.673814370044795,39.0,46.470588235294116,920.2773861480673,78.36276568759735
397.1,0.6859990695097208,0.5,46.470588235294116,6.68059598657203,39.0,46.470588235294116,920.2998249746056,78.34083063282499
397.20000000000005,0.6859568559255335,0.5,46.470588235294116,6.687375925435333,39.0,46.470588235294116,920.3222499967997,78.31890920414617
397.3,0.6859146518146542,0.5,46.470588235294116,6.694154187218828,39.0,46.470588235294116,920.3446612151198,78.2970014011265
397.40000000000003,0.6858724571752485,0.5,46.470588235294116,6.700930772506638,39.0,46.470588235294116,920.3670586300365,78.27510722333083
397.5,0.6858302720054822,0.5,46.470588235294116,6.707705681882942,39.0,46.470588235294116,920.3894422420213,78.25322667032327
397.6,0.6857880963035207,0.5,46.470588235294116,6.714478915931693,39.0,46.470588235294116,920.4118120515468,78.2313597416671
397.70000000000005,0.6857459300675306,0.5,46.470588235294116,6.7212504752369,39.0,46.470588235294116,920.4341680590859,78.20950643692493
397.8,0.6857037732956781,0.5,46.470588235294116,6.728020360382573,39.0,46.470588235294116,920.4565102651125,78.18766675565851
397.90000000000003,0.6856616259861298,0.5,46.470588235294116,6.734788571952549,39.0,46.470588235294116,920.4788386701011,78.1658406974289
398.0,0.6856194881370526,0.5,46.470588235294116,6.741555110530783,39.0,46.470588235294116,920.5011532745273,78.1440282617964
398.1,0.6855773597466136,0.5,46.470588235294116,6.748319976700884,39.0,46.470588235294116,920.5234540788668,78.12222944832048
398.20000000000005,0.6855352408129802,0.5,46.470588235294116,6.755083171046749,39.0,46.470588235294116,920.5457410835968,78.1004442565599
398.3,0.68549313133432,0.5,46.470588235294116,6.761844694151989,39.0,46.470588235294116,920.5680142891948,78.07867268607264
398.40000000000003,0.685451031308801,0.5,46.470588235294116,6.768604546600216,39.0,46.470588235294116,920.5902736961392,78.05691473641592
398.5,0.685408940734591,0.5,46.470588235294116,6.7753627289751535,39.0,46.470588235294116,920.6125193049093,78.0351704071462
398.6,0.6853668596098584,0.5,46.470588235294116,6.782119241860244,39.0,46.470588235294116,920.6347511159848,78.01343969781915
398.70000000000005,0.6853247879327717,0.5,46.470588235294116,6.788874085838984,39.0,46.470588235294116,920.6569691298467,77.9917226079897
398.8,0.6852827257015,0.5,46.470588235294116,6.795627261494872,39.0,46.470588235294116,920.6791733469763,77.970019137212
398.90000000000003,0.685240672914212,0.5,46.470588235294116,6.802378769411234,39.0,46.470588235294116,920.701363767856,77.94832928503945
399.0,0.6851986295690772,0.5,46.470588235294116,6.809128610171456,39.0,46.470588235294116,920.7235403929684,77.92665305102466
399.1,0.685156595664265,0.5,46.470588235294116,6.8158767843588635,39.0,46.470588235294116,920.7457032227975,77.90499043471948
399.20000000000005,0.6851145711979452,0.5,46.470588235294116,6.8226232925566705,39.0,46.470588235294116,920.7678522578279,77.88334143567502
399.3,0.6850725561682879,0.5,46.470588235294116,6.829368135348034,39.0,46.470588235294116,920.7899874985449,77.8617060534416
399.40000000000003,0.6850305505734633,0.5,46.470588235294116,6.83611131331611,39.0,46.470588235294116,920.8121089454343,77.84008428756874
399.5,0.6849885544116421,0.5,46.470588235294116,6.8428528270439415,39.0,46.470588235294116,920.8342165989831,77.81847613760527
399.6,0.6849465676809949,0.5,46.470588235294116,6.849592677114572,39.0,46.470588235294116,920.856310459679,77.79688160309917
399.70000000000005,0.6849045903796925,0.5,46.470588235294116,6.856330864110987,39.0,46.470588235294116,920.8783905280102,77.77530068359769
399.8,0.6848626225059065,0.5,46.470588235294116,6.863067388616173,39.0,46.470588235294116,920.900456804466,77.7537333786473
399.90000000000003,0.6848206640578081,0.5,46.470588235294116,6.869802251212889,39.0,46.470588235294116,920.9225092895362,77.7321796877937
400.0,0.6847787150335691,0.5,46.470588235294116,6.876535452484177,39.0,46.470588235294116,920.9445479837115,77.71063961058188
400.1,0.6847367754313615,0.5,46.470588235294116,6.883266993012626,39.0,46.470588235294116,920.9665728874833,77.68911314655597
400.20000000000005,0.6846948452493575,0.5,46.470588235294116,6.889996873380994,39.0,46.470588235294116,920.9885840013436,77.66760029525938
400.3,0.6846529244857293,0.5,46.470588235294116,6.896725094171984,39.0,46.470588235294116,921.0105813257858,77.64610105623473
400.40000000000003,0.6846110131386501,0.5,46.470588235294116,6.903451655968183,39.0,46.470588235294116,921.0325648613034,77.62461542902388
400.5,0.6845691112062924,0.5,46.470588235294116,6.910176559352124,39.0,46.470588235294116,921.0545346083908,77.60314341316789
400.6,0.6845272186868296,0.5,46.470588235294116,6.916899804906507,39.0,46.470588235294116,921.0764905675436,77.5816850082071
400.70000000000005,0.684485335578435,0.5,46.470588235294116,6.923621393213466,39.0,46.470588235294116,921.0984327392575,77.56024021368103
400.8,0.6844434618792825,0.5,46.470588235294116,6.930341324855647,39.0,46.470588235294116,921.1203611240298,77.53880902912844
400.90000000000003,0.6844015975875455,0.5,46.470588235294116,6.937059600415353,39.0,46.470588235294116,921.1422757223578,77.51739145408735
401.0,0.6843597427013987,0.5,46.470588235294116,6.943776220474831,39.0,46.470588235294116,921.1641765347398,77.49598748809497
401.1,0.684317897219016,0.5,46.470588235294116,6.950491185616386,39.0,46.470588235294116,921.1860635616752,77.47459713068775
401.20000000000005,0.6842760611385724,0.5,46.470588235294116,6.95720449642215,39.0,46.470588235294116,921.2079368036636,77.45322038140137
401.3,0.6842342344582426,0.5,46.470588235294116,6.963916153474372,39.0,46.470588235294116,921.2297962612058,77.43185723977072
401.40000000000003,0.6841924171762018,0.5,46.470588235294116,6.9706261573550705,39.0,46.470588235294116,921.2516419348035,77.41050770532992
401.5,0.6841506092906252,0.5,46.470588235294116,6.977334508646209,39.0,46.470588235294116,921.2734738249586,77.38917177761235
401.6,0.6841088107996887,0.5,46.470588235294116,6.984041207929863,39.0,46.470588235294116,921.2952919321743,77.36784945615055
401.70000000000005,0.6840670217015679,0.5,46.470588235294116,6.990746255787883,39.0,46.470588235294116,921.3170962569543,77.34654074047633
401.8,0.6840252419944389,0.5,46.470588235294116,6.997449652802175,39.0,46.470588235294116,921.3388867998032,77.32524563012072
401.90000000000003,0.6839834716764782,0.5,46.470588235294116,7.00415139955453,39.0,46.470588235294116,921.3606635612261,77.30396412461397
402.0,0.6839417107458623,0.5,46.470588235294116,7.010851496626799,39.0,46.470588235294116,921.3824265417295,77.28269622348556
402.1,0.6838999592007678,0.5,46.470588235294116,7.017549944600603,39.0,46.470588235294116,921.4041757418202,77.26144192626418
402.20000000000005,0.6838582170393721,0.5,46.470588235294116,7.024246744057621,39.0,46.470588235294116,921.4259111620056,77.24020123247777
402.3,0.6838164842598523,0.5,46.470588235294116,7.030941895579474,39.0,46.470588235294116,921.4476328027944,77.21897414165343
402.40000000000003,0.683774760860386,0.5,46.470588235294116,7.037635399747671,39.0,46.470588235294116,921.4693406646956,77.19776065331754
402.5,0.6837330468391509,0.5,46.470588235294116,7.0443272571437205,39.0,46.470588235294116,921.4910347482191,77.1765607669957
402.6,0.6836913421943251,0.5,46.470588235294116,7.051017468349016,39.0,46.470588235294116,921.5127150538761,77.15537448221274
402.70000000000005,0.683649646924087,0.5,46.470588235294116,7.05770603394501,39.0,46.470588235294116,921.5343815821778,77.13420179849267
402.8,0.6836079610266149,0.5,46.470588235294116,7.064392954512925,39.0,46.470588235294116,921.5560343336366,77.11304271535873
402.90000000000003,0.6835662845000877,0.5,46.470588235294116,7.071078230634157,39.0,46.470588235294116,921.5776733087655,77.09189723233341
403.0,0.6835246173426842,0.5,46.470588235294116,7.077761862889872,39.0,46.470588235294116,921.5992985080785,77.0707653489384
403.1,0.683482959552584,0.5,46.470588235294116,7.084443851861181,39.0,46.470588235294116,921.6209099320901,77.04964706469462
403.20000000000005,0.6834413111279661,0.5,46.470588235294116,7.0911241981292505,39.0,46.470588235294116,921.6425075813158,77.0285423791222
403.3,0.6833996720670108,0.5,46.470588235294116,7.0978029022750775,39.0,46.470588235294116,921.6640914562719,77.00745129174051
403.40000000000003,0.6833580423678977,0.5,46.470588235294116,7.104479964879715,39.0,46.470588235294116,921.6856615574752,76.98637380206812
403.5,0.6833164220288069,0.5,46.470588235294116,7.1111553865241035,39.0,46.470588235294116,921.7072178854436,76.96530990962282
403.6,0.6832748110479193,0.5,46.470588235294116,7.117829167789068,39.0,46.470588235294116,921.7287604406956,76.94425961392163
403.70000000000005,0.6832332094234153,0.5,46.470588235294116,7.124501309255379,39.0,46.470588235294116,921.7502892237503,76.92322291448077
403.8,0.6831916171534759,0.5,46.470588235294116,7.131171811503862,39.0,46.470588235294116,921.7718042351281,76.9021998108157
403.90000000000003,0.6831500342362822,0.5,46.470588235294116,7.137840675115228,39.0,46.470588235294116,921.7933054753497,76.88119030244108
404.0,0.6831084606700156,0.5,46.470588235294116,7.144507900670135,39.0,46.470588235294116,921.8147929449368,76.86019438887081
404.1,0.6830668964528581,0.5,46.470588235294116,7.151173488749237,39.0,46.470588235294116,921.836266644412,76.83921206961799
404.20000000000005,0.6830253415829914,0.5,46.470588235294116,7.157837439933019,39.0,46.470588235294116,921.8577265742983,76.81824334419495
404.3,0.6829837960585977,0.5,46.470588235294116,7.164499754801909,39.0,46.470588235294116,921.8791727351199,76.79728821211323
404.40000000000003,0.6829422598778595,0.5,46.470588235294116,7.17116043393645,39.0,46.470588235294116,921.9006051274014,76.77634667288356
404.5,0.6829007330389592,0.5,46.470588235294116,7.177819477917012,39.0,46.470588235294116,921.9220237516685,76.75541872601595
404.6,0.6828592155400799,0.5,46.470588235294116,7.184476887323854,39.0,46.470588235294116,921.9434286084474,76.73450437101955
404.70000000000005,0.6828177073794045,0.5,46.470588235294116,7.191132662737232,39.0,46.470588235294116,921.9648196982654,76.7136036074028
404.8,0.6827762085551167,0.5,46.470588235294116,7.197786804737291,39.0,46.470588235294116,921.9861970216502,76.6927164346733
404.90000000000003,0.6827347190654,0.5,46.470588235294116,7.204439313904288,39.0,46.470588235294116,922.0075605791308,76.6718428523379
405.0,0.6826932389084381,0.5,46.470588235294116,7.211090190818254,39.0,46.470588235294116,922.0289103712363,76.65098285990265
405.1,0.6826517680824152,0.5,46.470588235294116,7.217739436059219,39.0,46.470588235294116,922.0502463984972,76.63013645687279
405.20000000000005,0.6826103065855155,0.5,46.470588235294116,7.224387050207156,39.0,46.470588235294116,922.0715686614445,76.60930364275283
405.3,0.682568854415924,0.5,46.470588235294116,7.231033033841982,39.0,46.470588235294116,922.0928771606101,76.58848441704646
405.40000000000003,0.6825274115718251,0.5,46.470588235294116,7.237677387543499,39.0,46.470588235294116,922.1141718965264,76.56767877925658
405.5,0.6824859780514039,0.5,46.470588235294116,7.244320111891511,39.0,46.470588235294116,922.135452869727,76.5468867288853
405.6,0.6824445538528461,0.5,46.470588235294116,7.250961207465821,39.0,46.470588235294116,922.1567200807461,76.52610826543396
405.70000000000005,0.682403138974337,0.5,46.470588235294116,7.25760067484606,39.0,46.470588235294116,922.1779735301186,76.50534338840312
405.8,0.6823617334140626,0.5,46.470588235294116,7.264238514611861,39.0,46.470588235294116,922.1992132183802,76.48459209729253
405.90000000000003,0.6823203371702087,0.5,46.470588235294116,7.2708747273428,39.0,46.470588235294116,922.2204391460674,76.46385439160119
406.0,0.6822789502409615,0.5,46.470588235294116,7.277509313618339,39.0,46.470588235294116,922.2416513137177,76.44313027082725
406.1,0.6822375726245079,0.5,46.470588235294116,7.284142274018052,39.0,46.470588235294116,922.262849721869,76.42241973446814
406.20000000000005,0.6821962043190344,0.5,46.470588235294116,7.290773609121231,39.0,46.470588235294116,922.2840343710602,76.40172278202046
406.3,0.6821548453227282,0.5,46.470588235294116,7.297403319507225,39.0,46.470588235294116,922.3052052618311,76.38103941298
406.40000000000003,0.6821134956337764,0.5,46.470588235294116,7.304031405755268,39.0,46.470588235294116,922.3263623947223,76.36036962684183
406.5,0.6820721552503666,0.5,46.470588235294116,7.3106578684445935,39.0,46.470588235294116,922.3475057702748,76.33971342310019
406.6,0.6820308241706863,0.5,46.470588235294116,7.317282708154266,39.0,46.470588235294116,922.3686353890306,76.31907080124853
406.70000000000005,0.681989502392924,0.5,46.470588235294116,7.323905925463578,39.0,46.470588235294116,922.3897512515327,76.29844176077951
406.8,0.6819481899152676,0.5,46.470588235294116,7.330527520951364,39.0,46.470588235294116,922.4108533583249,76.27782630118502
406.90000000000003,0.6819068867359056,0.5,46.470588235294116,7.337147495196746,39.0,46.470588235294116,922.4319417099513,76.25722442195612
407.0,0.681865592853027,0.5,46.470588235294116,7.343765848778503,39.0,46.470588235294116,922.453016306957,76.23663612258314
407.1,0.6818243082648202,0.5,46.470588235294116,7.350382582275586,39.0,46.470588235294116,922.4740771498882,76.21606140255554
407.20000000000005,0.681783032969475,0.5,46.470588235294116,7.356997696266774,39.0,46.470588235294116,922.4951242392917,76.19550026136206
407.3,0.6817417669651804,0.5,46.470588235294116,7.36361119133079,39.0,46.470588235294116,922.5161575757149,76.17495269849061
407.40000000000003,0.6817005102501262,0.5,46.470588235294116,7.370223068046357,39.0,46.470588235294116,922.5371771597063,76.15441871342833
407.5,0.6816592628225026,0.5,46.470588235294116,7.376833326992028,39.0,46.470588235294116,922.558182991815,76.13389830566156
407.6,0.6816180246804996,0.5,46.470588235294116,7.383441968746354,39.0,46.470588235294116,922.5791750725908,76.11339147467584
407.70000000000005,0.6815767958223076,0.5,46.470588235294116,7.390048993887945,39.0,46.470588235294116,922.6001534025845,76.09289821995593
407.8,0.6815355762461173,0.5,46.470588235294116,7.396654402995068,39.0,46.470588235294116,922.6211179823476,76.0724185409858
407.90000000000003,0.6814943659501195,0.5,46.470588235294116,7.403258196646107,39.0,46.470588235294116,922.6420688124325,76.0519524372486
408.0,0.6814531649325056,0.5,46.470588235294116,7.409860375419555,39.0,46.470588235294116,922.6630058933921,76.03149990822672
408.1,0.681411973191467,0.5,46.470588235294116,7.4164609398934545,39.0,46.470588235294116,922.6839292257804,76.01106095340175
408.20000000000005,0.6813707907251949,0.5,46.470588235294116,7.423059890646073,39.0,46.470588235294116,922.7048388101522,75.99063557225448
408.3,0.6813296175318816,0.5,46.470588235294116,7.429657228255621,39.0,46.470588235294116,922.7257346470627,75.97022376426487
408.40000000000003,0.6812884536097191,0.5,46.470588235294116,7.436252953300141,39.0,46.470588235294116,922.7466167370682,75.94982552891214
408.5,0.6812472989568997,0.5,46.470588235294116,7.442847066357558,39.0,46.470588235294116,922.7674850807258,75.92944086567472
408.6,0.6812061535716161,0.5,46.470588235294116,7.4494395680058005,39.0,46.470588235294116,922.7883396785933,75.90906977403021
408.70000000000005,0.6811650174520612,0.5,46.470588235294116,7.456030458822852,39.0,46.470588235294116,922.8091805312293,75.88871225345542
408.8,0.681123890596428,0.5,46.470588235294116,7.462619739386582,39.0,46.470588235294116,922.8300076391936,75.8683683034264
408.90000000000003,0.6810827730029099,0.5,46.470588235294116,7.469207410274578,39.0,46.470588235294116,922.850821003046,75.84803792341836
409.0,0.6810416646697006,0.5,46.470588235294116,7.475793472064652,39.0,46.470588235294116,922.8716206233476,75.8277211129057
409.1,0.6810005655949937,0.5,46.470588235294116,7.482377925334447,39.0,46.470588235294116,922.8924065006602,75.80741787136213
409.20000000000005,0.6809594757769833,0.5,46.470588235294116,7.488960770661549,39.0,46.470588235294116,922.9131786355464,75.78712819826043
409.3,0.680918395213864,0.5,46.470588235294116,7.495542008623488,39.0,46.470588235294116,922.9339370285695,75.76685209307267
409.40000000000003,0.6808773239038302,0.5,46.470588235294116,7.502121639797679,39.0,46.470588235294116,922.9546816802939,75.7465895552701
409.5,0.6808362618450766,0.5,46.470588235294116,7.50869966476148,39.0,46.470588235294116,922.9754125912845,75.72634058432318
409.6,0.6807952090357984,0.5,46.470588235294116,7.515276084092193,39.0,46.470588235294116,922.996129762107,75.70610517970155
409.70000000000005,0.6807541654741908,0.5,46.470588235294116,7.521850898367234,39.0,46.470588235294116,923.016833193328,75.68588334087407
409.8,0.6807131311584492,0.5,46.470588235294116,7.5284241081636765,39.0,46.470588235294116,923.0375228855147,75.6656750673088
409.90000000000003,0.6806721060867695,0.5,46.470588235294116,7.534995714058709,39.0,46.470588235294116,923.0581988392355,75.64548035847301
410.0,0.6806310902573479,0.5,46.470588235294116,7.541565716629407,39.0,46.470588235294116,923.0788610550594,75.62529921383317
410.1,0.6805900836683805,0.5,46.470588235294116,7.548134116452786,39.0,46.470588235294116,923.0995095335561,75.60513163285493
410.20000000000005,0.6805490863180635,0.5,46.470588235294116,7.5547009141057515,39.0,46.470588235294116,923.120144275296,75.58497761500317
410.3,0.6805080982045943,0.5,46.470588235294116,7.561266110165263,39.0,46.470588235294116,923.1407652808505,75.56483715974197
410.40000000000003,0.6804671193261693,0.5,46.470588235294116,7.567829705208226,39.0,46.470588235294116,923.1613725507918,75.5447102665346
410.5,0.6804261496809861,0.5,46.470588235294116,7.574391699811315,39.0,46.470588235294116,923.1819660856927,75.52459693484352
410.6,0.6803851892672419,0.5,46.470588235294116,7.580952094551151,39.0,46.470588235294116,923.2025458861269,75.5044971641304
410.70000000000005,0.6803442380831349,0.5,46.470588235294116,7.587510890004523,39.0,46.470588235294116,923.2231119526691,75.48441095385611
410.8,0.6803032961268625,0.5,46.470588235294116,7.594068086747939,39.0,46.470588235294116,923.2436642858945,75.46433830348073
410.90000000000003,0.6802623633966233,0.5,46.470588235294116,7.600623685357903,39.0,46.470588235294116,923.2642028863793,75.44427921246354
411.0,0.6802214398906155,0.5,46.470588235294116,7.607177686410864,39.0,46.470588235294116,923.2847277547004,75.424233680263
411.1,0.6801805256070378,0.5,46.470588235294116,7.613730090483159,39.0,46.470588235294116,923.3052388914355,75.40420170633679
411.20000000000005,0.6801396205440895,0.5,46.470588235294116,7.620280898151179,39.0,46.470588235294116,923.325736297163,75.3841832901418
411.3,0.6800987246999696,0.5,46.470588235294116,7.62683010999109,39.0,46.470588235294116,923.3462199724624,75.36417843113408
411.40000000000003,0.6800578380728772,0.5,46.470588235294116,7.633377726579226,39.0,46.470588235294116,923.3666899179137,75.3441871287689
411.5,0.6800169606610125,0.5,46.470588235294116,7.639923748491697,39.0,46.470588235294116,923.3871461340979,75.32420938250074
411.6,0.679976092462575,0.5,46.470588235294116,7.646468176304438,39.0,46.470588235294116,923.4075886215966,75.30424519178328
411.70000000000005,0.6799352334757651,0.5,46.470588235294116,7.653011010593502,39.0,46.470588235294116,923.4280173809923,75.28429455606936
411.8,0.6798943836987832,0.5,46.470588235294116,7.6595522519348265,39.0,46.470588235294116,923.4484324128684,75.26435747481104
411.90000000000003,0.6798535431298297,0.5,46.470588235294116,7.6660919009042345,39.0,46.470588235294116,923.4688337178089,75.24443394745958
412.0,0.6798127117671058,0.5,46.470588235294116,7.672629958077664,39.0,46.470588235294116,923.4892212963989,75.2245239734655
412.1,0.6797718896088124,0.5,46.470588235294116,7.679166424030768,39.0,46.470588235294116,923.5095951492239,75.20462755227838
412.20000000000005,0.6797310766531511,0.5,46.470588235294116,7.685701299339257,39.0,46.470588235294116,923.5299552768704,75.18474468334709
412.3,0.6796902728983232,0.5,46.470588235294116,7.692234584578728,39.0,46.470588235294116,923.5503016799258,75.1648753661197
412.40000000000003,0.6796494783425308,0.5,46.470588235294116,7.698766280324719,39.0,46.470588235294116,923.5706343589783,75.14501960004344
412.5,0.6796086929839757,0.5,46.470588235294116,7.705296387152714,39.0,46.470588235294116,923.5909533146165,75.12517738456476
412.6,0.6795679168208609,0.5,46.470588235294116,7.711824905638082,39.0,46.470588235294116,923.6112585474305,75.10534871912931
412.70000000000005,0.6795271498513884,0.5,46.470588235294116,7.718351836356305,39.0,46.470588235294116,923.6315500580105,75.08553360318191
412.8,0.6794863920737613,0.5,46.470588235294116,7.724877179882526,39.0,46.470588235294116,923.6518278469479,75.06573203616662
412.90000000000003,0.6794456434861824,0.5,46.470588235294116,7.731400936792056,39.0,46.470588235294116,923.6720919148348,75.04594401752664
413.0,0.6794049040868554,0.5,46.470588235294116,7.737923107660038,39.0,46.470588235294116,923.6923422622642,75.02616954670438
413.1,0.6793641738739835,0.5,46.470588235294116,7.7444436930614415,39.0,46.470588235294116,923.7125788898297,75.00640862314147
413.20000000000005,0.6793234528457709,0.5,46.470588235294116,7.750962693571466,39.0,46.470588235294116,923.732801798126,74.98666124627871
413.3,0.6792827410004213,0.5,46.470588235294116,7.75748010976497,39.0,46.470588235294116,923.7530109877483,74.96692741555614
413.40000000000003,0.6792420383361393,0.5,46.470588235294116,7.763995942216866,39.0,46.470588235294116,923.7732064592926,74.94720713041295
413.5,0.6792013448511292,0.5,46.470588235294116,7.770510191501955,39.0,46.470588235294116,923.7933882133559,74.9275003902875
413.6,0.6791606605435958,0.5,46.470588235294116,7.777022858195039,39.0,46.470588235294116,923.8135562505358,74.90780719461743
413.70000000000005,0.6791199854117445,0.5,46.470588235294116,7.78353394287069,39.0,46.470588235294116,923.8337105714313,74.8881275428395
413.8,0.6790793194537801,0.5,46.470588235294116,7.790043446103709,39.0,46.470588235294116,923.8538511766413,74.86846143438969
413.90000000000003,0.6790386626679084,0.5,46.470588235294116,7.796551368468556,39.0,46.470588235294116,923.8739780667661,74.84880886870317
414.0,0.6789980150523349,0.5,46.470588235294116,7.80305771053969,39.0,46.470588235294116,923.8940912424066,74.8291698452143
414.1,0.6789573766052659,0.5,46.470588235294116,7.809562472891628,39.0,46.470588235294116,923.9141907041644,74.80954436335662
414.20000000000005,0.6789167473249074,0.5,46.470588235294116,7.816065656098658,39.0,46.470588235294116,923.9342764526424,74.78993242256293
414.3,0.6788761272094661,0.5,46.470588235294116,7.822567260735184,39.0,46.470588235294116,923.9543484884435,74.77033402226512
414.40000000000003,0.6788355162571487,0.5,46.470588235294116,7.829067287375267,39.0,46.470588235294116,923.9744068121723,74.75074916189438
414.5,0.678794914466162,0.5,46.470588235294116,7.835565736593139,39.0,46.470588235294116,923.9944514244336,74.73117784088099
414.6,0.6787543218347134,0.5,46.470588235294116,7.842062608962863,39.0,46.470588235294116,924.0144823258329,74.71162005865449
414.70000000000005,0.6787137383610102,0.5,46.470588235294116,7.848557905058556,39.0,46.470588235294116,924.0344995169772,74.69207581464359
414.8,0.6786731640432604,0.5,46.470588235294116,7.855051625454109,39.0,46.470588235294116,924.0545029984736,74.67254510827618
414.90000000000003,0.6786325988796715,0.5,46.470588235294116,7.861543770723358,39.0,46.470588235294116,924.0744927709304,74.65302793897938
415.0,0.6785920428684521,0.5,46.470588235294116,7.86803434144025,39.0,46.470588235294116,924.0944688349565,74.63352430617944
415.1,0.6785514960078103,0.5,46.470588235294116,7.874523338178392,39.0,46.470588235294116,924.1144311911618,74.61403420930188
415.20000000000005,0.6785109582959552,0.5,46.470588235294116,7.881010761511561,39.0,46.470588235294116,924.1343798401567,74.59455764777134
415.3,0.6784704297310954,0.5,46.470588235294116,7.887496612013365,39.0,46.470588235294116,924.1543147825529,74.57509462101167
415.40000000000003,0.6784299103114401,0.5,46.470588235294116,7.893980890257353,39.0,46.470588235294116,924.1742360189623,74.55564512844595
415.5,0.6783894000351988,0.5,46.470588235294116,7.900463596817019,39.0,46.470588235294116,924.1941435499983,74.53620916949639
415.6,0.678348898900581,0.5,46.470588235294116,7.906944732265799,39.0,46.470588235294116,924.2140373762743,74.51678674358442
415.70000000000005,0.6783084069057969,0.5,46.470588235294116,7.913424297176903,39.0,46.470588235294116,924.2339174984052,74.49737785013068
415.8,0.6782679240490564,0.5,46.470588235294116,7.919902292123709,39.0,46.470588235294116,924.2537839170063,74.47798248855497
415.90000000000003,0.6782274503285701,0.5,46.470588235294116,7.926378717679427,39.0,46.470588235294116,924.273636632694,74.45860065827628
416.0,0.6781869857425484,0.5,46.470588235294116,7.932853574417209,39.0,46.470588235294116,924.2934756460853,74.4392323587128
416.1,0.6781465302892024,0.5,46.470588235294116,7.939326862909979,39.0,46.470588235294116,924.313300957798,74.41987758928192
416.20000000000005,0.6781060839667429,0.5,46.470588235294116,7.945798583730891,39.0,46.470588235294116,924.3331125684509,74.40053634940021
416.3,0.6780656467733815,0.5,46.470588235294116,7.9522687374529255,39.0,46.470588235294116,924.3529104786634,74.3812086384834
416.40000000000003,0.6780252187073298,0.5,46.470588235294116,7.958737324648837,39.0,46.470588235294116,924.3726946890557,74.36189445594644
416.5,0.6779847997667995,0.5,46.470588235294116,7.965204345891493,39.0,46.470588235294116,924.392465200249,74.34259380120349
416.6,0.6779443899500031,0.5,46.470588235294116,7.971669801753535,39.0,46.470588235294116,924.4122220128652,74.32330667366783
416.70000000000005,0.6779039892551525,0.5,46.470588235294116,7.97813369280766,39.0,46.470588235294116,924.4319651275267,74.30403307275198
416.8,0.6778635976804603,0.5,46.470588235294116,7.984596019626451,39.0,46.470588235294116,924.4516945448574,74.28477299786766
416.90000000000003,0.6778232152241395,0.5,46.470588235294116,7.99105678278238,39.0,46.470588235294116,924.4714102654815,74.26552644842576
417.0,0.6777828418844033,0.5,46.470588235294116,7.997515982848029,39.0,46.470588235294116,924.4911122900241,74.2462934238363
417.1,0.6777424776594649,0.5,46.470588235294116,8.003973620395755,39.0,46.470588235294116,924.5108006191113,74.22707392350857
417.20000000000005,0.6777021225475377,0.5,46.470588235294116,8.010429695997743,39.0,46.470588235294116,924.5304752533697,74.20786794685101
417.3,0.6776617765468357,0.5,46.470588235294116,8.016884210226237,39.0,46.470588235294116,924.5501361934267,74.18867549327126
417.40000000000003,0.6776214396555728,0.5,46.470588235294116,8.02333716365348,39.0,46.470588235294116,924.5697834399111,74.16949656217615
417.5,0.6775811118719631,0.5,46.470588235294116,8.029788556851656,39.0,46.470588235294116,924.5894169934518,74.15033115297166
417.6,0.6775407931942217,0.5,46.470588235294116,8.036238390392612,39.0,46.470588235294116,924.6090368546788,74.13117926506298
417.70000000000005,0.6775004836205629,0.5,46.470588235294116,8.042686664848475,39.0,46.470588235294116,924.628643024223,74.11204089785454
417.8,0.677460183149202,0.5,46.470588235294116,8.049133380791034,39.0,46.470588235294116,924.648235502716,74.09291605074986
417.90000000000003,0.6774198917783539,0.5,46.470588235294116,8.055578538792133,39.0,46.470588235294116,924.6678142907903,74.07380472315168
418.0,0.6773796095062342,0.5,46.470588235294116,8.062022139423505,39.0,46.470588235294116,924.6873793890787,74.05470691446197
418.1,0.6773393363310589,0.5,46.470588235294116,8.068464183256822,39.0,46.470588235294116,924.7069307982157,74.03562262408184
418.20000000000005,0.677299072251044,0.5,46.470588235294116,8.074904670863702,39.0,46.470588235294116,924.7264685188361,74.01655185141158
418.3,0.6772588172644056,0.5,46.470588235294116,8.08134360281565,39.0,46.470588235294116,924.7459925515756,73.99749459585071
418.40000000000003,0.6772185713693603,0.5,46.470588235294116,8.087780979684226,39.0,46.470588235294116,924.7655028970704,73.9784508567979
418.5,0.6771783345641246,0.5,46.470588235294116,8.094216802040762,39.0,46.470588235294116,924.7849995559582,73.959420633651
418.6,0.6771381068469153,0.5,46.470588235294116,8.100651070456593,39.0,46.470588235294116,924.8044825288767,73.94040392580709
418.70000000000005,0.6770978882159503,0.5,46.470588235294116,8.10708378550305,39.0,46.470588235294116,924.8239518164652,73.9214007326624
418.8,0.6770576786694465,0.5,46.470588235294116,8.113514947751185,39.0,46.470588235294116,924.843407419363,73.90241105361233
418.90000000000003,0.6770174782056217,0.5,46.470588235294116,8.1199445577721,39.0,46.470588235294116,924.8628493382108,73.88343488805148
419.0,0.6769772868226941,0.5,46.470588235294116,8.126372616136905,39.0,46.470588235294116,924.88227757365,73.86447223537364
419.1,0.6769371045188817,0.5,46.470588235294116,8.13279912341659,39.0,46.470588235294116,924.9016921263228,73.84552309497178
419.20000000000005,0.6768969312924028,0.5,46.470588235294116,8.139224080181975,39.0,46.470588235294116,924.9210929968721,73.82658746623805
419.3,0.6768567671414762,0.5,46.470588235294116,8.145647487003941,39.0,46.470588235294116,924.9404801859417,73.80766534856379
419.40000000000003,0.676816612064321,0.5,46.470588235294116,8.152069344453196,39.0,46.470588235294116,924.9598536941762,73.78875674133951
419.5,0.6767764660591559,0.5,46.470588235294116,8.158489653100503,39.0,46.470588235294116,924.979213522221,73.76986164395495
419.6,0.6767363291242009,0.5,46.470588235294116,8.1649084135164,39.0,46.470588235294116,924.9985596707224,73.75098005579898
419.70000000000005,0.6766962012576752,0.5,46.470588235294116,8.171325626271425,39.0,46.470588235294116,925.0178921403274,73.73211197625965
419.8,0.6766560824577987,0.5,46.470588235294116,8.177741291936115,39.0,46.470588235294116,925.037210931684,73.71325740472422
419.90000000000003,0.6766159727227922,0.5,46.470588235294116,8.18415541108078,39.0,46.470588235294116,925.0565160454405,73.69441634057912
420.0,0.6765758720508753,0.5,46.470588235294116,8.190567984275788,39.0,46.470588235294116,925.0758074822467,73.67558878321
420.1,0.676535780440269,0.5,46.470588235294116,8.19697901209139,39.0,46.470588235294116,925.0950852427526,73.65677473200162
420.20000000000005,0.676495697889194,0.5,46.470588235294116,8.203388495097727,39.0,46.470588235294116,925.1143493276097,73.63797418633801
420.3,0.6764556243958715,0.5,46.470588235294116,8.20979643386488,39.0,46.470588235294116,925.1335997374698,73.6191871456023
420.40000000000003,0.6764155599585229,0.5,46.470588235294116,8.216202828962935,39.0,46.470588235294116,925.1528364729853,73.60041360917685
420.5,0.6763755045753698,0.5,46.470588235294116,8.222607680961744,39.0,46.470588235294116,925.17205953481,73.5816535764432
420.6,0.6763354582446339,0.5,46.470588235294116,8.22901099043139,39.0,46.470588235294116,925.1912689235984,73.56290704678204
420.70000000000005,0.6762954209645377,0.5,46.470588235294116,8.235412757941504,39.0,46.470588235294116,925.2104646400055,73.54417401957326
420.8,0.6762553927333029,0.5,46.470588235294116,8.24181298406188,39.0,46.470588235294116,925.2296466846873,73.52545449419596
420.90000000000003,0.6762153735491526,0.5,46.470588235294116,8.24821166936215,39.0,46.470588235294116,925.2488150583006,73.50674847002836
421.0,0.6761753634103093,0.5,46.470588235294116,8.254608814411995,39.0,46.470588235294116,925.2679697615032,73.48805594644791
421.1,0.6761353623149962,0.5,46.470588235294116,8.261004419780932,39.0,46.470588235294116,925.2871107949533,73.46937692283124
421.20000000000005,0.6760953702614366,0.5,46.470588235294116,8.26739848603836,39.0,46.470588235294116,925.3062381593102,73.45071139855413
421.3,0.6760553872478543,0.5,46.470588235294116,8.27379101375368,39.0,46.470588235294116,925.325351855234,73.43205937299157
421.40000000000003,0.6760154132724729,0.5,46.470588235294116,8.280182003496122,39.0,46.470588235294116,925.3444518833855,73.41342084551773
421.5,0.6759754483335165,0.5,46.470588235294116,8.286571455834974,39.0,46.470588235294116,925.3635382444266,73.39479581550593
421.6,0.6759354924292091,0.5,46.470588235294116,8.292959371339407,39.0,46.470588235294116,925.3826109390196,73.37618428232868
421.70000000000005,0.6758955455577755,0.5,46.470588235294116,8.299345750578482,39.0,46.470588235294116,925.4016699678282,73.3575862453577
421.8,0.6758556077174406,0.5,46.470588235294116,8.305730594121087,39.0,46.470588235294116,925.4207153315161,73.33900170396385
421.90000000000003,0.6758156789064288,0.5,46.470588235294116,8.312113902536282,39.0,46.470588235294116,925.4397470307485,73.3204306575172
422.0,0.6757757591229662,0.5,46.470588235294116,8.3184956763929,39.0,46.470588235294116,925.4587650661913,73.30187310538702
422.1,0.6757358483652778,0.5,46.470588235294116,8.32487591625977,39.0,46.470588235294116,925.4777694385108,73.28332904694167
422.20000000000005,0.6756959466315894,0.5,46.470588235294116,8.331254622705444,39.0,46.470588235294116,925.4967601483744,73.26479848154881
422.3,0.6756560539201271,0.5,46.470588235294116,8.337631796298695,39.0,46.470588235294116,925.5157371964506,73.24628140857517
422.40000000000003,0.675616170229117,0.5,46.470588235294116,8.344007437608013,39.0,46.470588235294116,925.5347005834083,73.22777782738672
422.5,0.6755762955567858,0.5,46.470588235294116,8.350381547202005,39.0,46.470588235294116,925.5536503099173,73.20928773734859
422.6,0.67553642990136,0.5,46.470588235294116,8.356754125648877,39.0,46.470588235294116,925.5725863766485,73.19081113782508
422.70000000000005,0.6754965732610667,0.5,46.470588235294116,8.363125173517062,39.0,46.470588235294116,925.5915087842732,73.17234802817973
422.8,0.6754567256341331,0.5,46.470588235294116,8.369494691374882,39.0,46.470588235294116,925.6104175334636,73.15389840777519
422.90000000000003,0.6754168870187868,0.5,46.470588235294116,8.375862679790487,39.0,46.470588235294116,925.6293126248933,73.13546227597328
423.0,0.6753770574132552,0.5,46.470588235294116,8.382229139331969,39.0,46.470588235294116,925.6481940592356,73.11703963213506
423.1,0.6753372368157663,0.5,46.470588235294116,8.388594070567422,39.0,46.470588235294116,925.6670618371656,73.09863047562072
423.20000000000005,0.6752974252245487,0.5,46.470588235294116,8.394957474064654,39.0,46.470588235294116,925.6859159593589,73.08023480578967
423.3,0.6752576226378303,0.5,46.470588235294116,8.401319350391702,39.0,46.470588235294116,925.7047564264919,73.06185262200044
423.40000000000003,0.6752178290538402,0.5,46.470588235294116,8.407679700116319,39.0,46.470588235294116,925.7235832392417,73.04348392361081
423.5,0.675178044470807,0.5,46.470588235294116,8.414038523806255,39.0,46.470588235294116,925.7423963982866,73.02512870997765
423.6,0.67513826888696,0.5,46.470588235294116,8.420395822029093,39.0,46.470588235294116,925.761195904305,73.0067869804571
423.70000000000005,0.6750985023005287,0.5,46.470588235294116,8.426751595352414,39.0,46.470588235294116,925.7799817579772,72.98845873440439
423.8,0.6750587447097426,0.5,46.470588235294116,8.433105844343856,39.0,46.470588235294116,925.7987539599833,72.97014397117401
423.90000000000003,0.6750189961128317,0.5,46.470588235294116,8.439458569570775,39.0,46.470588235294116,925.8175125110046,72.95184269011958
424.0,0.6749792565080261,0.5,46.470588235294116,8.44580977160058,39.0,46.470588235294116,925.8362574117233,72.93355489059391
424.1,0.6749395258935564,0.5,46.470588235294116,8.452159451000455,39.0,46.470588235294116,925.8549886628224,72.91528057194897
424.20000000000005,0.674899804267653,0.5,46.470588235294116,8.458507608337584,39.0,46.470588235294116,925.8737062649856,72.89701973353591
424.3,0.6748600916285467,0.5,46.470588235294116,8.464854244179264,39.0,46.470588235294116,925.8924102188975,72.87877237470508
424.40000000000003,0.6748203879744686,0.5,46.470588235294116,8.471199359092338,39.0,46.470588235294116,925.9111005252433,72.860538494806
424.5,0.6747806933036505,0.5,46.470588235294116,8.477542953643933,39.0,46.470588235294116,925.9297771847095,72.84231809318734
424.6,0.6747410076143237,0.5,46.470588235294116,8.483885028400834,39.0,46.470588235294116,925.948440197983,72.82411116919698
424.70000000000005,0.67470133090472,0.5,46.470588235294116,8.490225583929998,39.0,46.470588235294116,925.9670895657517,72.80591772218195
424.8,0.6746616631730716,0.5,46.470588235294116,8.49656462079804,39.0,46.470588235294116,925.9857252887044,72.78773775148846
424.90000000000003,0.6746220044176108,0.5,46.470588235294116,8.502902139571745,39.0,46.470588235294116,926.0043473675305,72.76957125646196
425.0,0.6745823546365701,0.5,46.470588235294116,8.509238140817615,39.0,46.470588235294116,926.0229558029201,72.75141823644697
425.1,0.6745427138281825,0.5,46.470588235294116,8.515572625102152,39.0,46.470588235294116,926.0415505955647,72.73327869078722
425.20000000000005,0.674503081990681,0.5,46.470588235294116,8.521905592991857,39.0,46.470588235294116,926.060131746156,72.71515261882567
425.3,0.674463459122299,0.5,46.470588235294116,8.528237045053118,39.0,46.470588235294116,926.0786992553869,72.69704001990439
425.40000000000003,0.6744238452212701,0.5,46.470588235294116,8.534566981852151,39.0,46.470588235294116,926.097253123951,72.67894089336467
425.5,0.674384240285828,0.5,46.470588235294116,8.540895403955176,39.0,46.470588235294116,926.1157933525426,72.66085523854697
425.6,0.6743446443142065,0.5,46.470588235294116,8.547222311928351,39.0,46.470588235294116,926.1343199418571,72.6427830547909
425.70000000000005,0.6743050573046401,0.5,46.470588235294116,8.553547706337724,39.0,46.470588235294116,926.1528328925904,72.62472434143528
425.8,0.6742654792553636,0.5,46.470588235294116,8.559871587749114,39.0,46.470588235294116,926.1713322054394,72.60667909781804
425.90000000000003,0.6742259101646115,0.5,46.470588235294116,8.566193956728625,39.0,46.470588235294116,926.1898178811019,72.58864732327638
426.0,0.6741863500306189,0.5,46.470588235294116,8.57251481384202,39.0,46.470588235294116,926.2082899202766,72.57062901714659
426.1,0.674146798851621,0.5,46.470588235294116,8.578834159655116,39.0,46.470588235294116,926.2267483236625,72.55262417876418
426.20000000000005,0.6741072566258534,0.5,46.470588235294116,8.585151994733451,39.0,46.470588235294116,926.24519309196,72.53463280746381
426.3,0.6740677233515517,0.5,46.470588235294116,8.591468319642615,39.0,46.470588235294116,926.2636242258699,72.51665490257936
426.40000000000003,0.674028199026952,0.5,46.470588235294116,8.597783134948202,39.0,46.470588235294116,926.282041726094,72.49869046344384
426.5,0.6739886836502909,0.5,46.470588235294116,8.604096441215574,39.0,46.470588235294116,926.3004455933349,72.48073948938942
426.6,0.6739491772198043,0.5,46.470588235294116,8.610408239010155,39.0,46.470588235294116,926.3188358282961,72.46280197974751
426.70000000000005,0.6739096797337294,0.5,46.470588235294116,8.616718528897138,39.0,46.470588235294116,926.3372124316819,72.44487793384864
426.8,0.6738701911903029,0.5,46.470588235294116,8.623027311441717,39.0,46.470588235294116,926.3555754041973,72.42696735102253
426.90000000000003,0.6738307115877621,0.5,46.470588235294116,8.62933458720903,39.0,46.470588235294116,926.3739247465484,72.40907023059806
427.0,0.6737912409243446,0.5,46.470588235294116,8.635640356764156,39.0,46.470588235294116,926.3922604594417,72.39118657190335
427.1,0.673751779198288,0.5,46.470588235294116,8.641944620672064,39.0,46.470588235294116,926.4105825435847,72.37331637426558
427.20000000000005,0.6737123264078302,0.5,46.470588235294116,8.648247379497548,39.0,46.470588235294116,926.428890999686,72.35545963701121
427.3,0.6736728825512095,0.5,46.470588235294116,8.654548633805462,39.0,46.470588235294116,926.4471858284548,72.3376163594658
427.40000000000003,0.6736334476266642,0.5,46.470588235294116,8.660848384160545,39.0,46.470588235294116,926.465467030601,72.31978654095413
427.5,0.6735940216324331,0.5,46.470588235294116,8.66714663112748,39.0,46.470588235294116,926.4837346068354,72.30197018080013
427.6,0.6735546045667554,0.5,46.470588235294116,8.673443375270722,39.0,46.470588235294116,926.5019885578697,72.28416727832692
427.70000000000005,0.6735151964278698,0.5,46.470588235294116,8.679738617154896,39.0,46.470588235294116,926.5202288844164,72.26637783285678
427.8,0.673475797214016,0.5,46.470588235294116,8.686032357344288,39.0,46.470588235294116,926.5384555871889,72.24860184371116
427.90000000000003,0.6734364069234338,0.5,46.470588235294116,8.692324596403353,39.0,46.470588235294116,926.556668666901,72.23083931021068
428.0,0.6733970255543625,0.5,46.470588235294116,8.698615334896203,39.0,46.470588235294116,926.5748681242679,72.21309023167518
428.1,0.673357653105043,0.5,46.470588235294116,8.704904573387012,39.0,46.470588235294116,926.5930539600054,72.19535460742361
428.20000000000005,0.6733182895737152,0.5,46.470588235294116,8.711192312439948,39.0,46.470588235294116,926.6112261748299,72.17763243677412
428.3,0.6732789349586202,0.5,46.470588235294116,8.71747855261907,39.0,46.470588235294116,926.629384769459,72.15992371904403
428.40000000000003,0.6732395892579984,0.5,46.470588235294116,8.723763294488151,39.0,46.470588235294116,926.6475297446108,72.14222845354985
428.5,0.6732002524700912,0.5,46.470588235294116,8.730046538611248,39.0,46.470588235294116,926.6656611010044,72.12454663960725
428.6,0.6731609245931398,0.5,46.470588235294116,8.736328285551906,39.0,46.470588235294116,926.6837788393597,72.10687827653106
428.70000000000005,0.6731216056253861,0.5,46.470588235294116,8.742608535873956,39.0,46.470588235294116,926.7018829603974,72.08922336363528
428.8,0.6730822955650718,0.5,46.470588235294116,8.748887290140999,39.0,46.470588235294116,926.7199734648389,72.07158190023313
428.90000000000003,0.673042994410439,0.5,46.470588235294116,8.755164548916582,39.0,46.470588235294116,926.7380503534067,72.05395388563694
429.0,0.67300370215973,0.5,46.470588235294116,8.761440312764137,39.0,46.470588235294116,926.7561136268239,72.03633931915824
429.1,0.6729644188111874,0.5,46.470588235294116,8.767714582247038,39.0,46.470588235294116,926.7741632858144,72.01873820010773
429.20000000000005,0.6729251443630542,0.5,46.470588235294116,8.773987357928547,39.0,46.470588235294116,926.7921993311031,72.00115052779529
429.3,0.6728858788135734,0.5,46.470588235294116,8.780258640371926,39.0,46.470588235294116,926.8102217634157,71.98357630152998
429.40000000000003,0.6728466221609885,0.5,46.470588235294116,8.786528430140322,39.0,46.470588235294116,926.8282305834784,71.96601552062
429.5,0.6728073744035428,0.5,46.470588235294116,8.792796727796713,39.0,46.470588235294116,926.8462257920189,71.94846818437276
429.6,0.6727681355394802,0.5,46.470588235294116,8.799063533904132,39.0,46.470588235294116,926.864207389765,71.93093429209478
429.70000000000005,0.6727289055670449,0.5,46.470588235294116,8.805328849025443,39.0,46.470588235294116,926.8821753774457,71.91341384309183
429.8,0.6726896844844811,0.5,46.470588235294116,8.811592673723453,39.0,46.470588235294116,926.9001297557908,71.8959068366688
429.90000000000003,0.6726504722900333,0.5,46.470588235294116,8.817855008560855,39.0,46.470588235294116,926.9180705255308,71.87841327212979
430.0,0.6726112689819462,0.5,46.470588235294116,8.824115854100341,39.0,46.470588235294116,926.9359976873972,71.86093314877803
430.1,0.6725720745584651,0.5,46.470588235294116,8.830375210904435,39.0,46.470588235294116,926.9539112421221,71.84346646591594
430.20000000000005,0.6725328890178353,0.5,46.470588235294116,8.836633079535659,39.0,46.470588235294116,926.9718111904385,71.8260132228451
430.3,0.672493712358302,0.5,46.470588235294116,8.842889460556478,39.0,46.470588235294116,926.9896975330805,71.80857341886632
430.40000000000003,0.6724545445781114,0.5,46.470588235294116,8.849144354529187,39.0,46.470588235294116,927.0075702707826,71.79114705327947
430.5,0.6724153856755094,0.5,46.470588235294116,8.855397762015912,39.0,46.470588235294116,927.0254294042804,71.77373412538371
430.6,0.672376235648742,0.5,46.470588235294116,8.861649683578946,39.0,46.470588235294116,927.0432749343103,71.75633463447728
430.70000000000005,0.672337094496056,0.5,46.470588235294116,8.867900119780245,39.0,46.470588235294116,927.0611068616093,71.73894857985766
430.8,0.672297962215698,0.5,46.470588235294116,8.874149071181876,39.0,46.470588235294116,927.0789251869155,71.72157596082145
430.90000000000003,0.672258838805915,0.5,46.470588235294116,8.880396538345735,39.0,46.470588235294116,927.0967299109676,71.70421677666444
431.0,0.6722197242649541,0.5,46.470588235294116,8.886642521833664,39.0,46.470588235294116,927.1145210345053,71.6868710266816
431.1,0.6721806185910632,0.5,46.470588235294116,8.892887022207447,39.0,46.470588235294116,927.1322985582691,71.66953871016706
431.20000000000005,0.6721415217824895,0.5,46.470588235294116,8.899130040028751,39.0,46.470588235294116,927.1500624830003,71.65221982641411
431.3,0.6721024338374816,0.5,46.470588235294116,8.905371575859192,39.0,46.470588235294116,927.1678128094406,71.63491437471524
431.40000000000003,0.6720633547542871,0.5,46.470588235294116,8.911611630260154,39.0,46.470588235294116,927.1855495383336,71.61762235436208
431.5,0.6720242845311549,0.5,46.470588235294116,8.917850203793137,39.0,46.470588235294116,927.2032726704227,71.60034376464547
431.6,0.6719852231663336,0.5,46.470588235294116,8.924087297019469,39.0,46.470588235294116,927.2209822064524,71.58307860485536
431.70000000000005,0.6719461706580722,0.5,46.470588235294116,8.930322910500422,39.0,46.470588235294116,927.2386781471682,71.56582687428093
431.8,0.6719071270046195,0.5,46.470588235294116,8.936557044797212,39.0,46.470588235294116,927.2563604933164,71.54858857221049
431.90000000000003,0.6718680922042253,0.5,46.470588235294116,8.942789700470883,39.0,46.470588235294116,927.2740292456436,71.53136369793155
432.0,0.6718290662551393,0.5,46.470588235294116,8.949020878082479,39.0,46.470588235294116,927.2916844048984,71.51415225073077
432.1,0.6717900491556114,0.5,46.470588235294116,8.955250578192874,39.0,46.470588235294116,927.309325971829,71.49695422989402
432.20000000000005,0.6717510409038918,0.5,46.470588235294116,8.961478801362944,39.0,46.470588235294116,927.326953947185,71.47976963470626
432.3,0.6717120414982307,0.5,46.470588235294116,8.967705548153447,39.0,46.470588235294116,927.3445683317168,71.4625984644517
432.40000000000003,0.6716730509368791,0.5,46.470588235294116,8.973930819125087,39.0,46.470588235294116,927.3621691261757,71.44544071841368
432.5,0.6716340692180875,0.5,46.470588235294116,8.98015461483834,39.0,46.470588235294116,927.3797563313135,71.42829639587472
432.6,0.6715950963401072,0.5,46.470588235294116,8.986376935853855,39.0,46.470588235294116,927.397329947883,71.41116549611651
432.70000000000005,0.6715561323011896,0.5,46.470588235294116,8.992597782732162,39.0,46.470588235294116,927.4148899766378,71.39404801841992
432.8,0.6715171770995865,0.5,46.470588235294116,8.998817156033397,39.0,46.470588235294116,927.4324364183326,71.37694396206496
432.90000000000003,0.6714782307335497,0.5,46.470588235294116,9.005035056317979,39.0,46.470588235294116,927.4499692737226,71.35985332633084
433.0,0.6714392932013313,0.5,46.470588235294116,9.011251484145987,39.0,46.470588235294116,927.4674885435637,71.34277611049592
433.1,0.6714003645011838,0.5,46.470588235294116,9.017466440077555,39.0,46.470588235294116,927.4849942286131,71.32571231383774
433.20000000000005,0.6713614446313597,0.5,46.470588235294116,9.023679924672706,39.0,46.470588235294116,927.5024863296286,71.30866193563303
433.3,0.671322533590112,0.5,46.470588235294116,9.02989193849129,39.0,46.470588235294116,927.5199648473687,71.29162497515765
433.40000000000003,0.6712836313756934,0.5,46.470588235294116,9.036102482093213,39.0,46.470588235294116,927.5374297825928,71.27460143168666
433.5,0.6712447379863575,0.5,46.470588235294116,9.042311556038328,39.0,46.470588235294116,927.5548811360611,71.25759130449426
433.6,0.6712058534203581,0.5,46.470588235294116,9.048519160886201,39.0,46.470588235294116,927.5723189085347,71.24059459285382
433.70000000000005,0.6711669776759488,0.5,46.470588235294116,9.054725297196569,39.0,46.470588235294116,927.5897431007755,71.22361129603796
433.8,0.6711281107513838,0.5,46.470588235294116,9.060929965528771,39.0,46.470588235294116,927.6071537135463,71.20664141331837
433.90000000000003,0.6710892526449173,0.5,46.470588235294116,9.067133166442375,39.0,46.470588235294116,927.6245507476104,71.18968494396594
434.0,0.671050403354804,0.5,46.470588235294116,9.073334900496548,39.0,46.470588235294116,927.6419342037323,71.17274188725077
434.1,0.6710115628792986,0.5,46.470588235294116,9.079535168250743,39.0,46.470588235294116,927.6593040826772,71.15581224244205
434.20000000000005,0.6709727312166562,0.5,46.470588235294116,9.08573397026396,39.0,46.470588235294116,927.6766603852111,71.13889600880823
434.3,0.6709339083651322,0.5,46.470588235294116,9.091931307095422,39.0,46.470588235294116,927.6940031121007,71.12199318561686
434.40000000000003,0.670895094322982,0.5,46.470588235294116,9.098127179304072,39.0,46.470588235294116,927.711332264114,71.1051037721347
434.5,0.6708562890884615,0.5,46.470588235294116,9.104321587448908,39.0,46.470588235294116,927.7286478420192,71.08822776762764
434.6,0.6708174926598267,0.5,46.470588235294116,9.110514532088814,39.0,46.470588235294116,927.7459498465856,71.07136517136078
434.70000000000005,0.6707787050353339,0.5,46.470588235294116,9.116706013782391,39.0,46.470588235294116,927.7632382785833,71.05451598259837
434.8,0.6707399262132395,0.5,46.470588235294116,9.122896033088352,39.0,46.470588235294116,927.7805131387835,71.03768020060383
434.90000000000003,0.6707011561918006,0.5,46.470588235294116,9.129084590565299,39.0,46.470588235294116,927.7977744279578,71.02085782463978
435.0,0.670662394969274,0.5,46.470588235294116,9.135271686771773,39.0,46.470588235294116,927.815022146879,71.00404885396794
435.1,0.670623642543917,0.5,46.470588235294116,9.141457322266092,39.0,46.470588235294116,927.8322562963201,70.9872532878493
435.20000000000005,0.6705848989139872,0.5,46.470588235294116,9.147641497606685,39.0,46.470588235294116,927.8494768770558,70.9704711255439
435.3,0.6705461640777425,0.5,46.470588235294116,9.153824213351697,39.0,46.470588235294116,927.8666838898611,70.95370236631102
435.40000000000003,0.6705074380334402,0.5,46.470588235294116,9.160005470059389,39.0,46.470588235294116,927.8838773355118,70.93694700940911
435.5,0.6704687207793392,0.5,46.470588235294116,9.16618526828779,39.0,46.470588235294116,927.9010572147846,70.92020505409576
435.6,0.6704300123136976,0.5,46.470588235294116,9.172363608594878,39.0,46.470588235294116,927.9182235284574,70.90347649962777
435.70000000000005,0.6703913126347746,0.5,46.470588235294116,9.178540491538513,39.0,46.470588235294116,927.9353762773081,70.88676134526108
435.8,0.6703526217408284,0.5,46.470588235294116,9.184715917676499,39.0,46.470588235294116,927.9525154621161,70.87005959025078
435.90000000000003,0.670313939630119,0.5,46.470588235294116,9.190889887566698,39.0,46.470588235294116,927.9696410836614,70.85337123385119
436.0,0.6702752663009054,0.5,46.470588235294116,9.197062401766743,39.0,46.470588235294116,927.986753142725,70.83669627531575
436.1,0.6702366017514476,0.5,46.470588235294116,9.203233460834042,39.0,46.470588235294116,928.0038516400886,70.82003471389707
436.20000000000005,0.6701979459800053,0.5,46.470588235294116,9.209403065326171,39.0,46.470588235294116,928.0209365765345,70.80338654884699
436.3,0.6701592989848388,0.5,46.470588235294116,9.215571215800594,39.0,46.470588235294116,928.0380079528463,70.7867517794164
436.40000000000003,0.6701206607642087,0.5,46.470588235294116,9.22173791281449,39.0,46.470588235294116,928.055065769808,70.77013040485548
436.5,0.6700820313163756,0.5,46.470588235294116,9.227903156925152,39.0,46.470588235294116,928.0721100282046,70.7535224244135
436.6,0.6700434106396003,0.5,46.470588235294116,9.234066948689701,39.0,46.470588235294116,928.0891407288218,70.73692783733894
436.70000000000005,0.6700047987321439,0.5,46.470588235294116,9.240229288665091,39.0,46.470588235294116,928.1061578724464,70.72034664287943
436.8,0.669966195592268,0.5,46.470588235294116,9.246390177408387,39.0,46.470588235294116,928.1231614598657,70.7037788402818
436.90000000000003,0.6699276012182342,0.5,46.470588235294116,9.252549615476426,39.0,46.470588235294116,928.140151491868,70.68722442879199
437.0,0.6698890156083045,0.5,46.470588235294116,9.258707603425933,39.0,46.470588235294116,928.1571279692425,70.67068340765516
437.1,0.6698504387607408,0.5,46.470588235294116,9.264864141813746,39.0,46.470588235294116,928.1740908927792,70.65415577611563
437.20000000000005,0.669811870673806,0.5,46.470588235294116,9.271019231196362,39.0,46.470588235294116,928.1910402632686,70.63764153341687
437.3,0.6697733113457622,0.5,46.470588235294116,9.277172872130336,39.0,46.470588235294116,928.2079760815026,70.62114067880152
437.40000000000003,0.6697347607748725,0.5,46.470588235294116,9.28332506517205,39.0,46.470588235294116,928.2248983482734,70.60465321151142
437.5,0.6696962189594,0.5,46.470588235294116,9.289475810878002,39.0,46.470588235294116,928.2418070643743,70.58817913078757
437.6,0.6696576858976083,0.5,46.470588235294116,9.295625109804348,39.0,46.470588235294116,928.2587022305992,70.57171843587008
437.70000000000005,0.6696191615877607,0.5,46.470588235294116,9.3017729625073,39.0,46.470588235294116,928.2755838477432,70.55527112599832
437.8,0.6695806460281212,0.5,46.470588235294116,9.307919369542958,39.0,46.470588235294116,928.2924519166017,70.53883720041077
437.90000000000003,0.669542139216954,0.5,46.470588235294116,9.314064331467364,39.0,46.470588235294116,928.3093064379717,70.52241665834511
438.0,0.6695036411525234,0.5,46.470588235294116,9.320207848836276,39.0,46.470588235294116,928.3261474126502,70.50600949903813
438.1,0.6694651518330939,0.5,46.470588235294116,9.326349922205623,39.0,46.470588235294116,928.3429748414355,70.48961572172587
438.20000000000005,0.6694266712569305,0.5,46.470588235294116,9.332490552131219,39.0,46.470588235294116,928.3597887251267,70.47323532564349
438.3,0.669388199422298,0.5,46.470588235294116,9.33862973916871,39.0,46.470588235294116,928.3765890645234,70.45686831002534
438.40000000000003,0.6693497363274619,0.5,46.470588235294116,9.344767483873568,39.0,46.470588235294116,928.3933758604264,70.44051467410493
438.5,0.6693112819706878,0.5,46.470588235294116,9.350903786801325,39.0,46.470588235294116,928.4101491136372,70.42417441711493
438.6,0.6692728363502417,0.5,46.470588235294116,9.357038648507455,39.0,46.470588235294116,928.4269088249581,70.40784753828719
438.70000000000005,0.6692343994643895,0.5,46.470588235294116,9.363172069547147,39.0,46.470588235294116,928.4436549951921,70.39153403685273
438.8,0.6691959713113973,0.5,46.470588235294116,9.369304050475648,39.0,46.470588235294116,928.4603876251433,70.37523391204174
438.90000000000003,0.669157551889532,0.5,46.470588235294116,9.375434591848034,39.0,46.470588235294116,928.4771067156165,70.35894716308354
439.0,0.6691191411970602,0.5,46.470588235294116,9.381563694219437,39.0,46.470588235294116,928.4938122674172,70.3426737892067
439.1,0.6690807392322491,0.5,46.470588235294116,9.387691358144764,39.0,46.470588235294116,928.5105042813518,70.32641378963889
439.20000000000005,0.6690423459933655,0.5,46.470588235294116,9.393817584178919,39.0,46.470588235294116,928.5271827582276,70.31016716360699
439.3,0.6690039614786777,0.5,46.470588235294116,9.399942372876694,39.0,46.470588235294116,928.5438476988527,70.29393391033699
439.40000000000003,0.6689655856864529,0.5,46.470588235294116,9.406065724792711,39.0,46.470588235294116,928.5604991040359,70.27771402905412
439.5,0.6689272186149594,0.5,46.470588235294116,9.412187640481648,39.0,46.470588235294116,928.577136974587,70.26150751898275
439.6,0.6688888602624653,0.5,46.470588235294116,9.418308120497954,39.0,46.470588235294116,928.5937613113165,70.24531437934642
439.70000000000005,0.6689852079988331,0.5,25.882352941176475,9.398582743189138,39.0,28.235294117647058,928.6103835498112,70.22912317954254
439.8,0.6690815435403035,0.5,25.882352941176475,9.37886607455033,39.0,28.235294117647058,928.6270208023531,70.21291681465031
439.90000000000003,0.669177866889298,0.5,25.882352941176475,9.35915811291153,39.0,28.235294117647058,928.6436730020748,70.19669535140757
440.0,0.6692741780482374,0.5,25.882352941176475,9.339458856592444,39.0,28.235294117647058,928.6603400823137,70.180458856349
440.1,0.6693704770195411,0.5,25.882352941176475,9.319768303902777,39.0,28.235294117647058,928.6770219766099,70.16420739580674
440.20000000000005,0.669466763805628,0.5,25.882352941176475,9.300086453142114,39.0,28.235294117647058,928.6937186187065,70.14794103591096
440.3,0.6695630384089161,0.5,25.882352941176475,9.280413302599925,39.0,28.235294117647058,928.7104299425489,70.13165984259047
440.40000000000003,0.6696593008318228,0.5,25.882352941176475,9.260748850555842,39.0,28.235294117647058,928.7271558822838,70.11536388157334
440.5,0.6697555510767642,0.5,25.882352941176475,9.241093095279496,39.0,28.235294117647058,928.7438963722592,70.09905321838757
440.6,0.669851789146156,0.5,25.882352941176475,9.221446035030453,39.0,28.235294117647058,928.7606513470231,70.08272791836146
440.70000000000005,0.6699480150424129,0.5,25.882352941176475,9.20180766805862,39.0,28.235294117647058,928.7774207413232,70.0663880466245
440.8,0.6700442287679489,0.5,25.882352941176475,9.18217799260401,39.0,28.235294117647058,928.7942044901065,70.05003366810772
440.90000000000003,0.670140430325177,0.5,25.882352941176475,9.162557006896805,39.0,28.235294117647058,928.8110025285188,70.03366484754446
441.0,0.6702366197165095,0.5,25.882352941176475,9.142944709157462,39.0,28.235294117647058,928.8278147919034,70.0172816494708
441.1,0.6703327969443577,0.5,25.882352941176475,9.123341097596835,39.0,28.235294117647058,928.8446412158013,70.0008841382263
441.20000000000005,0.6704289620111322,0.5,25.882352941176475,9.103746170416002,39.0,28.235294117647058,928.8614817359503,69.98447237795448
441.3,0.670525114919243,0.5,25.882352941176475,9.084159925806375,39.0,28.235294117647058,928.878336288284,69.96804643260343
441.40000000000003,0.6706212556710989,0.5,25.882352941176475,9.064582361950045,39.0,28.235294117647058,928.8952048089321,69.95160636592645
441.5,0.6707173842691081,0.5,25.882352941176475,9.04501347701921,39.0,28.235294117647058,928.9120872342191,69.93515224148257
441.6,0.6708135007156778,0.5,25.882352941176475,9.025453269176865,39.0,28.235294117647058,928.928983500664,69.9186841226371
441.70000000000005,0.6709096050132146,0.5,25.882352941176475,9.005901736576334,39.0,28.235294117647058,928.9458935449794,69.9022020725623
441.8,0.6710056971641243,0.5,25.882352941176475,8.986358877361738,39.0,28.235294117647058,928.9628173040715,69.8857061542379
441.90000000000003,0.6711017771708113,0.5,25.882352941176475,8.966824689667646,39.0,28.235294117647058,928.9797547150391,69.86919643045167
442.0,0.67119784503568,0.5,25.882352941176475,8.947299171619306,39.0,28.235294117647058,928.9967057151733,69.85267296380002
442.1,0.6712939007611337,0.5,25.882352941176475,8.927782321332813,39.0,28.235294117647058,929.0136702419566,69.83613581668855
442.20000000000005,0.6713899443495744,0.5,25.882352941176475,8.908274136914883,39.0,28.235294117647058,929.0306482330623,69.81958505133267
442.3,0.6714859758034042,0.5,25.882352941176475,8.888774616462968,39.0,28.235294117647058,929.0476396263545,69.80302072975806
442.40000000000003,0.6715819951250233,0.5,25.882352941176475,8.869283758065478,39.0,28.235294117647058,929.0646443598866,69.78644291380134
442.5,0.6716780023168317,0.5,25.882352941176475,8.84980155980162,39.0,28.235294117647058,929.0816623719021,69.76985166511056
442.6,0.671773997381229,0.5,25.882352941176475,8.830328019741557,39.0,28.235294117647058,929.0986936008326,69.75324704514587
442.70000000000005,0.6718699803206132,0.5,25.882352941176475,8.81086313594625,39.0,28.235294117647058,929.1157379852976,69.73662911517995
442.8,0.6719659511373817,0.5,25.882352941176475,8.791406906467728,39.0,28.235294117647058,929.1327954641051,69.71999793629861
442.90000000000003,0.672061909833931,0.5,25.882352941176475,8.771959329349045,39.0,28.235294117647058,929.1498659762494,69.70335356940141
443.0,0.6721578564126574,0.5,25.882352941176475,8.752520402624327,39.0,28.235294117647058,929.1669494609116,69.68669607520218
443.1,0.6722537908759557,0.5,25.882352941176475,8.733090124318721,39.0,28.235294117647058,929.1840458574584,69.67002551422952
443.20000000000005,0.6723497132262202,0.5,25.882352941176475,8.713668492448562,39.0,28.235294117647058,929.2011551054421,69.65334194682741
443.3,0.6724456234658441,0.5,25.882352941176475,8.694255505021317,39.0,28.235294117647058,929.2182771445998,69.63664543315578
443.40000000000003,0.6725415215972205,0.5,25.882352941176475,8.674851160035814,39.0,28.235294117647058,929.2354119148529,69.61993603319101
443.5,0.6726374076227405,0.5,25.882352941176475,8.6554554554819,39.0,28.235294117647058,929.2525593563062,69.6032138067265
443.6,0.6727332815447954,0.5,25.882352941176475,8.636068389340721,39.0,28.235294117647058,929.2697194092482,69.58647881337319
443.70000000000005,0.6728291433657753,0.5,25.882352941176475,8.616689959585017,39.0,28.235294117647058,929.2868920141493,69.56973111256016
443.8,0.6729249930880697,0.5,25.882352941176475,8.597320164178711,39.0,28.235294117647058,929.3040771116625,69.55297076353513
443.90000000000003,0.6730208307140668,0.5,25.882352941176475,8.577959001077033,39.0,28.235294117647058,929.3212746426221,69.536197825365
444.0,0.6731166562461546,0.5,25.882352941176475,8.558606468226799,39.0,28.235294117647058,929.3384845480437,69.51941235693639
444.1,0.6732124696867199,0.5,25.882352941176475,8.539262563566126,39.0,28.235294117647058,929.3557067691229,69.50261441695619
444.20000000000005,0.6733082710381489,0.5,25.882352941176475,8.519927285024892,39.0,28.235294117647058,929.3729412472353,69.48580406395214
444.3,0.6734040603028267,0.5,25.882352941176475,8.500600630524275,39.0,28.235294117647058,929.390187923936,69.46898135627329
444.40000000000003,0.6734998374831379,0.5,25.882352941176475,8.481282597977213,39.0,28.235294117647058,929.4074467409588,69.4521463520905
444.5,0.6735956025814661,0.5,25.882352941176475,8.461973185288116,39.0,28.235294117647058,929.4247176402159,69.43529910939714
444.6,0.6736913556001941,0.5,25.882352941176475,8.442672390353152,39.0,28.235294117647058,929.4420005637973,69.41843968600945
444.70000000000005,0.673787096541704,0.5,25.882352941176475,8.423380211060305,39.0,28.235294117647058,929.4592954539698,69.40156813956715
444.8,0.673882825408377,0.5,25.882352941176475,8.40409664528903,39.0,28.235294117647058,929.4766022531775,69.38468452753392
444.90000000000003,0.6739785422025937,0.5,25.882352941176475,8.384821690910655,39.0,28.235294117647058,929.4939209040404,69.36778890719802
445.0,0.6740742469267332,0.5,25.882352941176475,8.36555534578838,39.0,28.235294117647058,929.511251349354,69.35088133567267
445.1,0.674169939583175,0.5,25.882352941176475,8.346297607777217,39.0,28.235294117647058,929.5285935320892,69.33396186989668
445.20000000000005,0.6742656201742966,0.5,25.882352941176475,8.327048474723938,39.0,28.235294117647058,929.5459473953914,69.31703056663494
445.3,0.6743612887024756,0.5,25.882352941176475,8.307807944467356,39.0,28.235294117647058,929.5633128825799,69.30008748247897
445.40000000000003,0.6744569451700883,0.5,25.882352941176475,8.28857601483827,39.0,28.235294117647058,929.5806899371477,69.28313267384733
445.5,0.6745525895795101,0.5,25.882352941176475,8.269352683659122,39.0,28.235294117647058,929.5980785027608,69.26616619698629
445.6,0.674648221933116,0.5,25.882352941176475,8.25013794874485,39.0,28.235294117647058,929.6154785232579,69.24918810797021
445.70000000000005,0.6747438422332798,0.5,25.882352941176475,8.23093180790221,39.0,28.235294117647058,929.6328899426496,69.23219846270212
445.8,0.6748394504823746,0.5,25.882352941176475,8.21173425893005,39.0,28.235294117647058,929.6503127051179,69.21519731691424
445.90000000000003,0.674935046682773,0.5,25.882352941176475,8.192545299619269,39.0,28.235294117647058,929.6677467550157,69.19818472616846
446.0,0.6750306308368467,0.5,25.882352941176475,8.173364927753084,39.0,28.235294117647058,929.6851920368667,69.18116074585686
446.1,0.6751262029469661,0.5,25.882352941176475,8.154193141106816,39.0,28.235294117647058,929.7026484953642,69.16412543120215
446.20000000000005,0.6752217630155014,0.5,25.882352941176475,8.13502993744811,39.0,28.235294117647058,929.7201160753713,69.14707883725838
446.3,0.6753173110448216,0.5,25.882352941176475,8.115875314536652,39.0,28.235294117647058,929.7375947219197,69.13002101891114
446.40000000000003,0.6754128470372952,0.5,25.882352941176475,8.096729270124627,39.0,28.235294117647058,929.7550843802098,69.11295203087835
446.5,0.6755083709952898,0.5,25.882352941176475,8.077591801956487,39.0,28.235294117647058,929.77258499561,69.09587192771055
446.6,0.6756038829211719,0.5,25.882352941176475,8.05846290776907,39.0,28.235294117647058,929.7900965136558,69.07878076379154
446.70000000000005,0.6756993828173079,0.5,25.882352941176475,8.03934258529165,39.0,28.235294117647058,929.80761888005,69.06167859333878
446.8,0.6757948706860627,0.5,25.882352941176475,8.020230832245716,39.0,28.235294117647058,929.8251520406616,69.04456547040395
446.90000000000003,0.6758903465298006,0.5,25.882352941176475,8.00112764634548,39.0,28.235294117647058,929.8426959415256,69.02744144887345
447.0,0.6759858103508851,0.5,25.882352941176475,7.982033025297596,39.0,28.235294117647058,929.8602505288425,69.01030658246879
447.1,0.6760812621516793,0.5,25.882352941176475,7.962946966801212,39.0,28.235294117647058,929.8778157489778,68.99316092474717
447.20000000000005,0.6761767019345449,0.5,25.882352941176475,7.943869468548087,39.0,28.235294117647058,929.8953915484612,68.97600452910203
447.3,0.6762721297018432,0.5,25.882352941176475,7.924800528222477,39.0,28.235294117647058,929.912977873987,68.95883744876339
447.40000000000003,0.6763675454559345,0.5,25.882352941176475,7.9057401435014185,39.0,28.235294117647058,929.930574672412,68.94165973679844
447.5,0.6764629491991785,0.5,25.882352941176475,7.8866883120545594,39.0,28.235294117647058,929.9481818907568,68.924471446112
447.6,0.6765583409339339,0.5,25.882352941176475,7.867645031544214,39.0,28.235294117647058,929.9657994762044,68.907272629447
447.70000000000005,0.6766537206625587,0.5,25.882352941176475,7.848610299625534,39.0,28.235294117647058,929.9834273760996,68.89006333938495
447.8,0.6767490883874099,0.5,25.882352941176475,7.829584113946282,39.0,28.235294117647058,930.0010655379488,68.87284362834646
447.90000000000003,0.676844444110844,0.5,25.882352941176475,7.810566472147229,39.0,28.235294117647058,930.0187139094194,68.85561354859165
448.0,0.6769397878352168,0.5,25.882352941176475,7.791557371861757,39.0,28.235294117647058,930.0363724383395,68.83837315222074
448.1,0.677035119562883,0.5,25.882352941176475,7.772556810716253,39.0,28.235294117647058,930.0540410726973,68.8211224911744
448.20000000000005,0.6771304392961965,0.5,25.882352941176475,7.753564786329946,39.0,28.235294117647058,930.0717197606407,68.80386161723433
448.3,0.6772257470375107,0.5,25.882352941176475,7.7345812963151275,39.0,28.235294117647058,930.0894084504765,68.78659058202365
448.40000000000003,0.6773210427891779,0.5,25.882352941176475,7.715606338276871,39.0,28.235294117647058,930.1071070906701,68.76930943700744
448.5,0.6774163265535498,0.5,25.882352941176475,7.696639909813314,39.0,28.235294117647058,930.1248156298456,68.75201823349319
448.6,0.6775115983329771,0.5,25.882352941176475,7.677682008515717,39.0,28.235294117647058,930.1425340167845,68.73471702263122
448.70000000000005,0.6776068581298099,0.5,25.882352941176475,7.658732631968292,39.0,28.235294117647058,930.1602622004253,68.71740585541525
448.8,0.6777021059463977,0.5,25.882352941176475,7.639791777748258,39.0,28.235294117647058,930.1780001298639,68.70008478268278
448.90000000000003,0.6777973417850887,0.5,25.882352941176475,7.620859443426241,39.0,28.235294117647058,930.1957477543519,68.68275385511559
449.0,0.6778925656482306,0.5,25.882352941176475,7.601935626565762,39.0,28.235294117647058,930.2135050232972,68.6654131232402
449.1,0.6779877775381705,0.5,25.882352941176475,7.583020324723691,39.0,28.235294117647058,930.2312718862629,68.64806263742831
449.20000000000005,0.6780829774572542,0.5,25.882352941176475,7.564113535450019,39.0,28.235294117647058,930.2490482929669,68.63070244789735
449.3,0.6781781654078272,0.5,25.882352941176475,7.5452152562880315,39.0,28.235294117647058,930.2668341932817,68.6133326047108
449.40000000000003,0.6782733413922342,0.5,25.882352941176475,7.526325484774247,39.0,28.235294117647058,930.284629537234,68.59595315777875
449.5,0.6783685054128186,0.5,25.882352941176475,7.507444218438593,39.0,28.235294117647058,930.3024342750033,68.57856415685832
449.6,0.6784636574719234,0.5,25.882352941176475,7.488571454804287,39.0,28.235294117647058,930.3202483569233,68.56116565155415
449.70000000000005,0.6785587975718909,0.5,25.882352941176475,7.46970719138784,39.0,28.235294117647058,930.3380717334795,68.5437576913188
449.8,0.6786539257150624,0.5,25.882352941176475,7.450851425699341,39.0,28.235294117647058,930.3559043553098,68.52634032545326
449.90000000000003,0.6787490419037785,0.5,25.882352941176475,7.432004155242225,39.0,28.235294117647058,930.3737461732037,68.50891360310735
450.0,0.6788441461403791,0.5,25.882352941176475,7.41316537751328,39.0,28.235294117647058,930.3915971381022,68.49147757328024
450.1,0.6789392384272029,0.5,25.882352941176475,7.394335090002983,39.0,28.235294117647058,930.409457201097,68.47403228482081
450.20000000000005,0.6790343187665884,0.5,25.882352941176475,7.375513290195215,39.0,28.235294117647058,930.4273263134301,68.45657778642814
450.3,0.6791293871608729,0.5,25.882352941176475,7.356699975567494,39.0,28.235294117647058,930.4452044264933,68.43911412665202
450.40000000000003,0.6792244436123931,0.5,25.882352941176475,7.337895143590913,39.0,28.235294117647058,930.4630914918284,68.42164135389324
450.5,0.6793194881234851,0.5,25.882352941176475,7.319098791730141,39.0,28.235294117647058,930.4809874611258,68.40415951640418
450.6,0.6794145206964839,0.5,25.882352941176475,7.300310917443539,39.0,28.235294117647058,930.4988922862242,68.38666866228922
450.70000000000005,0.6795095413337235,0.5,25.882352941176475,7.281531518183101,39.0,28.235294117647058,930.516805919111,68.36916883950512
450.8,0.6796045500375377,0.5,25.882352941176475,7.262760591394624,39.0,28.235294117647058,930.5347283119207,68.3516600958615
450.90000000000003,0.6796995468102591,0.5,25.882352941176475,7.243998134517483,39.0,28.235294117647058,930.5526594169359,68.33414247902134
451.0,0.67979453165422,0.5,25.882352941176475,7.225244144985027,39.0,28.235294117647058,930.5705991865852,68.31661603650129
451.1,0.679889504571751,0.5,25.882352941176475,7.206498620224181,39.0,28.235294117647058,930.5885475734442,68.29908081567217
451.20000000000005,0.6799844655651829,0.5,25.882352941176475,7.187761557655847,39.0,28.235294117647058,930.6065045302337,68.28153686375946
451.3,0.6800794146368453,0.5,25.882352941176475,7.169032954694728,39.0,28.235294117647058,930.6244700098205,68.26398422784365
451.40000000000003,0.6801743517890669,0.5,25.882352941176475,7.150312808749391,39.0,28.235294117647058,930.6424439652163,68.24642295486069
451.5,0.6802692770241758,0.5,25.882352941176475,7.131601117222544,39.0,28.235294117647058,930.6604263495778,68.22885309160245
451.6,0.6803641903444994,0.5,25.882352941176475,7.112897877510477,39.0,28.235294117647058,930.6784171162057,68.21127468471711
451.70000000000005,0.6804590917523637,0.5,25.882352941176475,7.094203087003564,39.0,28.235294117647058,930.6964162185442,68.19368778070962
451.8,0.6805539812500953,0.5,25.882352941176475,7.075516743086439,39.0,28.235294117647058,930.7144236101811,68.17609242594213
451.90000000000003,0.6806488588400185,0.5,25.882352941176475,7.0568388431373705,39.0,28.235294117647058,930.7324392448471,68.15848866663438
452.0,0.6807437245244576,0.5,25.882352941176475,7.038169384528999,39.0,28.235294117647058,930.7504630764153,68.14087654886414
452.1,0.680838578305736,0.5,25.882352941176475,7.019508364627882,39.0,28.235294117647058,930.7684950589007,68.12325611856767
452.20000000000005,0.6809334201861765,0.5,25.882352941176475,7.0008557807947795,39.0,28.235294117647058,930.7865351464606,68.10562742154008
452.3,0.6810282501681005,0.5,25.882352941176475,6.9822116303845405,39.0,28.235294117647058,930.8045832933927,68.08799050343579
452.40000000000003,0.6811230682538294,0.5,25.882352941176475,6.963575910746215,39.0,28.235294117647058,930.8226394541363,68.07034540976895
452.5,0.6812178744456833,0.5,25.882352941176475,6.944948619223055,39.0,28.235294117647058,930.8407035832702,68.05269218591383
452.6,0.6813126687459816,0.5,25.882352941176475,6.926329753152515,39.0,28.235294117647058,930.858775635514,68.03503087710526
452.70000000000005,0.6814074511570436,0.5,25.882352941176475,6.907719309866366,39.0,28.235294117647058,930.8768555657265,68.01736152843903
452.8,0.6815022216811867,0.5,25.882352941176475,6.889117286690521,39.0,28.235294117647058,930.8949433289055,67.99968418487232
452.90000000000003,0.6815969803207284,0.5,25.882352941176475,6.870523680945382,39.0,28.235294117647058,930.9130388801874,67.9819988912241
453.0,0.6816917270779848,0.5,25.882352941176475,6.851938489945553,39.0,28.235294117647058,930.9311421748474,67.96430569217554
453.1,0.6817864619552718,0.5,25.882352941176475,6.833361711000123,39.0,28.235294117647058,930.9492531682985,67.94660463227044
453.20000000000005,0.6818811849549042,0.5,25.882352941176475,6.8147933414124395,39.0,28.235294117647058,930.9673718160906,67.9288957559156
453.3,0.681975896079196,0.5,25.882352941176475,6.7962333784803945,39.0,28.235294117647058,930.9854980739111,67.91117910738133
453.40000000000003,0.6820705953304604,0.5,25.882352941176475,6.777681819496252,39.0,28.235294117647058,931.0036318975841,67.89345473080166
453.5,0.6821652827110104,0.5,25.882352941176475,6.759138661746874,39.0,28.235294117647058,931.0217732430701,67.87572267017497
453.6,0.6822599582231573,0.5,25.882352941176475,6.740603902513499,39.0,28.235294117647058,931.039922066465,67.8579829693642
453.70000000000005,0.6823546218692123,0.5,25.882352941176475,6.722077539071904,39.0,28.235294117647058,931.0580783240005,67.84023567209744
453.8,0.6824492736514856,0.5,25.882352941176475,6.703559568692469,39.0,28.235294117647058,931.076241972043,67.82248082196813
453.90000000000003,0.6825439135722866,0.5,25.882352941176475,6.685049988640117,39.0,28.235294117647058,931.0944129670938,67.80471846243564
454.0,0.6826385416339241,0.5,25.882352941176475,6.666548796174368,39.0,28.235294117647058,931.1125912657884,67.7869486368256
454.1,0.6827331578387061,0.5,25.882352941176475,6.648055988549572,39.0,28.235294117647058,931.1307768248961,67.76917138833024
454.20000000000005,0.6828277621889395,0.5,25.882352941176475,6.6295715630143945,39.0,28.235294117647058,931.1489696013197,67.75138676000884
454.3,0.6829223546869309,0.5,25.882352941176475,6.611095516812497,39.0,28.235294117647058,931.1671695520948,67.73359479478815
454.40000000000003,0.683016935334986,0.5,25.882352941176475,6.592627847182143,39.0,28.235294117647058,931.1853766343901,67.71579553546276
454.5,0.6831115041354092,0.5,25.882352941176475,6.574168551356308,39.0,28.235294117647058,931.2035908055061,67.69798902469549
454.6,0.6832060610905051,0.5,25.882352941176475,6.555717626562853,39.0,28.235294117647058,931.2218120228755,67.68017530501774
454.70000000000005,0.6833006062025766,0.5,25.882352941176475,6.537275070024236,39.0,28.235294117647058,931.2400402440622,67.66235441882999
454.8,0.6833951394739264,0.5,25.882352941176475,6.518840878957974,39.0,28.235294117647058,931.2582754267612,67.64452640840209
454.90000000000003,0.6834896609068563,0.5,25.882352941176475,6.500415050576237,39.0,28.235294117647058,931.2765175287982,67.62669131587367
455.0,0.6835841705036673,0.5,25.882352941176475,6.481997582086137,39.0,28.235294117647058,931.2947665081293,67.60884918325459
455.1,0.6836786682666598,0.5,25.882352941176475,6.463588470689729,39.0,28.235294117647058,931.3130223228407,67.59100005242524
455.20000000000005,0.6837731541981331,0.5,25.882352941176475,6.445187713583948,39.0,28.235294117647058,931.3312849311475,67.57314396513695
455.3,0.6838676283003859,0.5,25.882352941176475,6.426795307960731,39.0,28.235294117647058,931.3495542913945,67.55528096301238
455.40000000000003,0.6839620905757166,0.5,25.882352941176475,6.408411251006896,39.0,28.235294117647058,931.3678303620547,67.53741108754598
455.5,0.6840565410264217,0.5,25.882352941176475,6.390035539904261,39.0,28.235294117647058,931.3861131017302,67.5195343801042
455.6,0.6841509796547981,0.5,25.882352941176475,6.3716681718298105,39.0,28.235294117647058,931.4044024691503,67.50165088192605
455.70000000000005,0.6842454064631412,0.5,25.882352941176475,6.353309143955414,39.0,28.235294117647058,931.4226984231726,67.48376063412337
455.8,0.6843398214537462,0.5,25.882352941176475,6.334958453448223,39.0,28.235294117647058,931.4410009227815,67.46586367768121
455.90000000000003,0.684434224628907,0.5,25.882352941176475,6.31661609747033,39.0,28.235294117647058,931.4593099270882,67.44796005345827
456.0,0.6845286159909171,0.5,25.882352941176475,6.298282073178882,39.0,28.235294117647058,931.4776253953304,67.43004980218721
456.1,0.684622995542069,0.5,25.882352941176475,6.279956377726307,39.0,28.235294117647058,931.4959472868721,67.41213296447509
456.20000000000005,0.6847173632846546,0.5,25.882352941176475,6.261639008260261,39.0,28.235294117647058,931.514275561203,67.39420958080369
456.3,0.6848117192209651,0.5,25.882352941176475,6.243329961923507,39.0,28.235294117647058,931.5326101779377,67.3762796915299
456.40000000000003,0.6849060633532907,0.5,25.882352941176475,6.225029235854038,39.0,28.235294117647058,931.5509510968164,67.3583433368861
456.5,0.6850003956839213,0.5,25.882352941176475,6.206736827185125,39.0,28.235294117647058,931.5692982777035,67.3404005569805
456.6,0.6850947162151454,0.5,25.882352941176475,6.188452733045381,39.0,28.235294117647058,931.5876516805876,67.32245139179757
456.70000000000005,0.6851890249492509,0.5,25.882352941176475,6.1701769505585276,39.0,28.235294117647058,931.6060112655813,67.30449588119833
456.8,0.6852833218885255,0.5,25.882352941176475,6.151909476843798,39.0,28.235294117647058,931.6243769929208,67.2865340649208
456.90000000000003,0.6853776070352555,0.5,25.882352941176475,6.13365030901565,39.0,28.235294117647058,931.642748822965,67.26856598258028
457.0,0.6854718803917269,0.5,25.882352941176475,6.115399444183936,39.0,28.235294117647058,931.6611267161958,67.25059167366976
457.1,0.6855661419602244,0.5,25.882352941176475,6.097156879454019,39.0,28.235294117647058,931.6795106332175,67.23261117756033
457.20000000000005,0.6856603917430325,0.5,25.882352941176475,6.078922611926544,39.0,28.235294117647058,931.6979005347564,67.21462453350142
457.3,0.6857546297424347,0.5,25.882352941176475,6.060696638697664,39.0,28.235294117647058,931.7162963816606,67.1966317806213
457.40000000000003,0.6858488559607137,0.5,25.882352941176475,6.042478956858986,39.0,28.235294117647058,931.7346981348994,67.17863295792732
457.5,0.6859430704001515,0.5,25.882352941176475,6.024269563497683,39.0,28.235294117647058,931.7531057555627,67.16062810430635
457.6,0.6860372730630294,0.5,25.882352941176475,6.006068455696209,39.0,28.235294117647058,931.7715192048613,67.14261725852514
457.70000000000005,0.6861314639516282,0.5,25.882352941176475,5.9878756305328125,39.0,28.235294117647058,931.7899384441263,67.12460045923058
457.8,0.686225643068227,0.5,25.882352941176475,5.969691085081195,39.0,28.235294117647058,931.8083634348085,67.10657774495019
457.90000000000003,0.6863198104151049,0.5,25.882352941176475,5.951514816410622,39.0,28.235294117647058,931.826794138478,67.08854915409235
458.0,0.6864139659945406,0.5,25.882352941176475,5.933346821585985,39.0,28.235294117647058,931.8452305168245,67.07051472494678
458.1,0.686508109808811,0.5,25.882352941176475,5.9151870976679675,39.0,28.235294117647058,931.8636725316561,67.05247449568476
458.20000000000005,0.6866022418601931,0.5,25.882352941176475,5.897035641712648,39.0,28.235294117647058,931.8821201448997,67.03442850435962
458.3,0.6866963621509631,0.5,25.882352941176475,5.8788924507719,39.0,28.235294117647058,931.9005733186,67.01637678890695
458.40000000000003,0.6867904706833958,0.5,25.882352941176475,5.860757521893277,39.0,28.235294117647058,931.9190320149194,66.99831938714507
458.5,0.6868845674597658,0.5,25.882352941176475,5.842630852120124,39.0,28.235294117647058,931.937496196138,66.98025633677526
458.6,0.6869786524823471,0.5,25.882352941176475,5.8245124384914675,39.0,28.235294117647058,931.9559658246526,66.96218767538222
458.70000000000005,0.6870727257534125,0.5,25.882352941176475,5.806402278042185,39.0,28.235294117647058,931.9744408629767,66.94411344043439
458.8,0.6871667872752342,0.5,25.882352941176475,5.788300367802833,39.0,28.235294117647058,931.9929212737406,66.92603366928427
458.90000000000003,0.6872608370500832,0.5,25.882352941176475,5.770206704799762,39.0,28.235294117647058,932.0114070196901,66.9079483991687
459.0,0.687354875080231,0.5,25.882352941176475,5.752121286055342,39.0,28.235294117647058,932.0298980636868,66.88985766720937
459.1,0.687448901367947,0.5,25.882352941176475,5.734044108587568,39.0,28.235294117647058,932.0483943687076,66.87176151041301
459.20000000000005,0.6875429159155005,0.5,25.882352941176475,5.7159751694105125,39.0,28.235294117647058,932.0668958978443,66.8536599656718
459.3,0.6876369187251602,0.5,25.882352941176475,5.697914465534154,39.0,28.235294117647058,932.0854026143036,66.83555306976366
459.40000000000003,0.6877309097991937,0.5,25.882352941176475,5.679861993964323,39.0,28.235294117647058,932.103914481406,66.8174408593527
459.5,0.6878248891398678,0.5,25.882352941176475,5.661817751702699,39.0,28.235294117647058,932.1224314625866,66.79932337098941
459.6,0.6879188567494489,0.5,25.882352941176475,5.643781735747098,39.0,28.235294117647058,932.1409535213934,66.78120064111113
459.70000000000005,0.6880128126302024,0.5,25.882352941176475,5.625753943091183,39.0,28.235294117647058,932.1594806214881,66.76307270604228
459.8,0.6881067567843933,0.5,25.882352941176475,5.6077343707247564,39.0,28.235294117647058,932.1780127266452,66.74493960199477
459.90000000000003,0.6882006892142852,0.5,25.882352941176475,5.589723015633581,39.0,28.235294117647058,932.1965498007517,66.72680136506831
460.0,0.6882946099221415,0.5,25.882352941176475,5.571719874799555,39.0,28.235294117647058,932.2150918078071,66.70865803125074
460.1,0.6883885189102247,0.5,25.882352941176475,5.553724945200656,39.0,28.235294117647058,932.2336387119228,66.69050963641834
460.20000000000005,0.6884824161807963,0.5,25.882352941176475,5.535738223810881,39.0,28.235294117647058,932.2521904773215,66.67235621633618
460.3,0.6885763017361177,0.5,25.882352941176475,5.517759707600362,39.0,28.235294117647058,932.2707470683373,66.65419780665847
460.40000000000003,0.688670175578449,0.5,25.882352941176475,5.499789393535423,39.0,28.235294117647058,932.2893084494154,66.63603444292889
460.5,0.6887640377100496,0.5,25.882352941176475,5.481827278578521,39.0,28.235294117647058,932.3078745851113,66.61786616058085
460.6,0.6888578881331783,0.5,25.882352941176475,5.46387335968825,39.0,28.235294117647058,932.3264454400911,66.5996929949379
460.70000000000005,0.688951726850093,0.5,25.882352941176475,5.445927633819622,39.0,28.235294117647058,932.3450209791305,66.58151498121403
460.8,0.6890455538630512,0.5,25.882352941176475,5.427990097923669,39.0,28.235294117647058,932.3636011671152,66.56333215451399
460.90000000000003,0.6891393691743095,0.5,25.882352941176475,5.4100607489476715,39.0,28.235294117647058,932.3821859690398,66.54514454983355
461.0,0.6892331727861235,0.5,25.882352941176475,5.3921395838353305,39.0,28.235294117647058,932.4007753500083,66.52695220205997
461.1,0.6893269647007483,0.5,25.882352941176475,5.37422659952648,39.0,28.235294117647058,932.4193692752328,66.50875514597219
461.20000000000005,0.6894207449204383,0.5,25.882352941176475,5.356321792957374,39.0,28.235294117647058,932.4379677100343,66.49055341624118
461.3,0.6895145134474469,0.5,25.882352941176475,5.33842516106057,39.0,28.235294117647058,932.4565706198413,66.47234704743035
461.40000000000003,0.689608270284027,0.5,25.882352941176475,5.320536700764933,39.0,28.235294117647058,932.4751779701903,66.45413607399573
461.5,0.6897020154324308,0.5,25.882352941176475,5.302656408995745,39.0,28.235294117647058,932.4937897267249,66.43592053028637
461.6,0.6897957488949095,0.5,25.882352941176475,5.284784282674821,39.0,28.235294117647058,932.5124058551961,66.41770045054469
461.70000000000005,0.6898894706737139,0.5,25.882352941176475,5.266920318720054,39.0,28.235294117647058,932.5310263214614,66.39947586890666
461.8,0.6899831807710937,0.5,25.882352941176475,5.249064514046154,39.0,28.235294117647058,932.5496510914846,66.38124681940232
461.90000000000003,0.6900768791892978,0.5,25.882352941176475,5.231216865564022,39.0,28.235294117647058,932.5682801313359,66.36301333595588
462.0,0.690170565930575,0.5,25.882352941176475,5.213377370181149,39.0,28.235294117647058,932.5869134071908,66.34477545238619
462.1,0.690264240997173,0.5,25.882352941176475,5.1955460248015015,39.0,28.235294117647058,932.6055508853307,66.32653320240695
462.20000000000005,0.6903579043913382,0.5,25.882352941176475,5.177722826325578,39.0,28.235294117647058,932.6241925321419,66.30828661962714
462.3,0.6904515561153174,0.5,25.882352941176475,5.15990777165041,39.0,28.235294117647058,932.6428383141158,66.29003573755118
462.40000000000003,0.6905451961713557,0.5,25.882352941176475,5.142100857669618,39.0,28.235294117647058,932.6614881978481,66.27178058957938
462.5,0.6906388245616978,0.5,25.882352941176475,5.1243020812732425,39.0,28.235294117647058,932.6801421500387,66.25352120900814
462.6,0.6907324412885879,0.5,25.882352941176475,5.106511439348083,39.0,28.235294117647058,932.6988001374914,66.23525762903034
462.70000000000005,0.6908260463542689,0.5,25.882352941176475,5.088728928777584,39.0,28.235294117647058,932.7174621271139,66.21698988273558
462.8,0.6909196397609835,0.5,25.882352941176475,5.070954546441669,39.0,28.235294117647058,932.7361280859167,66.19871800311053
462.90000000000003,0.6910132215109733,0.5,25.882352941176475,5.053188289216962,39.0,28.235294117647058,932.7547979810134,66.18044202303923
463.0,0.6911067916064797,0.5,25.882352941176475,5.035430153976961,39.0,28.235294117647058,932.7734717796208,66.1621619753034
463.1,0.6912003500497427,0.5,25.882352941176475,5.01768013759164,39.0,28.235294117647058,932.7921494490573,66.14387789258271
463.20000000000005,0.691293896843002,0.5,25.882352941176475,4.999938236927733,39.0,28.235294117647058,932.8108309567442,66.12558980745509
463.3,0.6913874319884964,0.5,25.882352941176475,4.982204448848734,39.0,28.235294117647058,932.8295162702036,66.10729775239706
463.40000000000003,0.6914809554884637,0.5,25.882352941176475,4.964478770214896,39.0,28.235294117647058,932.8482053570599,66.08900175978403
463.5,0.6915744673451415,0.5,25.882352941176475,4.946761197883234,39.0,28.235294117647058,932.8668981850382,66.07070186189056
463.6,0.6916679675607665,0.5,25.882352941176475,4.929051728707577,39.0,28.235294117647058,932.8855947219646,66.05239809089069
463.70000000000005,0.6917614561375747,0.5,25.882352941176475,4.911350359538517,39.0,28.235294117647058,932.904294935766,66.03409047885823
463.8,0.6918549330778009,0.5,25.882352941176475,4.8936570872235166,39.0,28.235294117647058,932.922998794469,66.01577905776708
463.90000000000003,0.6919483983836798,0.5,25.882352941176475,4.875971908606914,39.0,28.235294117647058,932.9417062662004,65.99746385949145
464.0,0.6920418520574452,0.5,25.882352941176475,4.858294820529807,39.0,28.235294117647058,932.9604173191871,65.97914491580627
464.1,0.6921352941013298,0.5,25.882352941176475,4.840625819830336,39.0,28.235294117647058,932.9791319217549,65.9608222583874
464.20000000000005,0.6922287245175659,0.5,25.882352941176475,4.822964903343404,39.0,28.235294117647058,932.9978500423287,65.94249591881193
464.3,0.6923221433083852,0.5,25.882352941176475,4.8053120679009,39.0,28.235294117647058,933.0165716494324,65.9241659285585
464.40000000000003,0.6924155504760183,0.5,25.882352941176475,4.787667310331756,39.0,28.235294117647058,933.0352967116885,65.90583231900759
464.5,0.6925089460226952,0.5,25.882352941176475,4.770030627461665,39.0,28.235294117647058,933.0540251978172,65.88749512144179
464.6,0.6926023299506454,0.5,25.882352941176475,4.752402016113422,39.0,28.235294117647058,933.072757076637,65.8691543670461
464.70000000000005,0.6926957022620975,0.5,25.882352941176475,4.734781473106864,39.0,28.235294117647058,933.0914923170639,65.85081008690824
464.8,0.6927890629592793,0.5,25.882352941176475,4.717168995258703,39.0,28.235294117647058,933.1102308881112,65.83246231201889
464.90000000000003,0.692882412044418,0.5,25.882352941176475,4.699564579382752,39.0,28.235294117647058,933.1289727588895,65.81411107327202
465.0,0.69297574951974,0.5,25.882352941176475,4.681968222289925,39.0,28.235294117647058,933.147717898606,65.79575640146516
465.1,0.6930690753874708,0.5,25.882352941176475,4.664379920788235,39.0,28.235294117647058,933.1664662765638,65.7773983272997
465.20000000000005,0.6931623896498357,0.5,25.882352941176475,4.646799671682629,39.0,28.235294117647058,933.1852178621633,65.7590368813811
465.3,0.6932556923090588,0.5,25.882352941176475,4.629227471775323,39.0,28.235294117647058,933.2039726249001,65.74067209421935
465.40000000000003,0.6933489833673635,0.5,25.882352941176475,4.611663317865521,39.0,28.235294117647058,933.2227305343653,65.72230399622903
465.5,0.6934422628269726,0.5,25.882352941176475,4.5941072067496975,39.0,28.235294117647058,933.2414915602453,65.70393261772976
465.6,0.6935355306901084,0.5,25.882352941176475,4.576559135221487,39.0,28.235294117647058,933.2602556723223,65.6855579889464
465.70000000000005,0.6936287869589921,0.5,25.882352941176475,4.559019100071566,39.0,28.235294117647058,933.2790228404725,65.66718014000938
465.8,0.6937220316358441,0.5,25.882352941176475,4.5414870980878845,39.0,28.235294117647058,933.2977930346668,65.64879910095492
465.90000000000003,0.6938152647228846,0.5,25.882352941176475,4.523963126055662,39.0,28.235294117647058,933.3165662249705,65.6304149017253
466.0,0.6939084862223324,0.5,25.882352941176475,4.506447180757391,39.0,28.235294117647058,933.3353423815427,65.61202757216928
466.1,0.6940016961364063,0.5,25.882352941176475,4.488939258972664,39.0,28.235294117647058,933.3541214746359,65.59363714204221
466.20000000000005,0.6940948944673239,0.5,25.882352941176475,4.471439357478459,39.0,28.235294117647058,933.3729034745962,65.5752436410064
466.3,0.6941880812173024,0.5,25.882352941176475,4.453947473048856,39.0,28.235294117647058,933.3916883518631,65.55684709863132
466.40000000000003,0.6942812563885579,0.5,25.882352941176475,4.43646360245549,39.0,28.235294117647058,933.4104760769682,65.53844754439397
466.5,0.6943744199833055,0.5,25.882352941176475,4.418987742467152,39.0,28.235294117647058,933.4292666205362,65.52004500767907
466.6,0.694467572003761,0.5,25.882352941176475,4.401519889850022,39.0,28.235294117647058,933.4480599532839,65.50163951777941
466.70000000000005,0.6945607124521376,0.5,25.882352941176475,4.384060041367661,39.0,28.235294117647058,933.46685604602,65.48323110389603
466.8,0.6946538413306491,0.5,25.882352941176475,4.366608193780962,39.0,28.235294117647058,933.485654869645,65.46481979513858
466.90000000000003,0.6947469586415083,0.5,25.882352941176475,4.349164343848145,39.0,28.235294117647058,933.5044563951512,65.44640562052554
467.0,0.6948400643869268,0.5,25.882352941176475,4.331728488324927,39.0,28.235294117647058,933.5232605936217,65.42798860898448
467.1,0.6949331585691162,0.5,25.882352941176475,4.314300623964414,39.0,28.235294117647058,933.5420674362304,65.40956878935238
467.20000000000005,0.695026241190287,0.5,25.882352941176475,4.296880747517264,39.0,28.235294117647058,933.5608768942418,65.39114619037588
467.3,0.6951193122526486,0.5,25.882352941176475,4.279468855731409,39.0,28.235294117647058,933.5796889390111,65.37272084071148
467.40000000000003,0.6952123717584103,0.5,25.882352941176475,4.262064945352392,39.0,28.235294117647058,933.5985035419836,65.35429276892587
467.5,0.6953054197097804,0.5,25.882352941176475,4.244669013123087,39.0,28.235294117647058,933.6173206746944,65.33586200349626
467.6,0.6953984561089668,0.5,25.882352941176475,4.227281055784033,39.0,28.235294117647058,933.6361403087677,65.31742857281048
467.70000000000005,0.6954914809581763,0.5,25.882352941176475,4.209901070073329,39.0,28.235294117647058,933.6549624159178,65.2989925051674
467.8,0.6955844942596149,0.5,25.882352941176475,4.192529052726343,39.0,28.235294117647058,933.6737869679474,65.2805538287771
467.90000000000003,0.6956774960154882,0.5,25.882352941176475,4.1751650004763405,39.0,28.235294117647058,933.6926139367484,65.26211257176115
468.0,0.6957704862280012,0.5,25.882352941176475,4.157808910053859,39.0,28.235294117647058,933.711443294301,65.24366876215291
468.1,0.6958634648993577,0.5,25.882352941176475,4.140460778187219,39.0,28.235294117647058,933.7302750126737,65.22522242789772
468.20000000000005,0.695956432031761,0.5,25.882352941176475,4.123120601602295,39.0,28.235294117647058,933.749109064023,65.20677359685327
468.3,0.6960493876274142,0.5,25.882352941176475,4.105788377022577,39.0,28.235294117647058,933.7679454205929,65.1883222967897
468.40000000000003,0.6961423316885187,0.5,25.882352941176475,4.088464101169166,39.0,28.235294117647058,933.7867840547152,65.16986855539005
468.5,0.6962352642172758,0.5,25.882352941176475,4.071147770760831,39.0,28.235294117647058,933.8056249388088,65.15141240025038
468.6,0.6963281852158861,0.5,25.882352941176475,4.053839382514127,39.0,28.235294117647058,933.8244680453797,65.13295385888003
468.70000000000005,0.6964210946865492,0.5,25.882352941176475,4.036538933143049,39.0,28.235294117647058,933.8433133470204,65.11449295870196
468.8,0.6965139926314644,0.5,25.882352941176475,4.019246419359547,39.0,28.235294117647058,933.8621608164098,65.09602972705294
468.90000000000003,0.6966068790528299,0.5,25.882352941176475,4.001961837873125,39.0,28.235294117647058,933.8810104263131,65.07756419118381
469.0,0.6966997539528436,0.5,25.882352941176475,3.984685185391072,39.0,28.235294117647058,933.8998621495816,65.05909637825974
469.1,0.696792617333702,0.5,25.882352941176475,3.967416458618402,39.0,28.235294117647058,933.918715959152,65.04062631536051
469.20000000000005,0.6968854691976015,0.5,25.882352941176475,3.9501556542579124,39.0,28.235294117647058,933.9375718280465,65.02215402948076
469.3,0.6969783095467378,0.5,25.882352941176475,3.9329027690102407,39.0,28.235294117647058,933.9564297293725,65.00367954753018
469.40000000000003,0.6970711383833054,0.5,25.882352941176475,3.915657799573694,39.0,28.235294117647058,933.9752896363225,64.98520289633379
469.5,0.6971639557094985,0.5,25.882352941176475,3.8984207426444755,39.0,28.235294117647058,933.9941515221732,64.96672410263226
469.6,0.6972567615275105,0.5,25.882352941176475,3.881191594916629,39.0,28.235294117647058,934.0130153602862,64.94824319308204
469.70000000000005,0.697349555839534,0.5,25.882352941176475,3.8639703530819816,39.0,28.235294117647058,934.0318811241069,64.9297601942557
469.8,0.697442338647761,0.5,25.882352941176475,3.846757013830313,39.0,28.235294117647058,934.050748787165,64.91127513264219
469.90000000000003,0.6975351099543825,0.5,25.882352941176475,3.829551573849244,39.0,28.235294117647058,934.0696183230739,64.892788034647
470.0,0.6976278697615895,0.5,25.882352941176475,3.812354029824064,39.0,28.235294117647058,934.0884897055298,64.8742989265924
470.1,0.6977206180715714,0.5,25.882352941176475,3.795164378438301,39.0,28.235294117647058,934.1073629083126,64.85580783471785
470.20000000000005,0.6978133548865174,0.5,25.882352941176475,3.7779826163731514,39.0,28.235294117647058,934.1262379052848,64.83731478518006
470.3,0.6979060802086163,0.5,25.882352941176475,3.7608087403079367,39.0,28.235294117647058,934.145114670392,64.8188198040533
470.40000000000003,0.6979987940400554,0.5,25.882352941176475,3.7436427469198748,39.0,28.235294117647058,934.163993177662,64.80032291732972
470.5,0.6980914963830217,0.5,25.882352941176475,3.7264846328840235,39.0,28.235294117647058,934.182873401205,64.78182415091942
470.6,0.6981841872397015,0.5,25.882352941176475,3.709334394873565,39.0,28.235294117647058,934.2017553152128,64.76332353065084
470.70000000000005,0.6982768666122805,0.5,25.882352941176475,3.6921920295595783,39.0,28.235294117647058,934.2206388939593,64.74482108227097
470.8,0.6983695345029436,0.5,25.882352941176475,3.675057533611266,39.0,28.235294117647058,934.2395241117994,64.72631683144559
470.90000000000003,0.6984621909138747,0.5,25.882352941176475,3.6579309036957284,39.0,28.235294117647058,934.2584109431697,64.70781080375943
471.0,0.6985548358472576,0.5,25.882352941176475,3.6408121364781323,39.0,28.235294117647058,934.2772993625874,64.68930302471652
471.1,0.6986474693052749,0.5,25.882352941176475,3.623701228621769,39.0,28.235294117647058,934.2961893446511,64.6707935197404
471.20000000000005,0.6987400912901086,0.5,25.882352941176475,3.6065981767879407,39.0,28.235294117647058,934.315080864039,64.65228231417426
471.3,0.6988327018039401,0.5,25.882352941176475,3.589502977636016,39.0,28.235294117647058,934.3339738955103,64.63376943328134
471.40000000000003,0.69892530084895,0.5,25.882352941176475,3.572415627823432,39.0,28.235294117647058,934.3528684139039,64.61525490224506
471.5,0.6990178884273184,0.5,25.882352941176475,3.555336124005862,39.0,28.235294117647058,934.3717643941387,64.59673874616924
471.6,0.6991104645412244,0.5,25.882352941176475,3.5382644628369917,39.0,28.235294117647058,934.390661811213,64.57822099007838
471.70000000000005,0.6992030291928466,0.5,25.882352941176475,3.5212006409687433,39.0,28.235294117647058,934.4095606402044,64.55970165891794
471.8,0.6992955823843628,0.5,25.882352941176475,3.504144655051107,39.0,28.235294117647058,934.4284608562699,64.54118077755449
471.90000000000003,0.6993881241179503,0.5,25.882352941176475,3.48709650173231,39.0,28.235294117647058,934.447362434645,64.52265837077593
472.0,0.6994806543957852,0.5,25.882352941176475,3.4700561776586483,39.0,28.235294117647058,934.466265350644,64.50413446329182
472.1,0.6995731732200435,0.5,25.882352941176475,3.453023679474711,39.0,28.235294117647058,934.4851695796597,64.48560907973355
472.20000000000005,0.6996656805929,0.5,25.882352941176475,3.435999003823383,39.0,28.235294117647058,934.5040750971629,64.46708224465455
472.3,0.6997581765165292,0.5,25.882352941176475,3.418982147345446,39.0,28.235294117647058,934.5229818787022,64.44855398253054
472.40000000000003,0.6998506609931048,0.5,25.882352941176475,3.401973106680316,39.0,28.235294117647058,934.5418898999044,64.43002431775977
472.5,0.6999431340247995,0.5,25.882352941176475,3.3849718784654215,39.0,28.235294117647058,934.5607991364733,64.41149327466327
472.6,0.7000355956137857,0.5,25.882352941176475,3.367978459336541,39.0,28.235294117647058,934.5797095641901,64.39296087748501
472.70000000000005,0.7001280457622349,0.5,25.882352941176475,3.350992845927749,39.0,28.235294117647058,934.5986211589131,64.37442715039221
472.8,0.700220484472318,0.5,25.882352941176475,3.3340150348713564,39.0,28.235294117647058,934.6175338965775,64.35589211747549
472.90000000000003,0.7003129117462051,0.5,25.882352941176475,3.31704502279797,39.0,28.235294117647058,934.6364477531947,64.33735580274913
473.0,0.7004053275860656,0.5,25.882352941176475,3.3000828063366043,39.0,28.235294117647058,934.6553627048527,64.31881823015132
473.1,0.7004977319940681,0.5,25.882352941176475,3.283128382114512,39.0,28.235294117647058,934.6742787277157,64.30027942354432
473.20000000000005,0.7005901249723807,0.5,25.882352941176475,3.266181746757411,39.0,28.235294117647058,934.6931957980233,64.28173940671478
473.3,0.7006825065231709,0.5,25.882352941176475,3.2492428968893137,39.0,28.235294117647058,934.7121138920916,64.26319820337383
473.40000000000003,0.7007748766486052,0.5,25.882352941176475,3.232311829132584,39.0,28.235294117647058,934.7310329863113,64.24465583715742
473.5,0.7008672353508495,0.5,25.882352941176475,3.2153885401079947,39.0,28.235294117647058,934.7499530571489,64.22611233162654
473.6,0.7009595826320694,0.5,25.882352941176475,3.1984730264347263,39.0,28.235294117647058,934.7688740811456,64.20756771026733
473.70000000000005,0.701051918494429,0.5,25.882352941176475,3.181565284730425,39.0,28.235294117647058,934.7877960349174,64.18902199649138
473.8,0.7011442429400925,0.5,25.882352941176475,3.1646653116110883,39.0,28.235294117647058,934.8067188951549,64.17047521363595
473.90000000000003,0.7012365559712229,0.5,25.882352941176475,3.147773103691179,39.0,28.235294117647058,934.8256426386232,64.15192738496422
474.0,0.701328857589983,0.5,25.882352941176475,3.1308886575836823,39.0,28.235294117647058,934.8445672421614,64.13337853366541
474.1,0.7014211477985339,0.5,25.882352941176475,3.1140119698999342,39.0,28.235294117647058,934.8634926826824,64.11482868285505
474.20000000000005,0.701513426599037,0.5,25.882352941176475,3.0971430372498503,39.0,28.235294117647058,934.8824189371727,64.09627785557528
474.3,0.7016056939936529,0.5,25.882352941176475,3.080281856241811,39.0,28.235294117647058,934.9013459826929,64.0777260747949
474.40000000000003,0.7016979499845412,0.5,25.882352941176475,3.0634284234826055,39.0,28.235294117647058,934.9202737963759,64.05917336340968
474.5,0.7017901945738607,0.5,25.882352941176475,3.0465827355776582,39.0,28.235294117647058,934.9392023554283,64.04061974424266
474.6,0.7018824277637701,0.5,25.882352941176475,3.029744789130973,39.0,28.235294117647058,934.9581316371293,64.02206524004416
474.70000000000005,0.7019746495564266,0.5,25.882352941176475,3.012914580745189,39.0,28.235294117647058,934.9770616188308,64.00350987349216
474.8,0.7020668599539875,0.5,25.882352941176475,2.996092107021127,39.0,28.235294117647058,934.995992277957,63.98495366719248
474.90000000000003,0.7021590589586086,0.5,25.882352941176475,2.9792773645584703,39.0,28.235294117647058,935.0149235920043,63.966396643678934
475.0,0.702251246572446,0.5,25.882352941176475,2.962470349955595,39.0,28.235294117647058,935.0338555385408,63.94783882541359
475.1,0.7023434227976542,0.5,25.882352941176475,2.945671059809058,39.0,28.235294117647058,935.052788095207,63.92928023478699
475.20000000000005,0.7024355876363872,0.5,25.882352941176475,2.92887949071428,39.0,28.235294117647058,935.0717212397143,63.91072089411832
475.3,0.7025277410907991,0.5,25.882352941176475,2.9120956392654875,39.0,28.235294117647058,935.0906549498457,63.89216082565566
475.40000000000003,0.7026198831630421,0.5,25.882352941176475,2.8953195020552585,39.0,28.235294117647058,935.1095892034554,63.87360005157614
475.5,0.7027120138552685,0.5,25.882352941176475,2.8785510756749204,39.0,28.235294117647058,935.1285239784681,63.85503859398624
475.6,0.7028041331696298,0.5,25.882352941176475,2.8617903567145504,39.0,28.235294117647058,935.1474592528798,63.83647647492188
475.70000000000005,0.7028962411082763,0.5,25.882352941176475,2.8450373417626906,39.0,28.235294117647058,935.1663950047565,63.81791371634874
475.8,0.7029883376733587,0.5,25.882352941176475,2.8282920274066896,39.0,28.235294117647058,935.1853312122347,63.7993503401624
475.90000000000003,0.7030804228670257,0.5,25.882352941176475,2.8115544102326453,39.0,28.235294117647058,935.2042678535211,63.780786368188544
476.0,0.7031724966914262,0.5,25.882352941176475,2.7948244868252914,39.0,28.235294117647058,935.2232049068917,63.76222182218319
476.1,0.7032645591487082,0.5,25.882352941176475,2.778102253768111,39.0,28.235294117647058,935.2421423506931,63.74365672383292
476.20000000000005,0.7033566102410188,0.5,25.882352941176475,2.7613877076433937,39.0,28.235294117647058,935.2610801633405,63.725091094755015
476.3,0.7034486499705049,0.5,25.882352941176475,2.7446808450320077,39.0,28.235294117647058,935.2800183233187,63.70652495649771
476.40000000000003,0.7035406783393123,0.5,25.882352941176475,2.7279816625136846,39.0,28.235294117647058,935.2989568091815,63.687958330540404
476.5,0.7036326953495863,0.5,25.882352941176475,2.711290156666905,39.0,28.235294117647058,935.3178955995515,63.6693912382938
476.6,0.7037247010034713,0.5,25.882352941176475,2.694606324068957,39.0,28.235294117647058,935.3368346731204,63.65082370110018
476.70000000000005,0.7038166953031112,0.5,25.882352941176475,2.67793016129599,39.0,28.235294117647058,935.3557740086477,63.63225574023358
476.8,0.703908678250649,0.5,25.882352941176475,2.6612616649227903,39.0,28.235294117647058,935.3747135849616,63.61368737689997
476.90000000000003,0.7040006498482275,0.5,25.882352941176475,2.6446008315230642,39.0,28.235294117647058,935.393653380958,63.59511863223746
477.0,0.7040926100979884,0.5,25.882352941176475,2.627947657669381,39.0,28.235294117647058,935.4125933756006,63.576549527316544
477.1,0.7041845590020724,0.5,25.882352941176475,2.611302139933116,39.0,28.235294117647058,935.4315335479213,63.55798008314024
477.20000000000005,0.7042764965626205,0.5,25.882352941176475,2.594664274884451,39.0,28.235294117647058,935.4504738770189,63.539410320644315
477.3,0.7043684227817721,0.5,25.882352941176475,2.578034059092545,39.0,28.235294117647058,935.4694143420596,63.52084026069748
477.40000000000003,0.7044603376616664,0.5,25.882352941176475,2.5614114891252484,39.0,28.235294117647058,935.4883549222765,63.50226992410161
477.5,0.7045522412044417,0.5,25.882352941176475,2.5447965615495036,39.0,28.235294117647058,935.5072955969699,63.4836993315919
477.6,0.704644133412236,0.5,25.882352941176475,2.5281892729310584,39.0,28.235294117647058,935.5262363455065,63.465128503837064
477.70000000000005,0.7047360142871859,0.5,25.882352941176475,2.511589619834581,39.0,28.235294117647058,935.5451771473194,63.44655746143957
477.8,0.7048278838314279,0.5,25.882352941176475,2.494997598823659,39.0,28.235294117647058,935.564117981908,63.427986224935786
477.90000000000003,0.7049197420470977,0.5,25.882352941176475,2.478413206460857,39.0,28.235294117647058,935.5830588288378,63.409414814796236
478.0,0.7050115889363302,0.5,25.882352941176475,2.4618364393076035,39.0,28.235294117647058,935.6019996677404,63.39084325142572
478.1,0.7051034245012597,0.5,25.882352941176475,2.4452672939244167,39.0,28.235294117647058,935.6209404783128,63.37227155516357
478.20000000000005,0.70519524874402,0.5,25.882352941176475,2.428705766870621,39.0,28.235294117647058,935.6398812403174,63.353699746283795
478.3,0.7052870616667436,0.5,25.882352941176475,2.412151854704689,39.0,28.235294117647058,935.6588219335821,63.335127844995284
478.40000000000003,0.7053788632715631,0.5,25.882352941176475,2.3956055539838985,39.0,28.235294117647058,935.6777625379999,63.31655587144205
478.5,0.7054706535606101,0.5,25.882352941176475,2.3790668612646755,39.0,28.235294117647058,935.6967030335286,63.29798384570333
478.6,0.7055624325360152,0.5,25.882352941176475,2.362535773102479,39.0,28.235294117647058,935.7156434001906,63.27941178779385
478.70000000000005,0.705654200199909,0.5,25.882352941176475,2.346012286051689,39.0,28.235294117647058,935.7345836180731,63.26083971766397
478.8,0.7057459565544207,0.5,25.882352941176475,2.3294963966658315,39.0,28.235294117647058,935.7535236673275,63.24226765519991
478.90000000000003,0.7058377016016795,0.5,25.882352941176475,2.3129881014972966,39.0,28.235294117647058,935.7724635281693,63.22369562022391
479.0,0.7059294353438134,0.5,25.882352941176475,2.296487397097735,39.0,28.235294117647058,935.7914031808779,63.2051236324944
479.1,0.7060211577829496,0.5,25.882352941176475,2.2799942800177178,39.0,28.235294117647058,935.8103426057966,63.18655171170626
479.20000000000005,0.7061128689212154,0.5,25.882352941176475,2.2635087468070765,39.0,28.235294117647058,935.8292817833324,63.16797987749093
479.3,0.7062045687607367,0.5,25.882352941176475,2.247030794014563,39.0,28.235294117647058,935.8482206939553,63.14940814941664
479.40000000000003,0.7062962573036391,0.5,25.882352941176475,2.2305604181881336,39.0,28.235294117647058,935.8671593181991,63.130836546988554
479.5,0.7063879345520474,0.5,25.882352941176475,2.2140976158747208,39.0,28.235294117647058,935.88609763666,63.11226508964902
479.6,0.7064796005080857,0.5,25.882352941176475,2.1976423836204617,39.0,28.235294117647058,935.9050356299973,63.0936937967777
479.70000000000005,0.7065712551738773,0.5,25.882352941176475,2.1811947179707545,39.0,28.235294117647058,935.9239732789331,63.07512268769178
479.8,0.7066628985515452,0.5,25.882352941176475,2.164754615469917,39.0,28.235294117647058,935.9429105642516,63.05655178164612
479.90000000000003,0.7067545306432114,0.5,25.882352941176475,2.1483220726615286,39.0,28.235294117647058,935.9618474667996,63.037981097833494
480.0,0.7068461514509973,0.5,25.882352941176475,2.131897086088486,39.0,28.235294117647058,935.980783967486,63.019410655384725
480.1,0.7069377609770235,0.5,25.882352941176475,2.1154796522925494,39.0,28.235294117647058,935.9997200472815,63.000840473368875
480.20000000000005,0.7070293592234105,0.5,25.882352941176475,2.0990697678149104,39.0,28.235294117647058,936.0186556872183,62.98227057079343
480.3,0.7071209461922776,0.5,25.882352941176475,2.082667429195851,39.0,28.235294117647058,936.0375908683907,62.963700966604506
480.40000000000003,0.7072125218857434,0.5,25.882352941176475,2.0662726329750285,39.0,28.235294117647058,936.0565255719538,62.945131679686995
480.5,0.7073040863059258,0.5,25.882352941176475,2.049885375691076,39.0,28.235294117647058,936.0754597791245,62.92656272886475
480.6,0.7073956394549423,0.5,25.882352941176475,2.0335056538820027,39.0,28.235294117647058,936.0943934711802,62.90799413290079
480.70000000000005,0.7074871813349097,0.5,25.882352941176475,2.0171334640849636,39.0,28.235294117647058,936.1133266294596,62.88942591049743
480.8,0.7075787119479441,0.5,25.882352941176475,2.000768802836376,39.0,28.235294117647058,936.1322592353614,62.87085808029651
480.90000000000003,0.7076702312961608,0.5,25.882352941176475,1.984411666672088,39.0,28.235294117647058,936.1511912703454,62.85229066087953
481.0,0.7077617393816744,0.5,25.882352941176475,1.9680620521270384,39.0,28.235294117647058,936.1701227159313,62.83372367076788
481.1,0.7078532362065992,0.5,25.882352941176475,1.9517199557354843,39.0,28.235294117647058,936.189053553699,62.81515712842296
481.20000000000005,0.7079447217730483,0.5,25.882352941176475,1.935385374031,39.0,28.235294117647058,936.2079837652885,62.796591052246384
481.3,0.7080361960831346,0.5,25.882352941176475,1.9190583035464215,39.0,28.235294117647058,936.2269133323995,62.77802546058014
481.40000000000003,0.7081276591389699,0.5,25.882352941176475,1.9027387408139589,39.0,28.235294117647058,936.2458422367913,62.7594603717068
481.5,0.7082191109426659,0.5,25.882352941176475,1.8864266823651406,39.0,28.235294117647058,936.2647704602826,62.74089580384965
481.6,0.7083105514963329,0.5,25.882352941176475,1.8701221247307558,39.0,28.235294117647058,936.2836979847516,62.7223317751729
481.70000000000005,0.7084019808020815,0.5,25.882352941176475,1.8538250644409118,39.0,28.235294117647058,936.3026247921348,62.70376830378181
481.8,0.7084933988620205,0.5,25.882352941176475,1.8375354980251473,39.0,28.235294117647058,936.3215508644284,62.68520540772293
481.90000000000003,0.7085848056782587,0.5,25.882352941176475,1.8212534220123189,39.0,28.235294117647058,936.3404761836871,62.66664310498424
482.0,0.7086762012529041,0.5,25.882352941176475,1.8049788329307717,39.0,28.235294117647058,936.3594007320239,62.64808141349527
482.1,0.708767585588064,0.5,25.882352941176475,1.7887117273080548,39.0,28.235294117647058,936.3783244916106,62.62952035112736
482.20000000000005,0.7088589586858453,0.5,25.882352941176475,1.772452101671206,39.0,28.235294117647058,936.3972474446766,62.61095993569377
482.3,0.7089503205483539,0.5,25.882352941176475,1.7561999525466945,39.0,28.235294117647058,936.4161695735102,62.59240018494988
482.40000000000003,0.7090416711776953,0.5,25.882352941176475,1.7399552764601935,39.0,28.235294117647058,936.4350908604567,62.57384111659337
482.5,0.7091330105759739,0.5,25.882352941176475,1.7237180699370356,39.0,28.235294117647058,936.4540112879196,62.55528274826432
482.6,0.7092243387452939,0.5,25.882352941176475,1.7074883295019276,39.0,28.235294117647058,936.4729308383598,62.53672509754545
482.70000000000005,0.7093156556877586,0.5,25.882352941176475,1.6912660516789515,39.0,28.235294117647058,936.4918494942956,62.51816818196228
482.8,0.7094069614054707,0.5,25.882352941176475,1.6750512329915637,39.0,28.235294117647058,936.5107672383025,62.49961201898328
482.90000000000003,0.7094982559005323,0.5,25.882352941176475,1.6588438699629364,39.0,28.235294117647058,936.5296840530128,62.48105662602001
483.0,0.7095895391750446,0.5,25.882352941176475,1.6426439591154463,39.0,28.235294117647058,936.5485999211159,62.462502020427365
483.1,0.7096808112311085,0.5,25.882352941176475,1.6264514969710717,39.0,28.235294117647058,936.5675148253579,62.443948219503646
483.20000000000005,0.7097720720708239,0.5,25.882352941176475,1.6102664800512798,39.0,28.235294117647058,936.5864287485412,62.42539524049081
483.3,0.7098633216962902,0.5,25.882352941176475,1.594088904876969,39.0,28.235294117647058,936.6053416735248,62.40684310057456
483.40000000000003,0.7099545601096062,0.5,25.882352941176475,1.5779187679686402,39.0,28.235294117647058,936.6242535832237,62.38829181688459
483.5,0.7100457873128697,0.5,25.882352941176475,1.5617560658461684,39.0,28.235294117647058,936.643164460609,62.369741406494676
483.6,0.7101370033081781,0.5,25.882352941176475,1.5456007950290314,39.0,28.235294117647058,936.662074288708,62.35119188642287
483.70000000000005,0.7102282080976283,0.5,25.882352941176475,1.5294529520362516,39.0,28.235294117647058,936.680983050603,62.33264327363168
483.8,0.7103194016833164,0.5,25.882352941176475,1.513312533386454,39.0,28.235294117647058,936.6998907294324,62.31409558502822
483.90000000000003,0.7104105840673379,0.5,25.882352941176475,1.4971795355976951,39.0,28.235294117647058,936.7187973083896,62.29554883746435
484.0,0.7105017552517873,0.5,25.882352941176475,1.4810539551875195,39.0,28.235294117647058,936.7377027707237,62.27700304773687
484.1,0.7105929152387586,0.5,25.882352941176475,1.4649357886732446,39.0,28.235294117647058,936.7566070997383,62.25845823258764
484.20000000000005,0.7106840640303456,0.5,25.882352941176475,1.4488250325716763,39.0,28.235294117647058,936.7755102787921,62.23991440870381
484.3,0.7107752016286406,0.5,25.882352941176475,1.4327216833991656,39.0,28.235294117647058,936.7944122912986,62.22137159271792
484.40000000000003,0.7108663280357361,0.5,25.882352941176475,1.4166257376717226,39.0,28.235294117647058,936.8133131207259,62.202829801208075
484.5,0.7109574432537233,0.5,25.882352941176475,1.4005371919049594,39.0,28.235294117647058,936.8322127505962,62.18428905069809
484.6,0.7110485472846931,0.5,25.882352941176475,1.384456042614147,39.0,28.235294117647058,936.8511111644863,62.16574935765771
484.70000000000005,0.7111396401307354,0.5,25.882352941176475,1.3683822863139312,39.0,28.235294117647058,936.870008346027,62.1472107385027
484.8,0.71123072179394,0.5,25.882352941176475,1.3523159195187873,39.0,28.235294117647058,936.8889042789028,62.128673209595014
484.90000000000003,0.7113217922763954,0.5,25.882352941176475,1.3362569387429062,39.0,28.235294117647058,936.9077989468523,62.11013678724299
485.0,0.7114128515801899,0.5,25.882352941176475,1.3202053404999106,39.0,28.235294117647058,936.9266923336675,62.09160148770149
485.1,0.7115038997074109,0.5,25.882352941176475,1.3041611213033093,39.0,28.235294117647058,936.9455844231938,62.07306732717202
485.20000000000005,0.7115949366601453,0.5,25.882352941176475,1.2881242776661566,39.0,28.235294117647058,936.9644751993303,62.054534321802926
485.3,0.7116859624404793,0.5,25.882352941176475,1.2720948061011654,39.0,28.235294117647058,936.9833646460287,62.03600248768955
485.40000000000003,0.7117769770504985,0.5,25.882352941176475,1.2560727031207648,39.0,28.235294117647058,937.0022527472939,62.017471840874364
485.5,0.7118679804922875,0.5,25.882352941176475,1.2400579652370425,39.0,28.235294117647058,937.021139487184,61.99894239734714
485.6,0.7119589727679307,0.5,25.882352941176475,1.224050588961859,39.0,28.235294117647058,937.040024849809,61.98041417304511
485.70000000000005,0.7120499538795116,0.5,25.882352941176475,1.2080505708066767,39.0,28.235294117647058,937.058908819332,61.961887183853094
485.8,0.7121409238291132,0.5,25.882352941176475,1.1920579072827309,39.0,28.235294117647058,937.0777913799684,61.94336144560367
485.90000000000003,0.7122318826188178,0.5,25.882352941176475,1.1760725949010293,39.0,28.235294117647058,937.0966725159858,61.92483697407733
486.0,0.7123228302507065,0.5,25.882352941176475,1.160094630172182,39.0,28.235294117647058,937.1155522117036,61.90631378500264
486.1,0.712413766726861,0.5,25.882352941176475,1.1441240096067418,39.0,28.235294117647058,937.1344304514937,61.887791894056335
486.20000000000005,0.7125046920493611,0.5,25.882352941176475,1.128160729714864,39.0,28.235294117647058,937.1533072197789,61.86927131686356
486.3,0.7125956062202865,0.5,25.882352941176475,1.1122047870064193,39.0,28.235294117647058,937.1721825010343,61.85075206899797
486.40000000000003,0.7126865092417163,0.5,25.882352941176475,1.0962561779911653,39.0,28.235294117647058,937.1910562797862,61.83223416598189
486.5,0.7127774011157284,0.5,25.882352941176475,1.0803148991786315,39.0,28.235294117647058,937.2099285406119,61.81371762328642
486.6,0.7128682818444009,0.5,25.882352941176475,1.0643809470781775,39.0,28.235294117647058,937.2287992681407,61.79520245633167
486.70000000000005,0.7129591514298107,0.5,25.882352941176475,1.0484543181987078,39.0,28.235294117647058,937.2476684470522,61.77668868048685
486.8,0.7130500098740342,0.5,25.882352941176475,1.032535009049127,39.0,28.235294117647058,937.266536062077,61.75817631107045
486.90000000000003,0.7131408571791471,0.5,25.882352941176475,1.016623016138169,39.0,28.235294117647058,937.2854020979963,61.73966536335034
487.0,0.7132316933472244,0.5,25.882352941176475,1.000718335974284,39.0,28.235294117647058,937.3042665396423,61.72115585254399
487.1,0.7133225183803406,0.5,25.882352941176475,0.9848209650658077,39.0,28.235294117647058,937.323129371897,61.70264779381853
487.20000000000005,0.7134133322805692,0.5,25.882352941176475,0.9689308999209061,39.0,28.235294117647058,937.3419905796931,61.68414120229099
487.3,0.7135041350499839,0.5,25.882352941176475,0.9530481370475172,39.0,28.235294117647058,937.3608501480131,61.66563609302838
487.40000000000003,0.7135949266906566,0.5,25.882352941176475,0.9371726729535794,39.0,28.235294117647058,937.3797080618899,61.64713248104788
487.5,0.7136857072046594,0.5,25.882352941176475,0.9213045041467467,39.0,28.235294117647058,937.3985643064059,61.628630381316924
487.6,0.7137764765940633,0.5,25.882352941176475,0.9054436271345025,39.0,28.235294117647058,937.4174188666933,61.61012980875342
487.70000000000005,0.713867234860939,0.5,25.882352941176475,0.8895900384244442,39.0,28.235294117647058,937.4362717279336,61.59163077822584
487.8,0.7139579820073563,0.5,25.882352941176475,0.873743734523714,39.0,28.235294117647058,937.4551228753578,61.5731333045534
487.90000000000003,0.7140487180353844,0.5,25.882352941176475,0.8579047119397387,39.0,28.235294117647058,937.4739722942463,61.55463740250617
488.0,0.7141394429470919,0.5,25.882352941176475,0.8420729671794334,39.0,28.235294117647058,937.4928199699285,61.53614308680524
488.1,0.7142301567445466,0.5,25.882352941176475,0.8262484967498267,39.0,28.235294117647058,937.5116658877826,61.51765037212287
488.20000000000005,0.7143208594298157,0.5,25.882352941176475,0.8104312971578906,39.0,28.235294117647058,937.5305100332359,61.49915927308262
488.3,0.7144115510049662,0.5,25.882352941176475,0.7946213649104266,39.0,28.235294117647058,937.5493523917642,61.48066980425947
488.40000000000003,0.7145022314720639,0.5,25.882352941176475,0.7788186965142359,39.0,28.235294117647058,937.5681929488916,61.462181980180006
488.5,0.7145929008331742,0.5,25.882352941176475,0.7630232884759494,39.0,28.235294117647058,937.5870316901911,61.44369581532255
488.6,0.7146835590903614,0.5,25.882352941176475,0.7472351373023116,39.0,28.235294117647058,937.6058686012838,61.42521132411728
488.70000000000005,0.7147742062456899,0.5,25.882352941176475,0.7314542394998398,39.0,28.235294117647058,937.6247036678383,61.406728520946366
488.8,0.7148648423012232,0.5,25.882352941176475,0.7156805915751079,39.0,28.235294117647058,937.6435368755718,61.38824742014416
488.90000000000003,0.7149554672590238,0.5,25.882352941176475,0.6999141900345762,39.0,28.235294117647058,937.662368210249,61.369768035997275
489.0,0.7150460811211539,0.5,25.882352941176475,0.6841550313848188,39.0,28.235294117647058,937.6811976576826,61.351290382744764
489.1,0.715136683889675,0.5,25.882352941176475,0.6684031121321823,39.0,28.235294117647058,937.7000252037324,61.33281447457825
489.20000000000005,0.7152272755666478,0.5,25.882352941176475,0.6526584287832407,39.0,28.235294117647058,937.718850834306,61.31434032564206
489.3,0.7153178561541327,0.5,25.882352941176475,0.6369209778443974,39.0,28.235294117647058,937.737674535358,61.295867950033355
489.40000000000003,0.7154084256541889,0.5,25.882352941176475,0.621190755822056,39.0,28.235294117647058,937.7564962928902,61.27739736180228
489.5,0.7154989840688756,0.5,25.882352941176475,0.6054677592227904,39.0,28.235294117647058,937.7753160929516,61.25892857495211
489.6,0.7155895314002508,0.5,25.882352941176475,0.5897519845530041,39.0,28.235294117647058,937.7941339216377,61.24046160343936
489.70000000000005,0.7156800676503724,0.5,25.882352941176475,0.5740434283192144,39.0,28.235294117647058,937.8129497650909,61.22199646117393
489.8,0.7157705928212972,0.5,25.882352941176475,0.5583420870278815,39.0,28.235294117647058,937.8317636095001,61.20353316201928
489.90000000000003,0.7158611069150815,0.5,25.882352941176475,0.542647957185693,39.0,28.235294117647058,937.8505754411007,61.18507171979251
490.0,0.715951609933781,0.5,25.882352941176475,0.5269610352992231,39.0,28.235294117647058,937.8693852461743,61.16661214826453
490.1,0.7160421018794508,0.5,25.882352941176475,0.5112813178751026,39.0,28.235294117647058,937.8881930110488,61.14815446116017
490.20000000000005,0.7161325827541453,0.5,25.882352941176475,0.4956088014200759,39.0,28.235294117647058,937.906998722098,61.12969867215833
490.3,0.7162230525599181,0.5,25.882352941176475,0.4799434824410582,39.0,28.235294117647058,937.9258023657418,61.11124479489212
490.40000000000003,0.7163135112988225,0.5,25.882352941176475,0.46428535744479404,39.0,28.235294117647058,937.9446039284455,61.09279284294899
490.5,0.7164039589729109,0.5,25.882352941176475,0.4486344229383121,39.0,28.235294117647058,937.9634033967205,61.07434282987084
490.6,0.7164943955842349,0.5,25.882352941176475,0.4329906754286412,39.0,28.235294117647058,937.9822007571231,61.05589476915418
490.70000000000005,0.716584821134846,0.5,25.882352941176475,0.41735411142286694,39.0,28.235294117647058,938.0009959962555,61.037448674250264
490.8,0.7166752356267947,0.5,25.882352941176475,0.4017247274282454,39.0,28.235294117647058,938.0197891007648,61.01900455856521
490.90000000000003,0.7167656390621306,0.5,25.882352941176475,0.38610251995220324,39.0,28.235294117647058,938.0385800573436,61.00056243546011
491.0,0.7168560314429038,0.5,25.882352941176475,0.37048748550216715,39.0,28.235294117647058,938.0573688527289,60.982122318251236
491.1,0.7169464127711621,0.5,25.882352941176475,0.3548796205857343,39.0,28.235294117647058,938.076155473703,60.96368422021007
491.20000000000005,0.7170367830489539,0.5,25.882352941176475,0.3392789217106724,39.0,28.235294117647058,938.0949399070928,60.9452481545635
491.3,0.7171271422783266,0.5,25.882352941176475,0.3236853853847492,39.0,28.235294117647058,938.1137221397695,60.92681413449395
491.40000000000003,0.7172174904613267,0.5,25.882352941176475,0.30809900811613034,39.0,28.235294117647058,938.132502158649,60.90838217313949
491.5,0.7173078276000004,0.5,25.882352941176475,0.292519786412754,39.0,28.235294117647058,938.1512799506916,60.88995228359395
491.6,0.7173981536963931,0.5,25.882352941176475,0.2769477167830132,39.0,28.235294117647058,938.1700555029014,60.8715244789071
491.70000000000005,0.7174884687525498,0.5,25.882352941176475,0.2613827957355852,39.0,28.235294117647058,938.1888288023268,60.85309877208471
491.8,0.7175787727705145,0.5,25.882352941176475,0.24582501977897664,39.0,28.235294117647058,938.2075998360605,60.83467517608875
491.90000000000003,0.7176690657523308,0.5,25.882352941176475,0.23027438542197842,39.0,28.235294117647058,938.2263685912382,60.816253703837475
492.0,0.7177593477000417,0.5,25.882352941176475,0.21473088917360883,39.0,28.235294117647058,938.2451350550398,60.79783436820555
492.1,0.7178496186156893,0.5,25.882352941176475,0.1991945275431135,39.0,28.235294117647058,938.2638992146886,60.77941718202419
492.20000000000005,0.7179398785013154,0.5,25.882352941176475,0.1836652970398518,39.0,28.235294117647058,938.2826610574515,60.761002158081304
492.3,0.718030127358961,0.5,25.882352941176475,0.16814319417352408,39.0,28.235294117647058,938.3014205706382,60.74258930912158
492.40000000000003,0.7181203651906662,0.5,25.882352941176475,0.1526282154538876,39.0,28.235294117647058,938.3201777416019,60.72417864784663
492.5,0.7182105919984711,0.5,25.882352941176475,0.13712035739104067,39.0,28.235294117647058,938.338932557739,60.705770186915146
492.6,0.7183008077844147,0.5,25.882352941176475,0.12161961649513842,39.0,28.235294117647058,938.3576850064885,60.68736393894299
492.70000000000005,0.7183910125505354,0.5,25.882352941176475,0.10612598927673389,39.0,28.235294117647058,938.3764350753323,60.668959916503304
492.8,0.7184812062988711,0.5,25.882352941176475,0.09063947224655067,39.0,28.235294117647058,938.395182751795,60.65055813212668
492.90000000000003,0.7185713890314589,0.5,25.882352941176475,0.07516006191559654,39.0,28.235294117647058,938.4139280234438,60.63215859830125
493.0,0.7186615607503356,0.5,25.882352941176475,0.059687754795106684,39.0,28.235294117647058,938.4326708778881,60.61376132747284
493.1,0.718751721457537,0.5,25.882352941176475,0.044222547396429945,39.0,28.235294117647058,938.4514113027797,60.59536633204503
493.20000000000005,0.7188418711550982,0.5,25.882352941176475,0.028764436231483614,39.0,28.235294117647058,938.4701492858125,60.576973624379384
493.3,0.7189320098450543,0.5,25.882352941176475,0.01331341781218498,39.0,28.235294117647058,938.4888848147226,60.55858321679546
493.40000000000003,0.719022137529439,0.5,25.882352941176475,-0.002130511349207609,39.0,28.235294117647058,938.5076178772878,60.54019512157101
493.5,0.7191122542102858,0.5,25.882352941176475,-0.0175673547400379,39.0,28.235294117647058,938.5263484613276,60.52180935094206
493.6,0.7192023598896277,0.5,25.882352941176475,-0.03299711584753595,39.0,28.235294117647058,938.5450765547037,60.50342591710305
493.70000000000005,0.7192924545694965,0.5,25.882352941176475,-0.04841979815847708,39.0,28.235294117647058,938.563802145319,60.48504483220696
493.8,0.7193825382519242,0.5,25.882352941176475,-0.06383540515946606,39.0,28.235294117647058,938.5825252211176,60.46666610836541
493.90000000000003,0.7194726109389412,0.5,25.882352941176475,-0.07924394033676663,39.0,28.235294117647058,938.6012457700855,60.4482897576488
494.0,0.7195626726325781,0.5,25.882352941176475,-0.09464540717624459,39.0,28.235294117647058,938.6199637802492,60.42991579208641
494.1,0.7196527233348644,0.5,25.882352941176475,-0.1100398091635384,39.0,28.235294117647058,938.6386792396768,60.41154422366656
494.20000000000005,0.7197427630478292,0.5,25.882352941176475,-0.12542714978388858,39.0,28.235294117647058,938.657392136477,60.393175064336674
494.3,0.7198327917735009,0.5,25.882352941176475,-0.14080743252225147,39.0,28.235294117647058,938.6761024587996,60.37480832600343
494.40000000000003,0.719922809513907,0.5,25.882352941176475,-0.15618066086324234,39.0,28.235294117647058,938.694810194835,60.35644402053289
494.5,0.7200128162710748,0.5,25.882352941176475,-0.17154683829113537,39.0,28.235294117647058,938.713515332814,60.338082159750606
494.6,0.7201028120470311,0.5,25.882352941176475,-0.18690596828986372,39.0,28.235294117647058,938.7322178610083,60.31972275544171
494.70000000000005,0.7201927968438013,0.5,25.882352941176475,-0.2022580543430763,39.0,28.235294117647058,938.7509177677296,60.30136581935108
494.8,0.7202827706634108,0.5,25.882352941176475,-0.21760309993391047,39.0,28.235294117647058,938.7696150413298,60.28301136318344
494.90000000000003,0.7203727335078843,0.5,25.882352941176475,-0.23294110854521932,39.0,28.235294117647058,938.7883096702012,60.26465939860345
495.0,0.7204626853792457,0.5,25.882352941176475,-0.24827208365945808,39.0,28.235294117647058,938.807001642776,60.24630993723586
495.1,0.7205526262795185,0.5,25.882352941176475,-0.26359602875868404,39.0,28.235294117647058,938.825690947526,60.2279629906656
495.20000000000005,0.7206425562107253,0.5,25.882352941176475,-0.27891294732461347,39.0,28.235294117647058,938.8443775729633,60.20961857043793
495.3,0.7207324751748881,0.5,25.882352941176475,-0.29422284283862155,39.0,28.235294117647058,938.8630615076391,60.19127668805851
495.40000000000003,0.7208223831740289,0.5,25.882352941176475,-0.30952571878157187,39.0,28.235294117647058,938.8817427401447,60.17293735499352
495.5,0.720912280210168,0.5,25.882352941176475,-0.324821578633987,39.0,28.235294117647058,938.9004212591102,60.15460058266985
495.6,0.7210021662853259,0.5,25.882352941176475,-0.3401104258759915,39.0,28.235294117647058,938.9190970532055,60.13626638247511
495.70000000000005,0.7210920414015222,0.5,25.882352941176475,-0.3553922639871985,39.0,28.235294117647058,938.9377701111395,60.117934765757795
495.8,0.7211819055607758,0.5,25.882352941176475,-0.37066709644693674,39.0,28.235294117647058,938.9564404216599,60.099605743827425
495.90000000000003,0.721271758765105,0.5,25.882352941176475,-0.3859349267341372,39.0,28.235294117647058,938.9751079735539,60.081279327954604
496.0,0.7213616010165277,0.5,25.882352941176475,-0.40119575832716237,39.0,28.235294117647058,938.9937727556473,60.06295552937115
496.1,0.721451432317061,0.5,25.882352941176475,-0.41644959470391996,39.0,28.235294117647058,939.0124347568046,60.04463435927025
496.20000000000005,0.7215412526687216,0.5,25.882352941176475,-0.43169643934197666,39.0,28.235294117647058,939.031093965929,60.026315828806496
496.3,0.721631062073525,0.5,25.882352941176475,-0.44693629571850124,39.0,28.235294117647058,939.0497503719622,60.00799994909607
496.40000000000003,0.7217208605334868,0.5,25.882352941176475,-0.4621691673100372,39.0,28.235294117647058,939.068403963884,59.989686731216814
496.5,0.7218106480506213,0.5,25.882352941176475,-0.477395057592787,39.0,28.235294117647058,939.087054730713,59.97137618620836
496.6,0.7219004246269428,0.5,25.882352941176475,-0.49261397004244145,39.0,28.235294117647058,939.1057026615056,59.953068325072245
496.70000000000005,0.7219901902644644,0.5,25.882352941176475,-0.5078259081343504,39.0,28.235294117647058,939.1243477453564,59.93476315877197
496.8,0.7220799449651992,0.5,25.882352941176475,-0.5230308753431814,39.0,28.235294117647058,939.1429899713982,59.9164606982332
496.90000000000003,0.7221696887311592,0.5,25.882352941176475,-0.5382288751432611,39.0,28.235294117647058,939.1616293288008,59.898160954343794
497.0,0.722259421564356,0.5,25.882352941176475,-0.5534199110082909,39.0,28.235294117647058,939.1802658067728,59.879863937953964
497.1,0.7223491434668003,0.5,25.882352941176475,-0.5686039864117447,39.0,28.235294117647058,939.1988993945597,59.86156965987636
497.20000000000005,0.7224388544405027,0.5,25.882352941176475,-0.5837811048263006,39.0,28.235294117647058,939.2175300814448,59.84327813088618
497.3,0.7225285544874727,0.5,25.882352941176475,-0.5989512697244095,39.0,28.235294117647058,939.2361578567487,59.82498936172131
497.40000000000003,0.7226182436097193,0.5,25.882352941176475,-0.6141144845777262,39.0,28.235294117647058,939.2547827098293,59.80670336308238
497.5,0.7227079218092508,0.5,25.882352941176475,-0.6292707528576216,39.0,28.235294117647058,939.2734046300818,59.78842014563292
497.6,0.7227975890880755,0.5,25.882352941176475,-0.6444200780348979,39.0,28.235294117647058,939.2920236069384,59.77013971999945
497.70000000000005,0.7228872454482003,0.5,25.882352941176475,-0.6595624635797321,39.0,28.235294117647058,939.3106396298681,59.751862096771575
497.8,0.7229768908916316,0.5,25.882352941176475,-0.6746979129618467,39.0,28.235294117647058,939.329252688377,59.73358728650211
497.90000000000003,0.7230665254203757,0.5,25.882352941176475,-0.6898264296503953,39.0,28.235294117647058,939.3478627720078,59.71531529970717
498.0,0.7231561490364379,0.5,25.882352941176475,-0.7049480171140772,39.0,28.235294117647058,939.3664698703402,59.69704614686632
498.1,0.7232457617418228,0.5,25.882352941176475,-0.7200626788209092,39.0,28.235294117647058,939.3850739729897,59.678779838422614
498.20000000000005,0.7233353635385343,0.5,25.882352941176475,-0.7351704182385106,39.0,28.235294117647058,939.4036750696091,59.660516384782746
498.3,0.7234249544285762,0.5,25.882352941176475,-0.7502712388339319,39.0,28.235294117647058,939.4222731498869,59.64225579631715
498.40000000000003,0.7235145344139513,0.5,25.882352941176475,-0.7653651440735416,39.0,28.235294117647058,939.4408682035481,59.623998083360114
498.5,0.723604103496662,0.5,25.882352941176475,-0.7804521374232536,39.0,28.235294117647058,939.4594602203535,59.60574325620984
498.6,0.7236936616787099,0.5,25.882352941176475,-0.7955322223482995,39.0,28.235294117647058,939.4780491901005,59.587491325128624
498.70000000000005,0.7237832089620959,0.5,25.882352941176475,-0.8106054023133424,39.0,28.235294117647058,939.4966351026219,59.569242300342886
498.8,0.7238727453488204,0.5,25.882352941176475,-0.825671680782591,39.0,28.235294117647058,939.5152179477863,59.55099619204331
498.90000000000003,0.7239622708408832,0.5,25.882352941176475,-0.8407310612195715,39.0,28.235294117647058,939.5337977154984,59.53275301038496
499.0,0.7240517854402836,0.5,25.882352941176475,-0.8557835470872988,39.0,28.235294117647058,939.5523743956979,59.514512765487346
499.1,0.7241412891490202,0.5,25.882352941176475,-0.8708291418481053,39.0,28.235294117647058,939.5709479783607,59.49627546743458
499.20000000000005,0.7242307819690909,0.5,25.882352941176475,-0.8858678489636986,39.0,28.235294117647058,939.5895184534974,59.47804112627543
499.3,0.7243202639024928,0.5,25.882352941176475,-0.9008996718953313,39.0,28.235294117647058,939.6080858111543,59.45980975202343
499.40000000000003,0.7244097349512231,0.5,25.882352941176475,-0.9159246141035169,39.0,28.235294117647058,939.6266500414127,59.441581354657
499.5,0.7244991951172776,0.5,25.882352941176475,-0.9309426790482007,39.0,28.235294117647058,939.6452111343895,59.42335594411957
499.6,0.7245886444026521,0.5,25.882352941176475,-0.9459538701887595,39.0,28.235294117647058,939.6637690802354,59.40513353031961
499.70000000000005,0.7246780828093411,0.5,25.882352941176475,-0.9609581909837743,39.0,28.235294117647058,939.682323869137,59.3869141231308
499.8,0.7247675103393393,0.5,25.882352941176475,-0.9759556448913145,39.0,28.235294117647058,939.7008754913153,59.36869773239211
499.90000000000003,0.7248569269946401,0.5,25.882352941176475,-0.9909462353688241,39.0,28.235294117647058,939.7194239370261,59.35048436790787
